{
  "stat": "High 5s",
  "stat_id": "101",
  "minimum_criteria": "More than 0 High_5s ",
  "data": [
    {
      "player_id": 69,
      "player_name": "Manjeet Chhillar",
      "team": " Pun",
      "match_played": 12,
      "value": 5,
      "team_id": 7,
      "team_name": " Pun",
      "rank": "1",
      "position_id": 1,
      "position_name": "All Rounder"
    },
    {
      "player_id": 71,
      "player_name": "Mohit Chhillar",
      "team": " Ben",
      "match_played": 14,
      "value": 4,
      "team_id": 1,
      "team_name": " Ben",
      "rank": "2",
      "position_id": 6,
      "position_name": "Defender, right corner"
    },
    {
      "player_id": 42,
      "player_name": "Dharmaraj Cheralathan",
      "team": " Pat",
      "match_played": 14,
      "value": 4,
      "team_id": 6,
      "team_name": " Pat",
      "rank": "2",
      "position_id": 10,
      "position_name": "Defender, right and left corner"
    },
    {
      "player_id": 165,
      "player_name": "Sachin Shingade",
      "team": " Del",
      "match_played": 14,
      "value": 4,
      "team_id": 2,
      "team_name": " Del",
      "rank": "2",
      "position_id": 4,
      "position_name": "Defender, left cover"
    },
    {
      "player_id": 259,
      "player_name": "Fazel Atrachali",
      "team": " Pat",
      "match_played": 16,
      "value": 4,
      "team_id": 6,
      "team_name": " Pat",
      "rank": "2",
      "position_id": 3,
      "position_name": "Defender, left corner"
    },
    {
      "player_id": 212,
      "player_name": "Amit Hooda",
      "team": " Jai",
      "match_played": 16,
      "value": 3,
      "team_id": 3,
      "team_name": " Jai",
      "rank": "6",
      "position_id": 6,
      "position_name": "Defender, right corner"
    },
    {
      "player_id": 142,
      "player_name": "Sandeep Narwal",
      "team": " Hyd",
      "match_played": 16,
      "value": 3,
      "team_id": 8,
      "team_name": " Hyd",
      "rank": "6",
      "position_id": 1,
      "position_name": "All Rounder"
    },
    {
      "player_id": 157,
      "player_name": "Ravinder Pahal",
      "team": " Pun",
      "match_played": 14,
      "value": 3,
      "team_id": 7,
      "team_name": " Pun",
      "rank": "6",
      "position_id": 6,
      "position_name": "Defender, right corner"
    },
    {
      "player_id": 290,
      "player_name": "Sandeep Kumar Dhull",
      "team": " Hyd",
      "match_played": 12,
      "value": 2,
      "team_id": 8,
      "team_name": " Hyd",
      "rank": "9",
      "position_id": 3,
      "position_name": "Defender, left corner"
    },
    {
      "player_id": 322,
      "player_name": "PO Surjeet Singh",
      "team": " Mum",
      "match_played": 14,
      "value": 2,
      "team_id": 5,
      "team_name": " Mum",
      "rank": "9",
      "position_id": 7,
      "position_name": "Defender, right cover"
    },
    {
      "player_id": 123,
      "player_name": "Vishal Mane",
      "team": " Kol",
      "match_played": 14,
      "value": 2,
      "team_id": 4,
      "team_name": " Kol",
      "rank": "9",
      "position_id": 7,
      "position_name": "Defender, right cover"
    },
    {
      "player_id": 252,
      "player_name": "Kuldeep Singh",
      "team": " Pat",
      "match_played": 15,
      "value": 2,
      "team_id": 6,
      "team_name": " Pat",
      "rank": "9",
      "position_id": 1,
      "position_name": "All Rounder"
    },
    {
      "player_id": 215,
      "player_name": "Vinod Kumar",
      "team": " Hyd",
      "match_played": 12,
      "value": 1,
      "team_id": 8,
      "team_name": " Hyd",
      "rank": "13",
      "position_id": 4,
      "position_name": "Defender, left cover"
    },
    {
      "player_id": 249,
      "player_name": "Hadi Oshtorak",
      "team": " Pat",
      "match_played": 7,
      "value": 1,
      "team_id": 6,
      "team_name": " Pat",
      "rank": "13",
      "position_id": 1,
      "position_name": "All Rounder"
    },
    {
      "player_id": 202,
      "player_name": "Ashish Kumar",
      "team": " Ben",
      "match_played": 14,
      "value": 1,
      "team_id": 1,
      "team_name": " Ben",
      "rank": "13",
      "position_id": 7,
      "position_name": "Defender, right cover"
    },
    {
      "player_id": 161,
      "player_name": "Girish Maruti Ernak",
      "team": " Kol",
      "match_played": 12,
      "value": 1,
      "team_id": 4,
      "team_name": " Kol",
      "rank": "13",
      "position_id": 3,
      "position_name": "Defender, left corner"
    },
    {
      "player_id": 164,
      "player_name": "Bajirao Hodage",
      "team": " Pat",
      "match_played": 14,
      "value": 1,
      "team_id": 6,
      "team_name": " Pat",
      "rank": "13",
      "position_id": 7,
      "position_name": "Defender, right cover"
    },
    {
      "player_id": 146,
      "player_name": "Surender Nada",
      "team": " Ben",
      "match_played": 13,
      "value": 1,
      "team_id": 1,
      "team_name": " Ben",
      "rank": "13",
      "position_id": 3,
      "position_name": "Defender, left corner"
    },
    {
      "player_id": 152,
      "player_name": "D. Gopu",
      "team": " Del",
      "match_played": 5,
      "value": 1,
      "team_id": 2,
      "team_name": " Del",
      "rank": "13",
      "position_id": 10,
      "position_name": "Defender, right and left corner"
    },
    {
      "player_id": 51,
      "player_name": "Jasmer Singh Gulia",
      "team": " Ben, Hyd",
      "match_played": 13,
      "value": 1,
      "team_id": 8,
      "team_name": " Ben, Hyd",
      "rank": "13",
      "position_id": 1,
      "position_name": "All Rounder"
    },
    {
      "player_id": 105,
      "player_name": "Shabeer Bappu",
      "team": " Jai",
      "match_played": 12,
      "value": 1,
      "team_id": 3,
      "team_name": " Jai",
      "rank": "13",
      "position_id": 8,
      "position_name": "Raider"
    }
  ],
  "language_lookup": {
    "stat": "Stat",
    "stat_id": "Stat Id",
    "minimum_criteria": "Minimum Criteria",
    "team_id": "Team Id",
    "team_name": "Team Name",
    "player_id": "Player Id",
    "player_name": "Player Name",
    "value": "Value",
    "match_played": "Match Played",
    "team": "Team",
    "tackles": "Tackles"
  }
}