{
  "stat": "High 5s",
  "stat_id": "101",
  "minimum_criteria": "More than 0 High_5s ",
  "data": [
    {
      "player_id": 248,
      "player_name": "Sandeep Kandola",
      "team": " Hyd",
      "match_played": 16,
      "value": 6,
      "team_id": 8,
      "team_name": " Hyd",
      "rank": "1",
      "position_id": 3,
      "position_name": "Defender, left corner"
    },
    {
      "player_id": 157,
      "player_name": "Ravinder Pahal",
      "team": " Del",
      "match_played": 14,
      "value": 5,
      "team_id": 2,
      "team_name": " Del",
      "rank": "2",
      "position_id": 6,
      "position_name": "Defender, right corner"
    },
    {
      "player_id": 109,
      "player_name": "Somvir Shekhar",
      "team": " Ben",
      "match_played": 14,
      "value": 4,
      "team_id": 1,
      "team_name": " Ben",
      "rank": "3",
      "position_id": 7,
      "position_name": "Defender, right cover"
    },
    {
      "player_id": 146,
      "player_name": "Surender Nada",
      "team": " Mum",
      "match_played": 14,
      "value": 4,
      "team_id": 5,
      "team_name": " Mum",
      "rank": "3",
      "position_id": 3,
      "position_name": "Defender, left corner"
    },
    {
      "player_id": 240,
      "player_name": "Ravi Kumar",
      "team": " Pun",
      "match_played": 13,
      "value": 3,
      "team_id": 7,
      "team_name": " Pun",
      "rank": "5",
      "position_id": 7,
      "position_name": "Defender, right cover"
    },
    {
      "player_id": 41,
      "player_name": "Deepak Niwas Hooda",
      "team": " Hyd",
      "match_played": 15,
      "value": 3,
      "team_id": 8,
      "team_name": " Hyd",
      "rank": "5",
      "position_id": 1,
      "position_name": "All Rounder"
    },
    {
      "player_id": 54,
      "player_name": "Jeeva Kumar",
      "team": " Mum",
      "match_played": 13,
      "value": 3,
      "team_id": 5,
      "team_name": " Mum",
      "rank": "5",
      "position_id": 5,
      "position_name": "Defender, right and left cover"
    },
    {
      "player_id": 69,
      "player_name": "Manjeet Chhillar",
      "team": " Ben",
      "match_played": 16,
      "value": 3,
      "team_id": 1,
      "team_name": " Ben",
      "rank": "5",
      "position_id": 1,
      "position_name": "All Rounder"
    },
    {
      "player_id": 71,
      "player_name": "Mohit Chhillar",
      "team": " Mum",
      "match_played": 14,
      "value": 3,
      "team_id": 5,
      "team_name": " Mum",
      "rank": "5",
      "position_id": 6,
      "position_name": "Defender, right corner"
    },
    {
      "player_id": 42,
      "player_name": "Dharmaraj Cheralathan",
      "team": " Ben",
      "match_played": 15,
      "value": 2,
      "team_id": 1,
      "team_name": " Ben",
      "rank": "10",
      "position_id": 10,
      "position_name": "Defender, right and left corner"
    },
    {
      "player_id": 98,
      "player_name": "Sachin Khambe",
      "team": " Kol",
      "match_played": 8,
      "value": 2,
      "team_id": 4,
      "team_name": " Kol",
      "rank": "10",
      "position_id": 3,
      "position_name": "Defender, left corner"
    },
    {
      "player_id": 252,
      "player_name": "Kuldeep Singh",
      "team": " Jai",
      "match_played": 14,
      "value": 2,
      "team_id": 3,
      "team_name": " Jai",
      "rank": "10",
      "position_id": 1,
      "position_name": "All Rounder"
    },
    {
      "player_id": 142,
      "player_name": "Sandeep Narwal",
      "team": " Pat",
      "match_played": 16,
      "value": 2,
      "team_id": 6,
      "team_name": " Pat",
      "rank": "10",
      "position_id": 1,
      "position_name": "All Rounder"
    },
    {
      "player_id": 162,
      "player_name": "D. Suresh Kumar",
      "team": " Pat",
      "match_played": 16,
      "value": 2,
      "team_id": 6,
      "team_name": " Pat",
      "rank": "10",
      "position_id": 7,
      "position_name": "Defender, right cover"
    },
    {
      "player_id": 179,
      "player_name": "Vikas Kale",
      "team": " Kol",
      "match_played": 8,
      "value": 1,
      "team_id": 4,
      "team_name": " Kol",
      "rank": "15",
      "position_id": 7,
      "position_name": "Defender, right cover"
    },
    {
      "player_id": 181,
      "player_name": "Deepak Dhull",
      "team": " Kol",
      "match_played": 8,
      "value": 1,
      "team_id": 4,
      "team_name": " Kol",
      "rank": "15",
      "position_id": 4,
      "position_name": "Defender, left cover"
    },
    {
      "player_id": 184,
      "player_name": "Deepak Kumar",
      "team": " Kol",
      "match_played": 4,
      "value": 1,
      "team_id": 4,
      "team_name": " Kol",
      "rank": "15",
      "position_id": 3,
      "position_name": "Defender, left corner"
    },
    {
      "player_id": 207,
      "player_name": "Sunil",
      "team": " Pat",
      "match_played": 9,
      "value": 1,
      "team_id": 6,
      "team_name": " Pat",
      "rank": "15",
      "position_id": 3,
      "position_name": "Defender, left corner"
    },
    {
      "player_id": 249,
      "player_name": "Hadi Oshtorak",
      "team": " Hyd",
      "match_played": 4,
      "value": 1,
      "team_id": 8,
      "team_name": " Hyd",
      "rank": "15",
      "position_id": 1,
      "position_name": "All Rounder"
    },
    {
      "player_id": 259,
      "player_name": "Fazel Atrachali",
      "team": " Mum",
      "match_played": 5,
      "value": 1,
      "team_id": 5,
      "team_name": " Mum",
      "rank": "15",
      "position_id": 3,
      "position_name": "Defender, left corner"
    },
    {
      "player_id": 108,
      "player_name": "Shyam Kumar Sah",
      "team": " Kol",
      "match_played": 7,
      "value": 1,
      "team_id": 4,
      "team_name": " Kol",
      "rank": "15",
      "position_id": 4,
      "position_name": "Defender, left cover"
    },
    {
      "player_id": 123,
      "player_name": "Vishal Mane",
      "team": " Mum",
      "match_played": 14,
      "value": 1,
      "team_id": 5,
      "team_name": " Mum",
      "rank": "15",
      "position_id": 7,
      "position_name": "Defender, right cover"
    },
    {
      "player_id": 158,
      "player_name": "Rakesh Singh Kumar",
      "team": " Del",
      "match_played": 13,
      "value": 1,
      "team_id": 2,
      "team_name": " Del",
      "rank": "15",
      "position_id": 4,
      "position_name": "Defender, left cover"
    },
    {
      "player_id": 160,
      "player_name": "Ran Singh",
      "team": " Jai",
      "match_played": 14,
      "value": 1,
      "team_id": 3,
      "team_name": " Jai",
      "rank": "15",
      "position_id": 1,
      "position_name": "All Rounder"
    },
    {
      "player_id": 161,
      "player_name": "Girish Maruti Ernak",
      "team": " Pat",
      "match_played": 13,
      "value": 1,
      "team_id": 6,
      "team_name": " Pat",
      "rank": "15",
      "position_id": 3,
      "position_name": "Defender, left corner"
    },
    {
      "player_id": 28,
      "player_name": "Amit Singh Chhillar",
      "team": " Del",
      "match_played": 6,
      "value": 1,
      "team_id": 2,
      "team_name": " Del",
      "rank": "15",
      "position_id": 3,
      "position_name": "Defender, left corner"
    },
    {
      "player_id": 34,
      "player_name": "Bhupender Singh",
      "team": " Mum",
      "match_played": 11,
      "value": 1,
      "team_id": 5,
      "team_name": " Mum",
      "rank": "15",
      "position_id": 1,
      "position_name": "All Rounder"
    },
    {
      "player_id": 73,
      "player_name": "Nilesh Shinde",
      "team": " Kol",
      "match_played": 12,
      "value": 1,
      "team_id": 4,
      "team_name": " Kol",
      "rank": "15",
      "position_id": 6,
      "position_name": "Defender, right corner"
    },
    {
      "player_id": 96,
      "player_name": "Rohit Rana",
      "team": " Jai",
      "match_played": 10,
      "value": 1,
      "team_id": 3,
      "team_name": " Jai",
      "rank": "15",
      "position_id": 4,
      "position_name": "Defender, left cover"
    },
    {
      "player_id": 70,
      "player_name": "Manoj Kumar",
      "team": " Pun",
      "match_played": 14,
      "value": 1,
      "team_id": 7,
      "team_name": " Pun",
      "rank": "15",
      "position_id": 4,
      "position_name": "Defender, left cover"
    }
  ],
  "language_lookup": {
    "stat": "Stat",
    "stat_id": "Stat Id",
    "minimum_criteria": "Minimum Criteria",
    "team_id": "Team Id",
    "team_name": "Team Name",
    "player_id": "Player Id",
    "player_name": "Player Name",
    "value": "Value",
    "match_played": "Match Played",
    "team": "Team",
    "tackles": "Tackles"
  }
}