{
  "stat": "Player Super Raids",
  "stat_id": "104",
  "minimum_criteria": "More than 0 Super Raid",
  "data": [
    {
      "player_id": 29,
      "player_name": "Anup Kumar",
      "match_played": 16,
      "value": 8,
      "team_id": 5,
      "team": " Mum",
      "team_name": " Mum",
      "rank": "1",
      "position_id": 8,
      "position_name": "Raider"
    },
    {
      "player_id": 142,
      "player_name": "Sandeep Narwal",
      "match_played": 16,
      "value": 8,
      "team_id": 6,
      "team": " Pat",
      "team_name": " Pat",
      "rank": "1",
      "position_id": 1,
      "position_name": "All Rounder"
    },
    {
      "player_id": 12,
      "player_name": "Jang Kun Lee",
      "match_played": 11,
      "value": 5,
      "team_id": 4,
      "team": " Kol",
      "team_name": " Kol",
      "rank": "3",
      "position_id": 8,
      "position_name": "Raider"
    },
    {
      "player_id": 92,
      "player_name": "Ravi Dalal",
      "match_played": 16,
      "value": 4,
      "team_id": 6,
      "team": " Pat",
      "team_name": " Pat",
      "rank": "4",
      "position_id": 8,
      "position_name": "Raider"
    },
    {
      "player_id": 86,
      "player_name": "Rajesh Narwal",
      "match_played": 16,
      "value": 3,
      "team_id": 3,
      "team": " Jai",
      "team_name": " Jai",
      "rank": "5",
      "position_id": 1,
      "position_name": "All Rounder"
    },
    {
      "player_id": 111,
      "player_name": "Sukesh Hegde",
      "match_played": 14,
      "value": 3,
      "team_id": 8,
      "team": " Hyd",
      "team_name": " Hyd",
      "rank": "5",
      "position_id": 8,
      "position_name": "Raider"
    },
    {
      "player_id": 143,
      "player_name": "Maninder Singh",
      "match_played": 16,
      "value": 3,
      "team_id": 3,
      "team": " Jai",
      "team_name": " Jai",
      "rank": "5",
      "position_id": 8,
      "position_name": "Raider"
    },
    {
      "player_id": 58,
      "player_name": "Kashiling Adake",
      "match_played": 14,
      "value": 3,
      "team_id": 2,
      "team": " Ben, Del",
      "team_name": " Ben, Del",
      "rank": "5",
      "position_id": 8,
      "position_name": "Raider"
    },
    {
      "player_id": 41,
      "player_name": "Deepak Niwas Hooda",
      "match_played": 14,
      "value": 3,
      "team_id": 8,
      "team": " Hyd",
      "team_name": " Hyd",
      "rank": "5",
      "position_id": 1,
      "position_name": "All Rounder"
    },
    {
      "player_id": 75,
      "player_name": "Nitin Madane",
      "match_played": 12,
      "value": 3,
      "team_id": 4,
      "team": " Kol",
      "team_name": " Kol",
      "rank": "5",
      "position_id": 8,
      "position_name": "Raider"
    },
    {
      "player_id": 79,
      "player_name": "Pravin Niwale",
      "match_played": 7,
      "value": 3,
      "team_id": 7,
      "team": " Pun",
      "team_name": " Pun",
      "rank": "5",
      "position_id": 8,
      "position_name": "Raider"
    },
    {
      "player_id": 81,
      "player_name": "Rahul Chaudhari",
      "match_played": 14,
      "value": 2,
      "team_id": 8,
      "team": " Hyd",
      "team_name": " Hyd",
      "rank": "12",
      "position_id": 8,
      "position_name": "Raider"
    },
    {
      "player_id": 85,
      "player_name": "Rajesh Mondal",
      "match_played": 15,
      "value": 2,
      "team_id": 1,
      "team": " Ben",
      "team_name": " Ben",
      "rank": "12",
      "position_id": 8,
      "position_name": "Raider"
    },
    {
      "player_id": 67,
      "player_name": "Mahipal Narwal",
      "match_played": 5,
      "value": 2,
      "team_id": 7,
      "team": " Pun",
      "team_name": " Pun",
      "rank": "12",
      "position_id": 1,
      "position_name": "All Rounder"
    },
    {
      "player_id": 69,
      "player_name": "Manjeet Chhillar",
      "match_played": 16,
      "value": 2,
      "team_id": 1,
      "team": " Ben",
      "team_name": " Ben",
      "rank": "12",
      "position_id": 1,
      "position_name": "All Rounder"
    },
    {
      "player_id": 70,
      "player_name": "Manoj Kumar",
      "match_played": 14,
      "value": 2,
      "team_id": 7,
      "team": " Pun",
      "team_name": " Pun",
      "rank": "12",
      "position_id": 4,
      "position_name": "Defender, left cover"
    },
    {
      "player_id": 52,
      "player_name": "Jasvir Singh",
      "match_played": 15,
      "value": 2,
      "team_id": 3,
      "team": " Jai",
      "team_name": " Jai",
      "rank": "12",
      "position_id": 8,
      "position_name": "Raider"
    },
    {
      "player_id": 118,
      "player_name": "Surjeet Narwal",
      "match_played": 14,
      "value": 2,
      "team_id": 2,
      "team": " Del",
      "team_name": " Del",
      "rank": "12",
      "position_id": 8,
      "position_name": "Raider"
    },
    {
      "player_id": 124,
      "player_name": "Wazir Singh",
      "match_played": 12,
      "value": 2,
      "team_id": 7,
      "team": " Pun",
      "team_name": " Pun",
      "rank": "12",
      "position_id": 8,
      "position_name": "Raider"
    },
    {
      "player_id": 141,
      "player_name": "Sunil Jaipal",
      "match_played": 13,
      "value": 2,
      "team_id": 4,
      "team": " Kol",
      "team_name": " Kol",
      "rank": "12",
      "position_id": 8,
      "position_name": "Raider"
    },
    {
      "player_id": 26,
      "player_name": "Ajay Thakur",
      "match_played": 15,
      "value": 2,
      "team_id": 1,
      "team": " Ben",
      "team_name": " Ben",
      "rank": "12",
      "position_id": 8,
      "position_name": "Raider"
    },
    {
      "player_id": 94,
      "player_name": "Rishank Devadiga",
      "match_played": 16,
      "value": 2,
      "team_id": 5,
      "team": " Mum",
      "team_name": " Mum",
      "rank": "12",
      "position_id": 8,
      "position_name": "Raider"
    },
    {
      "player_id": 105,
      "player_name": "Shabeer Bappu",
      "match_played": 10,
      "value": 2,
      "team_id": 5,
      "team": " Mum",
      "team_name": " Mum",
      "rank": "12",
      "position_id": 8,
      "position_name": "Raider"
    },
    {
      "player_id": 160,
      "player_name": "Ran Singh",
      "match_played": 10,
      "value": 1,
      "team_id": 3,
      "team": " Jai",
      "team_name": " Jai",
      "rank": "24",
      "position_id": 1,
      "position_name": "All Rounder"
    },
    {
      "player_id": 56,
      "player_name": "Kalimuthu Balamahendran",
      "match_played": 14,
      "value": 1,
      "team_id": 7,
      "team": " Pun",
      "team_name": " Pun",
      "rank": "24",
      "position_id": 3,
      "position_name": "Defender, left corner"
    },
    {
      "player_id": 66,
      "player_name": "Mahesh Goud",
      "match_played": 13,
      "value": 1,
      "team_id": 4,
      "team": " Kol",
      "team_name": " Kol",
      "rank": "24",
      "position_id": 8,
      "position_name": "Raider"
    },
    {
      "player_id": 16,
      "player_name": "Waleed Al Hasani",
      "match_played": 6,
      "value": 1,
      "team_id": 7,
      "team": " Pun",
      "team_name": " Pun",
      "rank": "24",
      "position_id": 8,
      "position_name": "Raider"
    },
    {
      "player_id": 21,
      "player_name": "Sinotharan Kanesharajah",
      "match_played": 1,
      "value": 1,
      "team_id": 1,
      "team": " Ben",
      "team_name": " Ben",
      "rank": "24",
      "position_id": 8,
      "position_name": "Raider"
    },
    {
      "player_id": 68,
      "player_name": "Mandeep Kumar",
      "match_played": 7,
      "value": 1,
      "team_id": 6,
      "team": " Pat",
      "team_name": " Pat",
      "rank": "24",
      "position_id": 8,
      "position_name": "Raider"
    }
  ],
  "language_lookup": {
    "stat": "Stat",
    "stat_id": "Stat Id",
    "minimum_criteria": "Minimum Criteria",
    "team_id": "Team Id",
    "team_name": "Team Name",
    "player_id": "Player Id",
    "player_name": "Player Name",
    "value": "Value",
    "match_played": "Match Played",
    "team": "Team",
    "tackles": "Tackles"
  }
}