{
  "stat": "Player Avg Tackle Points",
  "stat_id": "139",
  "minimum_criteria": "More than 5 Tackles",
  "data": [
    {
      "player_id": 725,
      "player_name": "Nitesh Kumar",
      "match_played": 25,
      "value": 4.0,
      "team_id": 30,
      "team_name": " UPY",
      "rank": "1",
      "position_id": 9,
      "position_name": "Defender",
      "team_full_name": "U.P. Yoddha"
    },
    {
      "player_id": 259,
      "player_name": "Fazel Atrachali",
      "match_played": 23,
      "value": 3.61,
      "team_id": 5,
      "team_name": " Mum",
      "rank": "2",
      "position_id": 3,
      "position_name": "Defender, left corner",
      "team_full_name": "U Mumba"
    },
    {
      "player_id": 358,
      "player_name": "Vishal Bhardwaj",
      "match_played": 17,
      "value": 3.53,
      "team_id": 8,
      "team_name": " Hyd",
      "rank": "3",
      "position_id": 9,
      "position_name": "Defender",
      "team_full_name": "Telugu Titans"
    },
    {
      "player_id": 357,
      "player_name": "Parvesh Bhainswal",
      "match_played": 25,
      "value": 3.44,
      "team_id": 31,
      "team_name": " GFG",
      "rank": "4",
      "position_id": 4,
      "position_name": "Defender, left cover",
      "team_full_name": "Gujarat Fortunegiants"
    },
    {
      "player_id": 69,
      "player_name": "Manjeet Chhillar",
      "match_played": 19,
      "value": 3.11,
      "team_id": 29,
      "team_name": " TT",
      "rank": "5",
      "position_id": 1,
      "position_name": "All Rounder",
      "team_full_name": "Tamil Thalaivas"
    },
    {
      "player_id": 290,
      "player_name": "Sandeep Kumar Dhull",
      "match_played": 22,
      "value": 3.05,
      "team_id": 3,
      "team_name": " Jai",
      "rank": "6",
      "position_id": 3,
      "position_name": "Defender, left corner",
      "team_full_name": "Jaipur Pink Panthers"
    },
    {
      "player_id": 368,
      "player_name": "Sunil Kumar",
      "match_played": 25,
      "value": 3.04,
      "team_id": 31,
      "team_name": " GFG",
      "rank": "7",
      "position_id": 9,
      "position_name": "Defender",
      "team_full_name": "Gujarat Fortunegiants"
    },
    {
      "player_id": 733,
      "player_name": "Surender Singh",
      "match_played": 22,
      "value": 2.82,
      "team_id": 5,
      "team_name": " Mum",
      "rank": "8",
      "position_id": 9,
      "position_name": "Defender",
      "team_full_name": "U Mumba"
    },
    {
      "player_id": 161,
      "player_name": "Girish Maruti Ernak",
      "match_played": 20,
      "value": 2.8,
      "team_id": 7,
      "team_name": " Pun",
      "rank": "9",
      "position_id": 3,
      "position_name": "Defender, left corner",
      "team_full_name": "Puneri Paltan"
    },
    {
      "player_id": 212,
      "player_name": "Amit Hooda",
      "match_played": 18,
      "value": 2.72,
      "team_id": 29,
      "team_name": " TT",
      "rank": "10",
      "position_id": 6,
      "position_name": "Defender, right corner",
      "team_full_name": "Tamil Thalaivas"
    },
    {
      "player_id": 157,
      "player_name": "Ravinder Pahal",
      "match_played": 22,
      "value": 2.68,
      "team_id": 2,
      "team_name": " Del",
      "rank": "11",
      "position_id": 6,
      "position_name": "Defender, right corner",
      "team_full_name": "Dabang Delhi K.C."
    },
    {
      "player_id": 489,
      "player_name": "Abozar Mohajermighani",
      "match_played": 21,
      "value": 2.67,
      "team_id": 8,
      "team_name": " Hyd",
      "rank": "12",
      "position_id": 9,
      "position_name": "Defender",
      "team_full_name": "Telugu Titans"
    },
    {
      "player_id": 579,
      "player_name": "Jaideep",
      "match_played": 22,
      "value": 2.64,
      "team_id": 6,
      "team_name": " Pat",
      "rank": "13",
      "position_id": 3,
      "position_name": "Defender, left corner",
      "team_full_name": "Patna Pirates"
    },
    {
      "player_id": 769,
      "player_name": "Mahender Singh",
      "match_played": 24,
      "value": 2.63,
      "team_id": 1,
      "team_name": " Ben",
      "rank": "14",
      "position_id": 4,
      "position_name": "Defender, left cover",
      "team_full_name": "Bengaluru Bulls"
    },
    {
      "player_id": 794,
      "player_name": "Amit Sheoran",
      "match_played": 15,
      "value": 2.53,
      "team_id": 1,
      "team_name": " Ben",
      "rank": "15",
      "position_id": 9,
      "position_name": "Defender",
      "team_full_name": "Bengaluru Bulls"
    },
    {
      "player_id": 322,
      "player_name": "PO Surjeet Singh",
      "match_played": 23,
      "value": 2.35,
      "team_id": 4,
      "team_name": " Kol",
      "rank": "16",
      "position_id": 7,
      "position_name": "Defender, right cover",
      "team_full_name": "Bengal Warriors"
    },
    {
      "player_id": 194,
      "player_name": "Joginder Singh Narwal",
      "match_played": 22,
      "value": 2.32,
      "team_id": 2,
      "team_name": " Del",
      "rank": "17",
      "position_id": 3,
      "position_name": "Defender, left corner",
      "team_full_name": "Dabang Delhi K.C."
    },
    {
      "player_id": 142,
      "player_name": "Sandeep Narwal",
      "match_played": 18,
      "value": 2.28,
      "team_id": 7,
      "team_name": " Pun",
      "rank": "18",
      "position_id": 1,
      "position_name": "All Rounder",
      "team_full_name": "Puneri Paltan"
    },
    {
      "player_id": 732,
      "player_name": "Kuldeep Singh",
      "match_played": 22,
      "value": 2.23,
      "team_id": 28,
      "team_name": " HS",
      "rank": "19",
      "position_id": 9,
      "position_name": "Defender",
      "team_full_name": "Haryana Steelers"
    },
    {
      "player_id": 71,
      "player_name": "Mohit Chhillar",
      "match_played": 14,
      "value": 2.21,
      "team_id": 3,
      "team_name": " Jai",
      "rank": "20",
      "position_id": 6,
      "position_name": "Defender, right corner",
      "team_full_name": "Jaipur Pink Panthers"
    },
    {
      "player_id": 54,
      "player_name": "Jeeva Kumar",
      "match_played": 19,
      "value": 2.11,
      "team_id": 30,
      "team_name": " UPY",
      "rank": "21",
      "position_id": 5,
      "position_name": "Defender, right and left cover",
      "team_full_name": "U.P. Yoddha"
    },
    {
      "player_id": 613,
      "player_name": "Sunil Siddhgavali",
      "match_played": 16,
      "value": 2.06,
      "team_id": 3,
      "team_name": " Jai",
      "rank": "22",
      "position_id": 9,
      "position_name": "Defender",
      "team_full_name": "Jaipur Pink Panthers"
    },
    {
      "player_id": 2023,
      "player_name": "Ruturaj Shivaji Koravi",
      "match_played": 23,
      "value": 2.04,
      "team_id": 31,
      "team_name": " GFG",
      "rank": "23",
      "position_id": 9,
      "position_name": "Defender",
      "team_full_name": "Gujarat Fortunegiants"
    },
    {
      "player_id": 765,
      "player_name": "Anil Kumar",
      "match_played": 4,
      "value": 2.0,
      "team_id": 29,
      "team_name": " TT",
      "rank": "24",
      "position_id": 8,
      "position_name": "Raider",
      "team_full_name": "Tamil Thalaivas"
    },
    {
      "player_id": 96,
      "player_name": "Rohit Rana",
      "match_played": 19,
      "value": 2.0,
      "team_id": 5,
      "team_name": " Mum",
      "rank": "24",
      "position_id": 4,
      "position_name": "Defender, left cover",
      "team_full_name": "U Mumba"
    },
    {
      "player_id": 160,
      "player_name": "Ran Singh",
      "match_played": 22,
      "value": 1.91,
      "team_id": 4,
      "team_name": " Kol",
      "rank": "26",
      "position_id": 1,
      "position_name": "All Rounder",
      "team_full_name": "Bengal Warriors"
    },
    {
      "player_id": 2462,
      "player_name": "Sunil",
      "match_played": 22,
      "value": 1.86,
      "team_id": 28,
      "team_name": " HS",
      "rank": "27",
      "position_id": 6,
      "position_name": "Defender, right corner",
      "team_full_name": "Haryana Steelers"
    },
    {
      "player_id": 274,
      "player_name": "Krushna Madane",
      "match_played": 6,
      "value": 1.83,
      "team_id": 8,
      "team_name": " Hyd",
      "rank": "28",
      "position_id": 9,
      "position_name": "Defender",
      "team_full_name": "Telugu Titans"
    },
    {
      "player_id": 240,
      "player_name": "Ravi Kumar",
      "match_played": 22,
      "value": 1.82,
      "team_id": 7,
      "team_name": " Pun",
      "rank": "29",
      "position_id": 7,
      "position_name": "Defender, right cover",
      "team_full_name": "Puneri Paltan"
    },
    {
      "player_id": 42,
      "player_name": "Dharmaraj Cheralathan",
      "match_played": 22,
      "value": 1.82,
      "team_id": 5,
      "team_name": " Mum",
      "rank": "29",
      "position_id": 10,
      "position_name": "Defender, right and left corner",
      "team_full_name": "U Mumba"
    },
    {
      "player_id": 179,
      "player_name": "Vikas Kale",
      "match_played": 22,
      "value": 1.77,
      "team_id": 6,
      "team_name": " Pat",
      "rank": "31",
      "position_id": 7,
      "position_name": "Defender, right cover",
      "team_full_name": "Patna Pirates"
    },
    {
      "player_id": 123,
      "player_name": "Vishal Mane",
      "match_played": 22,
      "value": 1.73,
      "team_id": 2,
      "team_name": " Del",
      "rank": "32",
      "position_id": 7,
      "position_name": "Defender, right cover",
      "team_full_name": "Dabang Delhi K.C."
    },
    {
      "player_id": 218,
      "player_name": "Sachin Kumar",
      "match_played": 25,
      "value": 1.72,
      "team_id": 30,
      "team_name": " UPY",
      "rank": "33",
      "position_id": 1,
      "position_name": "All Rounder",
      "team_full_name": "U.P. Yoddha"
    },
    {
      "player_id": 764,
      "player_name": "Vinod Kumar",
      "match_played": 17,
      "value": 1.71,
      "team_id": 5,
      "team_name": " Mum",
      "rank": "34",
      "position_id": 1,
      "position_name": "All Rounder",
      "team_full_name": "U Mumba"
    },
    {
      "player_id": 778,
      "player_name": "Narender",
      "match_played": 25,
      "value": 1.68,
      "team_id": 30,
      "team_name": " UPY",
      "rank": "35",
      "position_id": 1,
      "position_name": "All Rounder",
      "team_full_name": "U.P. Yoddha"
    },
    {
      "player_id": 202,
      "player_name": "Ashish Kumar",
      "match_played": 24,
      "value": 1.67,
      "team_id": 1,
      "team_name": " Ben",
      "rank": "36",
      "position_id": 1,
      "position_name": "All Rounder",
      "team_full_name": "Bengaluru Bulls"
    },
    {
      "player_id": 311,
      "player_name": "Anil Kumar",
      "match_played": 18,
      "value": 1.61,
      "team_id": 8,
      "team_name": " Hyd",
      "rank": "37",
      "position_id": 4,
      "position_name": "Defender, left cover",
      "team_full_name": "Telugu Titans"
    },
    {
      "player_id": 299,
      "player_name": "Sandeep",
      "match_played": 10,
      "value": 1.6,
      "team_id": 1,
      "team_name": " Ben",
      "rank": "38",
      "position_id": 3,
      "position_name": "Defender, left corner",
      "team_full_name": "Bengaluru Bulls"
    },
    {
      "player_id": 214,
      "player_name": "Amit Kumar",
      "match_played": 2,
      "value": 1.5,
      "team_id": 4,
      "team_name": " Kol",
      "rank": "39",
      "position_id": 8,
      "position_name": "Raider",
      "team_full_name": "Bengal Warriors"
    },
    {
      "player_id": 735,
      "player_name": "Vishal",
      "match_played": 6,
      "value": 1.5,
      "team_id": 2,
      "team_name": " Del",
      "rank": "39",
      "position_id": 1,
      "position_name": "All Rounder",
      "team_full_name": "Dabang Delhi K.C."
    },
    {
      "player_id": 621,
      "player_name": "Baldev Singh",
      "match_played": 18,
      "value": 1.5,
      "team_id": 4,
      "team_name": " Kol",
      "rank": "39",
      "position_id": 6,
      "position_name": "Defender, right corner",
      "team_full_name": "Bengal Warriors"
    },
    {
      "player_id": 252,
      "player_name": "Kuldeep Singh",
      "match_played": 7,
      "value": 1.43,
      "team_id": 6,
      "team_name": " Pat",
      "rank": "42",
      "position_id": 1,
      "position_name": "All Rounder",
      "team_full_name": "Patna Pirates"
    },
    {
      "player_id": 567,
      "player_name": "Mohsen Maghsoudloujafari",
      "match_played": 19,
      "value": 1.42,
      "team_id": 8,
      "team_name": " Hyd",
      "rank": "43",
      "position_id": 1,
      "position_name": "All Rounder",
      "team_full_name": "Telugu Titans"
    },
    {
      "player_id": 2481,
      "player_name": "Ponparthiban Subramanian",
      "match_played": 12,
      "value": 1.42,
      "team_id": 29,
      "team_name": " TT",
      "rank": "43",
      "position_id": 7,
      "position_name": "Defender, right cover",
      "team_full_name": "Tamil Thalaivas"
    },
    {
      "player_id": 386,
      "player_name": "Anil Kumar",
      "match_played": 5,
      "value": 1.4,
      "team_id": 2,
      "team_name": " Del",
      "rank": "45",
      "position_id": 3,
      "position_name": "Defender, left corner",
      "team_full_name": "Dabang Delhi K.C."
    },
    {
      "player_id": 152,
      "player_name": "D. Gopu",
      "match_played": 5,
      "value": 1.4,
      "team_id": 29,
      "team_name": " TT",
      "rank": "45",
      "position_id": 10,
      "position_name": "Defender, right and left corner",
      "team_full_name": "Tamil Thalaivas"
    },
    {
      "player_id": 390,
      "player_name": "Jawahar Dagar",
      "match_played": 15,
      "value": 1.33,
      "team_id": 6,
      "team_name": " Pat",
      "rank": "47",
      "position_id": 9,
      "position_name": "Defender",
      "team_full_name": "Patna Pirates"
    },
    {
      "player_id": 796,
      "player_name": "Rinku Narwal",
      "match_played": 15,
      "value": 1.33,
      "team_id": 7,
      "team_name": " Pun",
      "rank": "47",
      "position_id": 9,
      "position_name": "Defender",
      "team_full_name": "Puneri Paltan"
    },
    {
      "player_id": 2463,
      "player_name": "Parveen",
      "match_played": 19,
      "value": 1.32,
      "team_id": 28,
      "team_name": " HS",
      "rank": "49",
      "position_id": 4,
      "position_name": "Defender, left cover",
      "team_full_name": "Haryana Steelers"
    },
    {
      "player_id": 165,
      "player_name": "Sachin Shingade",
      "match_played": 19,
      "value": 1.32,
      "team_id": 28,
      "team_name": " HS",
      "rank": "49",
      "position_id": 4,
      "position_name": "Defender, left cover",
      "team_full_name": "Haryana Steelers"
    },
    {
      "player_id": 107,
      "player_name": "Shrikant Tewthia",
      "match_played": 8,
      "value": 1.25,
      "team_id": 4,
      "team_name": " Kol",
      "rank": "51",
      "position_id": 1,
      "position_name": "All Rounder",
      "team_full_name": "Bengal Warriors"
    },
    {
      "player_id": 84,
      "player_name": "Rajaguru Subramanian",
      "match_played": 8,
      "value": 1.25,
      "team_id": 5,
      "team_name": " Mum",
      "rank": "51",
      "position_id": 7,
      "position_name": "Defender, right cover",
      "team_full_name": "U Mumba"
    },
    {
      "player_id": 87,
      "player_name": "Raju Lal Choudhary",
      "match_played": 16,
      "value": 1.25,
      "team_id": 1,
      "team_name": " Ben",
      "rank": "51",
      "position_id": 6,
      "position_name": "Defender, right corner",
      "team_full_name": "Bengaluru Bulls"
    },
    {
      "player_id": 2476,
      "player_name": "Amit Kumar",
      "match_played": 17,
      "value": 1.24,
      "team_id": 3,
      "team_name": " Jai",
      "rank": "54",
      "position_id": 8,
      "position_name": "Raider",
      "team_full_name": "Jaipur Pink Panthers"
    },
    {
      "player_id": 2479,
      "player_name": "Shubham Shinde",
      "match_played": 10,
      "value": 1.2,
      "team_id": 7,
      "team_name": " Pun",
      "rank": "55",
      "position_id": 6,
      "position_name": "Defender, right corner",
      "team_full_name": "Puneri Paltan"
    },
    {
      "player_id": 2470,
      "player_name": "Adarsh T",
      "match_played": 10,
      "value": 1.2,
      "team_id": 4,
      "team_name": " Kol",
      "rank": "55",
      "position_id": 3,
      "position_name": "Defender, left corner",
      "team_full_name": "Bengal Warriors"
    },
    {
      "player_id": 207,
      "player_name": "Sunil",
      "match_played": 11,
      "value": 1.18,
      "team_id": 29,
      "team_name": " TT",
      "rank": "57",
      "position_id": 3,
      "position_name": "Defender, left corner",
      "team_full_name": "Tamil Thalaivas"
    },
    {
      "player_id": 773,
      "player_name": "Satpal",
      "match_played": 12,
      "value": 1.17,
      "team_id": 2,
      "team_name": " Del",
      "rank": "58",
      "position_id": 6,
      "position_name": "Defender, right corner",
      "team_full_name": "Dabang Delhi K.C."
    },
    {
      "player_id": 519,
      "player_name": "Young Chang Ko",
      "match_played": 13,
      "value": 1.15,
      "team_id": 3,
      "team_name": " Jai",
      "rank": "59",
      "position_id": 4,
      "position_name": "Defender, left cover",
      "team_full_name": "Jaipur Pink Panthers"
    },
    {
      "player_id": 482,
      "player_name": "Farhad Rahimi Milaghardan",
      "match_played": 22,
      "value": 1.14,
      "team_id": 8,
      "team_name": " Hyd",
      "rank": "60",
      "position_id": 1,
      "position_name": "All Rounder",
      "team_full_name": "Telugu Titans"
    },
    {
      "player_id": 232,
      "player_name": "Sachin Vittala",
      "match_played": 22,
      "value": 1.14,
      "team_id": 31,
      "team_name": " GFG",
      "rank": "60",
      "position_id": 3,
      "position_name": "Defender, left corner",
      "team_full_name": "Gujarat Fortunegiants"
    },
    {
      "player_id": 121,
      "player_name": "Vikas Jaglan",
      "match_played": 14,
      "value": 1.14,
      "team_id": 6,
      "team_name": " Pat",
      "rank": "60",
      "position_id": 1,
      "position_name": "All Rounder",
      "team_full_name": "Patna Pirates"
    },
    {
      "player_id": 384,
      "player_name": "Ravinder Kumar",
      "match_played": 8,
      "value": 1.13,
      "team_id": 6,
      "team_name": " Pat",
      "rank": "63",
      "position_id": 1,
      "position_name": "All Rounder",
      "team_full_name": "Patna Pirates"
    },
    {
      "player_id": 578,
      "player_name": "Mayur Shivtarkar",
      "match_played": 18,
      "value": 1.06,
      "team_id": 28,
      "team_name": " HS",
      "rank": "64",
      "position_id": 1,
      "position_name": "All Rounder",
      "team_full_name": "Haryana Steelers"
    },
    {
      "player_id": 676,
      "player_name": "Santhapanaselvam",
      "match_played": 14,
      "value": 1.0,
      "team_id": 3,
      "team_name": " Jai",
      "rank": "65",
      "position_id": 1,
      "position_name": "All Rounder",
      "team_full_name": "Jaipur Pink Panthers"
    },
    {
      "player_id": 722,
      "player_name": "D. Pradap",
      "match_played": 13,
      "value": 1.0,
      "team_id": 29,
      "team_name": " TT",
      "rank": "65",
      "position_id": 1,
      "position_name": "All Rounder",
      "team_full_name": "Tamil Thalaivas"
    },
    {
      "player_id": 2351,
      "player_name": "Vikram Kandola",
      "match_played": 1,
      "value": 1.0,
      "team_id": 31,
      "team_name": " GFG",
      "rank": "65",
      "position_id": 4,
      "position_name": "Defender, left cover",
      "team_full_name": "Gujarat Fortunegiants"
    },
    {
      "player_id": 29,
      "player_name": "Anup Kumar",
      "match_played": 13,
      "value": 0.92,
      "team_id": 3,
      "team_name": " Jai",
      "rank": "68",
      "position_id": 8,
      "position_name": "Raider",
      "team_full_name": "Jaipur Pink Panthers"
    },
    {
      "player_id": 249,
      "player_name": "Hadi Oshtorak",
      "match_played": 13,
      "value": 0.92,
      "team_id": 31,
      "team_name": " GFG",
      "rank": "68",
      "position_id": 1,
      "position_name": "All Rounder",
      "team_full_name": "Gujarat Fortunegiants"
    },
    {
      "player_id": 347,
      "player_name": "Sagar B Krishna",
      "match_played": 20,
      "value": 0.9,
      "team_id": 30,
      "team_name": " UPY",
      "rank": "70",
      "position_id": 1,
      "position_name": "All Rounder",
      "team_full_name": "U.P. Yoddha"
    },
    {
      "player_id": 728,
      "player_name": "Manish",
      "match_played": 17,
      "value": 0.88,
      "team_id": 6,
      "team_name": " Pat",
      "rank": "71",
      "position_id": 7,
      "position_name": "Defender, right cover",
      "team_full_name": "Patna Pirates"
    },
    {
      "player_id": 795,
      "player_name": "Monu",
      "match_played": 14,
      "value": 0.86,
      "team_id": 7,
      "team_name": " Pun",
      "rank": "72",
      "position_id": 8,
      "position_name": "Raider",
      "team_full_name": "Puneri Paltan"
    },
    {
      "player_id": 784,
      "player_name": "Viraj Vishnu Landge",
      "match_played": 7,
      "value": 0.86,
      "team_id": 2,
      "team_name": " Del",
      "rank": "72",
      "position_id": 4,
      "position_name": "Defender, left cover",
      "team_full_name": "Dabang Delhi K.C."
    },
    {
      "player_id": 58,
      "player_name": "Kashiling Adake",
      "match_played": 20,
      "value": 0.85,
      "team_id": 1,
      "team_name": " Ben",
      "rank": "74",
      "position_id": 8,
      "position_name": "Raider",
      "team_full_name": "Bengaluru Bulls"
    },
    {
      "player_id": 245,
      "player_name": "Yogesh Hooda",
      "match_played": 6,
      "value": 0.83,
      "team_id": 2,
      "team_name": " Del",
      "rank": "75",
      "position_id": 8,
      "position_name": "Raider",
      "team_full_name": "Dabang Delhi K.C."
    },
    {
      "player_id": 786,
      "player_name": "Parvesh",
      "match_played": 6,
      "value": 0.83,
      "team_id": 7,
      "team_name": " Pun",
      "rank": "75",
      "position_id": 8,
      "position_name": "Raider",
      "team_full_name": "Puneri Paltan"
    },
    {
      "player_id": 86,
      "player_name": "Rajesh Narwal",
      "match_played": 16,
      "value": 0.81,
      "team_id": 2,
      "team_name": " Del",
      "rank": "77",
      "position_id": 1,
      "position_name": "All Rounder",
      "team_full_name": "Dabang Delhi K.C."
    },
    {
      "player_id": 66,
      "player_name": "Mahesh Goud",
      "match_played": 10,
      "value": 0.8,
      "team_id": 4,
      "team_name": " Kol",
      "rank": "78",
      "position_id": 8,
      "position_name": "Raider",
      "team_full_name": "Bengal Warriors"
    },
    {
      "player_id": 261,
      "player_name": "Rohit Baliyan",
      "match_played": 19,
      "value": 0.74,
      "team_id": 5,
      "team_name": " Mum",
      "rank": "79",
      "position_id": 8,
      "position_name": "Raider",
      "team_full_name": "U Mumba"
    },
    {
      "player_id": 365,
      "player_name": "Akshay Jadhav",
      "match_played": 18,
      "value": 0.72,
      "team_id": 7,
      "team_name": " Pun",
      "rank": "80",
      "position_id": 8,
      "position_name": "Raider",
      "team_full_name": "Puneri Paltan"
    },
    {
      "player_id": 2336,
      "player_name": "Anuj Kumar",
      "match_played": 7,
      "value": 0.71,
      "team_id": 8,
      "team_name": " Hyd",
      "rank": "81",
      "position_id": 7,
      "position_name": "Defender, right cover",
      "team_full_name": "Telugu Titans"
    },
    {
      "player_id": 763,
      "player_name": "Manjeet",
      "match_played": 22,
      "value": 0.68,
      "team_id": 6,
      "team_name": " Pat",
      "rank": "82",
      "position_id": 8,
      "position_name": "Raider",
      "team_full_name": "Patna Pirates"
    },
    {
      "player_id": 724,
      "player_name": "Darshan J.",
      "match_played": 9,
      "value": 0.67,
      "team_id": 29,
      "team_name": " TT",
      "rank": "83",
      "position_id": 7,
      "position_name": "Defender, right cover",
      "team_full_name": "Tamil Thalaivas"
    },
    {
      "player_id": 371,
      "player_name": "Amit Nagar",
      "match_played": 9,
      "value": 0.67,
      "team_id": 4,
      "team_name": " Kol",
      "rank": "83",
      "position_id": 8,
      "position_name": "Raider",
      "team_full_name": "Bengal Warriors"
    },
    {
      "player_id": 536,
      "player_name": "Ziaur Rahman",
      "match_played": 18,
      "value": 0.67,
      "team_id": 4,
      "team_name": " Kol",
      "rank": "83",
      "position_id": 4,
      "position_name": "Defender, left cover",
      "team_full_name": "Bengal Warriors"
    },
    {
      "player_id": 2357,
      "player_name": "Naveen",
      "match_played": 21,
      "value": 0.67,
      "team_id": 28,
      "team_name": " HS",
      "rank": "83",
      "position_id": 8,
      "position_name": "Raider",
      "team_full_name": "Haryana Steelers"
    },
    {
      "player_id": 791,
      "player_name": "Nitin Rawal",
      "match_played": 9,
      "value": 0.67,
      "team_id": 3,
      "team_name": " Jai",
      "rank": "83",
      "position_id": 1,
      "position_name": "All Rounder",
      "team_full_name": "Jaipur Pink Panthers"
    },
    {
      "player_id": 51,
      "player_name": "Jasmer Singh Gulia",
      "match_played": 6,
      "value": 0.67,
      "team_id": 1,
      "team_name": " Ben",
      "rank": "83",
      "position_id": 1,
      "position_name": "All Rounder",
      "team_full_name": "Bengaluru Bulls"
    },
    {
      "player_id": 185,
      "player_name": "Vijin Thangadurai",
      "match_played": 16,
      "value": 0.63,
      "team_id": 4,
      "team_name": " Kol",
      "rank": "89",
      "position_id": 7,
      "position_name": "Defender, right cover",
      "team_full_name": "Bengal Warriors"
    },
    {
      "player_id": 745,
      "player_name": "Vijay",
      "match_played": 21,
      "value": 0.62,
      "team_id": 6,
      "team_name": " Pat",
      "rank": "90",
      "position_id": 1,
      "position_name": "All Rounder",
      "team_full_name": "Patna Pirates"
    },
    {
      "player_id": 757,
      "player_name": "Sachin Tanwar",
      "match_played": 23,
      "value": 0.61,
      "team_id": 31,
      "team_name": " GFG",
      "rank": "91",
      "position_id": 8,
      "position_name": "Raider",
      "team_full_name": "Gujarat Fortunegiants"
    },
    {
      "player_id": 731,
      "player_name": "Sandeep",
      "match_played": 5,
      "value": 0.6,
      "team_id": 7,
      "team_name": " Pun",
      "rank": "92",
      "position_id": 1,
      "position_name": "All Rounder",
      "team_full_name": "Puneri Paltan"
    },
    {
      "player_id": 2353,
      "player_name": "Ajay",
      "match_played": 7,
      "value": 0.57,
      "team_id": 1,
      "team_name": " Ben",
      "rank": "93",
      "position_id": 9,
      "position_name": "Defender",
      "team_full_name": "Bengaluru Bulls"
    },
    {
      "player_id": 772,
      "player_name": "More GB",
      "match_played": 22,
      "value": 0.55,
      "team_id": 7,
      "team_name": " Pun",
      "rank": "94",
      "position_id": 8,
      "position_name": "Raider",
      "team_full_name": "Puneri Paltan"
    },
    {
      "player_id": 41,
      "player_name": "Deepak Niwas Hooda",
      "match_played": 22,
      "value": 0.55,
      "team_id": 3,
      "team_name": " Jai",
      "rank": "94",
      "position_id": 1,
      "position_name": "All Rounder",
      "team_full_name": "Jaipur Pink Panthers"
    },
    {
      "player_id": 191,
      "player_name": "C. Arun",
      "match_played": 16,
      "value": 0.5,
      "team_id": 29,
      "team_name": " TT",
      "rank": "96",
      "position_id": 4,
      "position_name": "Defender, left cover",
      "team_full_name": "Tamil Thalaivas"
    },
    {
      "player_id": 233,
      "player_name": "Manoj Dhull",
      "match_played": 8,
      "value": 0.5,
      "team_id": 4,
      "team_name": " Kol",
      "rank": "96",
      "position_id": 6,
      "position_name": "Defender, right corner",
      "team_full_name": "Bengal Warriors"
    },
    {
      "player_id": 2471,
      "player_name": "Ankit",
      "match_played": 6,
      "value": 0.5,
      "team_id": 1,
      "team_name": " Ben",
      "rank": "96",
      "position_id": 9,
      "position_name": "Defender",
      "team_full_name": "Bengaluru Bulls"
    },
    {
      "player_id": 363,
      "player_name": "Sumit Singh",
      "match_played": 8,
      "value": 0.5,
      "team_id": 1,
      "team_name": " Ben",
      "rank": "96",
      "position_id": 8,
      "position_name": "Raider",
      "team_full_name": "Bengaluru Bulls"
    },
    {
      "player_id": 318,
      "player_name": "Pawan Kumar Sehrawat",
      "match_played": 24,
      "value": 0.46,
      "team_id": 1,
      "team_name": " Ben",
      "rank": "100",
      "position_id": 8,
      "position_name": "Raider",
      "team_full_name": "Bengaluru Bulls"
    },
    {
      "player_id": 2020,
      "player_name": "Amit",
      "match_played": 14,
      "value": 0.43,
      "team_id": 30,
      "team_name": " UPY",
      "rank": "101",
      "position_id": 4,
      "position_name": "Defender, left cover",
      "team_full_name": "U.P. Yoddha"
    },
    {
      "player_id": 370,
      "player_name": "Ravindra Ramesh Kumawat",
      "match_played": 12,
      "value": 0.42,
      "team_id": 4,
      "team_name": " Kol",
      "rank": "102",
      "position_id": 8,
      "position_name": "Raider",
      "team_full_name": "Bengal Warriors"
    },
    {
      "player_id": 2028,
      "player_name": "Abhishek Singh",
      "match_played": 15,
      "value": 0.4,
      "team_id": 5,
      "team_name": " Mum",
      "rank": "103",
      "position_id": 8,
      "position_name": "Raider",
      "team_full_name": "U Mumba"
    },
    {
      "player_id": 326,
      "player_name": "Rohit Kumar",
      "match_played": 24,
      "value": 0.38,
      "team_id": 1,
      "team_name": " Ben",
      "rank": "104",
      "position_id": 8,
      "position_name": "Raider",
      "team_full_name": "Bengaluru Bulls"
    },
    {
      "player_id": 44,
      "player_name": "Gangadhari Mallesh",
      "match_played": 6,
      "value": 0.33,
      "team_id": 3,
      "team_name": " Jai",
      "rank": "105",
      "position_id": 8,
      "position_name": "Raider",
      "team_full_name": "Jaipur Pink Panthers"
    },
    {
      "player_id": 81,
      "player_name": "Rahul Chaudhari",
      "match_played": 21,
      "value": 0.33,
      "team_id": 8,
      "team_name": " Hyd",
      "rank": "105",
      "position_id": 8,
      "position_name": "Raider",
      "team_full_name": "Telugu Titans"
    },
    {
      "player_id": 2274,
      "player_name": "C Manoj Kumar",
      "match_played": 12,
      "value": 0.33,
      "team_id": 8,
      "team_name": " Hyd",
      "rank": "105",
      "position_id": 4,
      "position_name": "Defender, left cover",
      "team_full_name": "Telugu Titans"
    },
    {
      "player_id": 793,
      "player_name": "Amit Kharb",
      "match_played": 6,
      "value": 0.33,
      "team_id": 31,
      "team_name": " GFG",
      "rank": "105",
      "position_id": 7,
      "position_name": "Defender, right cover",
      "team_full_name": "Gujarat Fortunegiants"
    },
    {
      "player_id": 2328,
      "player_name": "Sudhanshu Tyagi",
      "match_played": 13,
      "value": 0.31,
      "team_id": 28,
      "team_name": " HS",
      "rank": "109",
      "position_id": 7,
      "position_name": "Defender, right cover",
      "team_full_name": "Haryana Steelers"
    },
    {
      "player_id": 174,
      "player_name": "Deepak Kumar Dahiya",
      "match_played": 11,
      "value": 0.27,
      "team_id": 7,
      "team_name": " Pun",
      "rank": "110",
      "position_id": 8,
      "position_name": "Raider",
      "team_full_name": "Puneri Paltan"
    },
    {
      "player_id": 52,
      "player_name": "Jasvir Singh",
      "match_played": 16,
      "value": 0.25,
      "team_id": 29,
      "team_name": " TT",
      "rank": "111",
      "position_id": 8,
      "position_name": "Raider",
      "team_full_name": "Tamil Thalaivas"
    },
    {
      "player_id": 361,
      "player_name": "Sombir",
      "match_played": 4,
      "value": 0.25,
      "team_id": 8,
      "team_name": " Hyd",
      "rank": "111",
      "position_id": 9,
      "position_name": "Defender",
      "team_full_name": "Telugu Titans"
    },
    {
      "player_id": 2307,
      "player_name": "Kamal Singh",
      "match_played": 8,
      "value": 0.25,
      "team_id": 8,
      "team_name": " Hyd",
      "rank": "111",
      "position_id": 8,
      "position_name": "Raider",
      "team_full_name": "Telugu Titans"
    },
    {
      "player_id": 768,
      "player_name": "Vijay Kumar",
      "match_played": 4,
      "value": 0.25,
      "team_id": 6,
      "team_name": " Pat",
      "rank": "111",
      "position_id": 6,
      "position_name": "Defender, right corner",
      "team_full_name": "Patna Pirates"
    },
    {
      "player_id": 2475,
      "player_name": "Ajinkya Ashok Pawar",
      "match_played": 17,
      "value": 0.24,
      "team_id": 3,
      "team_name": " Jai",
      "rank": "115",
      "position_id": 8,
      "position_name": "Raider",
      "team_full_name": "Jaipur Pink Panthers"
    },
    {
      "player_id": 211,
      "player_name": "Deepak Narwal",
      "match_played": 17,
      "value": 0.24,
      "team_id": 6,
      "team_name": " Pat",
      "rank": "115",
      "position_id": 8,
      "position_name": "Raider",
      "team_full_name": "Patna Pirates"
    },
    {
      "player_id": 2296,
      "player_name": "Naveen Kumar",
      "match_played": 22,
      "value": 0.23,
      "team_id": 2,
      "team_name": " Del",
      "rank": "117",
      "position_id": 8,
      "position_name": "Raider",
      "team_full_name": "Dabang Delhi K.C."
    },
    {
      "player_id": 366,
      "player_name": "Vikash Kandola",
      "match_played": 22,
      "value": 0.23,
      "team_id": 28,
      "team_name": " HS",
      "rank": "117",
      "position_id": 8,
      "position_name": "Raider",
      "team_full_name": "Haryana Steelers"
    },
    {
      "player_id": 293,
      "player_name": "Nilesh Salunke",
      "match_played": 19,
      "value": 0.21,
      "team_id": 8,
      "team_name": " Hyd",
      "rank": "119",
      "position_id": 8,
      "position_name": "Raider",
      "team_full_name": "Telugu Titans"
    },
    {
      "player_id": 36,
      "player_name": "Chandran Ranjit",
      "match_played": 24,
      "value": 0.21,
      "team_id": 2,
      "team_name": " Del",
      "rank": "119",
      "position_id": 8,
      "position_name": "Raider",
      "team_full_name": "Dabang Delhi K.C."
    },
    {
      "player_id": 106,
      "player_name": "Shrikant Jadhav",
      "match_played": 25,
      "value": 0.2,
      "team_id": 30,
      "team_name": " UPY",
      "rank": "121",
      "position_id": 8,
      "position_name": "Raider",
      "team_full_name": "U.P. Yoddha"
    },
    {
      "player_id": 300,
      "player_name": "Abolfazl Maghsodloumahali",
      "match_played": 10,
      "value": 0.2,
      "team_id": 5,
      "team_name": " Mum",
      "rank": "121",
      "position_id": 8,
      "position_name": "Raider",
      "team_full_name": "U Mumba"
    },
    {
      "player_id": 264,
      "player_name": "Selvamani K",
      "match_played": 15,
      "value": 0.2,
      "team_id": 3,
      "team_name": " Jai",
      "rank": "121",
      "position_id": 8,
      "position_name": "Raider",
      "team_full_name": "Jaipur Pink Panthers"
    },
    {
      "player_id": 388,
      "player_name": "Monu Goyat",
      "match_played": 20,
      "value": 0.2,
      "team_id": 28,
      "team_name": " HS",
      "rank": "121",
      "position_id": 8,
      "position_name": "Raider",
      "team_full_name": "Haryana Steelers"
    },
    {
      "player_id": 320,
      "player_name": "Nitin Tomar",
      "match_played": 11,
      "value": 0.18,
      "team_id": 7,
      "team_name": " Pun",
      "rank": "125",
      "position_id": 8,
      "position_name": "Raider",
      "team_full_name": "Puneri Paltan"
    },
    {
      "player_id": 111,
      "player_name": "Sukesh Hegde",
      "match_played": 17,
      "value": 0.18,
      "team_id": 29,
      "team_name": " TT",
      "rank": "125",
      "position_id": 8,
      "position_name": "Raider",
      "team_full_name": "Tamil Thalaivas"
    },
    {
      "player_id": 12,
      "player_name": "Jang Kun Lee",
      "match_played": 18,
      "value": 0.17,
      "team_id": 4,
      "team_name": " Kol",
      "rank": "127",
      "position_id": 8,
      "position_name": "Raider",
      "team_full_name": "Bengal Warriors"
    },
    {
      "player_id": 94,
      "player_name": "Rishank Devadiga",
      "match_played": 23,
      "value": 0.17,
      "team_id": 30,
      "team_name": " UPY",
      "rank": "127",
      "position_id": 8,
      "position_name": "Raider",
      "team_full_name": "U.P. Yoddha"
    },
    {
      "player_id": 164,
      "player_name": "Bajirao Hodage",
      "match_played": 6,
      "value": 0.17,
      "team_id": 3,
      "team_name": " Jai",
      "rank": "127",
      "position_id": 7,
      "position_name": "Defender, right cover",
      "team_full_name": "Jaipur Pink Panthers"
    },
    {
      "player_id": 251,
      "player_name": "Meraj Sheykh",
      "match_played": 19,
      "value": 0.16,
      "team_id": 2,
      "team_name": " Del",
      "rank": "130",
      "position_id": 1,
      "position_name": "All Rounder",
      "team_full_name": "Dabang Delhi K.C."
    },
    {
      "player_id": 686,
      "player_name": "Rohit Gulia",
      "match_played": 19,
      "value": 0.16,
      "team_id": 31,
      "team_name": " GFG",
      "rank": "130",
      "position_id": 1,
      "position_name": "All Rounder",
      "team_full_name": "Gujarat Fortunegiants"
    },
    {
      "player_id": 163,
      "player_name": "Mahendra Ganesh Rajput",
      "match_played": 13,
      "value": 0.15,
      "team_id": 31,
      "team_name": " GFG",
      "rank": "132",
      "position_id": 8,
      "position_name": "Raider",
      "team_full_name": "Gujarat Fortunegiants"
    },
    {
      "player_id": 155,
      "player_name": "Prashanth Kumar Rai",
      "match_played": 21,
      "value": 0.14,
      "team_id": 30,
      "team_name": " UPY",
      "rank": "133",
      "position_id": 8,
      "position_name": "Raider",
      "team_full_name": "U.P. Yoddha"
    },
    {
      "player_id": 2026,
      "player_name": "Siddharth Sirish Desai",
      "match_played": 21,
      "value": 0.14,
      "team_id": 5,
      "team_name": " Mum",
      "rank": "133",
      "position_id": 8,
      "position_name": "Raider",
      "team_full_name": "U Mumba"
    },
    {
      "player_id": 14,
      "player_name": "Tae Deok Eom",
      "match_played": 11,
      "value": 0.09,
      "team_id": 6,
      "team_name": " Pat",
      "rank": "135",
      "position_id": 1,
      "position_name": "All Rounder",
      "team_full_name": "Patna Pirates"
    },
    {
      "player_id": 26,
      "player_name": "Ajay Thakur",
      "match_played": 22,
      "value": 0.05,
      "team_id": 29,
      "team_name": " TT",
      "rank": "136",
      "position_id": 8,
      "position_name": "Raider",
      "team_full_name": "Tamil Thalaivas"
    },
    {
      "player_id": 219,
      "player_name": "K. Prapanjan",
      "match_played": 22,
      "value": 0.05,
      "team_id": 31,
      "team_name": " GFG",
      "rank": "136",
      "position_id": 8,
      "position_name": "Raider",
      "team_full_name": "Gujarat Fortunegiants"
    },
    {
      "player_id": 376,
      "player_name": "Athul MS",
      "match_played": 19,
      "value": 0.05,
      "team_id": 29,
      "team_name": " TT",
      "rank": "136",
      "position_id": 8,
      "position_name": "Raider",
      "team_full_name": "Tamil Thalaivas"
    },
    {
      "player_id": 620,
      "player_name": "C Kalai Arasan",
      "match_played": 2,
      "value": 0.0,
      "team_id": 31,
      "team_name": " GFG",
      "rank": "139",
      "position_id": 9,
      "position_name": "Defender",
      "team_full_name": "Gujarat Fortunegiants"
    },
    {
      "player_id": 215,
      "player_name": "Vinod Kumar",
      "match_played": 2,
      "value": 0.0,
      "team_id": 7,
      "team_name": " Pun",
      "rank": "139",
      "position_id": 4,
      "position_name": "Defender, left cover",
      "team_full_name": "Puneri Paltan"
    },
    {
      "player_id": 301,
      "player_name": "Hadi Tajik",
      "match_played": 5,
      "value": 0.0,
      "team_id": 5,
      "team_name": " Mum",
      "rank": "139",
      "position_id": 6,
      "position_name": "Defender, right corner",
      "team_full_name": "U Mumba"
    },
    {
      "player_id": 105,
      "player_name": "Shabeer Bappu",
      "match_played": 6,
      "value": 0.0,
      "team_id": 2,
      "team_name": " Del",
      "rank": "139",
      "position_id": 8,
      "position_name": "Raider",
      "team_full_name": "Dabang Delhi K.C."
    }
  ],
  "language_lookup": {
    "stat": "Stat",
    "stat_id": "Stat Id",
    "minimum_criteria": "Minimum Criteria",
    "team_id": "Team Id",
    "team_name": "Team Name",
    "player_id": "Player Id",
    "player_name": "Player Name",
    "value": "Value",
    "match_played": "Match Played",
    "team": "Team",
    "tackles": "Tackles"
  }
}