{
  "stat": "Player DOD Raid Points",
  "stat_id": "132",
  "minimum_criteria": "More than 0 DOD Raid Points",
  "data": [
    {
      "player_id": 26,
      "player": "Ajay Thakur",
      "player_name": "Ajay Thakur",
      "team_id": 1,
      "team_name": " Ben",
      "match_played": 13,
      "value": 34,
      "rank": "1",
      "position_id": 8,
      "position_name": "Raider"
    },
    {
      "player_id": 217,
      "player": "Rohit Kumar Choudary",
      "player_name": "Rohit Kumar Choudary",
      "team_id": 2,
      "team_name": " Del",
      "match_played": 14,
      "value": 33,
      "rank": "2",
      "position_id": 8,
      "position_name": "Raider"
    },
    {
      "player_id": 111,
      "player": "Sukesh Hegde",
      "player_name": "Sukesh Hegde",
      "team_id": 8,
      "team_name": " Hyd",
      "match_played": 13,
      "value": 26,
      "rank": "3",
      "position_id": 8,
      "position_name": "Raider"
    },
    {
      "player_id": 94,
      "player": "Rishank Devadiga",
      "player_name": "Rishank Devadiga",
      "team_id": 5,
      "team_name": " Mum",
      "match_played": 13,
      "value": 25,
      "rank": "4",
      "position_id": 8,
      "position_name": "Raider"
    },
    {
      "player_id": 105,
      "player": "Shabeer Bappu",
      "player_name": "Shabeer Bappu",
      "team_id": 5,
      "team_name": " Mum",
      "match_played": 10,
      "value": 22,
      "rank": "5",
      "position_id": 8,
      "position_name": "Raider"
    },
    {
      "player_id": 58,
      "player": "Kashiling Adake",
      "player_name": "Kashiling Adake",
      "team_id": 2,
      "team_name": " Del",
      "match_played": 14,
      "value": 20,
      "rank": "6",
      "position_id": 8,
      "position_name": "Raider"
    },
    {
      "player_id": 46,
      "player": "Gurvinder Singh",
      "player_name": "Gurvinder Singh",
      "team_id": 6,
      "team_name": " Pat",
      "match_played": 16,
      "value": 19,
      "rank": "7",
      "position_id": 8,
      "position_name": "Raider"
    },
    {
      "player_id": 85,
      "player": "Rajesh Mondal",
      "player_name": "Rajesh Mondal",
      "team_id": 1,
      "team_name": " Ben",
      "match_played": 15,
      "value": 18,
      "rank": "8",
      "position_id": 8,
      "position_name": "Raider"
    },
    {
      "player_id": 163,
      "player": "Mahendra Ganesh Rajput",
      "player_name": "Mahendra Ganesh Rajput",
      "team_id": 4,
      "team_name": " Kol",
      "match_played": 12,
      "value": 18,
      "rank": "8",
      "position_id": 8,
      "position_name": "Raider"
    },
    {
      "player_id": 12,
      "player": "Jang Kun Lee",
      "player_name": "Jang Kun Lee",
      "team_id": 4,
      "team_name": " Kol",
      "match_played": 14,
      "value": 15,
      "rank": "10",
      "position_id": 8,
      "position_name": "Raider"
    },
    {
      "player_id": 211,
      "player": "Deepak Narwal",
      "player_name": "Deepak Narwal",
      "team_id": 6,
      "team_name": " Pat",
      "match_played": 16,
      "value": 15,
      "rank": "10",
      "position_id": 8,
      "position_name": "Raider"
    },
    {
      "player_id": 155,
      "player": "Prashanth Kumar Rai",
      "player_name": "Prashanth Kumar Rai",
      "team_id": 8,
      "team_name": " Hyd",
      "match_played": 15,
      "value": 14,
      "rank": "12",
      "position_id": 8,
      "position_name": "Raider"
    },
    {
      "player_id": 86,
      "player": "Rajesh Narwal",
      "player_name": "Rajesh Narwal",
      "team_id": 3,
      "team_name": " Jai",
      "match_played": 14,
      "value": 14,
      "rank": "12",
      "position_id": 1,
      "position_name": "All Rounder"
    },
    {
      "player_id": 81,
      "player": "Rahul Chaudhari",
      "player_name": "Rahul Chaudhari",
      "team_id": 8,
      "team_name": " Hyd",
      "match_played": 14,
      "value": 14,
      "rank": "12",
      "position_id": 8,
      "position_name": "Raider"
    },
    {
      "player_id": 190,
      "player": "Sonu Narwal",
      "player_name": "Sonu Narwal",
      "team_id": 3,
      "team_name": " Jai",
      "match_played": 11,
      "value": 12,
      "rank": "15",
      "position_id": 8,
      "position_name": "Raider"
    },
    {
      "player_id": 34,
      "player": "Bhupender Singh",
      "player_name": "Bhupender Singh",
      "team_id": 5,
      "team_name": " Mum",
      "match_played": 11,
      "value": 11,
      "rank": "16",
      "position_id": 1,
      "position_name": "All Rounder"
    },
    {
      "player_id": 79,
      "player": "Pravin Niwale",
      "player_name": "Pravin Niwale",
      "team_id": 7,
      "team_name": " Pun",
      "match_played": 8,
      "value": 9,
      "rank": "17",
      "position_id": 8,
      "position_name": "Raider"
    },
    {
      "player_id": 180,
      "player": "Kedar Lal",
      "player_name": "Kedar Lal",
      "team_id": 4,
      "team_name": " Kol",
      "match_played": 9,
      "value": 9,
      "rank": "17",
      "position_id": 8,
      "position_name": "Raider"
    },
    {
      "player_id": 204,
      "player": "Rakesh Narwal",
      "player_name": "Rakesh Narwal",
      "team_id": 1,
      "team_name": " Ben",
      "match_played": 11,
      "value": 9,
      "rank": "17",
      "position_id": 8,
      "position_name": "Raider"
    },
    {
      "player_id": 92,
      "player": "Ravi Dalal",
      "player_name": "Ravi Dalal",
      "team_id": 6,
      "team_name": " Pat",
      "match_played": 11,
      "value": 8,
      "rank": "20",
      "position_id": 8,
      "position_name": "Raider"
    },
    {
      "player_id": 141,
      "player": "Sunil Jaipal",
      "player_name": "Sunil Jaipal",
      "team_id": 4,
      "team_name": " Kol",
      "match_played": 10,
      "value": 8,
      "rank": "20",
      "position_id": 8,
      "position_name": "Raider"
    },
    {
      "player_id": 41,
      "player": "Deepak Niwas Hooda",
      "player_name": "Deepak Niwas Hooda",
      "team_id": 8,
      "team_name": " Hyd",
      "match_played": 15,
      "value": 8,
      "rank": "20",
      "position_id": 1,
      "position_name": "All Rounder"
    },
    {
      "player_id": 29,
      "player": "Anup Kumar",
      "player_name": "Anup Kumar",
      "team_id": 5,
      "team_name": " Mum",
      "match_played": 14,
      "value": 8,
      "rank": "20",
      "position_id": 8,
      "position_name": "Raider"
    },
    {
      "player_id": 52,
      "player": "Jasvir Singh",
      "player_name": "Jasvir Singh",
      "team_id": 3,
      "team_name": " Jai",
      "match_played": 13,
      "value": 7,
      "rank": "24",
      "position_id": 8,
      "position_name": "Raider"
    },
    {
      "player_id": 124,
      "player": "Wazir Singh",
      "player_name": "Wazir Singh",
      "team_id": 7,
      "team_name": " Pun",
      "match_played": 11,
      "value": 7,
      "rank": "24",
      "position_id": 8,
      "position_name": "Raider"
    },
    {
      "player_id": 142,
      "player": "Sandeep Narwal",
      "player_name": "Sandeep Narwal",
      "team_id": 6,
      "team_name": " Pat",
      "match_played": 16,
      "value": 6,
      "rank": "26",
      "position_id": 1,
      "position_name": "All Rounder"
    },
    {
      "player_id": 156,
      "player": "Pawan Kumar Kadian",
      "player_name": "Pawan Kumar Kadian",
      "team_id": 5,
      "team_name": " Mum",
      "match_played": 10,
      "value": 6,
      "rank": "26",
      "position_id": 8,
      "position_name": "Raider"
    },
    {
      "player_id": 242,
      "player": "Tushar Patil",
      "player_name": "Tushar Patil",
      "team_id": 7,
      "team_name": " Pun",
      "match_played": 6,
      "value": 6,
      "rank": "26",
      "position_id": 8,
      "position_name": "Raider"
    },
    {
      "player_id": 252,
      "player": "Kuldeep Singh",
      "player_name": "Kuldeep Singh",
      "team_id": 3,
      "team_name": " Jai",
      "match_played": 14,
      "value": 6,
      "rank": "26",
      "position_id": 1,
      "position_name": "All Rounder"
    },
    {
      "player_id": 245,
      "player": "Yogesh Hooda",
      "player_name": "Yogesh Hooda",
      "team_id": 7,
      "team_name": " Pun",
      "match_played": 4,
      "value": 5,
      "rank": "30",
      "position_id": 8,
      "position_name": "Raider"
    },
    {
      "player_id": 160,
      "player": "Ran Singh",
      "player_name": "Ran Singh",
      "team_id": 3,
      "team_name": " Jai",
      "match_played": 14,
      "value": 5,
      "rank": "30",
      "position_id": 1,
      "position_name": "All Rounder"
    },
    {
      "player_id": 171,
      "player": "Pradeep Kumar",
      "player_name": "Pradeep Kumar",
      "team_id": 5,
      "team_name": " Mum",
      "match_played": 6,
      "value": 5,
      "rank": "30",
      "position_id": 8,
      "position_name": "Raider"
    },
    {
      "player_id": 55,
      "player": "Jitesh Joshi",
      "player_name": "Jitesh Joshi",
      "team_id": 7,
      "team_name": " Pun",
      "match_played": 5,
      "value": 5,
      "rank": "30",
      "position_id": 1,
      "position_name": "All Rounder"
    },
    {
      "player_id": 56,
      "player": "Kalimuthu Balamahendran",
      "player_name": "Kalimuthu Balamahendran",
      "team_id": 7,
      "team_name": " Pun",
      "match_played": 6,
      "value": 5,
      "rank": "30",
      "position_id": 3,
      "position_name": "Defender, left corner"
    },
    {
      "player_id": 67,
      "player": "Mahipal Narwal",
      "player_name": "Mahipal Narwal",
      "team_id": 7,
      "team_name": " Pun",
      "match_played": 9,
      "value": 4,
      "rank": "35",
      "position_id": 1,
      "position_name": "All Rounder"
    },
    {
      "player_id": 69,
      "player": "Manjeet Chhillar",
      "player_name": "Manjeet Chhillar",
      "team_id": 1,
      "team_name": " Ben",
      "match_played": 16,
      "value": 4,
      "rank": "35",
      "position_id": 1,
      "position_name": "All Rounder"
    },
    {
      "player_id": 14,
      "player": "Tae Deok Eom",
      "player_name": "Tae Deok Eom",
      "team_id": 6,
      "team_name": " Pat",
      "match_played": 8,
      "value": 4,
      "rank": "35",
      "position_id": 1,
      "position_name": "All Rounder"
    },
    {
      "player_id": 88,
      "player": "Rakesh Kumar",
      "player_name": "Rakesh Kumar",
      "team_id": 6,
      "team_name": " Pat",
      "match_played": 4,
      "value": 4,
      "rank": "35",
      "position_id": 1,
      "position_name": "All Rounder"
    },
    {
      "player_id": 243,
      "player": "Sanjay Kumar",
      "player_name": "Sanjay Kumar",
      "team_id": 7,
      "team_name": " Pun",
      "match_played": 7,
      "value": 4,
      "rank": "35",
      "position_id": 1,
      "position_name": "All Rounder"
    },
    {
      "player_id": 232,
      "player": "Sachin Vittala",
      "player_name": "Sachin Vittala",
      "team_id": 7,
      "team_name": " Pun",
      "match_played": 4,
      "value": 4,
      "rank": "35",
      "position_id": 3,
      "position_name": "Defender, left corner"
    },
    {
      "player_id": 174,
      "player": "Deepak Kumar Dahiya",
      "player_name": "Deepak Kumar Dahiya",
      "team_id": 1,
      "team_name": " Ben",
      "match_played": 2,
      "value": 4,
      "rank": "35",
      "position_id": 8,
      "position_name": "Raider"
    },
    {
      "player_id": 197,
      "player": "Pardeep Narwal",
      "player_name": "Pardeep Narwal",
      "team_id": 1,
      "team_name": " Ben",
      "match_played": 6,
      "value": 4,
      "rank": "35",
      "position_id": 8,
      "position_name": "Raider"
    },
    {
      "player_id": 182,
      "player": "Dinesh Kumar",
      "player_name": "Dinesh Kumar",
      "team_id": 4,
      "team_name": " Kol",
      "match_played": 8,
      "value": 4,
      "rank": "35",
      "position_id": 1,
      "position_name": "All Rounder"
    },
    {
      "player_id": 195,
      "player": "Ashish Chhokar",
      "player_name": "Ashish Chhokar",
      "team_id": 1,
      "team_name": " Ben",
      "match_played": 6,
      "value": 3,
      "rank": "44",
      "position_id": 8,
      "position_name": "Raider"
    },
    {
      "player_id": 244,
      "player": "Ravi V.",
      "player_name": "Ravi V.",
      "team_id": 7,
      "team_name": " Pun",
      "match_played": 2,
      "value": 3,
      "rank": "44",
      "position_id": 8,
      "position_name": "Raider"
    },
    {
      "player_id": 231,
      "player": "Amit Om Prakash Rathi",
      "player_name": "Amit Om Prakash Rathi",
      "team_id": 7,
      "team_name": " Pun",
      "match_played": 5,
      "value": 3,
      "rank": "44",
      "position_id": 8,
      "position_name": "Raider"
    },
    {
      "player_id": 260,
      "player": "Vijay Malik",
      "player_name": "Vijay Malik",
      "team_id": 6,
      "team_name": " Pat",
      "match_played": 7,
      "value": 3,
      "rank": "44",
      "position_id": 8,
      "position_name": "Raider"
    },
    {
      "player_id": 44,
      "player": "Gangadhari Mallesh",
      "player_name": "Gangadhari Mallesh",
      "team_id": 3,
      "team_name": " Jai",
      "match_played": 10,
      "value": 3,
      "rank": "44",
      "position_id": 8,
      "position_name": "Raider"
    },
    {
      "player_id": 107,
      "player": "Shrikant Tewthia",
      "player_name": "Shrikant Tewthia",
      "team_id": 2,
      "team_name": " Del",
      "match_played": 9,
      "value": 3,
      "rank": "44",
      "position_id": 1,
      "position_name": "All Rounder"
    },
    {
      "player_id": 42,
      "player": "Dharmaraj Cheralathan",
      "player_name": "Dharmaraj Cheralathan",
      "team_id": 1,
      "team_name": " Ben",
      "match_played": 15,
      "value": 2,
      "rank": "50",
      "position_id": 10,
      "position_name": "Defender, right and left corner"
    },
    {
      "player_id": 38,
      "player": "Dadaso Balaso Awad",
      "player_name": "Dadaso Balaso Awad",
      "team_id": 2,
      "team_name": " Del",
      "match_played": 7,
      "value": 2,
      "rank": "50",
      "position_id": 1,
      "position_name": "All Rounder"
    },
    {
      "player_id": 66,
      "player": "Mahesh Goud",
      "player_name": "Mahesh Goud",
      "team_id": 4,
      "team_name": " Kol",
      "match_played": 1,
      "value": 2,
      "rank": "50",
      "position_id": 8,
      "position_name": "Raider"
    },
    {
      "player_id": 268,
      "player": "Vineet Sharma",
      "player_name": "Vineet Sharma",
      "team_id": 4,
      "team_name": " Kol",
      "match_played": 8,
      "value": 2,
      "rank": "50",
      "position_id": 8,
      "position_name": "Raider"
    },
    {
      "player_id": 251,
      "player": "Meraj Sheykh",
      "player_name": "Meraj Sheykh",
      "team_id": 8,
      "team_name": " Hyd",
      "match_played": 15,
      "value": 2,
      "rank": "50",
      "position_id": 1,
      "position_name": "All Rounder"
    },
    {
      "player_id": 219,
      "player": "K. Prapanjan",
      "player_name": "K. Prapanjan",
      "team_id": 5,
      "team_name": " Mum",
      "match_played": 4,
      "value": 2,
      "rank": "50",
      "position_id": 8,
      "position_name": "Raider"
    },
    {
      "player_id": 225,
      "player": "Sandeep Tomar",
      "player_name": "Sandeep Tomar",
      "team_id": 2,
      "team_name": " Del",
      "match_played": 3,
      "value": 1,
      "rank": "56",
      "position_id": 8,
      "position_name": "Raider"
    },
    {
      "player_id": 212,
      "player": "Amit Hooda",
      "player_name": "Amit Hooda",
      "team_id": 6,
      "team_name": " Pat",
      "match_played": 12,
      "value": 1,
      "rank": "56",
      "position_id": 6,
      "position_name": "Defender, right corner"
    },
    {
      "player_id": 234,
      "player": "Surender Singh",
      "player_name": "Surender Singh",
      "team_id": 7,
      "team_name": " Pun",
      "match_played": 2,
      "value": 1,
      "rank": "56",
      "position_id": 8,
      "position_name": "Raider"
    },
    {
      "player_id": 238,
      "player": "Isac Antony",
      "player_name": "Isac Antony",
      "team_id": 8,
      "team_name": " Hyd",
      "match_played": 7,
      "value": 1,
      "rank": "56",
      "position_id": 8,
      "position_name": "Raider"
    },
    {
      "player_id": 202,
      "player": "Ashish Kumar",
      "player_name": "Ashish Kumar",
      "team_id": 1,
      "team_name": " Ben",
      "match_played": 5,
      "value": 1,
      "rank": "56",
      "position_id": 7,
      "position_name": "Defender, right cover"
    },
    {
      "player_id": 261,
      "player": "Rohit Baliyan",
      "player_name": "Rohit Baliyan",
      "team_id": 8,
      "team_name": " Hyd",
      "match_played": 5,
      "value": 1,
      "rank": "56",
      "position_id": 8,
      "position_name": "Raider"
    },
    {
      "player_id": 264,
      "player": "Selvamani K",
      "player_name": "Selvamani K",
      "team_id": 2,
      "team_name": " Del",
      "match_played": 10,
      "value": 1,
      "rank": "56",
      "position_id": 8,
      "position_name": "Raider"
    },
    {
      "player_id": 267,
      "player": "Amit Kumar Tomar",
      "player_name": "Amit Kumar Tomar",
      "team_id": 2,
      "team_name": " Del",
      "match_played": 9,
      "value": 1,
      "rank": "56",
      "position_id": 8,
      "position_name": "Raider"
    },
    {
      "player_id": 73,
      "player": "Nilesh Shinde",
      "player_name": "Nilesh Shinde",
      "team_id": 4,
      "team_name": " Kol",
      "match_played": 12,
      "value": 1,
      "rank": "56",
      "position_id": 6,
      "position_name": "Defender, right corner"
    },
    {
      "player_id": 21,
      "player": "Sinotharan Kanesharajah",
      "player_name": "Sinotharan Kanesharajah",
      "team_id": 1,
      "team_name": " Ben",
      "match_played": 2,
      "value": 1,
      "rank": "56",
      "position_id": 8,
      "position_name": "Raider"
    },
    {
      "player_id": 173,
      "player": "Suresu Kumar",
      "player_name": "Suresu Kumar",
      "team_id": 5,
      "team_name": " Mum",
      "match_played": 1,
      "value": 1,
      "rank": "56",
      "position_id": 8,
      "position_name": "Raider"
    },
    {
      "player_id": 146,
      "player": "Surender Nada",
      "player_name": "Surender Nada",
      "team_id": 5,
      "team_name": " Mum",
      "match_played": 14,
      "value": 1,
      "rank": "56",
      "position_id": 3,
      "position_name": "Defender, left corner"
    }
  ],
  "language_lookup": {
    "stat": "Stat",
    "stat_id": "Stat Id",
    "minimum_criteria": "Minimum Criteria",
    "team_id": "Team Id",
    "team_name": "Team Name",
    "player_id": "Player Id",
    "player_name": "Player Name",
    "value": "Value",
    "match_played": "Match Played",
    "team": "Team",
    "tackles": "Tackles"
  }
}