{
  "stat": "Player Successful Raids",
  "stat_id": "21",
  "minimum_criteria": "More than 0 Successful Raids",
  "data": [
    {
      "player_id": 318,
      "player_name": "Pawan Kumar Sehrawat",
      "match_played": 17,
      "value": 168,
      "team_id": 1,
      "team": " Ben",
      "team_name": " Ben",
      "rank": "1",
      "position_id": 8,
      "position_name": "Raider",
      "team_full_name": "Bengaluru Bulls"
    },
    {
      "player_id": 2296,
      "player_name": "Naveen Kumar",
      "match_played": 16,
      "value": 165,
      "team_id": 2,
      "team": " Del",
      "team_name": " Del",
      "rank": "2",
      "position_id": 8,
      "position_name": "Raider",
      "team_full_name": "Dabang Delhi K.C."
    },
    {
      "player_id": 197,
      "player_name": "Pardeep Narwal",
      "match_played": 17,
      "value": 161,
      "team_id": 6,
      "team": " Pat",
      "team_name": " Pat",
      "rank": "3",
      "position_id": 8,
      "position_name": "Raider",
      "team_full_name": "Patna Pirates"
    },
    {
      "player_id": 143,
      "player_name": "Maninder Singh",
      "match_played": 17,
      "value": 132,
      "team_id": 4,
      "team": " Kol",
      "team_name": " Kol",
      "rank": "4",
      "position_id": 8,
      "position_name": "Raider",
      "team_full_name": "Bengal Warriors"
    },
    {
      "player_id": 2026,
      "player_name": "Siddharth Sirish Desai",
      "match_played": 16,
      "value": 117,
      "team_id": 8,
      "team": " Hyd",
      "team_name": " Hyd",
      "rank": "5",
      "position_id": 8,
      "position_name": "Raider",
      "team_full_name": "Telugu Titans"
    },
    {
      "player_id": 366,
      "player_name": "Vikash Kandola",
      "match_played": 13,
      "value": 98,
      "team_id": 28,
      "team": " HS",
      "team_name": " HS",
      "rank": "6",
      "position_id": 8,
      "position_name": "Raider",
      "team_full_name": "Haryana Steelers"
    },
    {
      "player_id": 81,
      "player_name": "Rahul Chaudhari",
      "match_played": 18,
      "value": 92,
      "team_id": 29,
      "team": " TT",
      "team_name": " TT",
      "rank": "7",
      "position_id": 8,
      "position_name": "Raider",
      "team_full_name": "Tamil Thalaivas"
    },
    {
      "player_id": 41,
      "player_name": "Deepak Niwas Hooda",
      "match_played": 17,
      "value": 88,
      "team_id": 3,
      "team": " Jai",
      "team_name": " Jai",
      "rank": "8",
      "position_id": 1,
      "position_name": "All Rounder",
      "team_full_name": "Jaipur Pink Panthers"
    },
    {
      "player_id": 763,
      "player_name": "Manjeet",
      "match_played": 18,
      "value": 77,
      "team_id": 7,
      "team": " Pun",
      "team_name": " Pun",
      "rank": "9",
      "position_id": 8,
      "position_name": "Raider",
      "team_full_name": "Puneri Paltan"
    },
    {
      "player_id": 106,
      "player_name": "Shrikant Jadhav",
      "match_played": 17,
      "value": 76,
      "team_id": 30,
      "team": " UPY",
      "team_name": " UPY",
      "rank": "10",
      "position_id": 8,
      "position_name": "Raider",
      "team_full_name": "U.P. Yoddha"
    },
    {
      "player_id": 686,
      "player_name": "Rohit Gulia",
      "match_played": 17,
      "value": 75,
      "team_id": 31,
      "team": " GFG",
      "team_name": " GFG",
      "rank": "11",
      "position_id": 1,
      "position_name": "All Rounder",
      "team_full_name": "Gujarat Fortunegiants"
    },
    {
      "player_id": 2028,
      "player_name": "Abhishek Singh",
      "match_played": 14,
      "value": 74,
      "team_id": 5,
      "team": " Mum",
      "team_name": " Mum",
      "rank": "12",
      "position_id": 8,
      "position_name": "Raider",
      "team_full_name": "U Mumba"
    },
    {
      "player_id": 2508,
      "player_name": "V. Ajith Kumar",
      "match_played": 15,
      "value": 74,
      "team_id": 29,
      "team": " TT",
      "team_name": " TT",
      "rank": "12",
      "position_id": 8,
      "position_name": "Raider",
      "team_full_name": "Tamil Thalaivas"
    },
    {
      "player_id": 2661,
      "player_name": "Pankaj Mohite",
      "match_played": 15,
      "value": 73,
      "team_id": 7,
      "team": " Pun",
      "team_name": " Pun",
      "rank": "14",
      "position_id": 8,
      "position_name": "Raider",
      "team_full_name": "Puneri Paltan"
    },
    {
      "player_id": 326,
      "player_name": "Rohit Kumar",
      "match_played": 17,
      "value": 69,
      "team_id": 1,
      "team": " Ben",
      "team_name": " Ben",
      "rank": "15",
      "position_id": 8,
      "position_name": "Raider",
      "team_full_name": "Bengaluru Bulls"
    },
    {
      "player_id": 219,
      "player_name": "K. Prapanjan",
      "match_played": 17,
      "value": 69,
      "team_id": 4,
      "team": " Kol",
      "team_name": " Kol",
      "rank": "15",
      "position_id": 8,
      "position_name": "Raider",
      "team_full_name": "Bengal Warriors"
    },
    {
      "player_id": 757,
      "player_name": "Sachin Tanwar",
      "match_played": 15,
      "value": 64,
      "team_id": 31,
      "team": " GFG",
      "team_name": " GFG",
      "rank": "17",
      "position_id": 8,
      "position_name": "Raider",
      "team_full_name": "Gujarat Fortunegiants"
    },
    {
      "player_id": 36,
      "player_name": "Chandran Ranjit",
      "match_played": 15,
      "value": 59,
      "team_id": 2,
      "team": " Del",
      "team_name": " Del",
      "rank": "18",
      "position_id": 8,
      "position_name": "Raider",
      "team_full_name": "Dabang Delhi K.C."
    },
    {
      "player_id": 2024,
      "player_name": "Arjun Deshwal",
      "match_played": 15,
      "value": 57,
      "team_id": 5,
      "team": " Mum",
      "team_name": " Mum",
      "rank": "19",
      "position_id": 8,
      "position_name": "Raider",
      "team_full_name": "U Mumba"
    },
    {
      "player_id": 2488,
      "player_name": "Vinay",
      "match_played": 16,
      "value": 55,
      "team_id": 28,
      "team": " HS",
      "team_name": " HS",
      "rank": "20",
      "position_id": 8,
      "position_name": "Raider",
      "team_full_name": "Haryana Steelers"
    },
    {
      "player_id": 484,
      "player_name": "Mohammad Esmaeil Nabibakhsh",
      "match_played": 17,
      "value": 52,
      "team_id": 4,
      "team": " Kol",
      "team_name": " Kol",
      "rank": "21",
      "position_id": 1,
      "position_name": "All Rounder",
      "team_full_name": "Bengal Warriors"
    },
    {
      "player_id": 26,
      "player_name": "Ajay Thakur",
      "match_played": 13,
      "value": 47,
      "team_id": 29,
      "team": " TT",
      "team_name": " TT",
      "rank": "22",
      "position_id": 8,
      "position_name": "Raider",
      "team_full_name": "Tamil Thalaivas"
    },
    {
      "player_id": 320,
      "player_name": "Nitin Tomar",
      "match_played": 11,
      "value": 44,
      "team_id": 7,
      "team": " Pun",
      "team_name": " Pun",
      "rank": "23",
      "position_id": 8,
      "position_name": "Raider",
      "team_full_name": "Puneri Paltan"
    },
    {
      "player_id": 2357,
      "player_name": "Naveen",
      "match_played": 13,
      "value": 43,
      "team_id": 28,
      "team": " HS",
      "team_name": " HS",
      "rank": "24",
      "position_id": 8,
      "position_name": "Raider",
      "team_full_name": "Haryana Steelers"
    },
    {
      "player_id": 388,
      "player_name": "Monu Goyat",
      "match_played": 9,
      "value": 38,
      "team_id": 30,
      "team": " UPY",
      "team_name": " UPY",
      "rank": "25",
      "position_id": 8,
      "position_name": "Raider",
      "team_full_name": "U.P. Yoddha"
    },
    {
      "player_id": 2286,
      "player_name": "Surender Gill",
      "match_played": 14,
      "value": 36,
      "team_id": 30,
      "team": " UPY",
      "team_name": " UPY",
      "rank": "26",
      "position_id": 8,
      "position_name": "Raider",
      "team_full_name": "U.P. Yoddha"
    },
    {
      "player_id": 115,
      "player_name": "Suraj Desai",
      "match_played": 12,
      "value": 35,
      "team_id": 8,
      "team": " Hyd",
      "team_name": " Hyd",
      "rank": "27",
      "position_id": 8,
      "position_name": "Raider",
      "team_full_name": "Telugu Titans"
    },
    {
      "player_id": 94,
      "player_name": "Rishank Devadiga",
      "match_played": 13,
      "value": 34,
      "team_id": 30,
      "team": " UPY",
      "team_name": " UPY",
      "rank": "28",
      "position_id": 8,
      "position_name": "Raider",
      "team_full_name": "U.P. Yoddha"
    },
    {
      "player_id": 211,
      "player_name": "Deepak Narwal",
      "match_played": 14,
      "value": 32,
      "team_id": 3,
      "team": " Jai",
      "team_name": " Jai",
      "rank": "29",
      "position_id": 8,
      "position_name": "Raider",
      "team_full_name": "Jaipur Pink Panthers"
    },
    {
      "player_id": 12,
      "player_name": "Jang Kun Lee",
      "match_played": 11,
      "value": 29,
      "team_id": 6,
      "team": " Pat",
      "team_name": " Pat",
      "rank": "30",
      "position_id": 8,
      "position_name": "Raider",
      "team_full_name": "Patna Pirates"
    },
    {
      "player_id": 155,
      "player_name": "Prashanth Kumar Rai",
      "match_played": 10,
      "value": 28,
      "team_id": 28,
      "team": " HS",
      "team_name": " HS",
      "rank": "31",
      "position_id": 8,
      "position_name": "Raider",
      "team_full_name": "Haryana Steelers"
    },
    {
      "player_id": 772,
      "player_name": "More GB",
      "match_played": 15,
      "value": 28,
      "team_id": 31,
      "team": " GFG",
      "team_name": " GFG",
      "rank": "31",
      "position_id": 8,
      "position_name": "Raider",
      "team_full_name": "Gujarat Fortunegiants"
    },
    {
      "player_id": 376,
      "player_name": "Athul MS",
      "match_played": 12,
      "value": 27,
      "team_id": 5,
      "team": " Mum",
      "team_name": " Mum",
      "rank": "33",
      "position_id": 8,
      "position_name": "Raider",
      "team_full_name": "U Mumba"
    },
    {
      "player_id": 261,
      "player_name": "Rohit Baliyan",
      "match_played": 13,
      "value": 26,
      "team_id": 5,
      "team": " Mum",
      "team_name": " Mum",
      "rank": "34",
      "position_id": 8,
      "position_name": "Raider",
      "team_full_name": "U Mumba"
    },
    {
      "player_id": 571,
      "player_name": "Mohammad Esmaeil Maghsoudlou Mahalli",
      "match_played": 16,
      "value": 23,
      "team_id": 6,
      "team": " Pat",
      "team_name": " Pat",
      "rank": "35",
      "position_id": 8,
      "position_name": "Raider",
      "team_full_name": "Patna Pirates"
    },
    {
      "player_id": 363,
      "player_name": "Sumit Singh",
      "match_played": 13,
      "value": 23,
      "team_id": 1,
      "team": " Ben",
      "team_name": " Ben",
      "rank": "35",
      "position_id": 8,
      "position_name": "Raider",
      "team_full_name": "Bengaluru Bulls"
    },
    {
      "player_id": 791,
      "player_name": "Nitin Rawal",
      "match_played": 13,
      "value": 23,
      "team_id": 3,
      "team": " Jai",
      "team_name": " Jai",
      "rank": "35",
      "position_id": 1,
      "position_name": "All Rounder",
      "team_full_name": "Jaipur Pink Panthers"
    },
    {
      "player_id": 251,
      "player_name": "Meraj Sheykh",
      "match_played": 12,
      "value": 22,
      "team_id": 2,
      "team": " Del",
      "team_name": " Del",
      "rank": "38",
      "position_id": 1,
      "position_name": "All Rounder",
      "team_full_name": "Dabang Delhi K.C."
    },
    {
      "player_id": 2485,
      "player_name": "Sonu Jaglan",
      "match_played": 12,
      "value": 21,
      "team_id": 31,
      "team": " GFG",
      "team_name": " GFG",
      "rank": "39",
      "position_id": 8,
      "position_name": "Raider",
      "team_full_name": "Gujarat Fortunegiants"
    },
    {
      "player_id": 2290,
      "player_name": "Rajnish",
      "match_played": 8,
      "value": 20,
      "team_id": 8,
      "team": " Hyd",
      "team_name": " Hyd",
      "rank": "40",
      "position_id": 8,
      "position_name": "Raider",
      "team_full_name": "Telugu Titans"
    },
    {
      "player_id": 745,
      "player_name": "Vijay",
      "match_played": 15,
      "value": 20,
      "team_id": 2,
      "team": " Del",
      "team_name": " Del",
      "rank": "40",
      "position_id": 1,
      "position_name": "All Rounder",
      "team_full_name": "Dabang Delhi K.C."
    },
    {
      "player_id": 156,
      "player_name": "Pawan Kumar Kadian",
      "match_played": 6,
      "value": 19,
      "team_id": 7,
      "team": " Pun",
      "team_name": " Pun",
      "rank": "42",
      "position_id": 8,
      "position_name": "Raider",
      "team_full_name": "Puneri Paltan"
    },
    {
      "player_id": 111,
      "player_name": "Sukesh Hegde",
      "match_played": 10,
      "value": 19,
      "team_id": 4,
      "team": " Kol",
      "team_name": " Kol",
      "rank": "42",
      "position_id": 8,
      "position_name": "Raider",
      "team_full_name": "Bengal Warriors"
    },
    {
      "player_id": 293,
      "player_name": "Nilesh Salunke",
      "match_played": 14,
      "value": 18,
      "team_id": 3,
      "team": " Jai",
      "team_name": " Jai",
      "rank": "44",
      "position_id": 8,
      "position_name": "Raider",
      "team_full_name": "Jaipur Pink Panthers"
    },
    {
      "player_id": 482,
      "player_name": "Farhad Rahimi Milaghardan",
      "match_played": 16,
      "value": 18,
      "team_id": 8,
      "team": " Hyd",
      "team_name": " Hyd",
      "rank": "44",
      "position_id": 1,
      "position_name": "All Rounder",
      "team_full_name": "Telugu Titans"
    },
    {
      "player_id": 105,
      "player_name": "Shabeer Bappu",
      "match_played": 14,
      "value": 17,
      "team_id": 29,
      "team": " TT",
      "team_name": " TT",
      "rank": "46",
      "position_id": 8,
      "position_name": "Raider",
      "team_full_name": "Tamil Thalaivas"
    },
    {
      "player_id": 2475,
      "player_name": "Ajinkya Ashok Pawar",
      "match_played": 14,
      "value": 16,
      "team_id": 3,
      "team": " Jai",
      "team_name": " Jai",
      "rank": "47",
      "position_id": 8,
      "position_name": "Raider",
      "team_full_name": "Jaipur Pink Panthers"
    },
    {
      "player_id": 684,
      "player_name": "Rakesh Gowda",
      "match_played": 7,
      "value": 14,
      "team_id": 8,
      "team": " Hyd",
      "team_name": " Hyd",
      "rank": "48",
      "position_id": 8,
      "position_name": "Raider",
      "team_full_name": "Telugu Titans"
    },
    {
      "player_id": 2291,
      "player_name": "Amit Kumar",
      "match_played": 12,
      "value": 12,
      "team_id": 7,
      "team": " Pun",
      "team_name": " Pun",
      "rank": "49",
      "position_id": 8,
      "position_name": "Raider",
      "team_full_name": "Puneri Paltan"
    },
    {
      "player_id": 2498,
      "player_name": "Sushil Gulia",
      "match_played": 7,
      "value": 12,
      "team_id": 3,
      "team": " Jai",
      "team_name": " Jai",
      "rank": "49",
      "position_id": 8,
      "position_name": "Raider",
      "team_full_name": "Jaipur Pink Panthers"
    },
    {
      "player_id": 795,
      "player_name": "Monu",
      "match_played": 17,
      "value": 9,
      "team_id": 6,
      "team": " Pat",
      "team_name": " Pat",
      "rank": "51",
      "position_id": 8,
      "position_name": "Raider",
      "team_full_name": "Patna Pirates"
    },
    {
      "player_id": 142,
      "player_name": "Sandeep Narwal",
      "match_played": 16,
      "value": 9,
      "team_id": 5,
      "team": " Mum",
      "team_name": " Mum",
      "rank": "51",
      "position_id": 1,
      "position_name": "All Rounder",
      "team_full_name": "U Mumba"
    },
    {
      "player_id": 522,
      "player_name": "Dong Geon Lee",
      "match_played": 4,
      "value": 7,
      "team_id": 5,
      "team": " Mum",
      "team_name": " Mum",
      "rank": "53",
      "position_id": 8,
      "position_name": "Raider",
      "team_full_name": "U Mumba"
    },
    {
      "player_id": 2503,
      "player_name": "Banty",
      "match_played": 9,
      "value": 7,
      "team_id": 1,
      "team": " Ben",
      "team_name": " Ben",
      "rank": "53",
      "position_id": 8,
      "position_name": "Raider",
      "team_full_name": "Bengaluru Bulls"
    },
    {
      "player_id": 2494,
      "player_name": "Sachin Narwal",
      "match_played": 11,
      "value": 7,
      "team_id": 3,
      "team": " Jai",
      "team_name": " Jai",
      "rank": "53",
      "position_id": 1,
      "position_name": "All Rounder",
      "team_full_name": "Jaipur Pink Panthers"
    },
    {
      "player_id": 2682,
      "player_name": "Amit Kumar",
      "match_played": 5,
      "value": 7,
      "team_id": 7,
      "team": " Pun",
      "team_name": " Pun",
      "rank": "53",
      "position_id": 1,
      "position_name": "All Rounder",
      "team_full_name": "Puneri Paltan"
    },
    {
      "player_id": 764,
      "player_name": "Vinod Kumar",
      "match_played": 6,
      "value": 6,
      "team_id": 31,
      "team": " GFG",
      "team_name": " GFG",
      "rank": "57",
      "position_id": 1,
      "position_name": "All Rounder",
      "team_full_name": "Gujarat Fortunegiants"
    },
    {
      "player_id": 2298,
      "player_name": "Armaan",
      "match_played": 6,
      "value": 6,
      "team_id": 8,
      "team": " Hyd",
      "team_name": " Hyd",
      "rank": "57",
      "position_id": 1,
      "position_name": "All Rounder",
      "team_full_name": "Telugu Titans"
    },
    {
      "player_id": 264,
      "player_name": "Selvamani K",
      "match_played": 6,
      "value": 6,
      "team_id": 28,
      "team": " HS",
      "team_name": " HS",
      "rank": "57",
      "position_id": 8,
      "position_name": "Raider",
      "team_full_name": "Haryana Steelers"
    },
    {
      "player_id": 121,
      "player_name": "Vikas Jaglan",
      "match_played": 17,
      "value": 6,
      "team_id": 6,
      "team": " Pat",
      "team_name": " Pat",
      "rank": "57",
      "position_id": 1,
      "position_name": "All Rounder",
      "team_full_name": "Patna Pirates"
    },
    {
      "player_id": 234,
      "player_name": "Surender Singh",
      "match_played": 4,
      "value": 5,
      "team_id": 30,
      "team": " UPY",
      "team_name": " UPY",
      "rank": "61",
      "position_id": 8,
      "position_name": "Raider",
      "team_full_name": "U.P. Yoddha"
    },
    {
      "player_id": 2322,
      "player_name": "Ankit Beniwal",
      "match_played": 5,
      "value": 5,
      "team_id": 8,
      "team": " Hyd",
      "team_name": " Hyd",
      "rank": "61",
      "position_id": 8,
      "position_name": "Raider",
      "team_full_name": "Telugu Titans"
    },
    {
      "player_id": 2660,
      "player_name": "Sushant Sail",
      "match_played": 7,
      "value": 5,
      "team_id": 7,
      "team": " Pun",
      "team_name": " Pun",
      "rank": "61",
      "position_id": 8,
      "position_name": "Raider",
      "team_full_name": "Puneri Paltan"
    },
    {
      "player_id": 2502,
      "player_name": "Mohit Sehrawat",
      "match_played": 11,
      "value": 4,
      "team_id": 1,
      "team": " Ben",
      "team_name": " Ben",
      "rank": "64",
      "position_id": 7,
      "position_name": "Defender, right cover",
      "team_full_name": "Bengaluru Bulls"
    },
    {
      "player_id": 2666,
      "player_name": "Harmanjit Singh",
      "match_played": 3,
      "value": 4,
      "team_id": 31,
      "team": " GFG",
      "team_name": " GFG",
      "rank": "64",
      "position_id": 8,
      "position_name": "Raider",
      "team_full_name": "Gujarat Fortunegiants"
    },
    {
      "player_id": 249,
      "player_name": "Hadi Oshtorak",
      "match_played": 17,
      "value": 4,
      "team_id": 6,
      "team": " Pat",
      "team_name": " Pat",
      "rank": "64",
      "position_id": 1,
      "position_name": "All Rounder",
      "team_full_name": "Patna Pirates"
    },
    {
      "player_id": 160,
      "player_name": "Ran Singh",
      "match_played": 17,
      "value": 4,
      "team_id": 29,
      "team": " TT",
      "team_name": " TT",
      "rank": "64",
      "position_id": 1,
      "position_name": "All Rounder",
      "team_full_name": "Tamil Thalaivas"
    },
    {
      "player_id": 2321,
      "player_name": "Ankush",
      "match_played": 3,
      "value": 4,
      "team_id": 30,
      "team": " UPY",
      "team_name": " UPY",
      "rank": "64",
      "position_id": 8,
      "position_name": "Raider",
      "team_full_name": "U.P. Yoddha"
    },
    {
      "player_id": 2257,
      "player_name": "Victor Onyango Obiero",
      "match_played": 3,
      "value": 4,
      "team_id": 29,
      "team": " TT",
      "team_name": " TT",
      "rank": "64",
      "position_id": 1,
      "position_name": "All Rounder",
      "team_full_name": "Tamil Thalaivas"
    },
    {
      "player_id": 2316,
      "player_name": "Azad Singh",
      "match_played": 4,
      "value": 3,
      "team_id": 30,
      "team": " UPY",
      "team_name": " UPY",
      "rank": "70",
      "position_id": 8,
      "position_name": "Raider",
      "team_full_name": "U.P. Yoddha"
    },
    {
      "player_id": 567,
      "player_name": "Mohsen Maghsoudloujafari",
      "match_played": 10,
      "value": 3,
      "team_id": 30,
      "team": " UPY",
      "team_name": " UPY",
      "rank": "70",
      "position_id": 1,
      "position_name": "All Rounder",
      "team_full_name": "U.P. Yoddha"
    },
    {
      "player_id": 46,
      "player_name": "Gurvinder Singh",
      "match_played": 2,
      "value": 3,
      "team_id": 31,
      "team": " GFG",
      "team_name": " GFG",
      "rank": "70",
      "position_id": 8,
      "position_name": "Raider",
      "team_full_name": "Gujarat Fortunegiants"
    },
    {
      "player_id": 300,
      "player_name": "Abolfazl Maghsodloumahali",
      "match_played": 6,
      "value": 3,
      "team_id": 31,
      "team": " GFG",
      "team_name": " GFG",
      "rank": "70",
      "position_id": 8,
      "position_name": "Raider",
      "team_full_name": "Gujarat Fortunegiants"
    },
    {
      "player_id": 2504,
      "player_name": "Ashish",
      "match_played": 7,
      "value": 3,
      "team_id": 6,
      "team": " Pat",
      "team_name": " Pat",
      "rank": "70",
      "position_id": 8,
      "position_name": "Raider",
      "team_full_name": "Patna Pirates"
    },
    {
      "player_id": 2507,
      "player_name": "Amit Kumar",
      "match_played": 3,
      "value": 3,
      "team_id": 6,
      "team": " Pat",
      "team_name": " Pat",
      "rank": "70",
      "position_id": 1,
      "position_name": "All Rounder",
      "team_full_name": "Patna Pirates"
    },
    {
      "player_id": 2325,
      "player_name": "Anand",
      "match_played": 5,
      "value": 3,
      "team_id": 29,
      "team": " TT",
      "team_name": " TT",
      "rank": "70",
      "position_id": 8,
      "position_name": "Raider",
      "team_full_name": "Tamil Thalaivas"
    },
    {
      "player_id": 2478,
      "player_name": "Purna Singh",
      "match_played": 5,
      "value": 3,
      "team_id": 6,
      "team": " Pat",
      "team_name": " Pat",
      "rank": "70",
      "position_id": 8,
      "position_name": "Raider",
      "team_full_name": "Patna Pirates"
    },
    {
      "player_id": 2683,
      "player_name": "Palle Mallikarjun",
      "match_played": 3,
      "value": 2,
      "team_id": 8,
      "team": " Hyd",
      "team_name": " Hyd",
      "rank": "78",
      "position_id": 8,
      "position_name": "Raider",
      "team_full_name": "Telugu Titans"
    },
    {
      "player_id": 268,
      "player_name": "Vineet Sharma",
      "match_played": 10,
      "value": 2,
      "team_id": 29,
      "team": " TT",
      "team_name": " TT",
      "rank": "78",
      "position_id": 8,
      "position_name": "Raider",
      "team_full_name": "Tamil Thalaivas"
    },
    {
      "player_id": 324,
      "player_name": "Darshan Kadian",
      "match_played": 5,
      "value": 2,
      "team_id": 7,
      "team": " Pun",
      "team_name": " Pun",
      "rank": "78",
      "position_id": 8,
      "position_name": "Raider",
      "team_full_name": "Puneri Paltan"
    },
    {
      "player_id": 214,
      "player_name": "Amit Kumar",
      "match_played": 9,
      "value": 2,
      "team_id": 8,
      "team": " Hyd",
      "team_name": " Hyd",
      "rank": "78",
      "position_id": 8,
      "position_name": "Raider",
      "team_full_name": "Telugu Titans"
    },
    {
      "player_id": 204,
      "player_name": "Rakesh Narwal",
      "match_played": 1,
      "value": 1,
      "team_id": 4,
      "team": " Kol",
      "team_name": " Kol",
      "rank": "82",
      "position_id": 8,
      "position_name": "Raider",
      "team_full_name": "Bengal Warriors"
    },
    {
      "player_id": 259,
      "player_name": "Fazel Atrachali",
      "match_played": 16,
      "value": 1,
      "team_id": 5,
      "team": " Mum",
      "team_name": " Mum",
      "rank": "82",
      "position_id": 3,
      "position_name": "Defender, left corner",
      "team_full_name": "U Mumba"
    },
    {
      "player_id": 322,
      "player_name": "PO Surjeet Singh",
      "match_played": 18,
      "value": 1,
      "team_id": 7,
      "team": " Pun",
      "team_name": " Pun",
      "rank": "82",
      "position_id": 7,
      "position_name": "Defender, right cover",
      "team_full_name": "Puneri Paltan"
    },
    {
      "player_id": 301,
      "player_name": "Hadi Tajik",
      "match_played": 11,
      "value": 1,
      "team_id": 7,
      "team": " Pun",
      "team_name": " Pun",
      "rank": "82",
      "position_id": 6,
      "position_name": "Defender, right corner",
      "team_full_name": "Puneri Paltan"
    },
    {
      "player_id": 42,
      "player_name": "Dharmaraj Cheralathan",
      "match_played": 15,
      "value": 1,
      "team_id": 28,
      "team": " HS",
      "team_name": " HS",
      "rank": "82",
      "position_id": 10,
      "position_name": "Defender, right and left corner",
      "team_full_name": "Haryana Steelers"
    },
    {
      "player_id": 191,
      "player_name": "C. Arun",
      "match_played": 16,
      "value": 1,
      "team_id": 8,
      "team": " Hyd",
      "team_name": " Hyd",
      "rank": "82",
      "position_id": 4,
      "position_name": "Defender, left cover",
      "team_full_name": "Telugu Titans"
    },
    {
      "player_id": 368,
      "player_name": "Sunil Kumar",
      "match_played": 17,
      "value": 1,
      "team_id": 31,
      "team": " GFG",
      "team_name": " GFG",
      "rank": "82",
      "position_id": 9,
      "position_name": "Defender",
      "team_full_name": "Gujarat Fortunegiants"
    },
    {
      "player_id": 733,
      "player_name": "Surinder Singh",
      "match_played": 16,
      "value": 1,
      "team_id": 5,
      "team": " Mum",
      "team_name": " Mum",
      "rank": "82",
      "position_id": 9,
      "position_name": "Defender",
      "team_full_name": "U Mumba"
    },
    {
      "player_id": 2318,
      "player_name": "Arun Kumar HN",
      "match_played": 2,
      "value": 1,
      "team_id": 28,
      "team": " HS",
      "team_name": " HS",
      "rank": "82",
      "position_id": 8,
      "position_name": "Raider",
      "team_full_name": "Haryana Steelers"
    },
    {
      "player_id": 2306,
      "player_name": "Lalit Chaudhary",
      "match_played": 4,
      "value": 1,
      "team_id": 31,
      "team": " GFG",
      "team_name": " GFG",
      "rank": "82",
      "position_id": 8,
      "position_name": "Raider",
      "team_full_name": "Gujarat Fortunegiants"
    },
    {
      "player_id": 2025,
      "player_name": "Ajinkya Rohidas Kapre",
      "match_played": 2,
      "value": 1,
      "team_id": 5,
      "team": " Mum",
      "team_name": " Mum",
      "rank": "82",
      "position_id": 1,
      "position_name": "All Rounder",
      "team_full_name": "U Mumba"
    },
    {
      "player_id": 2020,
      "player_name": "Amit",
      "match_played": 17,
      "value": 1,
      "team_id": 30,
      "team": " UPY",
      "team_name": " UPY",
      "rank": "82",
      "position_id": 4,
      "position_name": "Defender, left cover",
      "team_full_name": "U.P. Yoddha"
    },
    {
      "player_id": 2669,
      "player_name": "Balram",
      "match_played": 1,
      "value": 1,
      "team_id": 2,
      "team": " Del",
      "team_name": " Del",
      "rank": "82",
      "position_id": 1,
      "position_name": "All Rounder",
      "team_full_name": "Dabang Delhi K.C."
    },
    {
      "player_id": 2670,
      "player_name": "Saurabh Nandal",
      "match_played": 16,
      "value": 1,
      "team_id": 1,
      "team": " Ben",
      "team_name": " Ben",
      "rank": "82",
      "position_id": 3,
      "position_name": "Defender, left corner",
      "team_full_name": "Bengaluru Bulls"
    },
    {
      "player_id": 2479,
      "player_name": "Shubham Shinde",
      "match_played": 13,
      "value": 1,
      "team_id": 7,
      "team": " Pun",
      "team_name": " Pun",
      "rank": "82",
      "position_id": 6,
      "position_name": "Defender, right corner",
      "team_full_name": "Puneri Paltan"
    },
    {
      "player_id": 2330,
      "player_name": "Sumit",
      "match_played": 17,
      "value": 1,
      "team_id": 30,
      "team": " UPY",
      "team_name": " UPY",
      "rank": "82",
      "position_id": 3,
      "position_name": "Defender, left corner",
      "team_full_name": "U.P. Yoddha"
    },
    {
      "player_id": 2376,
      "player_name": "Emad Sedaghatnia",
      "match_played": 1,
      "value": 1,
      "team_id": 7,
      "team": " Pun",
      "team_name": " Pun",
      "rank": "82",
      "position_id": 8,
      "position_name": "Raider",
      "team_full_name": "Puneri Paltan"
    },
    {
      "player_id": 2474,
      "player_name": "Aman Kadian",
      "match_played": 2,
      "value": 1,
      "team_id": 2,
      "team": " Del",
      "team_name": " Del",
      "rank": "82",
      "position_id": 8,
      "position_name": "Raider",
      "team_full_name": "Dabang Delhi K.C."
    },
    {
      "player_id": 2514,
      "player_name": "Chand Singh",
      "match_played": 6,
      "value": 1,
      "team_id": 28,
      "team": " HS",
      "team_name": " HS",
      "rank": "82",
      "position_id": 3,
      "position_name": "Defender, left corner",
      "team_full_name": "Haryana Steelers"
    },
    {
      "player_id": 2515,
      "player_name": "Vikas Chhillar",
      "match_played": 1,
      "value": 1,
      "team_id": 28,
      "team": " HS",
      "team_name": " HS",
      "rank": "82",
      "position_id": 8,
      "position_name": "Raider",
      "team_full_name": "Haryana Steelers"
    }
  ],
  "language_lookup": {
    "stat": "Stat",
    "stat_id": "Stat Id",
    "minimum_criteria": "Minimum Criteria",
    "team_id": "Team Id",
    "team_name": "Team Name",
    "player_id": "Player Id",
    "player_name": "Player Name",
    "value": "Value",
    "match_played": "Match Played",
    "team": "Team",
    "tackles": "Tackles"
  }
}