{
  "stat": "Player DOD Raid Points",
  "stat_id": "132",
  "minimum_criteria": "More than 0 DOD Raid Points",
  "data": [
    {
      "player_id": 197,
      "player": "Pardeep Narwal",
      "player_name": "Pardeep Narwal",
      "team_id": 6,
      "team_name": " Pat",
      "match_played": 17,
      "value": 38,
      "rank": "1",
      "position_id": 8,
      "position_name": "Raider",
      "team_full_name": "Patna Pirates"
    },
    {
      "player_id": 366,
      "player": "Vikash Kandola",
      "player_name": "Vikash Kandola",
      "team_id": 28,
      "team_name": " HS",
      "match_played": 13,
      "value": 27,
      "rank": "2",
      "position_id": 8,
      "position_name": "Raider",
      "team_full_name": "Haryana Steelers"
    },
    {
      "player_id": 2296,
      "player": "Naveen Kumar",
      "player_name": "Naveen Kumar",
      "team_id": 2,
      "team_name": " Del",
      "match_played": 16,
      "value": 27,
      "rank": "2",
      "position_id": 8,
      "position_name": "Raider",
      "team_full_name": "Dabang Delhi K.C."
    },
    {
      "player_id": 2661,
      "player": "Pankaj Mohite",
      "player_name": "Pankaj Mohite",
      "team_id": 7,
      "team_name": " Pun",
      "match_played": 15,
      "value": 24,
      "rank": "4",
      "position_id": 8,
      "position_name": "Raider",
      "team_full_name": "Puneri Paltan"
    },
    {
      "player_id": 143,
      "player": "Maninder Singh",
      "player_name": "Maninder Singh",
      "team_id": 4,
      "team_name": " Kol",
      "match_played": 17,
      "value": 24,
      "rank": "4",
      "position_id": 8,
      "position_name": "Raider",
      "team_full_name": "Bengal Warriors"
    },
    {
      "player_id": 81,
      "player": "Rahul Chaudhari",
      "player_name": "Rahul Chaudhari",
      "team_id": 29,
      "team_name": " TT",
      "match_played": 18,
      "value": 24,
      "rank": "4",
      "position_id": 8,
      "position_name": "Raider",
      "team_full_name": "Tamil Thalaivas"
    },
    {
      "player_id": 106,
      "player": "Shrikant Jadhav",
      "player_name": "Shrikant Jadhav",
      "team_id": 30,
      "team_name": " UPY",
      "match_played": 17,
      "value": 24,
      "rank": "4",
      "position_id": 8,
      "position_name": "Raider",
      "team_full_name": "U.P. Yoddha"
    },
    {
      "player_id": 2028,
      "player": "Abhishek Singh",
      "player_name": "Abhishek Singh",
      "team_id": 5,
      "team_name": " Mum",
      "match_played": 14,
      "value": 23,
      "rank": "8",
      "position_id": 8,
      "position_name": "Raider",
      "team_full_name": "U Mumba"
    },
    {
      "player_id": 757,
      "player": "Sachin Tanwar",
      "player_name": "Sachin Tanwar",
      "team_id": 31,
      "team_name": " GFG",
      "match_played": 15,
      "value": 23,
      "rank": "8",
      "position_id": 8,
      "position_name": "Raider",
      "team_full_name": "Gujarat Fortunegiants"
    },
    {
      "player_id": 41,
      "player": "Deepak Niwas Hooda",
      "player_name": "Deepak Niwas Hooda",
      "team_id": 3,
      "team_name": " Jai",
      "match_played": 17,
      "value": 23,
      "rank": "8",
      "position_id": 1,
      "position_name": "All Rounder",
      "team_full_name": "Jaipur Pink Panthers"
    },
    {
      "player_id": 2286,
      "player": "Surender Gill",
      "player_name": "Surender Gill",
      "team_id": 30,
      "team_name": " UPY",
      "match_played": 14,
      "value": 20,
      "rank": "11",
      "position_id": 8,
      "position_name": "Raider",
      "team_full_name": "U.P. Yoddha"
    },
    {
      "player_id": 763,
      "player": "Manjeet",
      "player_name": "Manjeet",
      "team_id": 7,
      "team_name": " Pun",
      "match_played": 18,
      "value": 17,
      "rank": "12",
      "position_id": 8,
      "position_name": "Raider",
      "team_full_name": "Puneri Paltan"
    },
    {
      "player_id": 2026,
      "player": "Siddharth Sirish Desai",
      "player_name": "Siddharth Sirish Desai",
      "team_id": 8,
      "team_name": " Hyd",
      "match_played": 16,
      "value": 15,
      "rank": "13",
      "position_id": 8,
      "position_name": "Raider",
      "team_full_name": "Telugu Titans"
    },
    {
      "player_id": 318,
      "player": "Pawan Kumar Sehrawat",
      "player_name": "Pawan Kumar Sehrawat",
      "team_id": 1,
      "team_name": " Ben",
      "match_played": 17,
      "value": 13,
      "rank": "14",
      "position_id": 8,
      "position_name": "Raider",
      "team_full_name": "Bengaluru Bulls"
    },
    {
      "player_id": 326,
      "player": "Rohit Kumar",
      "player_name": "Rohit Kumar",
      "team_id": 1,
      "team_name": " Ben",
      "match_played": 17,
      "value": 11,
      "rank": "15",
      "position_id": 8,
      "position_name": "Raider",
      "team_full_name": "Bengaluru Bulls"
    },
    {
      "player_id": 2024,
      "player": "Arjun Deshwal",
      "player_name": "Arjun Deshwal",
      "team_id": 5,
      "team_name": " Mum",
      "match_played": 15,
      "value": 11,
      "rank": "15",
      "position_id": 8,
      "position_name": "Raider",
      "team_full_name": "U Mumba"
    },
    {
      "player_id": 686,
      "player": "Rohit Gulia",
      "player_name": "Rohit Gulia",
      "team_id": 31,
      "team_name": " GFG",
      "match_played": 17,
      "value": 11,
      "rank": "15",
      "position_id": 1,
      "position_name": "All Rounder",
      "team_full_name": "Gujarat Fortunegiants"
    },
    {
      "player_id": 2488,
      "player": "Vinay",
      "player_name": "Vinay",
      "team_id": 28,
      "team_name": " HS",
      "match_played": 16,
      "value": 11,
      "rank": "15",
      "position_id": 8,
      "position_name": "Raider",
      "team_full_name": "Haryana Steelers"
    },
    {
      "player_id": 2357,
      "player": "Naveen",
      "player_name": "Naveen",
      "team_id": 28,
      "team_name": " HS",
      "match_played": 13,
      "value": 10,
      "rank": "19",
      "position_id": 8,
      "position_name": "Raider",
      "team_full_name": "Haryana Steelers"
    },
    {
      "player_id": 772,
      "player": "More GB",
      "player_name": "More GB",
      "team_id": 31,
      "team_name": " GFG",
      "match_played": 15,
      "value": 10,
      "rank": "19",
      "position_id": 8,
      "position_name": "Raider",
      "team_full_name": "Gujarat Fortunegiants"
    },
    {
      "player_id": 376,
      "player": "Athul MS",
      "player_name": "Athul MS",
      "team_id": 5,
      "team_name": " Mum",
      "match_played": 12,
      "value": 10,
      "rank": "19",
      "position_id": 8,
      "position_name": "Raider",
      "team_full_name": "U Mumba"
    },
    {
      "player_id": 111,
      "player": "Sukesh Hegde",
      "player_name": "Sukesh Hegde",
      "team_id": 4,
      "team_name": " Kol",
      "match_played": 10,
      "value": 10,
      "rank": "19",
      "position_id": 8,
      "position_name": "Raider",
      "team_full_name": "Bengal Warriors"
    },
    {
      "player_id": 211,
      "player": "Deepak Narwal",
      "player_name": "Deepak Narwal",
      "team_id": 3,
      "team_name": " Jai",
      "match_played": 14,
      "value": 10,
      "rank": "19",
      "position_id": 8,
      "position_name": "Raider",
      "team_full_name": "Jaipur Pink Panthers"
    },
    {
      "player_id": 219,
      "player": "K. Prapanjan",
      "player_name": "K. Prapanjan",
      "team_id": 4,
      "team_name": " Kol",
      "match_played": 17,
      "value": 10,
      "rank": "19",
      "position_id": 8,
      "position_name": "Raider",
      "team_full_name": "Bengal Warriors"
    },
    {
      "player_id": 12,
      "player": "Jang Kun Lee",
      "player_name": "Jang Kun Lee",
      "team_id": 6,
      "team_name": " Pat",
      "match_played": 11,
      "value": 9,
      "rank": "25",
      "position_id": 8,
      "position_name": "Raider",
      "team_full_name": "Patna Pirates"
    },
    {
      "player_id": 26,
      "player": "Ajay Thakur",
      "player_name": "Ajay Thakur",
      "team_id": 29,
      "team_name": " TT",
      "match_played": 13,
      "value": 8,
      "rank": "26",
      "position_id": 8,
      "position_name": "Raider",
      "team_full_name": "Tamil Thalaivas"
    },
    {
      "player_id": 791,
      "player": "Nitin Rawal",
      "player_name": "Nitin Rawal",
      "team_id": 3,
      "team_name": " Jai",
      "match_played": 13,
      "value": 8,
      "rank": "26",
      "position_id": 1,
      "position_name": "All Rounder",
      "team_full_name": "Jaipur Pink Panthers"
    },
    {
      "player_id": 2290,
      "player": "Rajnish",
      "player_name": "Rajnish",
      "team_id": 8,
      "team_name": " Hyd",
      "match_played": 8,
      "value": 8,
      "rank": "26",
      "position_id": 8,
      "position_name": "Raider",
      "team_full_name": "Telugu Titans"
    },
    {
      "player_id": 2291,
      "player": "Amit Kumar",
      "player_name": "Amit Kumar",
      "team_id": 7,
      "team_name": " Pun",
      "match_played": 12,
      "value": 8,
      "rank": "26",
      "position_id": 8,
      "position_name": "Raider",
      "team_full_name": "Puneri Paltan"
    },
    {
      "player_id": 2475,
      "player": "Ajinkya Ashok Pawar",
      "player_name": "Ajinkya Ashok Pawar",
      "team_id": 3,
      "team_name": " Jai",
      "match_played": 14,
      "value": 8,
      "rank": "26",
      "position_id": 8,
      "position_name": "Raider",
      "team_full_name": "Jaipur Pink Panthers"
    },
    {
      "player_id": 2498,
      "player": "Sushil Gulia",
      "player_name": "Sushil Gulia",
      "team_id": 3,
      "team_name": " Jai",
      "match_played": 7,
      "value": 8,
      "rank": "26",
      "position_id": 8,
      "position_name": "Raider",
      "team_full_name": "Jaipur Pink Panthers"
    },
    {
      "player_id": 2508,
      "player": "V. Ajith Kumar",
      "player_name": "V. Ajith Kumar",
      "team_id": 29,
      "team_name": " TT",
      "match_played": 15,
      "value": 8,
      "rank": "26",
      "position_id": 8,
      "position_name": "Raider",
      "team_full_name": "Tamil Thalaivas"
    },
    {
      "player_id": 36,
      "player": "Chandran Ranjit",
      "player_name": "Chandran Ranjit",
      "team_id": 2,
      "team_name": " Del",
      "match_played": 15,
      "value": 7,
      "rank": "33",
      "position_id": 8,
      "position_name": "Raider",
      "team_full_name": "Dabang Delhi K.C."
    },
    {
      "player_id": 484,
      "player": "Mohammad Esmaeil Nabibakhsh",
      "player_name": "Mohammad Esmaeil Nabibakhsh",
      "team_id": 4,
      "team_name": " Kol",
      "match_played": 17,
      "value": 7,
      "rank": "33",
      "position_id": 1,
      "position_name": "All Rounder",
      "team_full_name": "Bengal Warriors"
    },
    {
      "player_id": 363,
      "player": "Sumit Singh",
      "player_name": "Sumit Singh",
      "team_id": 1,
      "team_name": " Ben",
      "match_played": 13,
      "value": 7,
      "rank": "33",
      "position_id": 8,
      "position_name": "Raider",
      "team_full_name": "Bengaluru Bulls"
    },
    {
      "player_id": 261,
      "player": "Rohit Baliyan",
      "player_name": "Rohit Baliyan",
      "team_id": 5,
      "team_name": " Mum",
      "match_played": 13,
      "value": 7,
      "rank": "33",
      "position_id": 8,
      "position_name": "Raider",
      "team_full_name": "U Mumba"
    },
    {
      "player_id": 293,
      "player": "Nilesh Salunke",
      "player_name": "Nilesh Salunke",
      "team_id": 3,
      "team_name": " Jai",
      "match_played": 14,
      "value": 7,
      "rank": "33",
      "position_id": 8,
      "position_name": "Raider",
      "team_full_name": "Jaipur Pink Panthers"
    },
    {
      "player_id": 571,
      "player": "Mohammad Esmaeil Maghsoudlou Mahalli",
      "player_name": "Mohammad Esmaeil Maghsoudlou Mahalli",
      "team_id": 6,
      "team_name": " Pat",
      "match_played": 16,
      "value": 6,
      "rank": "38",
      "position_id": 8,
      "position_name": "Raider",
      "team_full_name": "Patna Pirates"
    },
    {
      "player_id": 94,
      "player": "Rishank Devadiga",
      "player_name": "Rishank Devadiga",
      "team_id": 30,
      "team_name": " UPY",
      "match_played": 13,
      "value": 6,
      "rank": "38",
      "position_id": 8,
      "position_name": "Raider",
      "team_full_name": "U.P. Yoddha"
    },
    {
      "player_id": 121,
      "player": "Vikas Jaglan",
      "player_name": "Vikas Jaglan",
      "team_id": 6,
      "team_name": " Pat",
      "match_played": 17,
      "value": 6,
      "rank": "38",
      "position_id": 1,
      "position_name": "All Rounder",
      "team_full_name": "Patna Pirates"
    },
    {
      "player_id": 105,
      "player": "Shabeer Bappu",
      "player_name": "Shabeer Bappu",
      "team_id": 29,
      "team_name": " TT",
      "match_played": 14,
      "value": 5,
      "rank": "41",
      "position_id": 8,
      "position_name": "Raider",
      "team_full_name": "Tamil Thalaivas"
    },
    {
      "player_id": 234,
      "player": "Surender Singh",
      "player_name": "Surender Singh",
      "team_id": 30,
      "team_name": " UPY",
      "match_played": 4,
      "value": 5,
      "rank": "41",
      "position_id": 8,
      "position_name": "Raider",
      "team_full_name": "U.P. Yoddha"
    },
    {
      "player_id": 155,
      "player": "Prashanth Kumar Rai",
      "player_name": "Prashanth Kumar Rai",
      "team_id": 28,
      "team_name": " HS",
      "match_played": 10,
      "value": 5,
      "rank": "41",
      "position_id": 8,
      "position_name": "Raider",
      "team_full_name": "Haryana Steelers"
    },
    {
      "player_id": 156,
      "player": "Pawan Kumar Kadian",
      "player_name": "Pawan Kumar Kadian",
      "team_id": 7,
      "team_name": " Pun",
      "match_played": 6,
      "value": 5,
      "rank": "41",
      "position_id": 8,
      "position_name": "Raider",
      "team_full_name": "Puneri Paltan"
    },
    {
      "player_id": 388,
      "player": "Monu Goyat",
      "player_name": "Monu Goyat",
      "team_id": 30,
      "team_name": " UPY",
      "match_played": 9,
      "value": 5,
      "rank": "41",
      "position_id": 8,
      "position_name": "Raider",
      "team_full_name": "U.P. Yoddha"
    },
    {
      "player_id": 522,
      "player": "Dong Geon Lee",
      "player_name": "Dong Geon Lee",
      "team_id": 5,
      "team_name": " Mum",
      "match_played": 4,
      "value": 4,
      "rank": "46",
      "position_id": 8,
      "position_name": "Raider",
      "team_full_name": "U Mumba"
    },
    {
      "player_id": 251,
      "player": "Meraj Sheykh",
      "player_name": "Meraj Sheykh",
      "team_id": 2,
      "team_name": " Del",
      "match_played": 12,
      "value": 4,
      "rank": "46",
      "position_id": 1,
      "position_name": "All Rounder",
      "team_full_name": "Dabang Delhi K.C."
    },
    {
      "player_id": 2485,
      "player": "Sonu Jaglan",
      "player_name": "Sonu Jaglan",
      "team_id": 31,
      "team_name": " GFG",
      "match_played": 12,
      "value": 4,
      "rank": "46",
      "position_id": 8,
      "position_name": "Raider",
      "team_full_name": "Gujarat Fortunegiants"
    },
    {
      "player_id": 2682,
      "player": "Amit Kumar",
      "player_name": "Amit Kumar",
      "team_id": 7,
      "team_name": " Pun",
      "match_played": 5,
      "value": 4,
      "rank": "46",
      "position_id": 1,
      "position_name": "All Rounder",
      "team_full_name": "Puneri Paltan"
    },
    {
      "player_id": 2502,
      "player": "Mohit Sehrawat",
      "player_name": "Mohit Sehrawat",
      "team_id": 1,
      "team_name": " Ben",
      "match_played": 11,
      "value": 3,
      "rank": "50",
      "position_id": 7,
      "position_name": "Defender, right cover",
      "team_full_name": "Bengaluru Bulls"
    },
    {
      "player_id": 2494,
      "player": "Sachin Narwal",
      "player_name": "Sachin Narwal",
      "team_id": 3,
      "team_name": " Jai",
      "match_played": 11,
      "value": 3,
      "rank": "50",
      "position_id": 1,
      "position_name": "All Rounder",
      "team_full_name": "Jaipur Pink Panthers"
    },
    {
      "player_id": 2325,
      "player": "Anand",
      "player_name": "Anand",
      "team_id": 29,
      "team_name": " TT",
      "match_played": 5,
      "value": 3,
      "rank": "50",
      "position_id": 8,
      "position_name": "Raider",
      "team_full_name": "Tamil Thalaivas"
    },
    {
      "player_id": 115,
      "player": "Suraj Desai",
      "player_name": "Suraj Desai",
      "team_id": 8,
      "team_name": " Hyd",
      "match_played": 12,
      "value": 3,
      "rank": "50",
      "position_id": 8,
      "position_name": "Raider",
      "team_full_name": "Telugu Titans"
    },
    {
      "player_id": 482,
      "player": "Farhad Rahimi Milaghardan",
      "player_name": "Farhad Rahimi Milaghardan",
      "team_id": 8,
      "team_name": " Hyd",
      "match_played": 16,
      "value": 3,
      "rank": "50",
      "position_id": 1,
      "position_name": "All Rounder",
      "team_full_name": "Telugu Titans"
    },
    {
      "player_id": 567,
      "player": "Mohsen Maghsoudloujafari",
      "player_name": "Mohsen Maghsoudloujafari",
      "team_id": 30,
      "team_name": " UPY",
      "match_played": 10,
      "value": 2,
      "rank": "55",
      "position_id": 1,
      "position_name": "All Rounder",
      "team_full_name": "U.P. Yoddha"
    },
    {
      "player_id": 684,
      "player": "Rakesh Gowda",
      "player_name": "Rakesh Gowda",
      "team_id": 8,
      "team_name": " Hyd",
      "match_played": 7,
      "value": 2,
      "rank": "55",
      "position_id": 8,
      "position_name": "Raider",
      "team_full_name": "Telugu Titans"
    },
    {
      "player_id": 268,
      "player": "Vineet Sharma",
      "player_name": "Vineet Sharma",
      "team_id": 29,
      "team_name": " TT",
      "match_played": 10,
      "value": 2,
      "rank": "55",
      "position_id": 8,
      "position_name": "Raider",
      "team_full_name": "Tamil Thalaivas"
    },
    {
      "player_id": 142,
      "player": "Sandeep Narwal",
      "player_name": "Sandeep Narwal",
      "team_id": 5,
      "team_name": " Mum",
      "match_played": 16,
      "value": 2,
      "rank": "55",
      "position_id": 1,
      "position_name": "All Rounder",
      "team_full_name": "U Mumba"
    },
    {
      "player_id": 214,
      "player": "Amit Kumar",
      "player_name": "Amit Kumar",
      "team_id": 8,
      "team_name": " Hyd",
      "match_played": 9,
      "value": 2,
      "rank": "55",
      "position_id": 8,
      "position_name": "Raider",
      "team_full_name": "Telugu Titans"
    },
    {
      "player_id": 2298,
      "player": "Armaan",
      "player_name": "Armaan",
      "team_id": 8,
      "team_name": " Hyd",
      "match_played": 6,
      "value": 2,
      "rank": "55",
      "position_id": 1,
      "position_name": "All Rounder",
      "team_full_name": "Telugu Titans"
    },
    {
      "player_id": 2321,
      "player": "Ankush",
      "player_name": "Ankush",
      "team_id": 30,
      "team_name": " UPY",
      "match_played": 3,
      "value": 2,
      "rank": "55",
      "position_id": 8,
      "position_name": "Raider",
      "team_full_name": "U.P. Yoddha"
    },
    {
      "player_id": 795,
      "player": "Monu",
      "player_name": "Monu",
      "team_id": 6,
      "team_name": " Pat",
      "match_played": 17,
      "value": 2,
      "rank": "55",
      "position_id": 8,
      "position_name": "Raider",
      "team_full_name": "Patna Pirates"
    },
    {
      "player_id": 2669,
      "player": "Balram",
      "player_name": "Balram",
      "team_id": 2,
      "team_name": " Del",
      "match_played": 1,
      "value": 2,
      "rank": "55",
      "position_id": 1,
      "position_name": "All Rounder",
      "team_full_name": "Dabang Delhi K.C."
    },
    {
      "player_id": 2660,
      "player": "Sushant Sail",
      "player_name": "Sushant Sail",
      "team_id": 7,
      "team_name": " Pun",
      "match_played": 7,
      "value": 1,
      "rank": "64",
      "position_id": 8,
      "position_name": "Raider",
      "team_full_name": "Puneri Paltan"
    },
    {
      "player_id": 2478,
      "player": "Purna Singh",
      "player_name": "Purna Singh",
      "team_id": 6,
      "team_name": " Pat",
      "match_played": 5,
      "value": 1,
      "rank": "64",
      "position_id": 8,
      "position_name": "Raider",
      "team_full_name": "Patna Pirates"
    },
    {
      "player_id": 2503,
      "player": "Banty",
      "player_name": "Banty",
      "team_id": 1,
      "team_name": " Ben",
      "match_played": 9,
      "value": 1,
      "rank": "64",
      "position_id": 8,
      "position_name": "Raider",
      "team_full_name": "Bengaluru Bulls"
    },
    {
      "player_id": 2504,
      "player": "Ashish",
      "player_name": "Ashish",
      "team_id": 6,
      "team_name": " Pat",
      "match_played": 7,
      "value": 1,
      "rank": "64",
      "position_id": 8,
      "position_name": "Raider",
      "team_full_name": "Patna Pirates"
    },
    {
      "player_id": 745,
      "player": "Vijay",
      "player_name": "Vijay",
      "team_id": 2,
      "team_name": " Del",
      "match_played": 15,
      "value": 1,
      "rank": "64",
      "position_id": 1,
      "position_name": "All Rounder",
      "team_full_name": "Dabang Delhi K.C."
    },
    {
      "player_id": 160,
      "player": "Ran Singh",
      "player_name": "Ran Singh",
      "team_id": 29,
      "team_name": " TT",
      "match_played": 17,
      "value": 1,
      "rank": "64",
      "position_id": 1,
      "position_name": "All Rounder",
      "team_full_name": "Tamil Thalaivas"
    },
    {
      "player_id": 300,
      "player": "Abolfazl Maghsodloumahali",
      "player_name": "Abolfazl Maghsodloumahali",
      "team_id": 31,
      "team_name": " GFG",
      "match_played": 6,
      "value": 1,
      "rank": "64",
      "position_id": 8,
      "position_name": "Raider",
      "team_full_name": "Gujarat Fortunegiants"
    },
    {
      "player_id": 324,
      "player": "Darshan Kadian",
      "player_name": "Darshan Kadian",
      "team_id": 7,
      "team_name": " Pun",
      "match_played": 5,
      "value": 1,
      "rank": "64",
      "position_id": 8,
      "position_name": "Raider",
      "team_full_name": "Puneri Paltan"
    },
    {
      "player_id": 368,
      "player": "Sunil Kumar",
      "player_name": "Sunil Kumar",
      "team_id": 31,
      "team_name": " GFG",
      "match_played": 17,
      "value": 1,
      "rank": "64",
      "position_id": 9,
      "position_name": "Defender",
      "team_full_name": "Gujarat Fortunegiants"
    }
  ],
  "language_lookup": {
    "stat": "Stat",
    "stat_id": "Stat Id",
    "minimum_criteria": "Minimum Criteria",
    "team_id": "Team Id",
    "team_name": "Team Name",
    "player_id": "Player Id",
    "player_name": "Player Name",
    "value": "Value",
    "match_played": "Match Played",
    "team": "Team",
    "tackles": "Tackles"
  }
}