{
  "stat": "Player DOD Raid Points",
  "stat_id": "132",
  "minimum_criteria": "More than 0 DOD Raid Points",
  "data": [
    {
      "player_id": 41,
      "player": "Deepak Niwas Hooda",
      "player_name": "Deepak Niwas Hooda",
      "team_id": 7,
      "team_name": " Pun",
      "match_played": 24,
      "value": 47,
      "rank": "1",
      "position_id": 1,
      "position_name": "All Rounder"
    },
    {
      "player_id": 388,
      "player": "Monu Goyat",
      "player_name": "Monu Goyat",
      "team_id": 6,
      "team_name": " Pat",
      "match_played": 26,
      "value": 45,
      "rank": "2",
      "position_id": 8,
      "position_name": "Raider"
    },
    {
      "player_id": 85,
      "player": "Rajesh Mondal",
      "player_name": "Rajesh Mondal",
      "team_id": 7,
      "team_name": " Pun",
      "match_played": 24,
      "value": 40,
      "rank": "3",
      "position_id": 8,
      "position_name": "Raider"
    },
    {
      "player_id": 389,
      "player": "Ajay Kumar",
      "player_name": "Ajay Kumar",
      "team_id": 1,
      "team_name": " Ben",
      "match_played": 22,
      "value": 39,
      "rank": "4",
      "position_id": 8,
      "position_name": "Raider"
    },
    {
      "player_id": 174,
      "player": "Deepak Kumar Dahiya",
      "player_name": "Deepak Kumar Dahiya",
      "team_id": 28,
      "team_name": " HS",
      "match_played": 16,
      "value": 38,
      "rank": "5",
      "position_id": 8,
      "position_name": "Raider"
    },
    {
      "player_id": 757,
      "player": "Sachin",
      "player_name": "Sachin",
      "team_id": 31,
      "team_name": " GFG",
      "match_played": 24,
      "value": 37,
      "rank": "6",
      "position_id": 8,
      "position_name": "Raider"
    },
    {
      "player_id": 326,
      "player": "Rohit Kumar",
      "player_name": "Rohit Kumar",
      "team_id": 1,
      "team_name": " Ben",
      "match_played": 22,
      "value": 36,
      "rank": "7",
      "position_id": 8,
      "position_name": "Raider"
    },
    {
      "player_id": 219,
      "player": "K. Prapanjan",
      "player_name": "K. Prapanjan",
      "team_id": 29,
      "team_name": " TT",
      "match_played": 22,
      "value": 34,
      "rank": "8",
      "position_id": 8,
      "position_name": "Raider"
    },
    {
      "player_id": 94,
      "player": "Rishank Devadiga",
      "player_name": "Rishank Devadiga",
      "team_id": 30,
      "team_name": " UPY",
      "match_played": 21,
      "value": 32,
      "rank": "9",
      "position_id": 8,
      "position_name": "Raider"
    },
    {
      "player_id": 251,
      "player": "Meraj Sheykh",
      "player_name": "Meraj Sheykh",
      "team_id": 2,
      "team_name": " Del",
      "match_played": 20,
      "value": 31,
      "rank": "10",
      "position_id": 1,
      "position_name": "All Rounder"
    },
    {
      "player_id": 26,
      "player": "Ajay Thakur",
      "player_name": "Ajay Thakur",
      "team_id": 29,
      "team_name": " TT",
      "match_played": 22,
      "value": 30,
      "rank": "11",
      "position_id": 8,
      "position_name": "Raider"
    },
    {
      "player_id": 197,
      "player": "Pardeep Narwal",
      "player_name": "Pardeep Narwal",
      "team_id": 6,
      "team_name": " Pat",
      "match_played": 26,
      "value": 29,
      "rank": "12",
      "position_id": 8,
      "position_name": "Raider"
    },
    {
      "player_id": 81,
      "player": "Rahul Chaudhari",
      "player_name": "Rahul Chaudhari",
      "team_id": 8,
      "team_name": " Hyd",
      "match_played": 22,
      "value": 28,
      "rank": "13",
      "position_id": 8,
      "position_name": "Raider"
    },
    {
      "player_id": 58,
      "player": "Kashiling Adake",
      "player_name": "Kashiling Adake",
      "team_id": 5,
      "team_name": " Ben, Mum",
      "match_played": 20,
      "value": 27,
      "rank": "14",
      "position_id": 8,
      "position_name": "Raider"
    },
    {
      "player_id": 156,
      "player": "Pawan Kumar Kadian",
      "player_name": "Pawan Kumar Kadian",
      "team_id": 3,
      "team_name": " Jai",
      "match_played": 21,
      "value": 27,
      "rank": "14",
      "position_id": 8,
      "position_name": "Raider"
    },
    {
      "player_id": 124,
      "player": "Wazir Singh",
      "player_name": "Wazir Singh",
      "team_id": 28,
      "team_name": " HS",
      "match_played": 21,
      "value": 27,
      "rank": "14",
      "position_id": 8,
      "position_name": "Raider"
    },
    {
      "player_id": 300,
      "player": "Abolfazl Maghsodloumahali",
      "player_name": "Abolfazl Maghsodloumahali",
      "team_id": 2,
      "team_name": " Del",
      "match_played": 19,
      "value": 26,
      "rank": "17",
      "position_id": 8,
      "position_name": "Raider"
    },
    {
      "player_id": 211,
      "player": "Deepak Narwal",
      "player_name": "Deepak Narwal",
      "team_id": 4,
      "team_name": " Kol",
      "match_played": 16,
      "value": 25,
      "rank": "18",
      "position_id": 8,
      "position_name": "Raider"
    },
    {
      "player_id": 320,
      "player": "Nitin Tomar",
      "player_name": "Nitin Tomar",
      "team_id": 30,
      "team_name": " UPY",
      "match_played": 20,
      "value": 23,
      "rank": "19",
      "position_id": 8,
      "position_name": "Raider"
    },
    {
      "player_id": 293,
      "player": "Nilesh Salunke",
      "player_name": "Nilesh Salunke",
      "team_id": 8,
      "team_name": " Hyd",
      "match_played": 21,
      "value": 22,
      "rank": "20",
      "position_id": 8,
      "position_name": "Raider"
    },
    {
      "player_id": 143,
      "player": "Maninder Singh",
      "player_name": "Maninder Singh",
      "team_id": 4,
      "team_name": " Kol",
      "match_played": 21,
      "value": 22,
      "rank": "20",
      "position_id": 8,
      "position_name": "Raider"
    },
    {
      "player_id": 106,
      "player": "Shrikant Jadhav",
      "player_name": "Shrikant Jadhav",
      "team_id": 5,
      "team_name": " Mum",
      "match_played": 19,
      "value": 22,
      "rank": "20",
      "position_id": 8,
      "position_name": "Raider"
    },
    {
      "player_id": 567,
      "player": "Mohsen Maghsoudloujafari",
      "player_name": "Mohsen Maghsoudloujafari",
      "team_id": 8,
      "team_name": " Hyd",
      "match_played": 16,
      "value": 21,
      "rank": "23",
      "position_id": 8,
      "position_name": "Raider"
    },
    {
      "player_id": 791,
      "player": "Nitin Rawal",
      "player_name": "Nitin Rawal",
      "team_id": 3,
      "team_name": " Jai",
      "match_played": 21,
      "value": 21,
      "rank": "23",
      "position_id": 9,
      "position_name": "Defender"
    },
    {
      "player_id": 234,
      "player": "Surender Singh",
      "player_name": "Surender Singh",
      "team_id": 30,
      "team_name": " UPY",
      "match_played": 18,
      "value": 19,
      "rank": "25",
      "position_id": 8,
      "position_name": "Raider"
    },
    {
      "player_id": 387,
      "player": "Vinod Kumar",
      "player_name": "Vinod Kumar",
      "team_id": 4,
      "team_name": " Kol",
      "match_played": 19,
      "value": 18,
      "rank": "26",
      "position_id": 8,
      "position_name": "Raider"
    },
    {
      "player_id": 111,
      "player": "Sukesh Hegde",
      "player_name": "Sukesh Hegde",
      "team_id": 31,
      "team_name": " GFG",
      "match_played": 18,
      "value": 17,
      "rank": "27",
      "position_id": 8,
      "position_name": "Raider"
    },
    {
      "player_id": 366,
      "player": "Vikash Khandola",
      "player_name": "Vikash Khandola",
      "team_id": 28,
      "team_name": " HS",
      "match_played": 9,
      "value": 16,
      "rank": "28",
      "position_id": 8,
      "position_name": "Raider"
    },
    {
      "player_id": 718,
      "player": "R. Sriram",
      "player_name": "R. Sriram",
      "team_id": 2,
      "team_name": " Del",
      "match_played": 11,
      "value": 16,
      "rank": "28",
      "position_id": 8,
      "position_name": "Raider"
    },
    {
      "player_id": 163,
      "player": "Mahendra Ganesh Rajput",
      "player_name": "Mahendra Ganesh Rajput",
      "team_id": 31,
      "team_name": " GFG",
      "match_played": 17,
      "value": 15,
      "rank": "30",
      "position_id": 8,
      "position_name": "Raider"
    },
    {
      "player_id": 52,
      "player": "Jasvir Singh",
      "player_name": "Jasvir Singh",
      "team_id": 3,
      "team_name": " Jai",
      "match_played": 15,
      "value": 14,
      "rank": "31",
      "position_id": 8,
      "position_name": "Raider"
    },
    {
      "player_id": 36,
      "player": "Chandran Ranjit",
      "player_name": "Chandran Ranjit",
      "team_id": 31,
      "team_name": " GFG",
      "match_played": 11,
      "value": 13,
      "rank": "32",
      "position_id": 8,
      "position_name": "Raider"
    },
    {
      "player_id": 155,
      "player": "Prashanth Kumar Rai",
      "player_name": "Prashanth Kumar Rai",
      "team_id": 28,
      "team_name": " HS",
      "match_played": 16,
      "value": 13,
      "rank": "32",
      "position_id": 8,
      "position_name": "Raider"
    },
    {
      "player_id": 522,
      "player": "Dong Geon Lee",
      "player_name": "Dong Geon Lee",
      "team_id": 29,
      "team_name": " TT",
      "match_played": 17,
      "value": 13,
      "rank": "32",
      "position_id": 8,
      "position_name": "Raider"
    },
    {
      "player_id": 242,
      "player": "Tushar Patil",
      "player_name": "Tushar Patil",
      "team_id": 3,
      "team_name": " Jai",
      "match_played": 17,
      "value": 13,
      "rank": "32",
      "position_id": 8,
      "position_name": "Raider"
    },
    {
      "player_id": 764,
      "player": "Vinod Kumar",
      "player_name": "Vinod Kumar",
      "team_id": 6,
      "team_name": " Pat",
      "match_played": 21,
      "value": 13,
      "rank": "32",
      "position_id": 8,
      "position_name": "Raider"
    },
    {
      "player_id": 686,
      "player": "Rohit Gulia",
      "player_name": "Rohit Gulia",
      "team_id": 31,
      "team_name": " GFG",
      "match_played": 19,
      "value": 12,
      "rank": "37",
      "position_id": 1,
      "position_name": "All Rounder"
    },
    {
      "player_id": 324,
      "player": "Darshan Kadian",
      "player_name": "Darshan Kadian",
      "team_id": 5,
      "team_name": " Mum",
      "match_played": 16,
      "value": 10,
      "rank": "38",
      "position_id": 8,
      "position_name": "Raider"
    },
    {
      "player_id": 105,
      "player": "Shabeer Bappu",
      "player_name": "Shabeer Bappu",
      "team_id": 5,
      "team_name": " Mum",
      "match_played": 12,
      "value": 9,
      "rank": "39",
      "position_id": 8,
      "position_name": "Raider"
    },
    {
      "player_id": 771,
      "player": "Suresh Kumar",
      "player_name": "Suresh Kumar",
      "team_id": 7,
      "team_name": " Pun",
      "match_played": 11,
      "value": 9,
      "rank": "39",
      "position_id": 8,
      "position_name": "Raider"
    },
    {
      "player_id": 762,
      "player": "Vikas Kumar",
      "player_name": "Vikas Kumar",
      "team_id": 8,
      "team_name": " Hyd",
      "match_played": 14,
      "value": 9,
      "rank": "39",
      "position_id": 8,
      "position_name": "Raider"
    },
    {
      "player_id": 772,
      "player": "More GB",
      "player_name": "More GB",
      "team_id": 7,
      "team_name": " Pun",
      "match_played": 6,
      "value": 8,
      "rank": "42",
      "position_id": 8,
      "position_name": "Raider"
    },
    {
      "player_id": 696,
      "player": "M. Thivakaran",
      "player_name": "M. Thivakaran",
      "team_id": 29,
      "team_name": " TT",
      "match_played": 9,
      "value": 8,
      "rank": "42",
      "position_id": 8,
      "position_name": "Raider"
    },
    {
      "player_id": 66,
      "player": "Mahesh Goud",
      "player_name": "Mahesh Goud",
      "team_id": 30,
      "team_name": " UPY",
      "match_played": 21,
      "value": 8,
      "rank": "42",
      "position_id": 8,
      "position_name": "Raider"
    },
    {
      "player_id": 12,
      "player": "Jang Kun Lee",
      "player_name": "Jang Kun Lee",
      "team_id": 4,
      "team_name": " Kol",
      "match_played": 21,
      "value": 8,
      "rank": "42",
      "position_id": 8,
      "position_name": "Raider"
    },
    {
      "player_id": 261,
      "player": "Rohit Baliyan",
      "player_name": "Rohit Baliyan",
      "team_id": 2,
      "team_name": " Del",
      "match_played": 17,
      "value": 8,
      "rank": "42",
      "position_id": 8,
      "position_name": "Raider"
    },
    {
      "player_id": 648,
      "player": "Ajit Singh",
      "player_name": "Ajit Singh",
      "team_id": 3,
      "team_name": " Jai",
      "match_played": 11,
      "value": 7,
      "rank": "47",
      "position_id": 8,
      "position_name": "Raider"
    },
    {
      "player_id": 576,
      "player": "Anand Patil",
      "player_name": "Anand Patil",
      "team_id": 2,
      "team_name": " Del",
      "match_played": 19,
      "value": 7,
      "rank": "47",
      "position_id": 8,
      "position_name": "Raider"
    },
    {
      "player_id": 34,
      "player": "Bhupender Singh",
      "player_name": "Bhupender Singh",
      "team_id": 4,
      "team_name": " Kol",
      "match_played": 17,
      "value": 7,
      "rank": "47",
      "position_id": 1,
      "position_name": "All Rounder"
    },
    {
      "player_id": 372,
      "player": "Harish Naik",
      "player_name": "Harish Naik",
      "team_id": 1,
      "team_name": " Ben",
      "match_played": 14,
      "value": 6,
      "rank": "50",
      "position_id": 8,
      "position_name": "Raider"
    },
    {
      "player_id": 795,
      "player": "Monu",
      "player_name": "Monu",
      "team_id": 7,
      "team_name": " Pun",
      "match_played": 19,
      "value": 6,
      "rank": "50",
      "position_id": 8,
      "position_name": "Raider"
    },
    {
      "player_id": 745,
      "player": "Vijay",
      "player_name": "Vijay",
      "team_id": 6,
      "team_name": " Pat",
      "match_played": 19,
      "value": 6,
      "rank": "50",
      "position_id": 8,
      "position_name": "Raider"
    },
    {
      "player_id": 578,
      "player": "Mayur Shivtarkar",
      "player_name": "Mayur Shivtarkar",
      "team_id": 28,
      "team_name": " HS",
      "match_played": 5,
      "value": 5,
      "rank": "53",
      "position_id": 1,
      "position_name": "All Rounder"
    },
    {
      "player_id": 313,
      "player": "Virender Wazir Singh",
      "player_name": "Virender Wazir Singh",
      "team_id": 4,
      "team_name": " Kol",
      "match_played": 3,
      "value": 5,
      "rank": "53",
      "position_id": 8,
      "position_name": "Raider"
    },
    {
      "player_id": 29,
      "player": "Anup Kumar",
      "player_name": "Anup Kumar",
      "team_id": 5,
      "team_name": " Mum",
      "match_played": 21,
      "value": 5,
      "rank": "53",
      "position_id": 8,
      "position_name": "Raider"
    },
    {
      "player_id": 46,
      "player": "Gurvinder Singh",
      "player_name": "Gurvinder Singh",
      "team_id": 1,
      "team_name": " Ben",
      "match_played": 9,
      "value": 5,
      "rank": "53",
      "position_id": 8,
      "position_name": "Raider"
    },
    {
      "player_id": 119,
      "player": "CPO Surjeet Singh",
      "player_name": "CPO Surjeet Singh",
      "team_id": 28,
      "team_name": " HS",
      "match_played": 17,
      "value": 4,
      "rank": "57",
      "position_id": 8,
      "position_name": "Raider"
    },
    {
      "player_id": 202,
      "player": "Ashish Kumar",
      "player_name": "Ashish Kumar",
      "team_id": 1,
      "team_name": " Ben",
      "match_played": 20,
      "value": 4,
      "rank": "57",
      "position_id": 7,
      "position_name": "Defender, right cover"
    },
    {
      "player_id": 365,
      "player": "Akshay Jadhav",
      "player_name": "Akshay Jadhav",
      "team_id": 7,
      "team_name": " Pun",
      "match_played": 10,
      "value": 4,
      "rank": "57",
      "position_id": 8,
      "position_name": "Raider"
    },
    {
      "player_id": 667,
      "player": "Elangeshwaran R",
      "player_name": "Elangeshwaran R",
      "team_id": 8,
      "team_name": " Hyd",
      "match_played": 5,
      "value": 4,
      "rank": "57",
      "position_id": 1,
      "position_name": "All Rounder"
    },
    {
      "player_id": 318,
      "player": "Pawan Kumar Sehrawat",
      "player_name": "Pawan Kumar Sehrawat",
      "team_id": 31,
      "team_name": " Ben, GFG",
      "match_played": 9,
      "value": 3,
      "rank": "61",
      "position_id": 8,
      "position_name": "Raider"
    },
    {
      "player_id": 268,
      "player": "Vineet Sharma",
      "player_name": "Vineet Sharma",
      "team_id": 29,
      "team_name": " TT",
      "match_played": 18,
      "value": 3,
      "rank": "61",
      "position_id": 8,
      "position_name": "Raider"
    },
    {
      "player_id": 75,
      "player": "Nitin Madane",
      "player_name": "Nitin Madane",
      "team_id": 5,
      "team_name": " Mum",
      "match_played": 12,
      "value": 3,
      "rank": "61",
      "position_id": 8,
      "position_name": "Raider"
    },
    {
      "player_id": 172,
      "player": "Vinoth Kumar",
      "player_name": "Vinoth Kumar",
      "team_id": 8,
      "team_name": " Hyd",
      "match_played": 4,
      "value": 2,
      "rank": "64",
      "position_id": 8,
      "position_name": "Raider"
    },
    {
      "player_id": 141,
      "player": "Sunil Jaipal",
      "player_name": "Sunil Jaipal",
      "team_id": 1,
      "team_name": " Ben",
      "match_played": 13,
      "value": 2,
      "rank": "64",
      "position_id": 8,
      "position_name": "Raider"
    },
    {
      "player_id": 142,
      "player": "Sandeep Narwal",
      "player_name": "Sandeep Narwal",
      "team_id": 7,
      "team_name": " Pun",
      "match_played": 21,
      "value": 2,
      "rank": "64",
      "position_id": 1,
      "position_name": "All Rounder"
    },
    {
      "player_id": 605,
      "player": "Shubham Ashok Palkar",
      "player_name": "Shubham Ashok Palkar",
      "team_id": 2,
      "team_name": " Del",
      "match_played": 8,
      "value": 2,
      "rank": "64",
      "position_id": 8,
      "position_name": "Raider"
    },
    {
      "player_id": 370,
      "player": "Ravindra Ramesh Kumawat",
      "player_name": "Ravindra Ramesh Kumawat",
      "team_id": 4,
      "team_name": " Kol",
      "match_played": 2,
      "value": 2,
      "rank": "64",
      "position_id": 1,
      "position_name": "All Rounder"
    },
    {
      "player_id": 390,
      "player": "Jawahar Dagar",
      "player_name": "Jawahar Dagar",
      "team_id": 6,
      "team_name": " Pat",
      "match_played": 18,
      "value": 1,
      "rank": "69",
      "position_id": 8,
      "position_name": "Raider"
    },
    {
      "player_id": 482,
      "player": "Farhad Rahimi Milaghardan",
      "player_name": "Farhad Rahimi Milaghardan",
      "team_id": 8,
      "team_name": " Hyd",
      "match_played": 18,
      "value": 1,
      "rank": "69",
      "position_id": 7,
      "position_name": "Defender, right cover"
    },
    {
      "player_id": 513,
      "player": "Yong Joo Ok",
      "player_name": "Yong Joo Ok",
      "team_id": 5,
      "team_name": " Mum",
      "match_played": 1,
      "value": 1,
      "rank": "69",
      "position_id": 1,
      "position_name": "All Rounder"
    },
    {
      "player_id": 660,
      "player": "Bhavani Rajput",
      "player_name": "Bhavani Rajput",
      "team_id": 29,
      "team_name": " TT",
      "match_played": 4,
      "value": 1,
      "rank": "69",
      "position_id": 8,
      "position_name": "Raider"
    },
    {
      "player_id": 272,
      "player": "Umesh Mhatre",
      "player_name": "Umesh Mhatre",
      "team_id": 7,
      "team_name": " Pun",
      "match_played": 5,
      "value": 1,
      "rank": "69",
      "position_id": 8,
      "position_name": "Raider"
    },
    {
      "player_id": 275,
      "player": "Deepak Kumar Rathee",
      "player_name": "Deepak Kumar Rathee",
      "team_id": 28,
      "team_name": " HS",
      "match_played": 6,
      "value": 1,
      "rank": "69",
      "position_id": 1,
      "position_name": "All Rounder"
    },
    {
      "player_id": 217,
      "player": "Rohit Kumar Choudary",
      "player_name": "Rohit Kumar Choudary",
      "team_id": 7,
      "team_name": " Pun",
      "match_played": 11,
      "value": 1,
      "rank": "69",
      "position_id": 8,
      "position_name": "Raider"
    },
    {
      "player_id": 301,
      "player": "Hadi Tajik",
      "player_name": "Hadi Tajik",
      "team_id": 30,
      "team_name": " UPY",
      "match_played": 9,
      "value": 1,
      "rank": "69",
      "position_id": 6,
      "position_name": "Defender, right corner"
    },
    {
      "player_id": 121,
      "player": "Vikas Jaglan",
      "player_name": "Vikas Jaglan",
      "team_id": 6,
      "team_name": " Pat",
      "match_played": 13,
      "value": 1,
      "rank": "69",
      "position_id": 8,
      "position_name": "Raider"
    },
    {
      "player_id": 161,
      "player": "Girish Maruti Ernak",
      "player_name": "Girish Maruti Ernak",
      "team_id": 7,
      "team_name": " Pun",
      "match_played": 21,
      "value": 1,
      "rank": "69",
      "position_id": 3,
      "position_name": "Defender, left corner"
    },
    {
      "player_id": 204,
      "player": "Rakesh Narwal",
      "player_name": "Rakesh Narwal",
      "team_id": 31,
      "team_name": " GFG",
      "match_played": 6,
      "value": 1,
      "rank": "69",
      "position_id": 8,
      "position_name": "Raider"
    },
    {
      "player_id": 195,
      "player": "Ashish Chhokar",
      "player_name": "Ashish Chhokar",
      "team_id": 28,
      "team_name": " HS",
      "match_played": 5,
      "value": 1,
      "rank": "69",
      "position_id": 8,
      "position_name": "Raider"
    },
    {
      "player_id": 73,
      "player": "Nilesh Shinde",
      "player_name": "Nilesh Shinde",
      "team_id": 2,
      "team_name": " Del",
      "match_played": 15,
      "value": 1,
      "rank": "69",
      "position_id": 6,
      "position_name": "Defender, right corner"
    },
    {
      "player_id": 92,
      "player": "Ravi Dalal",
      "player_name": "Ravi Dalal",
      "team_id": 2,
      "team_name": " Del",
      "match_played": 5,
      "value": 1,
      "rank": "69",
      "position_id": 8,
      "position_name": "Raider"
    },
    {
      "player_id": 689,
      "player": "Mohan Raman G",
      "player_name": "Mohan Raman G",
      "team_id": 5,
      "team_name": " Mum",
      "match_played": 4,
      "value": 1,
      "rank": "69",
      "position_id": 8,
      "position_name": "Raider"
    },
    {
      "player_id": 730,
      "player": "Rohit",
      "player_name": "Rohit",
      "team_id": 1,
      "team_name": " Ben",
      "match_played": 2,
      "value": 1,
      "rank": "69",
      "position_id": 8,
      "position_name": "Raider"
    },
    {
      "player_id": 735,
      "player": "Vishal",
      "player_name": "Vishal",
      "team_id": 2,
      "team_name": " Del",
      "match_played": 5,
      "value": 1,
      "rank": "69",
      "position_id": 1,
      "position_name": "All Rounder"
    },
    {
      "player_id": 738,
      "player": "Rahul Choudhary",
      "player_name": "Rahul Choudhary",
      "team_id": 3,
      "team_name": " Jai",
      "match_played": 5,
      "value": 1,
      "rank": "69",
      "position_id": 8,
      "position_name": "Raider"
    },
    {
      "player_id": 837,
      "player": "Rakshith",
      "player_name": "Rakshith",
      "team_id": 8,
      "team_name": " Hyd",
      "match_played": 6,
      "value": 1,
      "rank": "69",
      "position_id": 8,
      "position_name": "Raider"
    },
    {
      "player_id": 773,
      "player": "Satpal",
      "player_name": "Satpal",
      "team_id": 2,
      "team_name": " Del",
      "match_played": 10,
      "value": 1,
      "rank": "69",
      "position_id": 6,
      "position_name": "Defender, right corner"
    }
  ],
  "language_lookup": {
    "stat": "Stat",
    "stat_id": "Stat Id",
    "minimum_criteria": "Minimum Criteria",
    "team_id": "Team Id",
    "team_name": "Team Name",
    "player_id": "Player Id",
    "player_name": "Player Name",
    "value": "Value",
    "match_played": "Match Played",
    "team": "Team",
    "tackles": "Tackles"
  }
}