{
  "stat": "Player Total Points",
  "stat_id": "102",
  "minimum_criteria": "More than 0 Total Points",
  "data": [
    {
      "player_id": 58,
      "player_name": "Kashiling Adake",
      "match_played": 14,
      "value": 117,
      "team_id": 2,
      "team": " Del",
      "team_name": " Del",
      "rank": "1",
      "position_id": 8,
      "position_name": "Raider"
    },
    {
      "player_id": 69,
      "player_name": "Manjeet Chhillar",
      "match_played": 16,
      "value": 107,
      "team_id": 1,
      "team": " Ben",
      "team_name": " Ben",
      "rank": "2",
      "position_id": 1,
      "position_name": "All Rounder"
    },
    {
      "player_id": 81,
      "player_name": "Rahul Chaudhari",
      "match_played": 14,
      "value": 107,
      "team_id": 8,
      "team": " Hyd",
      "team_name": " Hyd",
      "rank": "2",
      "position_id": 8,
      "position_name": "Raider"
    },
    {
      "player_id": 41,
      "player_name": "Deepak Niwas Hooda",
      "match_played": 15,
      "value": 96,
      "team_id": 8,
      "team": " Hyd",
      "team_name": " Hyd",
      "rank": "4",
      "position_id": 1,
      "position_name": "All Rounder"
    },
    {
      "player_id": 86,
      "player_name": "Rajesh Narwal",
      "match_played": 14,
      "value": 87,
      "team_id": 3,
      "team": " Jai",
      "team_name": " Jai",
      "rank": "5",
      "position_id": 1,
      "position_name": "All Rounder"
    },
    {
      "player_id": 142,
      "player_name": "Sandeep Narwal",
      "match_played": 16,
      "value": 83,
      "team_id": 6,
      "team": " Pat",
      "team_name": " Pat",
      "rank": "6",
      "position_id": 1,
      "position_name": "All Rounder"
    },
    {
      "player_id": 29,
      "player_name": "Anup Kumar",
      "match_played": 14,
      "value": 81,
      "team_id": 5,
      "team": " Mum",
      "team_name": " Mum",
      "rank": "7",
      "position_id": 8,
      "position_name": "Raider"
    },
    {
      "player_id": 26,
      "player_name": "Ajay Thakur",
      "match_played": 13,
      "value": 80,
      "team_id": 1,
      "team": " Ben",
      "team_name": " Ben",
      "rank": "8",
      "position_id": 8,
      "position_name": "Raider"
    },
    {
      "player_id": 52,
      "player_name": "Jasvir Singh",
      "match_played": 13,
      "value": 74,
      "team_id": 3,
      "team": " Jai",
      "team_name": " Jai",
      "rank": "9",
      "position_id": 8,
      "position_name": "Raider"
    },
    {
      "player_id": 248,
      "player_name": "Sandeep Kandola",
      "match_played": 16,
      "value": 70,
      "team_id": 8,
      "team": " Hyd",
      "team_name": " Hyd",
      "rank": "10",
      "position_id": 3,
      "position_name": "Defender, left corner"
    },
    {
      "player_id": 124,
      "player_name": "Wazir Singh",
      "match_played": 11,
      "value": 67,
      "team_id": 7,
      "team": " Pun",
      "team_name": " Pun",
      "rank": "11",
      "position_id": 8,
      "position_name": "Raider"
    },
    {
      "player_id": 111,
      "player_name": "Sukesh Hegde",
      "match_played": 13,
      "value": 64,
      "team_id": 8,
      "team": " Hyd",
      "team_name": " Hyd",
      "rank": "12",
      "position_id": 8,
      "position_name": "Raider"
    },
    {
      "player_id": 157,
      "player_name": "Ravinder Pahal",
      "match_played": 14,
      "value": 64,
      "team_id": 2,
      "team": " Del",
      "team_name": " Del",
      "rank": "12",
      "position_id": 6,
      "position_name": "Defender, right corner"
    },
    {
      "player_id": 217,
      "player_name": "Rohit Kumar Choudary",
      "match_played": 14,
      "value": 64,
      "team_id": 2,
      "team": " Del",
      "team_name": " Del",
      "rank": "12",
      "position_id": 8,
      "position_name": "Raider"
    },
    {
      "player_id": 252,
      "player_name": "Kuldeep Singh",
      "match_played": 14,
      "value": 62,
      "team_id": 3,
      "team": " Jai",
      "team_name": " Jai",
      "rank": "15",
      "position_id": 1,
      "position_name": "All Rounder"
    },
    {
      "player_id": 211,
      "player_name": "Deepak Narwal",
      "match_played": 16,
      "value": 61,
      "team_id": 6,
      "team": " Pat",
      "team_name": " Pat",
      "rank": "16",
      "position_id": 8,
      "position_name": "Raider"
    },
    {
      "player_id": 42,
      "player_name": "Dharmaraj Cheralathan",
      "match_played": 15,
      "value": 61,
      "team_id": 1,
      "team": " Ben",
      "team_name": " Ben",
      "rank": "16",
      "position_id": 10,
      "position_name": "Defender, right and left corner"
    },
    {
      "player_id": 155,
      "player_name": "Prashanth Kumar Rai",
      "match_played": 15,
      "value": 58,
      "team_id": 8,
      "team": " Hyd",
      "team_name": " Hyd",
      "rank": "18",
      "position_id": 8,
      "position_name": "Raider"
    },
    {
      "player_id": 94,
      "player_name": "Rishank Devadiga",
      "match_played": 13,
      "value": 58,
      "team_id": 5,
      "team": " Mum",
      "team_name": " Mum",
      "rank": "18",
      "position_id": 8,
      "position_name": "Raider"
    },
    {
      "player_id": 163,
      "player_name": "Mahendra Ganesh Rajput",
      "match_played": 12,
      "value": 56,
      "team_id": 4,
      "team": " Kol",
      "team_name": " Kol",
      "rank": "20",
      "position_id": 8,
      "position_name": "Raider"
    },
    {
      "player_id": 190,
      "player_name": "Sonu Narwal",
      "match_played": 11,
      "value": 51,
      "team_id": 3,
      "team": " Jai",
      "team_name": " Jai",
      "rank": "21",
      "position_id": 8,
      "position_name": "Raider"
    },
    {
      "player_id": 12,
      "player_name": "Jang Kun Lee",
      "match_played": 14,
      "value": 50,
      "team_id": 4,
      "team": " Kol",
      "team_name": " Kol",
      "rank": "22",
      "position_id": 8,
      "position_name": "Raider"
    },
    {
      "player_id": 46,
      "player_name": "Gurvinder Singh",
      "match_played": 16,
      "value": 49,
      "team_id": 6,
      "team": " Pat",
      "team_name": " Pat",
      "rank": "23",
      "position_id": 8,
      "position_name": "Raider"
    },
    {
      "player_id": 92,
      "player_name": "Ravi Dalal",
      "match_played": 11,
      "value": 47,
      "team_id": 6,
      "team": " Pat",
      "team_name": " Pat",
      "rank": "24",
      "position_id": 8,
      "position_name": "Raider"
    },
    {
      "player_id": 105,
      "player_name": "Shabeer Bappu",
      "match_played": 10,
      "value": 47,
      "team_id": 5,
      "team": " Mum",
      "team_name": " Mum",
      "rank": "24",
      "position_id": 8,
      "position_name": "Raider"
    },
    {
      "player_id": 160,
      "player_name": "Ran Singh",
      "match_played": 14,
      "value": 44,
      "team_id": 3,
      "team": " Jai",
      "team_name": " Jai",
      "rank": "26",
      "position_id": 1,
      "position_name": "All Rounder"
    },
    {
      "player_id": 146,
      "player_name": "Surender Nada",
      "match_played": 14,
      "value": 44,
      "team_id": 5,
      "team": " Mum",
      "team_name": " Mum",
      "rank": "26",
      "position_id": 3,
      "position_name": "Defender, left corner"
    },
    {
      "player_id": 71,
      "player_name": "Mohit Chhillar",
      "match_played": 14,
      "value": 42,
      "team_id": 5,
      "team": " Mum",
      "team_name": " Mum",
      "rank": "28",
      "position_id": 6,
      "position_name": "Defender, right corner"
    },
    {
      "player_id": 79,
      "player_name": "Pravin Niwale",
      "match_played": 8,
      "value": 42,
      "team_id": 7,
      "team": " Pun",
      "team_name": " Pun",
      "rank": "28",
      "position_id": 8,
      "position_name": "Raider"
    },
    {
      "player_id": 141,
      "player_name": "Sunil Jaipal",
      "match_played": 10,
      "value": 40,
      "team_id": 4,
      "team": " Kol",
      "team_name": " Kol",
      "rank": "30",
      "position_id": 8,
      "position_name": "Raider"
    },
    {
      "player_id": 54,
      "player_name": "Jeeva Kumar",
      "match_played": 13,
      "value": 39,
      "team_id": 5,
      "team": " Mum",
      "team_name": " Mum",
      "rank": "31",
      "position_id": 5,
      "position_name": "Defender, right and left cover"
    },
    {
      "player_id": 251,
      "player_name": "Meraj Sheykh",
      "match_played": 15,
      "value": 38,
      "team_id": 8,
      "team": " Hyd",
      "team_name": " Hyd",
      "rank": "32",
      "position_id": 1,
      "position_name": "All Rounder"
    },
    {
      "player_id": 240,
      "player_name": "Ravi Kumar",
      "match_played": 13,
      "value": 37,
      "team_id": 7,
      "team": " Pun",
      "team_name": " Pun",
      "rank": "33",
      "position_id": 7,
      "position_name": "Defender, right cover"
    },
    {
      "player_id": 109,
      "player_name": "Somvir Shekhar",
      "match_played": 14,
      "value": 35,
      "team_id": 1,
      "team": " Ben",
      "team_name": " Ben",
      "rank": "34",
      "position_id": 7,
      "position_name": "Defender, right cover"
    },
    {
      "player_id": 85,
      "player_name": "Rajesh Mondal",
      "match_played": 15,
      "value": 34,
      "team_id": 1,
      "team": " Ben",
      "team_name": " Ben",
      "rank": "35",
      "position_id": 8,
      "position_name": "Raider"
    },
    {
      "player_id": 73,
      "player_name": "Nilesh Shinde",
      "match_played": 12,
      "value": 30,
      "team_id": 4,
      "team": " Kol",
      "team_name": " Kol",
      "rank": "36",
      "position_id": 6,
      "position_name": "Defender, right corner"
    },
    {
      "player_id": 34,
      "player_name": "Bhupender Singh",
      "match_played": 11,
      "value": 30,
      "team_id": 5,
      "team": " Mum",
      "team_name": " Mum",
      "rank": "36",
      "position_id": 1,
      "position_name": "All Rounder"
    },
    {
      "player_id": 194,
      "player_name": "Joginder Singh Narwal",
      "match_played": 14,
      "value": 30,
      "team_id": 1,
      "team": " Ben",
      "team_name": " Ben",
      "rank": "36",
      "position_id": 3,
      "position_name": "Defender, left corner"
    },
    {
      "player_id": 162,
      "player_name": "D. Suresh Kumar",
      "match_played": 16,
      "value": 30,
      "team_id": 6,
      "team": " Pat",
      "team_name": " Pat",
      "rank": "36",
      "position_id": 7,
      "position_name": "Defender, right cover"
    },
    {
      "player_id": 161,
      "player_name": "Girish Maruti Ernak",
      "match_played": 13,
      "value": 27,
      "team_id": 6,
      "team": " Pat",
      "team_name": " Pat",
      "rank": "40",
      "position_id": 3,
      "position_name": "Defender, left corner"
    },
    {
      "player_id": 171,
      "player_name": "Pradeep Kumar",
      "match_played": 6,
      "value": 26,
      "team_id": 5,
      "team": " Mum",
      "team_name": " Mum",
      "rank": "41",
      "position_id": 8,
      "position_name": "Raider"
    },
    {
      "player_id": 123,
      "player_name": "Vishal Mane",
      "match_played": 14,
      "value": 26,
      "team_id": 5,
      "team": " Mum",
      "team_name": " Mum",
      "rank": "41",
      "position_id": 7,
      "position_name": "Defender, right cover"
    },
    {
      "player_id": 212,
      "player_name": "Amit Hooda",
      "match_played": 12,
      "value": 26,
      "team_id": 6,
      "team": " Pat",
      "team_name": " Pat",
      "rank": "41",
      "position_id": 6,
      "position_name": "Defender, right corner"
    },
    {
      "player_id": 207,
      "player_name": "Sunil",
      "match_played": 9,
      "value": 24,
      "team_id": 6,
      "team": " Pat",
      "team_name": " Pat",
      "rank": "44",
      "position_id": 3,
      "position_name": "Defender, left corner"
    },
    {
      "player_id": 98,
      "player_name": "Sachin Khambe",
      "match_played": 8,
      "value": 24,
      "team_id": 4,
      "team": " Kol",
      "team_name": " Kol",
      "rank": "44",
      "position_id": 3,
      "position_name": "Defender, left corner"
    },
    {
      "player_id": 67,
      "player_name": "Mahipal Narwal",
      "match_played": 9,
      "value": 21,
      "team_id": 7,
      "team": " Pun",
      "team_name": " Pun",
      "rank": "46",
      "position_id": 1,
      "position_name": "All Rounder"
    },
    {
      "player_id": 204,
      "player_name": "Rakesh Narwal",
      "match_played": 11,
      "value": 21,
      "team_id": 1,
      "team": " Ben",
      "team_name": " Ben",
      "rank": "46",
      "position_id": 8,
      "position_name": "Raider"
    },
    {
      "player_id": 70,
      "player_name": "Manoj Kumar",
      "match_played": 14,
      "value": 20,
      "team_id": 7,
      "team": " Pun",
      "team_name": " Pun",
      "rank": "48",
      "position_id": 4,
      "position_name": "Defender, left cover"
    },
    {
      "player_id": 107,
      "player_name": "Shrikant Tewthia",
      "match_played": 9,
      "value": 19,
      "team_id": 2,
      "team": " Del",
      "team_name": " Del",
      "rank": "49",
      "position_id": 1,
      "position_name": "All Rounder"
    },
    {
      "player_id": 158,
      "player_name": "Rakesh Singh Kumar",
      "match_played": 13,
      "value": 19,
      "team_id": 2,
      "team": " Del",
      "team_name": " Del",
      "rank": "49",
      "position_id": 4,
      "position_name": "Defender, left cover"
    },
    {
      "player_id": 182,
      "player_name": "Dinesh Kumar",
      "match_played": 8,
      "value": 19,
      "team_id": 4,
      "team": " Kol",
      "team_name": " Kol",
      "rank": "49",
      "position_id": 1,
      "position_name": "All Rounder"
    },
    {
      "player_id": 84,
      "player_name": "Rajaguru Subramanian",
      "match_played": 12,
      "value": 18,
      "team_id": 8,
      "team": " Hyd",
      "team_name": " Hyd",
      "rank": "52",
      "position_id": 7,
      "position_name": "Defender, right cover"
    },
    {
      "player_id": 88,
      "player_name": "Rakesh Kumar",
      "match_played": 4,
      "value": 17,
      "team_id": 6,
      "team": " Pat",
      "team_name": " Pat",
      "rank": "53",
      "position_id": 1,
      "position_name": "All Rounder"
    },
    {
      "player_id": 96,
      "player_name": "Rohit Rana",
      "match_played": 10,
      "value": 17,
      "team_id": 3,
      "team": " Jai",
      "team_name": " Jai",
      "rank": "53",
      "position_id": 4,
      "position_name": "Defender, left cover"
    },
    {
      "player_id": 38,
      "player_name": "Dadaso Balaso Awad",
      "match_played": 7,
      "value": 17,
      "team_id": 2,
      "team": " Del",
      "team_name": " Del",
      "rank": "53",
      "position_id": 1,
      "position_name": "All Rounder"
    },
    {
      "player_id": 14,
      "player_name": "Tae Deok Eom",
      "match_played": 8,
      "value": 16,
      "team_id": 6,
      "team": " Pat",
      "team_name": " Pat",
      "rank": "56",
      "position_id": 1,
      "position_name": "All Rounder"
    },
    {
      "player_id": 55,
      "player_name": "Jitesh Joshi",
      "match_played": 5,
      "value": 16,
      "team_id": 7,
      "team": " Pun",
      "team_name": " Pun",
      "rank": "56",
      "position_id": 1,
      "position_name": "All Rounder"
    },
    {
      "player_id": 156,
      "player_name": "Pawan Kumar Kadian",
      "match_played": 10,
      "value": 16,
      "team_id": 5,
      "team": " Mum",
      "team_name": " Mum",
      "rank": "56",
      "position_id": 8,
      "position_name": "Raider"
    },
    {
      "player_id": 243,
      "player_name": "Sanjay Kumar",
      "match_played": 7,
      "value": 16,
      "team_id": 7,
      "team": " Pun",
      "team_name": " Pun",
      "rank": "56",
      "position_id": 1,
      "position_name": "All Rounder"
    },
    {
      "player_id": 242,
      "player_name": "Tushar Patil",
      "match_played": 6,
      "value": 15,
      "team_id": 7,
      "team": " Pun",
      "team_name": " Pun",
      "rank": "60",
      "position_id": 8,
      "position_name": "Raider"
    },
    {
      "player_id": 238,
      "player_name": "Isac Antony",
      "match_played": 7,
      "value": 14,
      "team_id": 8,
      "team": " Hyd",
      "team_name": " Hyd",
      "rank": "61",
      "position_id": 8,
      "position_name": "Raider"
    },
    {
      "player_id": 264,
      "player_name": "Selvamani K",
      "match_played": 10,
      "value": 14,
      "team_id": 2,
      "team": " Del",
      "team_name": " Del",
      "rank": "61",
      "position_id": 8,
      "position_name": "Raider"
    },
    {
      "player_id": 245,
      "player_name": "Yogesh Hooda",
      "match_played": 4,
      "value": 13,
      "team_id": 7,
      "team": " Pun",
      "team_name": " Pun",
      "rank": "63",
      "position_id": 8,
      "position_name": "Raider"
    },
    {
      "player_id": 180,
      "player_name": "Kedar Lal",
      "match_played": 9,
      "value": 13,
      "team_id": 4,
      "team": " Kol",
      "team_name": " Kol",
      "rank": "63",
      "position_id": 8,
      "position_name": "Raider"
    },
    {
      "player_id": 195,
      "player_name": "Ashish Chhokar",
      "match_played": 6,
      "value": 13,
      "team_id": 1,
      "team": " Ben",
      "team_name": " Ben",
      "rank": "63",
      "position_id": 8,
      "position_name": "Raider"
    },
    {
      "player_id": 185,
      "player_name": "Vijin Thangadurai",
      "match_played": 7,
      "value": 13,
      "team_id": 4,
      "team": " Kol",
      "team_name": " Kol",
      "rank": "63",
      "position_id": 7,
      "position_name": "Defender, right cover"
    },
    {
      "player_id": 233,
      "player_name": "Manoj Dhull",
      "match_played": 7,
      "value": 13,
      "team_id": 7,
      "team": " Pun",
      "team_name": " Pun",
      "rank": "63",
      "position_id": 6,
      "position_name": "Defender, right corner"
    },
    {
      "player_id": 164,
      "player_name": "Bajirao Hodage",
      "match_played": 7,
      "value": 13,
      "team_id": 4,
      "team": " Kol",
      "team_name": " Kol",
      "rank": "63",
      "position_id": 7,
      "position_name": "Defender, right cover"
    },
    {
      "player_id": 108,
      "player_name": "Shyam Kumar Sah",
      "match_played": 7,
      "value": 13,
      "team_id": 4,
      "team": " Kol",
      "team_name": " Kol",
      "rank": "63",
      "position_id": 4,
      "position_name": "Defender, left cover"
    },
    {
      "player_id": 28,
      "player_name": "Amit Singh Chhillar",
      "match_played": 6,
      "value": 12,
      "team_id": 2,
      "team": " Del",
      "team_name": " Del",
      "rank": "70",
      "position_id": 3,
      "position_name": "Defender, left corner"
    },
    {
      "player_id": 231,
      "player_name": "Amit Om Prakash Rathi",
      "match_played": 5,
      "value": 12,
      "team_id": 7,
      "team": " Pun",
      "team_name": " Pun",
      "rank": "70",
      "position_id": 8,
      "position_name": "Raider"
    },
    {
      "player_id": 181,
      "player_name": "Deepak Dhull",
      "match_played": 8,
      "value": 12,
      "team_id": 4,
      "team": " Kol",
      "team_name": " Kol",
      "rank": "70",
      "position_id": 4,
      "position_name": "Defender, left cover"
    },
    {
      "player_id": 261,
      "player_name": "Rohit Baliyan",
      "match_played": 5,
      "value": 12,
      "team_id": 8,
      "team": " Hyd",
      "team_name": " Hyd",
      "rank": "70",
      "position_id": 8,
      "position_name": "Raider"
    },
    {
      "player_id": 259,
      "player_name": "Fazel Atrachali",
      "match_played": 5,
      "value": 12,
      "team_id": 5,
      "team": " Mum",
      "team_name": " Mum",
      "rank": "70",
      "position_id": 3,
      "position_name": "Defender, left corner"
    },
    {
      "player_id": 191,
      "player_name": "C. Arun",
      "match_played": 8,
      "value": 11,
      "team_id": 3,
      "team": " Jai",
      "team_name": " Jai",
      "rank": "75",
      "position_id": 4,
      "position_name": "Defender, left cover"
    },
    {
      "player_id": 232,
      "player_name": "Sachin Vittala",
      "match_played": 4,
      "value": 11,
      "team_id": 7,
      "team": " Pun",
      "team_name": " Pun",
      "rank": "75",
      "position_id": 3,
      "position_name": "Defender, left corner"
    },
    {
      "player_id": 235,
      "player_name": "Vijender Singh",
      "match_played": 7,
      "value": 11,
      "team_id": 7,
      "team": " Pun",
      "team_name": " Pun",
      "rank": "75",
      "position_id": 3,
      "position_name": "Defender, left corner"
    },
    {
      "player_id": 44,
      "player_name": "Gangadhari Mallesh",
      "match_played": 10,
      "value": 11,
      "team_id": 3,
      "team": " Jai",
      "team_name": " Jai",
      "rank": "75",
      "position_id": 8,
      "position_name": "Raider"
    },
    {
      "player_id": 56,
      "player_name": "Kalimuthu Balamahendran",
      "match_played": 6,
      "value": 11,
      "team_id": 7,
      "team": " Pun",
      "team_name": " Pun",
      "rank": "75",
      "position_id": 3,
      "position_name": "Defender, left corner"
    },
    {
      "player_id": 147,
      "player_name": "Prashant Chavan",
      "match_played": 11,
      "value": 11,
      "team_id": 3,
      "team": " Jai",
      "team_name": " Jai",
      "rank": "75",
      "position_id": 6,
      "position_name": "Defender, right corner"
    },
    {
      "player_id": 167,
      "player_name": "Preetam Chhillar",
      "match_played": 12,
      "value": 10,
      "team_id": 1,
      "team": " Ben",
      "team_name": " Ben",
      "rank": "81",
      "position_id": 1,
      "position_name": "All Rounder"
    },
    {
      "player_id": 97,
      "player_name": "Rupesh Tomar",
      "match_played": 6,
      "value": 10,
      "team_id": 8,
      "team": " Hyd",
      "team_name": " Hyd",
      "rank": "81",
      "position_id": 1,
      "position_name": "All Rounder"
    },
    {
      "player_id": 222,
      "player_name": "G.S. Manikandan",
      "match_played": 13,
      "value": 10,
      "team_id": 2,
      "team": " Del",
      "team_name": " Del",
      "rank": "81",
      "position_id": 4,
      "position_name": "Defender, left cover"
    },
    {
      "player_id": 268,
      "player_name": "Vineet Sharma",
      "match_played": 8,
      "value": 10,
      "team_id": 4,
      "team": " Kol",
      "team_name": " Kol",
      "rank": "81",
      "position_id": 8,
      "position_name": "Raider"
    },
    {
      "player_id": 197,
      "player_name": "Pardeep Narwal",
      "match_played": 6,
      "value": 9,
      "team_id": 1,
      "team": " Ben",
      "team_name": " Ben",
      "rank": "85",
      "position_id": 8,
      "position_name": "Raider"
    },
    {
      "player_id": 179,
      "player_name": "Vikas Kale",
      "match_played": 8,
      "value": 9,
      "team_id": 4,
      "team": " Kol",
      "team_name": " Kol",
      "rank": "85",
      "position_id": 7,
      "position_name": "Defender, right cover"
    },
    {
      "player_id": 152,
      "player_name": "D. Gopu",
      "match_played": 7,
      "value": 9,
      "team_id": 8,
      "team": " Hyd",
      "team_name": " Hyd",
      "rank": "85",
      "position_id": 10,
      "position_name": "Defender, right and left corner"
    },
    {
      "player_id": 234,
      "player_name": "Surender Singh",
      "match_played": 2,
      "value": 8,
      "team_id": 7,
      "team": " Pun",
      "team_name": " Pun",
      "rank": "88",
      "position_id": 8,
      "position_name": "Raider"
    },
    {
      "player_id": 267,
      "player_name": "Amit Kumar Tomar",
      "match_played": 9,
      "value": 8,
      "team_id": 2,
      "team": " Del",
      "team_name": " Del",
      "rank": "88",
      "position_id": 8,
      "position_name": "Raider"
    },
    {
      "player_id": 246,
      "player_name": "Harvinder Singh",
      "match_played": 4,
      "value": 8,
      "team_id": 7,
      "team": " Pun",
      "team_name": " Pun",
      "rank": "88",
      "position_id": 7,
      "position_name": "Defender, right cover"
    },
    {
      "player_id": 244,
      "player_name": "Ravi V.",
      "match_played": 2,
      "value": 8,
      "team_id": 7,
      "team": " Pun",
      "team_name": " Pun",
      "rank": "88",
      "position_id": 8,
      "position_name": "Raider"
    },
    {
      "player_id": 249,
      "player_name": "Hadi Oshtorak",
      "match_played": 4,
      "value": 7,
      "team_id": 8,
      "team": " Hyd",
      "team_name": " Hyd",
      "rank": "92",
      "position_id": 1,
      "position_name": "All Rounder"
    },
    {
      "player_id": 219,
      "player_name": "K. Prapanjan",
      "match_played": 4,
      "value": 7,
      "team_id": 5,
      "team": " Mum",
      "team_name": " Mum",
      "rank": "92",
      "position_id": 8,
      "position_name": "Raider"
    },
    {
      "player_id": 174,
      "player_name": "Deepak Kumar Dahiya",
      "match_played": 2,
      "value": 6,
      "team_id": 1,
      "team": " Ben",
      "team_name": " Ben",
      "rank": "94",
      "position_id": 8,
      "position_name": "Raider"
    },
    {
      "player_id": 178,
      "player_name": "Parveen M. Jangra",
      "match_played": 6,
      "value": 6,
      "team_id": 4,
      "team": " Kol",
      "team_name": " Kol",
      "rank": "94",
      "position_id": 4,
      "position_name": "Defender, left cover"
    },
    {
      "player_id": 184,
      "player_name": "Deepak Kumar",
      "match_played": 4,
      "value": 5,
      "team_id": 4,
      "team": " Kol",
      "team_name": " Kol",
      "rank": "96",
      "position_id": 3,
      "position_name": "Defender, left corner"
    },
    {
      "player_id": 202,
      "player_name": "Ashish Kumar",
      "match_played": 5,
      "value": 5,
      "team_id": 1,
      "team": " Ben",
      "team_name": " Ben",
      "rank": "96",
      "position_id": 7,
      "position_name": "Defender, right cover"
    },
    {
      "player_id": 208,
      "player_name": "Varinder Singh",
      "match_played": 8,
      "value": 5,
      "team_id": 6,
      "team": " Pat",
      "team_name": " Pat",
      "rank": "96",
      "position_id": 4,
      "position_name": "Defender, left cover"
    },
    {
      "player_id": 260,
      "player_name": "Vijay Malik",
      "match_played": 7,
      "value": 5,
      "team_id": 6,
      "team": " Pat",
      "team_name": " Pat",
      "rank": "96",
      "position_id": 8,
      "position_name": "Raider"
    },
    {
      "player_id": 236,
      "player_name": "T. Prasad",
      "match_played": 6,
      "value": 4,
      "team_id": 8,
      "team": " Hyd",
      "team_name": " Hyd",
      "rank": "100",
      "position_id": 1,
      "position_name": "All Rounder"
    },
    {
      "player_id": 223,
      "player_name": "Rajeev Kumar",
      "match_played": 3,
      "value": 4,
      "team_id": 2,
      "team": " Del",
      "team_name": " Del",
      "rank": "100",
      "position_id": 3,
      "position_name": "Defender, left corner"
    },
    {
      "player_id": 169,
      "player_name": "Sagar Khatale",
      "match_played": 4,
      "value": 4,
      "team_id": 7,
      "team": " Pun",
      "team_name": " Pun",
      "rank": "100",
      "position_id": 6,
      "position_name": "Defender, right corner"
    },
    {
      "player_id": 13,
      "player_name": "Seong Ryeol Kim",
      "match_played": 4,
      "value": 4,
      "team_id": 4,
      "team": " Kol",
      "team_name": " Kol",
      "rank": "100",
      "position_id": 9,
      "position_name": "Defender"
    },
    {
      "player_id": 66,
      "player_name": "Mahesh Goud",
      "match_played": 1,
      "value": 3,
      "team_id": 4,
      "team": " Kol",
      "team_name": " Kol",
      "rank": "104",
      "position_id": 8,
      "position_name": "Raider"
    },
    {
      "player_id": 250,
      "player_name": "Hyunil Park",
      "match_played": 2,
      "value": 3,
      "team_id": 8,
      "team": " Hyd",
      "team_name": " Hyd",
      "rank": "104",
      "position_id": 1,
      "position_name": "All Rounder"
    },
    {
      "player_id": 225,
      "player_name": "Sandeep Tomar",
      "match_played": 3,
      "value": 2,
      "team_id": 2,
      "team": " Del",
      "team_name": " Del",
      "rank": "106",
      "position_id": 8,
      "position_name": "Raider"
    },
    {
      "player_id": 241,
      "player_name": "Ravit Kumar",
      "match_played": 3,
      "value": 2,
      "team_id": 8,
      "team": " Hyd",
      "team_name": " Hyd",
      "rank": "106",
      "position_id": 8,
      "position_name": "Raider"
    },
    {
      "player_id": 205,
      "player_name": "Sandeep Malik",
      "match_played": 1,
      "value": 2,
      "team_id": 1,
      "team": " Ben",
      "team_name": " Ben",
      "rank": "106",
      "position_id": 3,
      "position_name": "Defender, left corner"
    },
    {
      "player_id": 206,
      "player_name": "Aman Kumar",
      "match_played": 4,
      "value": 2,
      "team_id": 6,
      "team": " Pat",
      "team_name": " Pat",
      "rank": "106",
      "position_id": 4,
      "position_name": "Defender, left cover"
    },
    {
      "player_id": 221,
      "player_name": "Anoop E.V.",
      "match_played": 2,
      "value": 2,
      "team_id": 5,
      "team": " Mum",
      "team_name": " Mum",
      "rank": "106",
      "position_id": 8,
      "position_name": "Raider"
    },
    {
      "player_id": 51,
      "player_name": "Jasmer Singh Gulia",
      "match_played": 3,
      "value": 2,
      "team_id": 2,
      "team": " Del",
      "team_name": " Del",
      "rank": "106",
      "position_id": 1,
      "position_name": "All Rounder"
    },
    {
      "player_id": 76,
      "player_name": "Nitin More",
      "match_played": 3,
      "value": 2,
      "team_id": 7,
      "team": " Pun",
      "team_name": " Pun",
      "rank": "106",
      "position_id": 4,
      "position_name": "Defender, left cover"
    },
    {
      "player_id": 173,
      "player_name": "Suresu Kumar",
      "match_played": 1,
      "value": 2,
      "team_id": 5,
      "team": " Mum",
      "team_name": " Mum",
      "rank": "106",
      "position_id": 8,
      "position_name": "Raider"
    },
    {
      "player_id": 165,
      "player_name": "Sachin Shingade",
      "match_played": 4,
      "value": 2,
      "team_id": 8,
      "team": " Hyd",
      "team_name": " Hyd",
      "rank": "106",
      "position_id": 4,
      "position_name": "Defender, left cover"
    },
    {
      "player_id": 159,
      "player_name": "Samarjeet Singh",
      "match_played": 5,
      "value": 2,
      "team_id": 3,
      "team": " Jai",
      "team_name": " Jai",
      "rank": "106",
      "position_id": 1,
      "position_name": "All Rounder"
    },
    {
      "player_id": 72,
      "player_name": "Navneet Gautam",
      "match_played": 7,
      "value": 1,
      "team_id": 3,
      "team": " Jai",
      "team_name": " Jai",
      "rank": "116",
      "position_id": 3,
      "position_name": "Defender, left corner"
    },
    {
      "player_id": 53,
      "player_name": "Jeeva Gopal",
      "match_played": 2,
      "value": 1,
      "team_id": 5,
      "team": " Mum",
      "team_name": " Mum",
      "rank": "116",
      "position_id": 4,
      "position_name": "Defender, left cover"
    },
    {
      "player_id": 21,
      "player_name": "Sinotharan Kanesharajah",
      "match_played": 2,
      "value": 1,
      "team_id": 1,
      "team": " Ben",
      "team_name": " Ben",
      "rank": "116",
      "position_id": 8,
      "position_name": "Raider"
    },
    {
      "player_id": 32,
      "player_name": "Balbir Singh",
      "match_played": 2,
      "value": 1,
      "team_id": 3,
      "team": " Jai",
      "team_name": " Jai",
      "rank": "116",
      "position_id": 1,
      "position_name": "All Rounder"
    },
    {
      "player_id": 45,
      "player_name": "Gurpreet Singh",
      "match_played": 2,
      "value": 1,
      "team_id": 1,
      "team": " Ben",
      "team_name": " Ben",
      "rank": "116",
      "position_id": 6,
      "position_name": "Defender, right corner"
    },
    {
      "player_id": 10,
      "player_name": "Simon Kibura",
      "match_played": 3,
      "value": 1,
      "team_id": 7,
      "team": " Pun",
      "team_name": " Pun",
      "rank": "116",
      "position_id": 8,
      "position_name": "Raider"
    },
    {
      "player_id": 36,
      "player_name": "Chandran Ranjit",
      "match_played": 1,
      "value": 1,
      "team_id": 8,
      "team": " Hyd",
      "team_name": " Hyd",
      "rank": "116",
      "position_id": 8,
      "position_name": "Raider"
    },
    {
      "player_id": 224,
      "player_name": "Inderpal Bishnoi",
      "match_played": 2,
      "value": 1,
      "team_id": 2,
      "team": " Del",
      "team_name": " Del",
      "rank": "116",
      "position_id": 8,
      "position_name": "Raider"
    },
    {
      "player_id": 237,
      "player_name": "Amit Kumar",
      "match_played": 1,
      "value": 1,
      "team_id": 7,
      "team": " Pun",
      "team_name": " Pun",
      "rank": "116",
      "position_id": 1,
      "position_name": "All Rounder"
    },
    {
      "player_id": 199,
      "player_name": "Kazuhiro Takano",
      "match_played": 2,
      "value": 1,
      "team_id": 3,
      "team": " Jai",
      "team_name": " Jai",
      "rank": "116",
      "position_id": 1,
      "position_name": "All Rounder"
    },
    {
      "player_id": 200,
      "player_name": "Mohammad Maghshoudulu",
      "match_played": 4,
      "value": 1,
      "team_id": 3,
      "team": " Jai",
      "team_name": " Jai",
      "rank": "116",
      "position_id": 1,
      "position_name": "All Rounder"
    },
    {
      "player_id": 201,
      "player_name": "Adinath Sakharam Gavali",
      "match_played": 1,
      "value": 1,
      "team_id": 1,
      "team": " Ben",
      "team_name": " Ben",
      "rank": "116",
      "position_id": 5,
      "position_name": "Defender, right and left cover"
    },
    {
      "player_id": 239,
      "player_name": "Jishnu",
      "match_played": 3,
      "value": 1,
      "team_id": 8,
      "team": " Hyd",
      "team_name": " Hyd",
      "rank": "116",
      "position_id": 7,
      "position_name": "Defender, right cover"
    }
  ],
  "language_lookup": {
    "stat": "Stat",
    "stat_id": "Stat Id",
    "minimum_criteria": "Minimum Criteria",
    "team_id": "Team Id",
    "team_name": "Team Name",
    "player_id": "Player Id",
    "player_name": "Player Name",
    "value": "Value",
    "match_played": "Match Played",
    "team": "Team",
    "tackles": "Tackles"
  }
}