{
  "stat": "Player Avg Raid Points",
  "stat_id": "138",
  "minimum_criteria": "",
  "data": [
    {
      "player_id": 197,
      "player_name": "Pardeep Narwal",
      "match_played": 26,
      "value": 14.19,
      "team_id": 6,
      "team_name": " Pat",
      "rank": "1",
      "position_id": 8,
      "position_name": "Raider"
    },
    {
      "player_id": 326,
      "player_name": "Rohit Kumar",
      "match_played": 22,
      "value": 9.95,
      "team_id": 1,
      "team_name": " Ben",
      "rank": "2",
      "position_id": 8,
      "position_name": "Raider"
    },
    {
      "player_id": 26,
      "player_name": "Ajay Thakur",
      "match_played": 22,
      "value": 9.68,
      "team_id": 29,
      "team_name": " TT",
      "rank": "3",
      "position_id": 8,
      "position_name": "Raider"
    },
    {
      "player_id": 143,
      "player_name": "Maninder Singh",
      "match_played": 21,
      "value": 9.05,
      "team_id": 4,
      "team_name": " Kol",
      "rank": "4",
      "position_id": 8,
      "position_name": "Raider"
    },
    {
      "player_id": 81,
      "player_name": "Rahul Chaudhari",
      "match_played": 22,
      "value": 8.36,
      "team_id": 8,
      "team_name": " Hyd",
      "rank": "5",
      "position_id": 8,
      "position_name": "Raider"
    },
    {
      "player_id": 320,
      "player_name": "Nitin Tomar",
      "match_played": 20,
      "value": 8.35,
      "team_id": 30,
      "team_name": " UPY",
      "rank": "6",
      "position_id": 8,
      "position_name": "Raider"
    },
    {
      "player_id": 94,
      "player_name": "Rishank Devadiga",
      "match_played": 21,
      "value": 7.86,
      "team_id": 30,
      "team_name": " UPY",
      "rank": "7",
      "position_id": 8,
      "position_name": "Raider"
    },
    {
      "player_id": 388,
      "player_name": "Monu Goyat",
      "match_played": 26,
      "value": 7.35,
      "team_id": 6,
      "team_name": " Pat",
      "rank": "8",
      "position_id": 8,
      "position_name": "Raider"
    },
    {
      "player_id": 41,
      "player_name": "Deepak Niwas Hooda",
      "match_played": 24,
      "value": 7.17,
      "team_id": 7,
      "team_name": " Pun",
      "rank": "9",
      "position_id": 1,
      "position_name": "All Rounder"
    },
    {
      "player_id": 757,
      "player_name": "Sachin",
      "match_played": 24,
      "value": 6.63,
      "team_id": 31,
      "team_name": " GFG",
      "rank": "10",
      "position_id": 8,
      "position_name": "Raider"
    },
    {
      "player_id": 366,
      "player_name": "Vikash Khandola",
      "match_played": 9,
      "value": 6.44,
      "team_id": 28,
      "team_name": " HS",
      "rank": "11",
      "position_id": 8,
      "position_name": "Raider"
    },
    {
      "player_id": 156,
      "player_name": "Pawan Kumar Kadian",
      "match_played": 21,
      "value": 5.81,
      "team_id": 3,
      "team_name": " Jai",
      "rank": "12",
      "position_id": 8,
      "position_name": "Raider"
    },
    {
      "player_id": 58,
      "player_name": "Kashiling Adake",
      "match_played": 20,
      "value": 5.7,
      "team_id": 5,
      "team_name": " Ben, Mum",
      "rank": "13",
      "position_id": 8,
      "position_name": "Raider"
    },
    {
      "player_id": 219,
      "player_name": "K. Prapanjan",
      "match_played": 22,
      "value": 5.59,
      "team_id": 29,
      "team_name": " TT",
      "rank": "14",
      "position_id": 8,
      "position_name": "Raider"
    },
    {
      "player_id": 29,
      "player_name": "Anup Kumar",
      "match_played": 21,
      "value": 5.33,
      "team_id": 5,
      "team_name": " Mum",
      "rank": "15",
      "position_id": 8,
      "position_name": "Raider"
    },
    {
      "player_id": 211,
      "player_name": "Deepak Narwal",
      "match_played": 16,
      "value": 5.31,
      "team_id": 4,
      "team_name": " Kol",
      "rank": "16",
      "position_id": 8,
      "position_name": "Raider"
    },
    {
      "player_id": 124,
      "player_name": "Wazir Singh",
      "match_played": 21,
      "value": 5.1,
      "team_id": 28,
      "team_name": " HS",
      "rank": "17",
      "position_id": 8,
      "position_name": "Raider"
    },
    {
      "player_id": 155,
      "player_name": "Prashanth Kumar Rai",
      "match_played": 16,
      "value": 4.88,
      "team_id": 28,
      "team_name": " HS",
      "rank": "18",
      "position_id": 8,
      "position_name": "Raider"
    },
    {
      "player_id": 251,
      "player_name": "Meraj Sheykh",
      "match_played": 20,
      "value": 4.8,
      "team_id": 2,
      "team_name": " Del",
      "rank": "19",
      "position_id": 1,
      "position_name": "All Rounder"
    },
    {
      "player_id": 300,
      "player_name": "Abolfazl Maghsodloumahali",
      "match_played": 19,
      "value": 4.79,
      "team_id": 2,
      "team_name": " Del",
      "rank": "20",
      "position_id": 8,
      "position_name": "Raider"
    },
    {
      "player_id": 106,
      "player_name": "Shrikant Jadhav",
      "match_played": 19,
      "value": 4.78,
      "team_id": 5,
      "team_name": " Mum",
      "rank": "21",
      "position_id": 8,
      "position_name": "Raider"
    },
    {
      "player_id": 174,
      "player_name": "Deepak Kumar Dahiya",
      "match_played": 16,
      "value": 4.75,
      "team_id": 28,
      "team_name": " HS",
      "rank": "22",
      "position_id": 8,
      "position_name": "Raider"
    },
    {
      "player_id": 293,
      "player_name": "Nilesh Salunke",
      "match_played": 21,
      "value": 4.67,
      "team_id": 8,
      "team_name": " Hyd",
      "rank": "23",
      "position_id": 8,
      "position_name": "Raider"
    },
    {
      "player_id": 36,
      "player_name": "Chandran Ranjit",
      "match_played": 11,
      "value": 4.64,
      "team_id": 31,
      "team_name": " GFG",
      "rank": "24",
      "position_id": 8,
      "position_name": "Raider"
    },
    {
      "player_id": 12,
      "player_name": "Jang Kun Lee",
      "match_played": 21,
      "value": 4.24,
      "team_id": 4,
      "team_name": " Kol",
      "rank": "25",
      "position_id": 8,
      "position_name": "Raider"
    },
    {
      "player_id": 111,
      "player_name": "Sukesh Hegde",
      "match_played": 18,
      "value": 4.17,
      "team_id": 31,
      "team_name": " GFG",
      "rank": "26",
      "position_id": 8,
      "position_name": "Raider"
    },
    {
      "player_id": 52,
      "player_name": "Jasvir Singh",
      "match_played": 15,
      "value": 4.07,
      "team_id": 3,
      "team_name": " Jai",
      "rank": "27",
      "position_id": 8,
      "position_name": "Raider"
    },
    {
      "player_id": 389,
      "player_name": "Ajay Kumar",
      "match_played": 22,
      "value": 4.05,
      "team_id": 1,
      "team_name": " Ben",
      "rank": "28",
      "position_id": 8,
      "position_name": "Raider"
    },
    {
      "player_id": 234,
      "player_name": "Surender Singh",
      "match_played": 18,
      "value": 4.0,
      "team_id": 30,
      "team_name": " UPY",
      "rank": "29",
      "position_id": 8,
      "position_name": "Raider"
    },
    {
      "player_id": 261,
      "player_name": "Rohit Baliyan",
      "match_played": 17,
      "value": 3.82,
      "team_id": 2,
      "team_name": " Del",
      "rank": "30",
      "position_id": 8,
      "position_name": "Raider"
    },
    {
      "player_id": 242,
      "player_name": "Tushar Patil",
      "match_played": 17,
      "value": 3.76,
      "team_id": 3,
      "team_name": " Jai",
      "rank": "31",
      "position_id": 8,
      "position_name": "Raider"
    },
    {
      "player_id": 85,
      "player_name": "Rajesh Mondal",
      "match_played": 24,
      "value": 3.75,
      "team_id": 7,
      "team_name": " Pun",
      "rank": "32",
      "position_id": 8,
      "position_name": "Raider"
    },
    {
      "player_id": 119,
      "player_name": "CPO Surjeet Singh",
      "match_played": 17,
      "value": 3.47,
      "team_id": 28,
      "team_name": " HS",
      "rank": "33",
      "position_id": 8,
      "position_name": "Raider"
    },
    {
      "player_id": 163,
      "player_name": "Mahendra Ganesh Rajput",
      "match_played": 17,
      "value": 3.35,
      "team_id": 31,
      "team_name": " GFG",
      "rank": "34",
      "position_id": 8,
      "position_name": "Raider"
    },
    {
      "player_id": 718,
      "player_name": "R. Sriram",
      "match_played": 11,
      "value": 3.18,
      "team_id": 2,
      "team_name": " Del",
      "rank": "35",
      "position_id": 8,
      "position_name": "Raider"
    },
    {
      "player_id": 791,
      "player_name": "Nitin Rawal",
      "match_played": 21,
      "value": 3.1,
      "team_id": 3,
      "team_name": " Jai",
      "rank": "36",
      "position_id": 9,
      "position_name": "Defender"
    },
    {
      "player_id": 105,
      "player_name": "Shabeer Bappu",
      "match_played": 12,
      "value": 2.92,
      "team_id": 5,
      "team_name": " Mum",
      "rank": "37",
      "position_id": 8,
      "position_name": "Raider"
    },
    {
      "player_id": 204,
      "player_name": "Rakesh Narwal",
      "match_played": 6,
      "value": 2.83,
      "team_id": 31,
      "team_name": " GFG",
      "rank": "38",
      "position_id": 8,
      "position_name": "Raider"
    },
    {
      "player_id": 313,
      "player_name": "Virender Wazir Singh",
      "match_played": 3,
      "value": 2.67,
      "team_id": 4,
      "team_name": " Kol",
      "rank": "39",
      "position_id": 8,
      "position_name": "Raider"
    },
    {
      "player_id": 567,
      "player_name": "Mohsen Maghsoudloujafari",
      "match_played": 16,
      "value": 2.56,
      "team_id": 8,
      "team_name": " Hyd",
      "rank": "40",
      "position_id": 8,
      "position_name": "Raider"
    },
    {
      "player_id": 667,
      "player_name": "Elangeshwaran R",
      "match_played": 5,
      "value": 2.4,
      "team_id": 8,
      "team_name": " Hyd",
      "rank": "41",
      "position_id": 1,
      "position_name": "All Rounder"
    },
    {
      "player_id": 324,
      "player_name": "Darshan Kadian",
      "match_played": 16,
      "value": 2.36,
      "team_id": 5,
      "team_name": " Mum",
      "rank": "42",
      "position_id": 8,
      "position_name": "Raider"
    },
    {
      "player_id": 772,
      "player_name": "More GB",
      "match_played": 6,
      "value": 2.33,
      "team_id": 7,
      "team_name": " Pun",
      "rank": "43",
      "position_id": 8,
      "position_name": "Raider"
    },
    {
      "player_id": 762,
      "player_name": "Vikas Kumar",
      "match_played": 14,
      "value": 2.14,
      "team_id": 8,
      "team_name": " Hyd",
      "rank": "44",
      "position_id": 8,
      "position_name": "Raider"
    },
    {
      "player_id": 648,
      "player_name": "Ajit Singh",
      "match_played": 11,
      "value": 2.09,
      "team_id": 3,
      "team_name": " Jai",
      "rank": "45",
      "position_id": 8,
      "position_name": "Raider"
    },
    {
      "player_id": 689,
      "player_name": "Mohan Raman G",
      "match_played": 4,
      "value": 2.0,
      "team_id": 5,
      "team_name": " Mum",
      "rank": "46",
      "position_id": 8,
      "position_name": "Raider"
    },
    {
      "player_id": 771,
      "player_name": "Suresh Kumar",
      "match_played": 11,
      "value": 2.0,
      "team_id": 7,
      "team_name": " Pun",
      "rank": "46",
      "position_id": 8,
      "position_name": "Raider"
    },
    {
      "player_id": 837,
      "player_name": "Rakshith",
      "match_played": 6,
      "value": 2.0,
      "team_id": 8,
      "team_name": " Hyd",
      "rank": "46",
      "position_id": 8,
      "position_name": "Raider"
    },
    {
      "player_id": 387,
      "player_name": "Vinod Kumar",
      "match_played": 19,
      "value": 1.94,
      "team_id": 4,
      "team_name": " Kol",
      "rank": "49",
      "position_id": 8,
      "position_name": "Raider"
    },
    {
      "player_id": 46,
      "player_name": "Gurvinder Singh",
      "match_played": 9,
      "value": 1.89,
      "team_id": 1,
      "team_name": " Ben",
      "rank": "50",
      "position_id": 8,
      "position_name": "Raider"
    },
    {
      "player_id": 66,
      "player_name": "Mahesh Goud",
      "match_played": 21,
      "value": 1.84,
      "team_id": 30,
      "team_name": " UPY",
      "rank": "51",
      "position_id": 8,
      "position_name": "Raider"
    },
    {
      "player_id": 686,
      "player_name": "Rohit Gulia",
      "match_played": 19,
      "value": 1.84,
      "team_id": 31,
      "team_name": " GFG",
      "rank": "51",
      "position_id": 1,
      "position_name": "All Rounder"
    },
    {
      "player_id": 576,
      "player_name": "Anand Patil",
      "match_played": 19,
      "value": 1.83,
      "team_id": 2,
      "team_name": " Del",
      "rank": "53",
      "position_id": 8,
      "position_name": "Raider"
    },
    {
      "player_id": 195,
      "player_name": "Ashish Chhokar",
      "match_played": 5,
      "value": 1.8,
      "team_id": 28,
      "team_name": " HS",
      "rank": "54",
      "position_id": 8,
      "position_name": "Raider"
    },
    {
      "player_id": 522,
      "player_name": "Dong Geon Lee",
      "match_played": 17,
      "value": 1.71,
      "team_id": 29,
      "team_name": " TT",
      "rank": "55",
      "position_id": 8,
      "position_name": "Raider"
    },
    {
      "player_id": 372,
      "player_name": "Harish Naik",
      "match_played": 14,
      "value": 1.71,
      "team_id": 1,
      "team_name": " Ben",
      "rank": "55",
      "position_id": 8,
      "position_name": "Raider"
    },
    {
      "player_id": 34,
      "player_name": "Bhupender Singh",
      "match_played": 17,
      "value": 1.65,
      "team_id": 4,
      "team_name": " Kol",
      "rank": "57",
      "position_id": 1,
      "position_name": "All Rounder"
    },
    {
      "player_id": 142,
      "player_name": "Sandeep Narwal",
      "match_played": 21,
      "value": 1.65,
      "team_id": 7,
      "team_name": " Pun",
      "rank": "57",
      "position_id": 1,
      "position_name": "All Rounder"
    },
    {
      "player_id": 764,
      "player_name": "Vinod Kumar",
      "match_played": 21,
      "value": 1.62,
      "team_id": 6,
      "team_name": " Pat",
      "rank": "59",
      "position_id": 8,
      "position_name": "Raider"
    },
    {
      "player_id": 745,
      "player_name": "Vijay",
      "match_played": 19,
      "value": 1.59,
      "team_id": 6,
      "team_name": " Pat",
      "rank": "60",
      "position_id": 8,
      "position_name": "Raider"
    },
    {
      "player_id": 696,
      "player_name": "M. Thivakaran",
      "match_played": 9,
      "value": 1.56,
      "team_id": 29,
      "team_name": " TT",
      "rank": "61",
      "position_id": 8,
      "position_name": "Raider"
    },
    {
      "player_id": 172,
      "player_name": "Vinoth Kumar",
      "match_played": 4,
      "value": 1.5,
      "team_id": 8,
      "team_name": " Hyd",
      "rank": "62",
      "position_id": 8,
      "position_name": "Raider"
    },
    {
      "player_id": 264,
      "player_name": "Selvamani K",
      "match_played": 3,
      "value": 1.33,
      "team_id": 3,
      "team_name": " Jai",
      "rank": "63",
      "position_id": 8,
      "position_name": "Raider"
    },
    {
      "player_id": 252,
      "player_name": "Kuldeep Singh",
      "match_played": 20,
      "value": 1.23,
      "team_id": 5,
      "team_name": " Mum",
      "rank": "64",
      "position_id": 1,
      "position_name": "All Rounder"
    },
    {
      "player_id": 141,
      "player_name": "Sunil Jaipal",
      "match_played": 13,
      "value": 1.23,
      "team_id": 1,
      "team_name": " Ben",
      "rank": "64",
      "position_id": 8,
      "position_name": "Raider"
    },
    {
      "player_id": 217,
      "player_name": "Rohit Kumar Choudary",
      "match_played": 11,
      "value": 1.18,
      "team_id": 7,
      "team_name": " Pun",
      "rank": "66",
      "position_id": 8,
      "position_name": "Raider"
    },
    {
      "player_id": 160,
      "player_name": "Ran Singh",
      "match_played": 23,
      "value": 1.09,
      "team_id": 4,
      "team_name": " Kol",
      "rank": "67",
      "position_id": 1,
      "position_name": "All Rounder"
    },
    {
      "player_id": 75,
      "player_name": "Nitin Madane",
      "match_played": 12,
      "value": 1.08,
      "team_id": 5,
      "team_name": " Mum",
      "rank": "68",
      "position_id": 8,
      "position_name": "Raider"
    },
    {
      "player_id": 92,
      "player_name": "Ravi Dalal",
      "match_played": 5,
      "value": 1.0,
      "team_id": 2,
      "team_name": " Del",
      "rank": "69",
      "position_id": 8,
      "position_name": "Raider"
    },
    {
      "player_id": 202,
      "player_name": "Ashish Kumar",
      "match_played": 20,
      "value": 1.0,
      "team_id": 1,
      "team_name": " Ben",
      "rank": "69",
      "position_id": 7,
      "position_name": "Defender, right cover"
    },
    {
      "player_id": 266,
      "player_name": "David Shilisia J Mosambayi",
      "match_played": 2,
      "value": 1.0,
      "team_id": 28,
      "team_name": " HS",
      "rank": "69",
      "position_id": 8,
      "position_name": "Raider"
    },
    {
      "player_id": 318,
      "player_name": "Pawan Kumar Sehrawat",
      "match_played": 9,
      "value": 1.0,
      "team_id": 31,
      "team_name": " Ben, GFG",
      "rank": "69",
      "position_id": 8,
      "position_name": "Raider"
    },
    {
      "player_id": 738,
      "player_name": "Rahul Choudhary",
      "match_played": 5,
      "value": 1.0,
      "team_id": 3,
      "team_name": " Jai",
      "rank": "69",
      "position_id": 8,
      "position_name": "Raider"
    },
    {
      "player_id": 578,
      "player_name": "Mayur Shivtarkar",
      "match_played": 5,
      "value": 1.0,
      "team_id": 28,
      "team_name": " HS",
      "rank": "69",
      "position_id": 1,
      "position_name": "All Rounder"
    },
    {
      "player_id": 370,
      "player_name": "Ravindra Ramesh Kumawat",
      "match_played": 2,
      "value": 1.0,
      "team_id": 4,
      "team_name": " Kol",
      "rank": "69",
      "position_id": 1,
      "position_name": "All Rounder"
    },
    {
      "player_id": 795,
      "player_name": "Monu",
      "match_played": 19,
      "value": 1.0,
      "team_id": 7,
      "team_name": " Pun",
      "rank": "69",
      "position_id": 8,
      "position_name": "Raider"
    },
    {
      "player_id": 268,
      "player_name": "Vineet Sharma",
      "match_played": 18,
      "value": 0.94,
      "team_id": 29,
      "team_name": " TT",
      "rank": "77",
      "position_id": 8,
      "position_name": "Raider"
    },
    {
      "player_id": 365,
      "player_name": "Akshay Jadhav",
      "match_played": 10,
      "value": 0.9,
      "team_id": 7,
      "team_name": " Pun",
      "rank": "78",
      "position_id": 8,
      "position_name": "Raider"
    },
    {
      "player_id": 605,
      "player_name": "Shubham Ashok Palkar",
      "match_played": 8,
      "value": 0.88,
      "team_id": 2,
      "team_name": " Del",
      "rank": "79",
      "position_id": 8,
      "position_name": "Raider"
    },
    {
      "player_id": 121,
      "player_name": "Vikas Jaglan",
      "match_played": 13,
      "value": 0.83,
      "team_id": 6,
      "team_name": " Pat",
      "rank": "80",
      "position_id": 8,
      "position_name": "Raider"
    },
    {
      "player_id": 660,
      "player_name": "Bhavani Rajput",
      "match_played": 4,
      "value": 0.75,
      "team_id": 29,
      "team_name": " TT",
      "rank": "81",
      "position_id": 8,
      "position_name": "Raider"
    },
    {
      "player_id": 647,
      "player_name": "Gulveer Singh",
      "match_played": 4,
      "value": 0.75,
      "team_id": 30,
      "team_name": " UPY",
      "rank": "81",
      "position_id": 8,
      "position_name": "Raider"
    },
    {
      "player_id": 88,
      "player_name": "Rakesh Kumar",
      "match_played": 10,
      "value": 0.7,
      "team_id": 8,
      "team_name": " Hyd",
      "rank": "83",
      "position_id": 1,
      "position_name": "All Rounder"
    },
    {
      "player_id": 86,
      "player_name": "Rajesh Narwal",
      "match_played": 16,
      "value": 0.69,
      "team_id": 30,
      "team_name": " UPY",
      "rank": "84",
      "position_id": 1,
      "position_name": "All Rounder"
    },
    {
      "player_id": 173,
      "player_name": "Suresu Kumar",
      "match_played": 3,
      "value": 0.67,
      "team_id": 2,
      "team_name": " Del",
      "rank": "85",
      "position_id": 8,
      "position_name": "Raider"
    },
    {
      "player_id": 722,
      "player_name": "D. Pradap",
      "match_played": 16,
      "value": 0.6,
      "team_id": 29,
      "team_name": " TT",
      "rank": "86",
      "position_id": 1,
      "position_name": "All Rounder"
    },
    {
      "player_id": 390,
      "player_name": "Jawahar Dagar",
      "match_played": 18,
      "value": 0.6,
      "team_id": 6,
      "team_name": " Pat",
      "rank": "86",
      "position_id": 8,
      "position_name": "Raider"
    },
    {
      "player_id": 482,
      "player_name": "Farhad Rahimi Milaghardan",
      "match_played": 18,
      "value": 0.6,
      "team_id": 8,
      "team_name": " Hyd",
      "rank": "86",
      "position_id": 7,
      "position_name": "Defender, right cover"
    },
    {
      "player_id": 773,
      "player_name": "Satpal",
      "match_played": 10,
      "value": 0.57,
      "team_id": 2,
      "team_name": " Del",
      "rank": "89",
      "position_id": 6,
      "position_name": "Defender, right corner"
    },
    {
      "player_id": 735,
      "player_name": "Vishal",
      "match_played": 5,
      "value": 0.5,
      "team_id": 2,
      "team_name": " Del",
      "rank": "90",
      "position_id": 1,
      "position_name": "All Rounder"
    },
    {
      "player_id": 301,
      "player_name": "Hadi Tajik",
      "match_played": 9,
      "value": 0.5,
      "team_id": 30,
      "team_name": " UPY",
      "rank": "90",
      "position_id": 6,
      "position_name": "Defender, right corner"
    },
    {
      "player_id": 275,
      "player_name": "Deepak Kumar Rathee",
      "match_played": 6,
      "value": 0.5,
      "team_id": 28,
      "team_name": " HS",
      "rank": "90",
      "position_id": 1,
      "position_name": "All Rounder"
    },
    {
      "player_id": 73,
      "player_name": "Nilesh Shinde",
      "match_played": 15,
      "value": 0.5,
      "team_id": 2,
      "team_name": " Del",
      "rank": "90",
      "position_id": 6,
      "position_name": "Defender, right corner"
    },
    {
      "player_id": 69,
      "player_name": "Manjeet Chhillar",
      "match_played": 15,
      "value": 0.5,
      "team_id": 3,
      "team_name": " Jai",
      "rank": "90",
      "position_id": 1,
      "position_name": "All Rounder"
    },
    {
      "player_id": 161,
      "player_name": "Girish Maruti Ernak",
      "match_played": 21,
      "value": 0.45,
      "team_id": 7,
      "team_name": " Pun",
      "rank": "95",
      "position_id": 3,
      "position_name": "Defender, left corner"
    },
    {
      "player_id": 71,
      "player_name": "Mohit Chhillar",
      "match_played": 20,
      "value": 0.43,
      "team_id": 28,
      "team_name": " HS",
      "rank": "96",
      "position_id": 6,
      "position_name": "Defender, right corner"
    },
    {
      "player_id": 101,
      "player_name": "Santhosh B.S",
      "match_played": 9,
      "value": 0.43,
      "team_id": 30,
      "team_name": " UPY",
      "rank": "96",
      "position_id": 3,
      "position_name": "Defender, left corner"
    },
    {
      "player_id": 157,
      "player_name": "Ravinder Pahal",
      "match_played": 19,
      "value": 0.4,
      "team_id": 1,
      "team_name": " Ben",
      "rank": "98",
      "position_id": 6,
      "position_name": "Defender, right corner"
    },
    {
      "player_id": 611,
      "player_name": "Sidharth",
      "match_played": 21,
      "value": 0.36,
      "team_id": 3,
      "team_name": " Jai",
      "rank": "99",
      "position_id": 1,
      "position_name": "All Rounder"
    },
    {
      "player_id": 167,
      "player_name": "Preetam Chhillar",
      "match_played": 16,
      "value": 0.27,
      "team_id": 1,
      "team_name": " Ben",
      "rank": "100",
      "position_id": 1,
      "position_name": "All Rounder"
    },
    {
      "player_id": 218,
      "player_name": "Sachin Kumar",
      "match_played": 9,
      "value": 0.25,
      "team_id": 1,
      "team_name": " Ben",
      "rank": "101",
      "position_id": 3,
      "position_name": "Defender, left corner"
    },
    {
      "player_id": 146,
      "player_name": "Surender Nada",
      "match_played": 21,
      "value": 0.25,
      "team_id": 28,
      "team_name": " HS",
      "rank": "101",
      "position_id": 3,
      "position_name": "Defender, left corner"
    },
    {
      "player_id": 272,
      "player_name": "Umesh Mhatre",
      "match_played": 5,
      "value": 0.2,
      "team_id": 7,
      "team_name": " Pun",
      "rank": "103",
      "position_id": 8,
      "position_name": "Raider"
    },
    {
      "player_id": 796,
      "player_name": "Rinku Narwal",
      "match_played": 13,
      "value": 0.2,
      "team_id": 7,
      "team_name": " Pun",
      "rank": "103",
      "position_id": 3,
      "position_name": "Defender, left corner"
    },
    {
      "player_id": 489,
      "player_name": "Abozar Mohajermighani",
      "match_played": 24,
      "value": 0.17,
      "team_id": 31,
      "team_name": " GFG",
      "rank": "105",
      "position_id": 9,
      "position_name": "Defender"
    },
    {
      "player_id": 322,
      "player_name": "PO Surjeet Singh",
      "match_played": 24,
      "value": 0.16,
      "team_id": 4,
      "team_name": " Kol",
      "rank": "106",
      "position_id": 7,
      "position_name": "Defender, right cover"
    },
    {
      "player_id": 347,
      "player_name": "Sagar B Krishna",
      "match_played": 17,
      "value": 0.14,
      "team_id": 30,
      "team_name": " UPY",
      "rank": "107",
      "position_id": 1,
      "position_name": "All Rounder"
    },
    {
      "player_id": 191,
      "player_name": "C. Arun",
      "match_played": 20,
      "value": 0.13,
      "team_id": 29,
      "team_name": " TT",
      "rank": "108",
      "position_id": 4,
      "position_name": "Defender, left cover"
    },
    {
      "player_id": 368,
      "player_name": "Sunil Kumar",
      "match_played": 24,
      "value": 0.08,
      "team_id": 31,
      "team_name": " GFG",
      "rank": "109",
      "position_id": 7,
      "position_name": "Defender, right cover"
    },
    {
      "player_id": 638,
      "player_name": "Kamal Kishor Jat",
      "match_played": 7,
      "value": 0.0,
      "team_id": 3,
      "team_name": " Jai",
      "rank": "110",
      "position_id": 8,
      "position_name": "Raider"
    },
    {
      "player_id": 665,
      "player_name": "Pankaj",
      "match_played": 13,
      "value": 0.0,
      "team_id": 30,
      "team_name": " UPY",
      "rank": "110",
      "position_id": 1,
      "position_name": "All Rounder"
    },
    {
      "player_id": 580,
      "player_name": "Vishnu Uthaman",
      "match_played": 3,
      "value": 0.0,
      "team_id": 6,
      "team_name": " Pat",
      "rank": "110",
      "position_id": 8,
      "position_name": "Raider"
    },
    {
      "player_id": 212,
      "player_name": "Amit Hooda",
      "match_played": 22,
      "value": 0.0,
      "team_id": 29,
      "team_name": " TT",
      "rank": "110",
      "position_id": 6,
      "position_name": "Defender, right corner"
    },
    {
      "player_id": 259,
      "player_name": "Fazel Atrachali",
      "match_played": 24,
      "value": 0.0,
      "team_id": 31,
      "team_name": " GFG",
      "rank": "110",
      "position_id": 3,
      "position_name": "Defender, left corner"
    },
    {
      "player_id": 150,
      "player_name": "Parmod Narwal",
      "match_played": 6,
      "value": 0.0,
      "team_id": 28,
      "team_name": " HS",
      "rank": "110",
      "position_id": 1,
      "position_name": "All Rounder"
    },
    {
      "player_id": 97,
      "player_name": "Rupesh Tomar",
      "match_played": 1,
      "value": 0.0,
      "team_id": 2,
      "team_name": " Del",
      "rank": "110",
      "position_id": 1,
      "position_name": "All Rounder"
    },
    {
      "player_id": 42,
      "player_name": "Dharmaraj Cheralathan",
      "match_played": 18,
      "value": 0.0,
      "team_id": 7,
      "team_name": " Pun",
      "rank": "110",
      "position_id": 10,
      "position_name": "Defender, right and left corner"
    }
  ],
  "language_lookup": {
    "stat": "Stat",
    "stat_id": "Stat Id",
    "minimum_criteria": "Minimum Criteria",
    "team_id": "Team Id",
    "team_name": "Team Name",
    "player_id": "Player Id",
    "player_name": "Player Name",
    "value": "Value",
    "match_played": "Match Played",
    "team": "Team",
    "tackles": "Tackles"
  }
}