{
  "stat": "Player Successful Tackles",
  "stat_id": "23",
  "minimum_criteria": "More than 0 Successful Tackles",
  "data": [
    {
      "player_id": 725,
      "player_name": "Nitesh Kumar",
      "team": " UPY",
      "match_played": 25,
      "tackles": 154,
      "value": 92,
      "team_id": 30,
      "team_name": " UPY",
      "rank": "1",
      "position_id": 9,
      "position_name": "Defender",
      "team_full_name": "U.P. Yoddha"
    },
    {
      "player_id": 357,
      "player_name": "Parvesh Bhainswal",
      "team": " GFG",
      "match_played": 25,
      "tackles": 138,
      "value": 82,
      "team_id": 31,
      "team_name": " GFG",
      "rank": "2",
      "position_id": 4,
      "position_name": "Defender, left cover",
      "team_full_name": "Gujarat Fortunegiants"
    },
    {
      "player_id": 259,
      "player_name": "Fazel Atrachali",
      "team": " Mum",
      "match_played": 23,
      "tackles": 130,
      "value": 80,
      "team_id": 5,
      "team_name": " Mum",
      "rank": "3",
      "position_id": 3,
      "position_name": "Defender, left corner",
      "team_full_name": "U Mumba"
    },
    {
      "player_id": 368,
      "player_name": "Sunil Kumar",
      "team": " GFG",
      "match_played": 25,
      "tackles": 140,
      "value": 72,
      "team_id": 31,
      "team_name": " GFG",
      "rank": "4",
      "position_id": 9,
      "position_name": "Defender",
      "team_full_name": "Gujarat Fortunegiants"
    },
    {
      "player_id": 769,
      "player_name": "Mahender Singh",
      "team": " Ben",
      "match_played": 24,
      "tackles": 122,
      "value": 62,
      "team_id": 1,
      "team_name": " Ben",
      "rank": "5",
      "position_id": 4,
      "position_name": "Defender, left cover",
      "team_full_name": "Bengaluru Bulls"
    },
    {
      "player_id": 290,
      "player_name": "Sandeep Kumar Dhull",
      "team": " Jai",
      "match_played": 22,
      "tackles": 128,
      "value": 62,
      "team_id": 3,
      "team_name": " Jai",
      "rank": "5",
      "position_id": 3,
      "position_name": "Defender, left corner",
      "team_full_name": "Jaipur Pink Panthers"
    },
    {
      "player_id": 733,
      "player_name": "Surender Singh",
      "team": " Mum",
      "match_played": 22,
      "tackles": 127,
      "value": 59,
      "team_id": 5,
      "team_name": " Mum",
      "rank": "7",
      "position_id": 9,
      "position_name": "Defender",
      "team_full_name": "U Mumba"
    },
    {
      "player_id": 579,
      "player_name": "Jaideep",
      "team": " Pat",
      "match_played": 22,
      "tackles": 134,
      "value": 56,
      "team_id": 6,
      "team_name": " Pat",
      "rank": "8",
      "position_id": 3,
      "position_name": "Defender, left corner",
      "team_full_name": "Patna Pirates"
    },
    {
      "player_id": 157,
      "player_name": "Ravinder Pahal",
      "team": " Del",
      "match_played": 22,
      "tackles": 125,
      "value": 56,
      "team_id": 2,
      "team_name": " Del",
      "rank": "8",
      "position_id": 6,
      "position_name": "Defender, right corner",
      "team_full_name": "Dabang Delhi K.C."
    },
    {
      "player_id": 69,
      "player_name": "Manjeet Chhillar",
      "team": " TT",
      "match_played": 19,
      "tackles": 121,
      "value": 54,
      "team_id": 29,
      "team_name": " TT",
      "rank": "10",
      "position_id": 1,
      "position_name": "All Rounder",
      "team_full_name": "Tamil Thalaivas"
    },
    {
      "player_id": 161,
      "player_name": "Girish Maruti Ernak",
      "team": " Pun",
      "match_played": 20,
      "tackles": 113,
      "value": 52,
      "team_id": 7,
      "team_name": " Pun",
      "rank": "11",
      "position_id": 3,
      "position_name": "Defender, left corner",
      "team_full_name": "Puneri Paltan"
    },
    {
      "player_id": 322,
      "player_name": "PO Surjeet Singh",
      "team": " Kol",
      "match_played": 23,
      "tackles": 129,
      "value": 52,
      "team_id": 4,
      "team_name": " Kol",
      "rank": "11",
      "position_id": 7,
      "position_name": "Defender, right cover",
      "team_full_name": "Bengal Warriors"
    },
    {
      "player_id": 358,
      "player_name": "Vishal Bhardwaj",
      "team": " Hyd",
      "match_played": 17,
      "tackles": 95,
      "value": 51,
      "team_id": 8,
      "team_name": " Hyd",
      "rank": "13",
      "position_id": 9,
      "position_name": "Defender",
      "team_full_name": "Telugu Titans"
    },
    {
      "player_id": 489,
      "player_name": "Abozar Mohajermighani",
      "team": " Hyd",
      "match_played": 21,
      "tackles": 98,
      "value": 48,
      "team_id": 8,
      "team_name": " Hyd",
      "rank": "14",
      "position_id": 9,
      "position_name": "Defender",
      "team_full_name": "Telugu Titans"
    },
    {
      "player_id": 194,
      "player_name": "Joginder Singh Narwal",
      "team": " Del",
      "match_played": 22,
      "tackles": 111,
      "value": 47,
      "team_id": 2,
      "team_name": " Del",
      "rank": "15",
      "position_id": 3,
      "position_name": "Defender, left corner",
      "team_full_name": "Dabang Delhi K.C."
    },
    {
      "player_id": 212,
      "player_name": "Amit Hooda",
      "team": " TT",
      "match_played": 18,
      "tackles": 85,
      "value": 45,
      "team_id": 29,
      "team_name": " TT",
      "rank": "16",
      "position_id": 6,
      "position_name": "Defender, right corner",
      "team_full_name": "Tamil Thalaivas"
    },
    {
      "player_id": 732,
      "player_name": "Kuldeep Singh",
      "team": " HS",
      "match_played": 22,
      "tackles": 105,
      "value": 45,
      "team_id": 28,
      "team_name": " HS",
      "rank": "16",
      "position_id": 9,
      "position_name": "Defender",
      "team_full_name": "Haryana Steelers"
    },
    {
      "player_id": 2023,
      "player_name": "Ruturaj Shivaji Koravi",
      "team": " GFG",
      "match_played": 23,
      "tackles": 121,
      "value": 44,
      "team_id": 31,
      "team_name": " GFG",
      "rank": "18",
      "position_id": 9,
      "position_name": "Defender",
      "team_full_name": "Gujarat Fortunegiants"
    },
    {
      "player_id": 160,
      "player_name": "Ran Singh",
      "team": " Kol",
      "match_played": 22,
      "tackles": 88,
      "value": 41,
      "team_id": 4,
      "team_name": " Kol",
      "rank": "19",
      "position_id": 1,
      "position_name": "All Rounder",
      "team_full_name": "Bengal Warriors"
    },
    {
      "player_id": 2462,
      "player_name": "Sunil",
      "team": " HS",
      "match_played": 22,
      "tackles": 122,
      "value": 41,
      "team_id": 28,
      "team_name": " HS",
      "rank": "19",
      "position_id": 6,
      "position_name": "Defender, right corner",
      "team_full_name": "Haryana Steelers"
    },
    {
      "player_id": 218,
      "player_name": "Sachin Kumar",
      "team": " UPY",
      "match_played": 25,
      "tackles": 101,
      "value": 39,
      "team_id": 30,
      "team_name": " UPY",
      "rank": "21",
      "position_id": 1,
      "position_name": "All Rounder",
      "team_full_name": "U.P. Yoddha"
    },
    {
      "player_id": 202,
      "player_name": "Ashish Kumar",
      "team": " Ben",
      "match_played": 24,
      "tackles": 87,
      "value": 37,
      "team_id": 1,
      "team_name": " Ben",
      "rank": "22",
      "position_id": 1,
      "position_name": "All Rounder",
      "team_full_name": "Bengaluru Bulls"
    },
    {
      "player_id": 96,
      "player_name": "Rohit Rana",
      "team": " Mum",
      "match_played": 19,
      "tackles": 91,
      "value": 37,
      "team_id": 5,
      "team_name": " Mum",
      "rank": "22",
      "position_id": 4,
      "position_name": "Defender, left cover",
      "team_full_name": "U Mumba"
    },
    {
      "player_id": 42,
      "player_name": "Dharmaraj Cheralathan",
      "team": " Mum",
      "match_played": 22,
      "tackles": 69,
      "value": 37,
      "team_id": 5,
      "team_name": " Mum",
      "rank": "22",
      "position_id": 10,
      "position_name": "Defender, right and left corner",
      "team_full_name": "U Mumba"
    },
    {
      "player_id": 778,
      "player_name": "Narender",
      "team": " UPY",
      "match_played": 25,
      "tackles": 119,
      "value": 37,
      "team_id": 30,
      "team_name": " UPY",
      "rank": "22",
      "position_id": 1,
      "position_name": "All Rounder",
      "team_full_name": "U.P. Yoddha"
    },
    {
      "player_id": 794,
      "player_name": "Amit Sheoran",
      "team": " Ben",
      "match_played": 15,
      "tackles": 71,
      "value": 36,
      "team_id": 1,
      "team_name": " Ben",
      "rank": "26",
      "position_id": 9,
      "position_name": "Defender",
      "team_full_name": "Bengaluru Bulls"
    },
    {
      "player_id": 54,
      "player_name": "Jeeva Kumar",
      "team": " UPY",
      "match_played": 19,
      "tackles": 90,
      "value": 36,
      "team_id": 30,
      "team_name": " UPY",
      "rank": "26",
      "position_id": 5,
      "position_name": "Defender, right and left cover",
      "team_full_name": "U.P. Yoddha"
    },
    {
      "player_id": 123,
      "player_name": "Vishal Mane",
      "team": " Del",
      "match_played": 22,
      "tackles": 95,
      "value": 36,
      "team_id": 2,
      "team_name": " Del",
      "rank": "26",
      "position_id": 7,
      "position_name": "Defender, right cover",
      "team_full_name": "Dabang Delhi K.C."
    },
    {
      "player_id": 179,
      "player_name": "Vikas Kale",
      "team": " Pat",
      "match_played": 22,
      "tackles": 118,
      "value": 36,
      "team_id": 6,
      "team_name": " Pat",
      "rank": "26",
      "position_id": 7,
      "position_name": "Defender, right cover",
      "team_full_name": "Patna Pirates"
    },
    {
      "player_id": 142,
      "player_name": "Sandeep Narwal",
      "team": " Pun",
      "match_played": 18,
      "tackles": 81,
      "value": 34,
      "team_id": 7,
      "team_name": " Pun",
      "rank": "30",
      "position_id": 1,
      "position_name": "All Rounder",
      "team_full_name": "Puneri Paltan"
    },
    {
      "player_id": 240,
      "player_name": "Ravi Kumar",
      "team": " Pun",
      "match_played": 22,
      "tackles": 96,
      "value": 33,
      "team_id": 7,
      "team_name": " Pun",
      "rank": "31",
      "position_id": 7,
      "position_name": "Defender, right cover",
      "team_full_name": "Puneri Paltan"
    },
    {
      "player_id": 613,
      "player_name": "Sunil Siddhgavali",
      "team": " Jai",
      "match_played": 16,
      "tackles": 81,
      "value": 30,
      "team_id": 3,
      "team_name": " Jai",
      "rank": "32",
      "position_id": 9,
      "position_name": "Defender",
      "team_full_name": "Jaipur Pink Panthers"
    },
    {
      "player_id": 71,
      "player_name": "Mohit Chhillar",
      "team": " Jai",
      "match_played": 14,
      "tackles": 69,
      "value": 28,
      "team_id": 3,
      "team_name": " Jai",
      "rank": "33",
      "position_id": 6,
      "position_name": "Defender, right corner",
      "team_full_name": "Jaipur Pink Panthers"
    },
    {
      "player_id": 311,
      "player_name": "Anil Kumar",
      "team": " Hyd",
      "match_played": 18,
      "tackles": 60,
      "value": 25,
      "team_id": 8,
      "team_name": " Hyd",
      "rank": "34",
      "position_id": 4,
      "position_name": "Defender, left cover",
      "team_full_name": "Telugu Titans"
    },
    {
      "player_id": 567,
      "player_name": "Mohsen Maghsoudloujafari",
      "team": " Hyd",
      "match_played": 19,
      "tackles": 52,
      "value": 25,
      "team_id": 8,
      "team_name": " Hyd",
      "rank": "34",
      "position_id": 1,
      "position_name": "All Rounder",
      "team_full_name": "Telugu Titans"
    },
    {
      "player_id": 764,
      "player_name": "Vinod Kumar",
      "team": " Mum",
      "match_played": 17,
      "tackles": 43,
      "value": 25,
      "team_id": 5,
      "team_name": " Mum",
      "rank": "34",
      "position_id": 1,
      "position_name": "All Rounder",
      "team_full_name": "U Mumba"
    },
    {
      "player_id": 621,
      "player_name": "Baldev Singh",
      "team": " Kol",
      "match_played": 18,
      "tackles": 70,
      "value": 24,
      "team_id": 4,
      "team_name": " Kol",
      "rank": "37",
      "position_id": 6,
      "position_name": "Defender, right corner",
      "team_full_name": "Bengal Warriors"
    },
    {
      "player_id": 232,
      "player_name": "Sachin Vittala",
      "team": " GFG",
      "match_played": 22,
      "tackles": 61,
      "value": 24,
      "team_id": 31,
      "team_name": " GFG",
      "rank": "37",
      "position_id": 3,
      "position_name": "Defender, left corner",
      "team_full_name": "Gujarat Fortunegiants"
    },
    {
      "player_id": 165,
      "player_name": "Sachin Shingade",
      "team": " HS",
      "match_played": 19,
      "tackles": 71,
      "value": 23,
      "team_id": 28,
      "team_name": " HS",
      "rank": "39",
      "position_id": 4,
      "position_name": "Defender, left cover",
      "team_full_name": "Haryana Steelers"
    },
    {
      "player_id": 482,
      "player_name": "Farhad Rahimi Milaghardan",
      "team": " Hyd",
      "match_played": 22,
      "tackles": 69,
      "value": 21,
      "team_id": 8,
      "team_name": " Hyd",
      "rank": "40",
      "position_id": 1,
      "position_name": "All Rounder",
      "team_full_name": "Telugu Titans"
    },
    {
      "player_id": 87,
      "player_name": "Raju Lal Choudhary",
      "team": " Ben",
      "match_played": 16,
      "tackles": 55,
      "value": 20,
      "team_id": 1,
      "team_name": " Ben",
      "rank": "41",
      "position_id": 6,
      "position_name": "Defender, right corner",
      "team_full_name": "Bengaluru Bulls"
    },
    {
      "player_id": 2463,
      "player_name": "Parveen",
      "team": " HS",
      "match_played": 19,
      "tackles": 60,
      "value": 20,
      "team_id": 28,
      "team_name": " HS",
      "rank": "41",
      "position_id": 4,
      "position_name": "Defender, left cover",
      "team_full_name": "Haryana Steelers"
    },
    {
      "player_id": 2476,
      "player_name": "Amit Kumar",
      "team": " Jai",
      "match_played": 17,
      "tackles": 59,
      "value": 20,
      "team_id": 3,
      "team_name": " Jai",
      "rank": "41",
      "position_id": 8,
      "position_name": "Raider",
      "team_full_name": "Jaipur Pink Panthers"
    },
    {
      "player_id": 578,
      "player_name": "Mayur Shivtarkar",
      "team": " HS",
      "match_played": 18,
      "tackles": 65,
      "value": 19,
      "team_id": 28,
      "team_name": " HS",
      "rank": "44",
      "position_id": 1,
      "position_name": "All Rounder",
      "team_full_name": "Haryana Steelers"
    },
    {
      "player_id": 796,
      "player_name": "Rinku Narwal",
      "team": " Pun",
      "match_played": 15,
      "tackles": 51,
      "value": 19,
      "team_id": 7,
      "team_name": " Pun",
      "rank": "44",
      "position_id": 9,
      "position_name": "Defender",
      "team_full_name": "Puneri Paltan"
    },
    {
      "player_id": 390,
      "player_name": "Jawahar Dagar",
      "team": " Pat",
      "match_played": 15,
      "tackles": 59,
      "value": 17,
      "team_id": 6,
      "team_name": " Pat",
      "rank": "46",
      "position_id": 9,
      "position_name": "Defender",
      "team_full_name": "Patna Pirates"
    },
    {
      "player_id": 347,
      "player_name": "Sagar B Krishna",
      "team": " UPY",
      "match_played": 20,
      "tackles": 45,
      "value": 17,
      "team_id": 30,
      "team_name": " UPY",
      "rank": "46",
      "position_id": 1,
      "position_name": "All Rounder",
      "team_full_name": "U.P. Yoddha"
    },
    {
      "player_id": 121,
      "player_name": "Vikas Jaglan",
      "team": " Pat",
      "match_played": 14,
      "tackles": 37,
      "value": 16,
      "team_id": 6,
      "team_name": " Pat",
      "rank": "48",
      "position_id": 1,
      "position_name": "All Rounder",
      "team_full_name": "Patna Pirates"
    },
    {
      "player_id": 2481,
      "player_name": "Ponparthiban Subramanian",
      "team": " TT",
      "match_played": 12,
      "tackles": 51,
      "value": 16,
      "team_id": 29,
      "team_name": " TT",
      "rank": "48",
      "position_id": 7,
      "position_name": "Defender, right cover",
      "team_full_name": "Tamil Thalaivas"
    },
    {
      "player_id": 58,
      "player_name": "Kashiling Adake",
      "team": " Ben",
      "match_played": 20,
      "tackles": 46,
      "value": 15,
      "team_id": 1,
      "team_name": " Ben",
      "rank": "50",
      "position_id": 8,
      "position_name": "Raider",
      "team_full_name": "Bengaluru Bulls"
    },
    {
      "player_id": 763,
      "player_name": "Manjeet",
      "team": " Pat",
      "match_played": 22,
      "tackles": 38,
      "value": 14,
      "team_id": 6,
      "team_name": " Pat",
      "rank": "51",
      "position_id": 8,
      "position_name": "Raider",
      "team_full_name": "Patna Pirates"
    },
    {
      "player_id": 728,
      "player_name": "Manish",
      "team": " Pat",
      "match_played": 17,
      "tackles": 26,
      "value": 13,
      "team_id": 6,
      "team_name": " Pat",
      "rank": "52",
      "position_id": 7,
      "position_name": "Defender, right cover",
      "team_full_name": "Patna Pirates"
    },
    {
      "player_id": 86,
      "player_name": "Rajesh Narwal",
      "team": " Del",
      "match_played": 16,
      "tackles": 50,
      "value": 13,
      "team_id": 2,
      "team_name": " Del",
      "rank": "52",
      "position_id": 1,
      "position_name": "All Rounder",
      "team_full_name": "Dabang Delhi K.C."
    },
    {
      "player_id": 299,
      "player_name": "Sandeep",
      "team": " Ben",
      "match_played": 10,
      "tackles": 34,
      "value": 13,
      "team_id": 1,
      "team_name": " Ben",
      "rank": "52",
      "position_id": 3,
      "position_name": "Defender, left corner",
      "team_full_name": "Bengaluru Bulls"
    },
    {
      "player_id": 261,
      "player_name": "Rohit Baliyan",
      "team": " Mum",
      "match_played": 19,
      "tackles": 32,
      "value": 13,
      "team_id": 5,
      "team_name": " Mum",
      "rank": "52",
      "position_id": 8,
      "position_name": "Raider",
      "team_full_name": "U Mumba"
    },
    {
      "player_id": 249,
      "player_name": "Hadi Oshtorak",
      "team": " GFG",
      "match_played": 13,
      "tackles": 29,
      "value": 12,
      "team_id": 31,
      "team_name": " GFG",
      "rank": "56",
      "position_id": 1,
      "position_name": "All Rounder",
      "team_full_name": "Gujarat Fortunegiants"
    },
    {
      "player_id": 207,
      "player_name": "Sunil",
      "team": " TT",
      "match_played": 11,
      "tackles": 33,
      "value": 12,
      "team_id": 29,
      "team_name": " TT",
      "rank": "56",
      "position_id": 3,
      "position_name": "Defender, left corner",
      "team_full_name": "Tamil Thalaivas"
    },
    {
      "player_id": 29,
      "player_name": "Anup Kumar",
      "team": " Jai",
      "match_played": 13,
      "tackles": 33,
      "value": 12,
      "team_id": 3,
      "team_name": " Jai",
      "rank": "56",
      "position_id": 8,
      "position_name": "Raider",
      "team_full_name": "Jaipur Pink Panthers"
    },
    {
      "player_id": 745,
      "player_name": "Vijay",
      "team": " Pat",
      "match_played": 21,
      "tackles": 44,
      "value": 12,
      "team_id": 6,
      "team_name": " Pat",
      "rank": "56",
      "position_id": 1,
      "position_name": "All Rounder",
      "team_full_name": "Patna Pirates"
    },
    {
      "player_id": 757,
      "player_name": "Sachin Tanwar",
      "team": " GFG",
      "match_played": 23,
      "tackles": 22,
      "value": 12,
      "team_id": 31,
      "team_name": " GFG",
      "rank": "56",
      "position_id": 8,
      "position_name": "Raider",
      "team_full_name": "Gujarat Fortunegiants"
    },
    {
      "player_id": 365,
      "player_name": "Akshay Jadhav",
      "team": " Pun",
      "match_played": 18,
      "tackles": 26,
      "value": 12,
      "team_id": 7,
      "team_name": " Pun",
      "rank": "56",
      "position_id": 8,
      "position_name": "Raider",
      "team_full_name": "Puneri Paltan"
    },
    {
      "player_id": 536,
      "player_name": "Ziaur Rahman",
      "team": " Kol",
      "match_played": 18,
      "tackles": 42,
      "value": 12,
      "team_id": 4,
      "team_name": " Kol",
      "rank": "56",
      "position_id": 4,
      "position_name": "Defender, left cover",
      "team_full_name": "Bengal Warriors"
    },
    {
      "player_id": 722,
      "player_name": "D. Pradap",
      "team": " TT",
      "match_played": 13,
      "tackles": 31,
      "value": 12,
      "team_id": 29,
      "team_name": " TT",
      "rank": "56",
      "position_id": 1,
      "position_name": "All Rounder",
      "team_full_name": "Tamil Thalaivas"
    },
    {
      "player_id": 676,
      "player_name": "Santhapanaselvam",
      "team": " Jai",
      "match_played": 14,
      "tackles": 46,
      "value": 12,
      "team_id": 3,
      "team_name": " Jai",
      "rank": "56",
      "position_id": 1,
      "position_name": "All Rounder",
      "team_full_name": "Jaipur Pink Panthers"
    },
    {
      "player_id": 2357,
      "player_name": "Naveen",
      "team": " HS",
      "match_played": 21,
      "tackles": 43,
      "value": 12,
      "team_id": 28,
      "team_name": " HS",
      "rank": "56",
      "position_id": 8,
      "position_name": "Raider",
      "team_full_name": "Haryana Steelers"
    },
    {
      "player_id": 519,
      "player_name": "Young Chang Ko",
      "team": " Jai",
      "match_played": 13,
      "tackles": 34,
      "value": 11,
      "team_id": 3,
      "team_name": " Jai",
      "rank": "66",
      "position_id": 4,
      "position_name": "Defender, left cover",
      "team_full_name": "Jaipur Pink Panthers"
    },
    {
      "player_id": 41,
      "player_name": "Deepak Niwas Hooda",
      "team": " Jai",
      "match_played": 22,
      "tackles": 38,
      "value": 11,
      "team_id": 3,
      "team_name": " Jai",
      "rank": "66",
      "position_id": 1,
      "position_name": "All Rounder",
      "team_full_name": "Jaipur Pink Panthers"
    },
    {
      "player_id": 274,
      "player_name": "Krushna Madane",
      "team": " Hyd",
      "match_played": 6,
      "tackles": 25,
      "value": 11,
      "team_id": 8,
      "team_name": " Hyd",
      "rank": "66",
      "position_id": 9,
      "position_name": "Defender",
      "team_full_name": "Telugu Titans"
    },
    {
      "player_id": 318,
      "player_name": "Pawan Kumar Sehrawat",
      "team": " Ben",
      "match_played": 24,
      "tackles": 40,
      "value": 11,
      "team_id": 1,
      "team_name": " Ben",
      "rank": "66",
      "position_id": 8,
      "position_name": "Raider",
      "team_full_name": "Bengaluru Bulls"
    },
    {
      "player_id": 84,
      "player_name": "Rajaguru Subramanian",
      "team": " Mum",
      "match_played": 8,
      "tackles": 21,
      "value": 10,
      "team_id": 5,
      "team_name": " Mum",
      "rank": "70",
      "position_id": 7,
      "position_name": "Defender, right cover",
      "team_full_name": "U Mumba"
    },
    {
      "player_id": 107,
      "player_name": "Shrikant Tewthia",
      "team": " Kol",
      "match_played": 8,
      "tackles": 27,
      "value": 10,
      "team_id": 4,
      "team_name": " Kol",
      "rank": "70",
      "position_id": 1,
      "position_name": "All Rounder",
      "team_full_name": "Bengal Warriors"
    },
    {
      "player_id": 772,
      "player_name": "More GB",
      "team": " Pun",
      "match_played": 22,
      "tackles": 21,
      "value": 10,
      "team_id": 7,
      "team_name": " Pun",
      "rank": "70",
      "position_id": 8,
      "position_name": "Raider",
      "team_full_name": "Puneri Paltan"
    },
    {
      "player_id": 773,
      "player_name": "Satpal",
      "team": " Del",
      "match_played": 12,
      "tackles": 26,
      "value": 10,
      "team_id": 2,
      "team_name": " Del",
      "rank": "70",
      "position_id": 6,
      "position_name": "Defender, right corner",
      "team_full_name": "Dabang Delhi K.C."
    },
    {
      "player_id": 795,
      "player_name": "Monu",
      "team": " Pun",
      "match_played": 14,
      "tackles": 23,
      "value": 10,
      "team_id": 7,
      "team_name": " Pun",
      "rank": "70",
      "position_id": 8,
      "position_name": "Raider",
      "team_full_name": "Puneri Paltan"
    },
    {
      "player_id": 326,
      "player_name": "Rohit Kumar",
      "team": " Ben",
      "match_played": 24,
      "tackles": 30,
      "value": 9,
      "team_id": 1,
      "team_name": " Ben",
      "rank": "75",
      "position_id": 8,
      "position_name": "Raider",
      "team_full_name": "Bengaluru Bulls"
    },
    {
      "player_id": 2479,
      "player_name": "Shubham Shinde",
      "team": " Pun",
      "match_played": 10,
      "tackles": 38,
      "value": 9,
      "team_id": 7,
      "team_name": " Pun",
      "rank": "75",
      "position_id": 6,
      "position_name": "Defender, right corner",
      "team_full_name": "Puneri Paltan"
    },
    {
      "player_id": 2470,
      "player_name": "Adarsh T",
      "team": " Kol",
      "match_played": 10,
      "tackles": 23,
      "value": 9,
      "team_id": 4,
      "team_name": " Kol",
      "rank": "75",
      "position_id": 3,
      "position_name": "Defender, left corner",
      "team_full_name": "Bengal Warriors"
    },
    {
      "player_id": 252,
      "player_name": "Kuldeep Singh",
      "team": " Pat",
      "match_played": 7,
      "tackles": 27,
      "value": 8,
      "team_id": 6,
      "team_name": " Pat",
      "rank": "78",
      "position_id": 1,
      "position_name": "All Rounder",
      "team_full_name": "Patna Pirates"
    },
    {
      "player_id": 185,
      "player_name": "Vijin Thangadurai",
      "team": " Kol",
      "match_played": 16,
      "tackles": 25,
      "value": 8,
      "team_id": 4,
      "team_name": " Kol",
      "rank": "78",
      "position_id": 7,
      "position_name": "Defender, right cover",
      "team_full_name": "Bengal Warriors"
    },
    {
      "player_id": 191,
      "player_name": "C. Arun",
      "team": " TT",
      "match_played": 16,
      "tackles": 36,
      "value": 8,
      "team_id": 29,
      "team_name": " TT",
      "rank": "78",
      "position_id": 4,
      "position_name": "Defender, left cover",
      "team_full_name": "Tamil Thalaivas"
    },
    {
      "player_id": 66,
      "player_name": "Mahesh Goud",
      "team": " Kol",
      "match_played": 10,
      "tackles": 17,
      "value": 8,
      "team_id": 4,
      "team_name": " Kol",
      "rank": "78",
      "position_id": 8,
      "position_name": "Raider",
      "team_full_name": "Bengal Warriors"
    },
    {
      "player_id": 765,
      "player_name": "Anil Kumar",
      "team": " TT",
      "match_played": 4,
      "tackles": 18,
      "value": 8,
      "team_id": 29,
      "team_name": " TT",
      "rank": "78",
      "position_id": 8,
      "position_name": "Raider",
      "team_full_name": "Tamil Thalaivas"
    },
    {
      "player_id": 384,
      "player_name": "Ravinder Kumar",
      "team": " Pat",
      "match_played": 8,
      "tackles": 29,
      "value": 8,
      "team_id": 6,
      "team_name": " Pat",
      "rank": "78",
      "position_id": 1,
      "position_name": "All Rounder",
      "team_full_name": "Patna Pirates"
    },
    {
      "player_id": 735,
      "player_name": "Vishal",
      "team": " Del",
      "match_played": 6,
      "tackles": 26,
      "value": 7,
      "team_id": 2,
      "team_name": " Del",
      "rank": "84",
      "position_id": 1,
      "position_name": "All Rounder",
      "team_full_name": "Dabang Delhi K.C."
    },
    {
      "player_id": 784,
      "player_name": "Viraj Vishnu Landge",
      "team": " Del",
      "match_played": 7,
      "tackles": 29,
      "value": 6,
      "team_id": 2,
      "team_name": " Del",
      "rank": "85",
      "position_id": 4,
      "position_name": "Defender, left cover",
      "team_full_name": "Dabang Delhi K.C."
    },
    {
      "player_id": 2028,
      "player_name": "Abhishek Singh",
      "team": " Mum",
      "match_played": 15,
      "tackles": 19,
      "value": 6,
      "team_id": 5,
      "team_name": " Mum",
      "rank": "85",
      "position_id": 8,
      "position_name": "Raider",
      "team_full_name": "U Mumba"
    },
    {
      "player_id": 386,
      "player_name": "Anil Kumar",
      "team": " Del",
      "match_played": 5,
      "tackles": 18,
      "value": 6,
      "team_id": 2,
      "team_name": " Del",
      "rank": "85",
      "position_id": 3,
      "position_name": "Defender, left corner",
      "team_full_name": "Dabang Delhi K.C."
    },
    {
      "player_id": 371,
      "player_name": "Amit Nagar",
      "team": " Kol",
      "match_played": 9,
      "tackles": 16,
      "value": 6,
      "team_id": 4,
      "team_name": " Kol",
      "rank": "85",
      "position_id": 8,
      "position_name": "Raider",
      "team_full_name": "Bengal Warriors"
    },
    {
      "player_id": 724,
      "player_name": "Darshan J.",
      "team": " TT",
      "match_played": 9,
      "tackles": 34,
      "value": 6,
      "team_id": 29,
      "team_name": " TT",
      "rank": "85",
      "position_id": 7,
      "position_name": "Defender, right cover",
      "team_full_name": "Tamil Thalaivas"
    },
    {
      "player_id": 81,
      "player_name": "Rahul Chaudhari",
      "team": " Hyd",
      "match_played": 21,
      "tackles": 19,
      "value": 6,
      "team_id": 8,
      "team_name": " Hyd",
      "rank": "85",
      "position_id": 8,
      "position_name": "Raider",
      "team_full_name": "Telugu Titans"
    },
    {
      "player_id": 152,
      "player_name": "D. Gopu",
      "team": " TT",
      "match_played": 5,
      "tackles": 14,
      "value": 5,
      "team_id": 29,
      "team_name": " TT",
      "rank": "91",
      "position_id": 10,
      "position_name": "Defender, right and left corner",
      "team_full_name": "Tamil Thalaivas"
    },
    {
      "player_id": 245,
      "player_name": "Yogesh Hooda",
      "team": " Del",
      "match_played": 6,
      "tackles": 13,
      "value": 5,
      "team_id": 2,
      "team_name": " Del",
      "rank": "91",
      "position_id": 8,
      "position_name": "Raider",
      "team_full_name": "Dabang Delhi K.C."
    },
    {
      "player_id": 370,
      "player_name": "Ravindra Ramesh Kumawat",
      "team": " Kol",
      "match_played": 12,
      "tackles": 18,
      "value": 5,
      "team_id": 4,
      "team_name": " Kol",
      "rank": "91",
      "position_id": 8,
      "position_name": "Raider",
      "team_full_name": "Bengal Warriors"
    },
    {
      "player_id": 366,
      "player_name": "Vikash Kandola",
      "team": " HS",
      "match_played": 22,
      "tackles": 18,
      "value": 5,
      "team_id": 28,
      "team_name": " HS",
      "rank": "91",
      "position_id": 8,
      "position_name": "Raider",
      "team_full_name": "Haryana Steelers"
    },
    {
      "player_id": 2020,
      "player_name": "Amit",
      "team": " UPY",
      "match_played": 14,
      "tackles": 31,
      "value": 5,
      "team_id": 30,
      "team_name": " UPY",
      "rank": "91",
      "position_id": 4,
      "position_name": "Defender, left cover",
      "team_full_name": "U.P. Yoddha"
    },
    {
      "player_id": 791,
      "player_name": "Nitin Rawal",
      "team": " Jai",
      "match_played": 9,
      "tackles": 11,
      "value": 5,
      "team_id": 3,
      "team_name": " Jai",
      "rank": "91",
      "position_id": 1,
      "position_name": "All Rounder",
      "team_full_name": "Jaipur Pink Panthers"
    },
    {
      "player_id": 786,
      "player_name": "Parvesh",
      "team": " Pun",
      "match_played": 6,
      "tackles": 10,
      "value": 4,
      "team_id": 7,
      "team_name": " Pun",
      "rank": "97",
      "position_id": 8,
      "position_name": "Raider",
      "team_full_name": "Puneri Paltan"
    },
    {
      "player_id": 2274,
      "player_name": "C Manoj Kumar",
      "team": " Hyd",
      "match_played": 12,
      "tackles": 13,
      "value": 4,
      "team_id": 8,
      "team_name": " Hyd",
      "rank": "97",
      "position_id": 4,
      "position_name": "Defender, left cover",
      "team_full_name": "Telugu Titans"
    },
    {
      "player_id": 2296,
      "player_name": "Naveen Kumar",
      "team": " Del",
      "match_played": 22,
      "tackles": 12,
      "value": 4,
      "team_id": 2,
      "team_name": " Del",
      "rank": "97",
      "position_id": 8,
      "position_name": "Raider",
      "team_full_name": "Dabang Delhi K.C."
    },
    {
      "player_id": 2328,
      "player_name": "Sudhanshu Tyagi",
      "team": " HS",
      "match_played": 13,
      "tackles": 31,
      "value": 4,
      "team_id": 28,
      "team_name": " HS",
      "rank": "97",
      "position_id": 7,
      "position_name": "Defender, right cover",
      "team_full_name": "Haryana Steelers"
    },
    {
      "player_id": 2336,
      "player_name": "Anuj Kumar",
      "team": " Hyd",
      "match_played": 7,
      "tackles": 11,
      "value": 4,
      "team_id": 8,
      "team_name": " Hyd",
      "rank": "97",
      "position_id": 7,
      "position_name": "Defender, right cover",
      "team_full_name": "Telugu Titans"
    },
    {
      "player_id": 2353,
      "player_name": "Ajay",
      "team": " Ben",
      "match_played": 7,
      "tackles": 14,
      "value": 4,
      "team_id": 1,
      "team_name": " Ben",
      "rank": "97",
      "position_id": 9,
      "position_name": "Defender",
      "team_full_name": "Bengaluru Bulls"
    },
    {
      "player_id": 388,
      "player_name": "Monu Goyat",
      "team": " HS",
      "match_played": 20,
      "tackles": 27,
      "value": 4,
      "team_id": 28,
      "team_name": " HS",
      "rank": "97",
      "position_id": 8,
      "position_name": "Raider",
      "team_full_name": "Haryana Steelers"
    },
    {
      "player_id": 363,
      "player_name": "Sumit Singh",
      "team": " Ben",
      "match_played": 8,
      "tackles": 10,
      "value": 4,
      "team_id": 1,
      "team_name": " Ben",
      "rank": "97",
      "position_id": 8,
      "position_name": "Raider",
      "team_full_name": "Bengaluru Bulls"
    },
    {
      "player_id": 211,
      "player_name": "Deepak Narwal",
      "team": " Pat",
      "match_played": 17,
      "tackles": 9,
      "value": 4,
      "team_id": 6,
      "team_name": " Pat",
      "rank": "97",
      "position_id": 8,
      "position_name": "Raider",
      "team_full_name": "Patna Pirates"
    },
    {
      "player_id": 293,
      "player_name": "Nilesh Salunke",
      "team": " Hyd",
      "match_played": 19,
      "tackles": 21,
      "value": 4,
      "team_id": 8,
      "team_name": " Hyd",
      "rank": "97",
      "position_id": 8,
      "position_name": "Raider",
      "team_full_name": "Telugu Titans"
    },
    {
      "player_id": 94,
      "player_name": "Rishank Devadiga",
      "team": " UPY",
      "match_played": 23,
      "tackles": 19,
      "value": 4,
      "team_id": 30,
      "team_name": " UPY",
      "rank": "97",
      "position_id": 8,
      "position_name": "Raider",
      "team_full_name": "U.P. Yoddha"
    },
    {
      "player_id": 106,
      "player_name": "Shrikant Jadhav",
      "team": " UPY",
      "match_played": 25,
      "tackles": 11,
      "value": 4,
      "team_id": 30,
      "team_name": " UPY",
      "rank": "97",
      "position_id": 8,
      "position_name": "Raider",
      "team_full_name": "U.P. Yoddha"
    },
    {
      "player_id": 51,
      "player_name": "Jasmer Singh Gulia",
      "team": " Ben",
      "match_played": 6,
      "tackles": 20,
      "value": 4,
      "team_id": 1,
      "team_name": " Ben",
      "rank": "97",
      "position_id": 1,
      "position_name": "All Rounder",
      "team_full_name": "Bengaluru Bulls"
    },
    {
      "player_id": 52,
      "player_name": "Jasvir Singh",
      "team": " TT",
      "match_played": 16,
      "tackles": 20,
      "value": 4,
      "team_id": 29,
      "team_name": " TT",
      "rank": "97",
      "position_id": 8,
      "position_name": "Raider",
      "team_full_name": "Tamil Thalaivas"
    },
    {
      "player_id": 36,
      "player_name": "Chandran Ranjit",
      "team": " Del",
      "match_played": 24,
      "tackles": 15,
      "value": 4,
      "team_id": 2,
      "team_name": " Del",
      "rank": "97",
      "position_id": 8,
      "position_name": "Raider",
      "team_full_name": "Dabang Delhi K.C."
    },
    {
      "player_id": 251,
      "player_name": "Meraj Sheykh",
      "team": " Del",
      "match_played": 19,
      "tackles": 16,
      "value": 3,
      "team_id": 2,
      "team_name": " Del",
      "rank": "112",
      "position_id": 1,
      "position_name": "All Rounder",
      "team_full_name": "Dabang Delhi K.C."
    },
    {
      "player_id": 264,
      "player_name": "Selvamani K",
      "team": " Jai",
      "match_played": 15,
      "tackles": 9,
      "value": 3,
      "team_id": 3,
      "team_name": " Jai",
      "rank": "112",
      "position_id": 8,
      "position_name": "Raider",
      "team_full_name": "Jaipur Pink Panthers"
    },
    {
      "player_id": 233,
      "player_name": "Manoj Dhull",
      "team": " Kol",
      "match_played": 8,
      "tackles": 18,
      "value": 3,
      "team_id": 4,
      "team_name": " Kol",
      "rank": "112",
      "position_id": 6,
      "position_name": "Defender, right corner",
      "team_full_name": "Bengal Warriors"
    },
    {
      "player_id": 214,
      "player_name": "Amit Kumar",
      "team": " Kol",
      "match_played": 2,
      "tackles": 8,
      "value": 3,
      "team_id": 4,
      "team_name": " Kol",
      "rank": "112",
      "position_id": 8,
      "position_name": "Raider",
      "team_full_name": "Bengal Warriors"
    },
    {
      "player_id": 686,
      "player_name": "Rohit Gulia",
      "team": " GFG",
      "match_played": 19,
      "tackles": 19,
      "value": 3,
      "team_id": 31,
      "team_name": " GFG",
      "rank": "112",
      "position_id": 1,
      "position_name": "All Rounder",
      "team_full_name": "Gujarat Fortunegiants"
    },
    {
      "player_id": 2026,
      "player_name": "Siddharth Sirish Desai",
      "team": " Mum",
      "match_played": 21,
      "tackles": 9,
      "value": 3,
      "team_id": 5,
      "team_name": " Mum",
      "rank": "112",
      "position_id": 8,
      "position_name": "Raider",
      "team_full_name": "U Mumba"
    },
    {
      "player_id": 2306,
      "player_name": "Lalit Chaudhary",
      "team": " GFG",
      "match_played": 3,
      "tackles": 4,
      "value": 3,
      "team_id": 31,
      "team_name": " GFG",
      "rank": "112",
      "position_id": 8,
      "position_name": "Raider",
      "team_full_name": "Gujarat Fortunegiants"
    },
    {
      "player_id": 2471,
      "player_name": "Ankit",
      "team": " Ben",
      "match_played": 6,
      "tackles": 11,
      "value": 3,
      "team_id": 1,
      "team_name": " Ben",
      "rank": "112",
      "position_id": 9,
      "position_name": "Defender",
      "team_full_name": "Bengaluru Bulls"
    },
    {
      "player_id": 2475,
      "player_name": "Ajinkya Ashok Pawar",
      "team": " Jai",
      "match_played": 17,
      "tackles": 13,
      "value": 3,
      "team_id": 3,
      "team_name": " Jai",
      "rank": "112",
      "position_id": 8,
      "position_name": "Raider",
      "team_full_name": "Jaipur Pink Panthers"
    },
    {
      "player_id": 2316,
      "player_name": "Azad Singh",
      "team": " UPY",
      "match_played": 9,
      "tackles": 5,
      "value": 2,
      "team_id": 30,
      "team_name": " UPY",
      "rank": "121",
      "position_id": 8,
      "position_name": "Raider",
      "team_full_name": "U.P. Yoddha"
    },
    {
      "player_id": 731,
      "player_name": "Sandeep",
      "team": " Pun",
      "match_played": 5,
      "tackles": 13,
      "value": 2,
      "team_id": 7,
      "team_name": " Pun",
      "rank": "121",
      "position_id": 1,
      "position_name": "All Rounder",
      "team_full_name": "Puneri Paltan"
    },
    {
      "player_id": 599,
      "player_name": "Lokesh Kaushik",
      "team": " Jai",
      "match_played": 6,
      "tackles": 3,
      "value": 2,
      "team_id": 3,
      "team_name": " Jai",
      "rank": "121",
      "position_id": 8,
      "position_name": "Raider",
      "team_full_name": "Jaipur Pink Panthers"
    },
    {
      "player_id": 608,
      "player_name": "Prateek",
      "team": " HS",
      "match_played": 6,
      "tackles": 5,
      "value": 2,
      "team_id": 28,
      "team_name": " HS",
      "rank": "121",
      "position_id": 1,
      "position_name": "All Rounder",
      "team_full_name": "Haryana Steelers"
    },
    {
      "player_id": 174,
      "player_name": "Deepak Kumar Dahiya",
      "team": " Pun",
      "match_played": 11,
      "tackles": 7,
      "value": 2,
      "team_id": 7,
      "team_name": " Pun",
      "rank": "121",
      "position_id": 8,
      "position_name": "Raider",
      "team_full_name": "Puneri Paltan"
    },
    {
      "player_id": 320,
      "player_name": "Nitin Tomar",
      "team": " Pun",
      "match_played": 11,
      "tackles": 9,
      "value": 2,
      "team_id": 7,
      "team_name": " Pun",
      "rank": "121",
      "position_id": 8,
      "position_name": "Raider",
      "team_full_name": "Puneri Paltan"
    },
    {
      "player_id": 300,
      "player_name": "Abolfazl Maghsodloumahali",
      "team": " Mum",
      "match_played": 10,
      "tackles": 7,
      "value": 2,
      "team_id": 5,
      "team_name": " Mum",
      "rank": "121",
      "position_id": 8,
      "position_name": "Raider",
      "team_full_name": "U Mumba"
    },
    {
      "player_id": 34,
      "player_name": "Bhupender Singh",
      "team": " Kol",
      "match_played": 4,
      "tackles": 5,
      "value": 2,
      "team_id": 4,
      "team_name": " Kol",
      "rank": "121",
      "position_id": 1,
      "position_name": "All Rounder",
      "team_full_name": "Bengal Warriors"
    },
    {
      "player_id": 12,
      "player_name": "Jang Kun Lee",
      "team": " Kol",
      "match_played": 18,
      "tackles": 11,
      "value": 2,
      "team_id": 4,
      "team_name": " Kol",
      "rank": "121",
      "position_id": 8,
      "position_name": "Raider",
      "team_full_name": "Bengal Warriors"
    },
    {
      "player_id": 111,
      "player_name": "Sukesh Hegde",
      "team": " TT",
      "match_played": 17,
      "tackles": 19,
      "value": 2,
      "team_id": 29,
      "team_name": " TT",
      "rank": "121",
      "position_id": 8,
      "position_name": "Raider",
      "team_full_name": "Tamil Thalaivas"
    },
    {
      "player_id": 155,
      "player_name": "Prashanth Kumar Rai",
      "team": " UPY",
      "match_played": 21,
      "tackles": 9,
      "value": 2,
      "team_id": 30,
      "team_name": " UPY",
      "rank": "121",
      "position_id": 8,
      "position_name": "Raider",
      "team_full_name": "U.P. Yoddha"
    },
    {
      "player_id": 163,
      "player_name": "Mahendra Ganesh Rajput",
      "team": " GFG",
      "match_played": 13,
      "tackles": 12,
      "value": 2,
      "team_id": 31,
      "team_name": " GFG",
      "rank": "121",
      "position_id": 8,
      "position_name": "Raider",
      "team_full_name": "Gujarat Fortunegiants"
    },
    {
      "player_id": 164,
      "player_name": "Bajirao Hodage",
      "team": " Jai",
      "match_played": 6,
      "tackles": 14,
      "value": 1,
      "team_id": 3,
      "team_name": " Jai",
      "rank": "133",
      "position_id": 7,
      "position_name": "Defender, right cover",
      "team_full_name": "Jaipur Pink Panthers"
    },
    {
      "player_id": 14,
      "player_name": "Tae Deok Eom",
      "team": " Pat",
      "match_played": 11,
      "tackles": 16,
      "value": 1,
      "team_id": 6,
      "team_name": " Pat",
      "rank": "133",
      "position_id": 1,
      "position_name": "All Rounder",
      "team_full_name": "Patna Pirates"
    },
    {
      "player_id": 26,
      "player_name": "Ajay Thakur",
      "team": " TT",
      "match_played": 22,
      "tackles": 11,
      "value": 1,
      "team_id": 29,
      "team_name": " TT",
      "rank": "133",
      "position_id": 8,
      "position_name": "Raider",
      "team_full_name": "Tamil Thalaivas"
    },
    {
      "player_id": 44,
      "player_name": "Gangadhari Mallesh",
      "team": " Jai",
      "match_played": 6,
      "tackles": 7,
      "value": 1,
      "team_id": 3,
      "team_name": " Jai",
      "rank": "133",
      "position_id": 8,
      "position_name": "Raider",
      "team_full_name": "Jaipur Pink Panthers"
    },
    {
      "player_id": 74,
      "player_name": "Nithesh B R",
      "team": " Ben",
      "match_played": 2,
      "tackles": 3,
      "value": 1,
      "team_id": 1,
      "team_name": " Ben",
      "rank": "133",
      "position_id": 6,
      "position_name": "Defender, right corner",
      "team_full_name": "Bengaluru Bulls"
    },
    {
      "player_id": 324,
      "player_name": "Darshan Kadian",
      "team": " Mum",
      "match_played": 14,
      "tackles": 3,
      "value": 1,
      "team_id": 5,
      "team_name": " Mum",
      "rank": "133",
      "position_id": 8,
      "position_name": "Raider",
      "team_full_name": "U Mumba"
    },
    {
      "player_id": 204,
      "player_name": "Rakesh Narwal",
      "team": " Kol",
      "match_played": 6,
      "tackles": 3,
      "value": 1,
      "team_id": 4,
      "team_name": " Kol",
      "rank": "133",
      "position_id": 8,
      "position_name": "Raider",
      "team_full_name": "Bengal Warriors"
    },
    {
      "player_id": 219,
      "player_name": "K. Prapanjan",
      "team": " GFG",
      "match_played": 22,
      "tackles": 11,
      "value": 1,
      "team_id": 31,
      "team_name": " GFG",
      "rank": "133",
      "position_id": 8,
      "position_name": "Raider",
      "team_full_name": "Gujarat Fortunegiants"
    },
    {
      "player_id": 690,
      "player_name": "E Subash",
      "team": " Mum",
      "match_played": 2,
      "tackles": 1,
      "value": 1,
      "team_id": 5,
      "team_name": " Mum",
      "rank": "133",
      "position_id": 1,
      "position_name": "All Rounder",
      "team_full_name": "U Mumba"
    },
    {
      "player_id": 708,
      "player_name": "N. Shiva Ramakrishna",
      "team": " Jai",
      "match_played": 1,
      "tackles": 1,
      "value": 1,
      "team_id": 3,
      "team_name": " Jai",
      "rank": "133",
      "position_id": 1,
      "position_name": "All Rounder",
      "team_full_name": "Jaipur Pink Panthers"
    },
    {
      "player_id": 644,
      "player_name": "Anand Surendra Tomar",
      "team": " HS",
      "match_played": 5,
      "tackles": 4,
      "value": 1,
      "team_id": 28,
      "team_name": " HS",
      "rank": "133",
      "position_id": 8,
      "position_name": "Raider",
      "team_full_name": "Haryana Steelers"
    },
    {
      "player_id": 661,
      "player_name": "Tapas Pal",
      "team": " Del",
      "match_played": 2,
      "tackles": 5,
      "value": 1,
      "team_id": 2,
      "team_name": " Del",
      "rank": "133",
      "position_id": 1,
      "position_name": "All Rounder",
      "team_full_name": "Dabang Delhi K.C."
    },
    {
      "player_id": 665,
      "player_name": "Pankaj",
      "team": " UPY",
      "match_played": 1,
      "tackles": 3,
      "value": 1,
      "team_id": 30,
      "team_name": " UPY",
      "rank": "133",
      "position_id": 1,
      "position_name": "All Rounder",
      "team_full_name": "U.P. Yoddha"
    },
    {
      "player_id": 389,
      "player_name": "Ajay Kumar",
      "team": " GFG",
      "match_played": 13,
      "tackles": 5,
      "value": 1,
      "team_id": 31,
      "team_name": " GFG",
      "rank": "133",
      "position_id": 8,
      "position_name": "Raider",
      "team_full_name": "Gujarat Fortunegiants"
    },
    {
      "player_id": 361,
      "player_name": "Sombir",
      "team": " Hyd",
      "match_played": 4,
      "tackles": 8,
      "value": 1,
      "team_id": 8,
      "team_name": " Hyd",
      "rank": "133",
      "position_id": 9,
      "position_name": "Defender",
      "team_full_name": "Telugu Titans"
    },
    {
      "player_id": 376,
      "player_name": "Athul MS",
      "team": " TT",
      "match_played": 19,
      "tackles": 16,
      "value": 1,
      "team_id": 29,
      "team_name": " TT",
      "rank": "133",
      "position_id": 8,
      "position_name": "Raider",
      "team_full_name": "Tamil Thalaivas"
    },
    {
      "player_id": 793,
      "player_name": "Amit Kharb",
      "team": " GFG",
      "match_played": 6,
      "tackles": 8,
      "value": 1,
      "team_id": 31,
      "team_name": " GFG",
      "rank": "133",
      "position_id": 7,
      "position_name": "Defender, right cover",
      "team_full_name": "Gujarat Fortunegiants"
    },
    {
      "player_id": 768,
      "player_name": "Vijay Kumar",
      "team": " Pat",
      "match_played": 4,
      "tackles": 11,
      "value": 1,
      "team_id": 6,
      "team_name": " Pat",
      "rank": "133",
      "position_id": 6,
      "position_name": "Defender, right corner",
      "team_full_name": "Patna Pirates"
    },
    {
      "player_id": 2351,
      "player_name": "Vikram Kandola",
      "team": " GFG",
      "match_played": 1,
      "tackles": 6,
      "value": 1,
      "team_id": 31,
      "team_name": " GFG",
      "rank": "133",
      "position_id": 4,
      "position_name": "Defender, left cover",
      "team_full_name": "Gujarat Fortunegiants"
    },
    {
      "player_id": 2307,
      "player_name": "Kamal Singh",
      "team": " Hyd",
      "match_played": 8,
      "tackles": 6,
      "value": 1,
      "team_id": 8,
      "team_name": " Hyd",
      "rank": "133",
      "position_id": 8,
      "position_name": "Raider",
      "team_full_name": "Telugu Titans"
    },
    {
      "player_id": 2298,
      "player_name": "Armaan",
      "team": " Hyd",
      "match_played": 4,
      "tackles": 1,
      "value": 1,
      "team_id": 8,
      "team_name": " Hyd",
      "rank": "133",
      "position_id": 1,
      "position_name": "All Rounder",
      "team_full_name": "Telugu Titans"
    },
    {
      "player_id": 2482,
      "player_name": "Aashish Nagar",
      "team": " UPY",
      "match_played": 3,
      "tackles": 4,
      "value": 1,
      "team_id": 30,
      "team_name": " UPY",
      "rank": "133",
      "position_id": 6,
      "position_name": "Defender, right corner",
      "team_full_name": "U.P. Yoddha"
    }
  ],
  "language_lookup": {
    "stat": "Stat",
    "stat_id": "Stat Id",
    "minimum_criteria": "Minimum Criteria",
    "team_id": "Team Id",
    "team_name": "Team Name",
    "player_id": "Player Id",
    "player_name": "Player Name",
    "value": "Value",
    "match_played": "Match Played",
    "team": "Team",
    "tackles": "Tackles"
  }
}