{
  "stat": "Player Avg Tackle Points",
  "stat_id": "139",
  "minimum_criteria": "More than 5 Tackles",
  "data": [
    {
      "player_id": 69,
      "player_name": "Manjeet Chhillar",
      "match_played": 15,
      "value": 4.07,
      "team_id": 7,
      "team_name": " Pun",
      "rank": "1",
      "position_id": 1,
      "position_name": "All Rounder"
    },
    {
      "player_id": 322,
      "player_name": "PO Surjeet Singh",
      "match_played": 12,
      "value": 4.0,
      "team_id": 7,
      "team_name": " Pun",
      "rank": "2",
      "position_id": 7,
      "position_name": "Defender, right cover"
    },
    {
      "player_id": 142,
      "player_name": "Sandeep Narwal",
      "match_played": 14,
      "value": 3.93,
      "team_id": 6,
      "team_name": " Pat",
      "rank": "3",
      "position_id": 1,
      "position_name": "All Rounder"
    },
    {
      "player_id": 71,
      "player_name": "Mohit Chhillar",
      "match_played": 13,
      "value": 3.54,
      "team_id": 5,
      "team_name": " Mum",
      "rank": "4",
      "position_id": 6,
      "position_name": "Defender, right corner"
    },
    {
      "player_id": 290,
      "player_name": "Sandeep Kumar Dhull",
      "match_played": 10,
      "value": 3.2,
      "team_id": 2,
      "team_name": " Del",
      "rank": "5",
      "position_id": 3,
      "position_name": "Defender, left corner"
    },
    {
      "player_id": 161,
      "player_name": "Girish Maruti Ernak",
      "match_played": 11,
      "value": 3.0,
      "team_id": 4,
      "team_name": " Kol",
      "rank": "6",
      "position_id": 3,
      "position_name": "Defender, left corner"
    },
    {
      "player_id": 165,
      "player_name": "Sachin Shingade",
      "match_played": 2,
      "value": 3.0,
      "team_id": 7,
      "team_name": " Pun",
      "rank": "6",
      "position_id": 4,
      "position_name": "Defender, left cover"
    },
    {
      "player_id": 259,
      "player_name": "Fazel Atrachali",
      "match_played": 11,
      "value": 2.91,
      "team_id": 5,
      "team_name": " Mum",
      "rank": "8",
      "position_id": 3,
      "position_name": "Defender, left corner"
    },
    {
      "player_id": 51,
      "player_name": "Jasmer Singh Gulia",
      "match_played": 16,
      "value": 2.88,
      "team_id": 7,
      "team_name": " Pun",
      "rank": "9",
      "position_id": 1,
      "position_name": "All Rounder"
    },
    {
      "player_id": 212,
      "player_name": "Amit Hooda",
      "match_played": 4,
      "value": 2.75,
      "team_id": 6,
      "team_name": " Pat",
      "rank": "10",
      "position_id": 6,
      "position_name": "Defender, right corner"
    },
    {
      "player_id": 157,
      "player_name": "Ravinder Pahal",
      "match_played": 11,
      "value": 2.36,
      "team_id": 2,
      "team_name": " Del",
      "rank": "11",
      "position_id": 6,
      "position_name": "Defender, right corner"
    },
    {
      "player_id": 164,
      "player_name": "Bajirao Hodage",
      "match_played": 16,
      "value": 2.31,
      "team_id": 4,
      "team_name": " Kol",
      "rank": "12",
      "position_id": 7,
      "position_name": "Defender, right cover"
    },
    {
      "player_id": 42,
      "player_name": "Dharmaraj Cheralathan",
      "match_played": 14,
      "value": 2.21,
      "team_id": 8,
      "team_name": " Hyd",
      "rank": "13",
      "position_id": 10,
      "position_name": "Defender, right and left corner"
    },
    {
      "player_id": 73,
      "player_name": "Nilesh Shinde",
      "match_played": 16,
      "value": 2.13,
      "team_id": 4,
      "team_name": " Kol",
      "rank": "14",
      "position_id": 6,
      "position_name": "Defender, right corner"
    },
    {
      "player_id": 67,
      "player_name": "Mahipal Narwal",
      "match_played": 4,
      "value": 2.0,
      "team_id": 6,
      "team_name": " Pat",
      "rank": "15",
      "position_id": 1,
      "position_name": "All Rounder"
    },
    {
      "player_id": 54,
      "player_name": "Jeeva Kumar",
      "match_played": 16,
      "value": 1.94,
      "team_id": 5,
      "team_name": " Mum",
      "rank": "16",
      "position_id": 5,
      "position_name": "Defender, right and left cover"
    },
    {
      "player_id": 207,
      "player_name": "Sunil",
      "match_played": 15,
      "value": 1.93,
      "team_id": 6,
      "team_name": " Pat",
      "rank": "17",
      "position_id": 3,
      "position_name": "Defender, left corner"
    },
    {
      "player_id": 202,
      "player_name": "Ashish Kumar",
      "match_played": 13,
      "value": 1.92,
      "team_id": 1,
      "team_name": " Ben",
      "rank": "18",
      "position_id": 7,
      "position_name": "Defender, right cover"
    },
    {
      "player_id": 146,
      "player_name": "Surender Nada",
      "match_played": 7,
      "value": 1.86,
      "team_id": 5,
      "team_name": " Mum",
      "rank": "19",
      "position_id": 3,
      "position_name": "Defender, left corner"
    },
    {
      "player_id": 249,
      "player_name": "Hadi Oshtorak",
      "match_played": 10,
      "value": 1.8,
      "team_id": 6,
      "team_name": " Pat",
      "rank": "20",
      "position_id": 1,
      "position_name": "All Rounder"
    },
    {
      "player_id": 215,
      "player_name": "Vinod Kumar",
      "match_played": 9,
      "value": 1.78,
      "team_id": 6,
      "team_name": " Pat",
      "rank": "21",
      "position_id": 4,
      "position_name": "Defender, left cover"
    },
    {
      "player_id": 311,
      "player_name": "Anil Kumar",
      "match_played": 11,
      "value": 1.73,
      "team_id": 2,
      "team_name": " Del",
      "rank": "22",
      "position_id": 4,
      "position_name": "Defender, left cover"
    },
    {
      "player_id": 191,
      "player_name": "C. Arun",
      "match_played": 11,
      "value": 1.55,
      "team_id": 3,
      "team_name": " Jai",
      "rank": "23",
      "position_id": 4,
      "position_name": "Defender, left cover"
    },
    {
      "player_id": 70,
      "player_name": "Manoj Kumar",
      "match_played": 11,
      "value": 1.55,
      "team_id": 8,
      "team_name": " Hyd",
      "rank": "23",
      "position_id": 4,
      "position_name": "Defender, left cover"
    },
    {
      "player_id": 86,
      "player_name": "Rajesh Narwal",
      "match_played": 14,
      "value": 1.5,
      "team_id": 3,
      "team_name": " Jai",
      "rank": "25",
      "position_id": 1,
      "position_name": "All Rounder"
    },
    {
      "player_id": 160,
      "player_name": "Ran Singh",
      "match_played": 14,
      "value": 1.5,
      "team_id": 3,
      "team_name": " Jai",
      "rank": "25",
      "position_id": 1,
      "position_name": "All Rounder"
    },
    {
      "player_id": 162,
      "player_name": "D. Suresh Kumar",
      "match_played": 12,
      "value": 1.5,
      "team_id": 6,
      "team_name": " Pat",
      "rank": "25",
      "position_id": 7,
      "position_name": "Defender, right cover"
    },
    {
      "player_id": 251,
      "player_name": "Meraj Sheykh",
      "match_played": 14,
      "value": 1.5,
      "team_id": 8,
      "team_name": " Hyd",
      "rank": "25",
      "position_id": 1,
      "position_name": "All Rounder"
    },
    {
      "player_id": 314,
      "player_name": "Somvir",
      "match_played": 14,
      "value": 1.5,
      "team_id": 1,
      "team_name": " Ben",
      "rank": "25",
      "position_id": 4,
      "position_name": "Defender, left cover"
    },
    {
      "player_id": 96,
      "player_name": "Rohit Rana",
      "match_played": 12,
      "value": 1.42,
      "team_id": 3,
      "team_name": " Jai",
      "rank": "30",
      "position_id": 4,
      "position_name": "Defender, left cover"
    },
    {
      "player_id": 252,
      "player_name": "Kuldeep Singh",
      "match_played": 10,
      "value": 1.4,
      "team_id": 3,
      "team_name": " Jai",
      "rank": "31",
      "position_id": 1,
      "position_name": "All Rounder"
    },
    {
      "player_id": 179,
      "player_name": "Vikas Kale",
      "match_played": 9,
      "value": 1.33,
      "team_id": 8,
      "team_name": " Hyd",
      "rank": "32",
      "position_id": 7,
      "position_name": "Defender, right cover"
    },
    {
      "player_id": 184,
      "player_name": "Deepak Kumar",
      "match_played": 3,
      "value": 1.33,
      "team_id": 4,
      "team_name": " Kol",
      "rank": "32",
      "position_id": 3,
      "position_name": "Defender, left corner"
    },
    {
      "player_id": 288,
      "player_name": "Rahul Kumar",
      "match_played": 11,
      "value": 1.27,
      "team_id": 8,
      "team_name": " Hyd",
      "rank": "34",
      "position_id": 7,
      "position_name": "Defender, right cover"
    },
    {
      "player_id": 123,
      "player_name": "Vishal Mane",
      "match_played": 13,
      "value": 1.23,
      "team_id": 5,
      "team_name": " Mum",
      "rank": "35",
      "position_id": 7,
      "position_name": "Defender, right cover"
    },
    {
      "player_id": 159,
      "player_name": "Samarjeet Singh",
      "match_played": 5,
      "value": 1.2,
      "team_id": 3,
      "team_name": " Jai",
      "rank": "36",
      "position_id": 1,
      "position_name": "All Rounder"
    },
    {
      "player_id": 88,
      "player_name": "Rakesh Kumar",
      "match_played": 15,
      "value": 1.2,
      "team_id": 5,
      "team_name": " Mum",
      "rank": "36",
      "position_id": 1,
      "position_name": "All Rounder"
    },
    {
      "player_id": 107,
      "player_name": "Shrikant Tewthia",
      "match_played": 13,
      "value": 1.0,
      "team_id": 1,
      "team_name": " Ben",
      "rank": "38",
      "position_id": 1,
      "position_name": "All Rounder"
    },
    {
      "player_id": 28,
      "player_name": "Amit Singh Chhillar",
      "match_played": 5,
      "value": 1.0,
      "team_id": 2,
      "team_name": " Del",
      "rank": "38",
      "position_id": 3,
      "position_name": "Defender, left corner"
    },
    {
      "player_id": 299,
      "player_name": "Sandeep",
      "match_played": 3,
      "value": 1.0,
      "team_id": 6,
      "team_name": " Pat",
      "rank": "38",
      "position_id": 3,
      "position_name": "Defender, left corner"
    },
    {
      "player_id": 308,
      "player_name": "Sushil Vijay Bhosle",
      "match_played": 2,
      "value": 1.0,
      "team_id": 2,
      "team_name": " Del",
      "rank": "38",
      "position_id": 4,
      "position_name": "Defender, left cover"
    },
    {
      "player_id": 324,
      "player_name": "Darshan Kadian",
      "match_played": 2,
      "value": 1.0,
      "team_id": 6,
      "team_name": " Pat",
      "rank": "38",
      "position_id": 8,
      "position_name": "Raider"
    },
    {
      "player_id": 81,
      "player_name": "Rahul Chaudhari",
      "match_played": 13,
      "value": 0.92,
      "team_id": 8,
      "team_name": " Hyd",
      "rank": "43",
      "position_id": 8,
      "position_name": "Raider"
    },
    {
      "player_id": 44,
      "player_name": "Gangadhari Mallesh",
      "match_played": 10,
      "value": 0.9,
      "team_id": 3,
      "team_name": " Jai",
      "rank": "44",
      "position_id": 8,
      "position_name": "Raider"
    },
    {
      "player_id": 163,
      "player_name": "Mahendra Ganesh Rajput",
      "match_played": 8,
      "value": 0.88,
      "team_id": 4,
      "team_name": " Kol",
      "rank": "45",
      "position_id": 8,
      "position_name": "Raider"
    },
    {
      "player_id": 84,
      "player_name": "Rajaguru Subramanian",
      "match_played": 7,
      "value": 0.86,
      "team_id": 2,
      "team_name": " Del",
      "rank": "46",
      "position_id": 7,
      "position_name": "Defender, right cover"
    },
    {
      "player_id": 272,
      "player_name": "Umesh Mhatre",
      "match_played": 6,
      "value": 0.83,
      "team_id": 4,
      "team_name": " Kol",
      "rank": "47",
      "position_id": 8,
      "position_name": "Raider"
    },
    {
      "player_id": 167,
      "player_name": "Preetam Chhillar",
      "match_played": 11,
      "value": 0.82,
      "team_id": 1,
      "team_name": " Ben",
      "rank": "48",
      "position_id": 1,
      "position_name": "All Rounder"
    },
    {
      "player_id": 275,
      "player_name": "Deepak Kumar Rathee",
      "match_played": 14,
      "value": 0.79,
      "team_id": 1,
      "team_name": " Ben",
      "rank": "49",
      "position_id": 1,
      "position_name": "All Rounder"
    },
    {
      "player_id": 231,
      "player_name": "Amit Om Prakash Rathi",
      "match_played": 8,
      "value": 0.75,
      "team_id": 1,
      "team_name": " Ben",
      "rank": "50",
      "position_id": 8,
      "position_name": "Raider"
    },
    {
      "player_id": 240,
      "player_name": "Ravi Kumar",
      "match_played": 12,
      "value": 0.75,
      "team_id": 7,
      "team_name": " Pun",
      "rank": "50",
      "position_id": 7,
      "position_name": "Defender, right cover"
    },
    {
      "player_id": 12,
      "player_name": "Jang Kun Lee",
      "match_played": 15,
      "value": 0.73,
      "team_id": 4,
      "team_name": " Kol",
      "rank": "52",
      "position_id": 8,
      "position_name": "Raider"
    },
    {
      "player_id": 108,
      "player_name": "Shyam Kumar Sah",
      "match_played": 7,
      "value": 0.71,
      "team_id": 4,
      "team_name": " Kol",
      "rank": "53",
      "position_id": 4,
      "position_name": "Defender, left cover"
    },
    {
      "player_id": 283,
      "player_name": "Jagdeesha K.K.",
      "match_played": 7,
      "value": 0.71,
      "team_id": 3,
      "team_name": " Jai",
      "rank": "53",
      "position_id": 6,
      "position_name": "Defender, right corner"
    },
    {
      "player_id": 277,
      "player_name": "Anil Shriram Nimbolkar",
      "match_played": 6,
      "value": 0.67,
      "team_id": 2,
      "team_name": " Del",
      "rank": "55",
      "position_id": 8,
      "position_name": "Raider"
    },
    {
      "player_id": 318,
      "player_name": "Pawan Kumar Sehrawat",
      "match_played": 13,
      "value": 0.62,
      "team_id": 1,
      "team_name": " Ben",
      "rank": "56",
      "position_id": 8,
      "position_name": "Raider"
    },
    {
      "player_id": 326,
      "player_name": "Rohit Kumar",
      "match_played": 12,
      "value": 0.58,
      "team_id": 6,
      "team_name": " Pat",
      "rank": "57",
      "position_id": 8,
      "position_name": "Raider"
    },
    {
      "player_id": 41,
      "player_name": "Deepak Niwas Hooda",
      "match_played": 12,
      "value": 0.58,
      "team_id": 7,
      "team_name": " Pun",
      "rank": "57",
      "position_id": 1,
      "position_name": "All Rounder"
    },
    {
      "player_id": 94,
      "player_name": "Rishank Devadiga",
      "match_played": 16,
      "value": 0.56,
      "team_id": 5,
      "team_name": " Mum",
      "rank": "59",
      "position_id": 8,
      "position_name": "Raider"
    },
    {
      "player_id": 147,
      "player_name": "Prashant Chavan",
      "match_played": 6,
      "value": 0.5,
      "team_id": 7,
      "team_name": " Pun",
      "rank": "60",
      "position_id": 6,
      "position_name": "Defender, right corner"
    },
    {
      "player_id": 76,
      "player_name": "Nitin More",
      "match_played": 10,
      "value": 0.5,
      "team_id": 4,
      "team_name": " Kol",
      "rank": "60",
      "position_id": 4,
      "position_name": "Defender, left cover"
    },
    {
      "player_id": 185,
      "player_name": "Vijin Thangadurai",
      "match_played": 4,
      "value": 0.5,
      "team_id": 4,
      "team_name": " Kol",
      "rank": "60",
      "position_id": 7,
      "position_name": "Defender, right cover"
    },
    {
      "player_id": 72,
      "player_name": "Navneet Gautam",
      "match_played": 7,
      "value": 0.43,
      "team_id": 3,
      "team_name": " Jai",
      "rank": "63",
      "position_id": 3,
      "position_name": "Defender, left corner"
    },
    {
      "player_id": 320,
      "player_name": "Nitin Tomar",
      "match_played": 10,
      "value": 0.4,
      "team_id": 4,
      "team_name": " Kol",
      "rank": "64",
      "position_id": 8,
      "position_name": "Raider"
    },
    {
      "player_id": 309,
      "player_name": "Manpreet Singh",
      "match_played": 13,
      "value": 0.38,
      "team_id": 6,
      "team_name": " Pat",
      "rank": "65",
      "position_id": 8,
      "position_name": "Raider"
    },
    {
      "player_id": 158,
      "player_name": "Rakesh Singh Kumar",
      "match_played": 8,
      "value": 0.38,
      "team_id": 2,
      "team_name": " Del",
      "rank": "65",
      "position_id": 4,
      "position_name": "Defender, left cover"
    },
    {
      "player_id": 245,
      "player_name": "Yogesh Hooda",
      "match_played": 6,
      "value": 0.33,
      "team_id": 7,
      "team_name": " Pun",
      "rank": "67",
      "position_id": 8,
      "position_name": "Raider"
    },
    {
      "player_id": 197,
      "player_name": "Pardeep Narwal",
      "match_played": 16,
      "value": 0.31,
      "team_id": 6,
      "team_name": " Pat",
      "rank": "68",
      "position_id": 8,
      "position_name": "Raider"
    },
    {
      "player_id": 26,
      "player_name": "Ajay Thakur",
      "match_played": 14,
      "value": 0.29,
      "team_id": 7,
      "team_name": " Pun",
      "rank": "69",
      "position_id": 8,
      "position_name": "Raider"
    },
    {
      "player_id": 58,
      "player_name": "Kashiling Adake",
      "match_played": 11,
      "value": 0.27,
      "team_id": 2,
      "team_name": " Del",
      "rank": "70",
      "position_id": 8,
      "position_name": "Raider"
    },
    {
      "player_id": 13,
      "player_name": "Seong Ryeol Kim",
      "match_played": 8,
      "value": 0.25,
      "team_id": 2,
      "team_name": " Del",
      "rank": "71",
      "position_id": 9,
      "position_name": "Defender"
    },
    {
      "player_id": 118,
      "player_name": "Surjeet Narwal",
      "match_played": 12,
      "value": 0.25,
      "team_id": 1,
      "team_name": " Ben",
      "rank": "71",
      "position_id": 8,
      "position_name": "Raider"
    },
    {
      "player_id": 278,
      "player_name": "Gnanasekaran M",
      "match_played": 8,
      "value": 0.25,
      "team_id": 2,
      "team_name": " Del",
      "rank": "71",
      "position_id": 6,
      "position_name": "Defender, right corner"
    },
    {
      "player_id": 312,
      "player_name": "Sanju",
      "match_played": 4,
      "value": 0.25,
      "team_id": 8,
      "team_name": " Hyd",
      "rank": "71",
      "position_id": 8,
      "position_name": "Raider"
    },
    {
      "player_id": 111,
      "player_name": "Sukesh Hegde",
      "match_played": 13,
      "value": 0.23,
      "team_id": 8,
      "team_name": " Hyd",
      "rank": "75",
      "position_id": 8,
      "position_name": "Raider"
    },
    {
      "player_id": 29,
      "player_name": "Anup Kumar",
      "match_played": 13,
      "value": 0.23,
      "team_id": 5,
      "team_name": " Mum",
      "rank": "75",
      "position_id": 8,
      "position_name": "Raider"
    },
    {
      "player_id": 261,
      "player_name": "Rohit Baliyan",
      "match_played": 11,
      "value": 0.18,
      "team_id": 8,
      "team_name": " Hyd",
      "rank": "77",
      "position_id": 8,
      "position_name": "Raider"
    },
    {
      "player_id": 222,
      "player_name": "G.S. Manikandan",
      "match_played": 7,
      "value": 0.14,
      "team_id": 2,
      "team_name": " Del",
      "rank": "78",
      "position_id": 4,
      "position_name": "Defender, left cover"
    },
    {
      "player_id": 264,
      "player_name": "Selvamani K",
      "match_played": 8,
      "value": 0.13,
      "team_id": 2,
      "team_name": " Del",
      "rank": "79",
      "position_id": 8,
      "position_name": "Raider"
    },
    {
      "player_id": 34,
      "player_name": "Bhupender Singh",
      "match_played": 11,
      "value": 0.09,
      "team_id": 5,
      "team_name": " Mum",
      "rank": "80",
      "position_id": 1,
      "position_name": "All Rounder"
    },
    {
      "player_id": 66,
      "player_name": "Mahesh Goud",
      "match_played": 13,
      "value": 0.08,
      "team_id": 4,
      "team_name": " Kol",
      "rank": "81",
      "position_id": 8,
      "position_name": "Raider"
    },
    {
      "player_id": 234,
      "player_name": "Surender Singh",
      "match_played": 12,
      "value": 0.08,
      "team_id": 7,
      "team_name": " Pun",
      "rank": "81",
      "position_id": 8,
      "position_name": "Raider"
    },
    {
      "player_id": 217,
      "player_name": "Rohit Kumar Choudary",
      "match_played": 7,
      "value": 0.0,
      "team_id": 2,
      "team_name": " Del",
      "rank": "83",
      "position_id": 8,
      "position_name": "Raider"
    },
    {
      "player_id": 242,
      "player_name": "Tushar Patil",
      "match_played": 13,
      "value": 0.0,
      "team_id": 7,
      "team_name": " Pun",
      "rank": "83",
      "position_id": 8,
      "position_name": "Raider"
    },
    {
      "player_id": 14,
      "player_name": "Tae Deok Eom",
      "match_played": 7,
      "value": 0.0,
      "team_id": 6,
      "team_name": " Pat",
      "rank": "83",
      "position_id": 1,
      "position_name": "All Rounder"
    },
    {
      "player_id": 119,
      "player_name": "CPO Surjeet Singh",
      "match_played": 12,
      "value": 0.0,
      "team_id": 2,
      "team_name": " Del",
      "rank": "83",
      "position_id": 8,
      "position_name": "Raider"
    },
    {
      "player_id": 109,
      "player_name": "Somvir Shekhar",
      "match_played": 3,
      "value": 0.0,
      "team_id": 7,
      "team_name": " Pun",
      "rank": "83",
      "position_id": 7,
      "position_name": "Defender, right cover"
    }
  ],
  "language_lookup": {
    "stat": "Stat",
    "stat_id": "Stat Id",
    "minimum_criteria": "Minimum Criteria",
    "team_id": "Team Id",
    "team_name": "Team Name",
    "player_id": "Player Id",
    "player_name": "Player Name",
    "value": "Value",
    "match_played": "Match Played",
    "team": "Team",
    "tackles": "Tackles"
  }
}