{
  "stat": "Player Avg Tackle Points",
  "stat_id": "139",
  "minimum_criteria": "More than 5 Tackles",
  "data": [
    {
      "player_id": 358,
      "player_name": "Vishal Bhardwaj",
      "match_played": 16,
      "value": 3.63,
      "team_id": 8,
      "team_name": " Hyd",
      "rank": "1",
      "position_id": 9,
      "position_name": "Defender",
      "team_full_name": "Telugu Titans"
    },
    {
      "player_id": 290,
      "player_name": "Sandeep Kumar Dhull",
      "match_played": 17,
      "value": 3.47,
      "team_id": 3,
      "team_name": " Jai",
      "rank": "2",
      "position_id": 3,
      "position_name": "Defender, left corner",
      "team_full_name": "Jaipur Pink Panthers"
    },
    {
      "player_id": 2330,
      "player_name": "Sumit",
      "match_played": 17,
      "value": 3.41,
      "team_id": 30,
      "team_name": " UPY",
      "rank": "3",
      "position_id": 3,
      "position_name": "Defender, left corner",
      "team_full_name": "U.P. Yoddha"
    },
    {
      "player_id": 259,
      "player_name": "Fazel Atrachali",
      "match_played": 16,
      "value": 3.31,
      "team_id": 5,
      "team_name": " Mum",
      "rank": "4",
      "position_id": 3,
      "position_name": "Defender, left corner",
      "team_full_name": "U Mumba"
    },
    {
      "player_id": 735,
      "player_name": "Vishal",
      "match_played": 11,
      "value": 3.27,
      "team_id": 3,
      "team_name": " Jai",
      "rank": "5",
      "position_id": 1,
      "position_name": "All Rounder",
      "team_full_name": "Jaipur Pink Panthers"
    },
    {
      "player_id": 769,
      "player_name": "Mahender Singh",
      "match_played": 15,
      "value": 3.07,
      "team_id": 1,
      "team_name": " Ben",
      "rank": "6",
      "position_id": 4,
      "position_name": "Defender, left cover",
      "team_full_name": "Bengaluru Bulls"
    },
    {
      "player_id": 621,
      "player_name": "Baldev Singh",
      "match_played": 17,
      "value": 2.94,
      "team_id": 4,
      "team_name": " Kol",
      "rank": "7",
      "position_id": 6,
      "position_name": "Defender, right corner",
      "team_full_name": "Bengal Warriors"
    },
    {
      "player_id": 322,
      "player_name": "PO Surjeet Singh",
      "match_played": 18,
      "value": 2.83,
      "team_id": 7,
      "team_name": " Pun",
      "rank": "8",
      "position_id": 7,
      "position_name": "Defender, right cover",
      "team_full_name": "Puneri Paltan"
    },
    {
      "player_id": 2462,
      "player_name": "Sunil",
      "match_played": 14,
      "value": 2.79,
      "team_id": 28,
      "team_name": " HS",
      "rank": "9",
      "position_id": 6,
      "position_name": "Defender, right corner",
      "team_full_name": "Haryana Steelers"
    },
    {
      "player_id": 637,
      "player_name": "Neeraj Kumar",
      "match_played": 17,
      "value": 2.76,
      "team_id": 6,
      "team_name": " Pat",
      "rank": "10",
      "position_id": 7,
      "position_name": "Defender, right cover",
      "team_full_name": "Patna Pirates"
    },
    {
      "player_id": 157,
      "player_name": "Ravinder Pahal",
      "match_played": 16,
      "value": 2.75,
      "team_id": 2,
      "team_name": " Del",
      "rank": "11",
      "position_id": 6,
      "position_name": "Defender, right corner",
      "team_full_name": "Dabang Delhi K.C."
    },
    {
      "player_id": 368,
      "player_name": "Sunil Kumar",
      "match_played": 17,
      "value": 2.71,
      "team_id": 31,
      "team_name": " GFG",
      "rank": "12",
      "position_id": 9,
      "position_name": "Defender",
      "team_full_name": "Gujarat Fortunegiants"
    },
    {
      "player_id": 579,
      "player_name": "Jaideep",
      "match_played": 17,
      "value": 2.65,
      "team_id": 6,
      "team_name": " Pat",
      "rank": "13",
      "position_id": 3,
      "position_name": "Defender, left corner",
      "team_full_name": "Patna Pirates"
    },
    {
      "player_id": 796,
      "player_name": "Rinku Narwal",
      "match_played": 17,
      "value": 2.65,
      "team_id": 4,
      "team_name": " Kol",
      "rank": "13",
      "position_id": 9,
      "position_name": "Defender",
      "team_full_name": "Bengal Warriors"
    },
    {
      "player_id": 212,
      "player_name": "Amit Hooda",
      "match_played": 12,
      "value": 2.58,
      "team_id": 3,
      "team_name": " Jai",
      "rank": "15",
      "position_id": 6,
      "position_name": "Defender, right corner",
      "team_full_name": "Jaipur Pink Panthers"
    },
    {
      "player_id": 194,
      "player_name": "Joginder Singh Narwal",
      "match_played": 16,
      "value": 2.56,
      "team_id": 2,
      "team_name": " Del",
      "rank": "16",
      "position_id": 3,
      "position_name": "Defender, left corner",
      "team_full_name": "Dabang Delhi K.C."
    },
    {
      "player_id": 2670,
      "player_name": "Saurabh Nandal",
      "match_played": 16,
      "value": 2.56,
      "team_id": 1,
      "team_name": " Ben",
      "rank": "16",
      "position_id": 3,
      "position_name": "Defender, left corner",
      "team_full_name": "Bengaluru Bulls"
    },
    {
      "player_id": 725,
      "player_name": "Nitesh Kumar",
      "match_played": 17,
      "value": 2.53,
      "team_id": 30,
      "team_name": " UPY",
      "rank": "18",
      "position_id": 9,
      "position_name": "Defender",
      "team_full_name": "U.P. Yoddha"
    },
    {
      "player_id": 665,
      "player_name": "Pankaj",
      "match_played": 6,
      "value": 2.5,
      "team_id": 31,
      "team_name": " GFG",
      "rank": "19",
      "position_id": 1,
      "position_name": "All Rounder",
      "team_full_name": "Gujarat Fortunegiants"
    },
    {
      "player_id": 69,
      "player_name": "Manjeet Chhillar",
      "match_played": 15,
      "value": 2.47,
      "team_id": 29,
      "team_name": " TT",
      "rank": "20",
      "position_id": 1,
      "position_name": "All Rounder",
      "team_full_name": "Tamil Thalaivas"
    },
    {
      "player_id": 142,
      "player_name": "Sandeep Narwal",
      "match_played": 16,
      "value": 2.44,
      "team_id": 5,
      "team_name": " Mum",
      "rank": "21",
      "position_id": 1,
      "position_name": "All Rounder",
      "team_full_name": "U Mumba"
    },
    {
      "player_id": 42,
      "player_name": "Dharmaraj Cheralathan",
      "match_played": 15,
      "value": 2.4,
      "team_id": 28,
      "team_name": " HS",
      "rank": "22",
      "position_id": 10,
      "position_name": "Defender, right and left corner",
      "team_full_name": "Haryana Steelers"
    },
    {
      "player_id": 733,
      "player_name": "Surinder Singh",
      "match_played": 16,
      "value": 2.38,
      "team_id": 5,
      "team_name": " Mum",
      "rank": "23",
      "position_id": 9,
      "position_name": "Defender",
      "team_full_name": "U Mumba"
    },
    {
      "player_id": 179,
      "player_name": "Vikas Kale",
      "match_played": 15,
      "value": 2.33,
      "team_id": 28,
      "team_name": " HS",
      "rank": "24",
      "position_id": 7,
      "position_name": "Defender, right cover",
      "team_full_name": "Haryana Steelers"
    },
    {
      "player_id": 357,
      "player_name": "Parvesh Bhainswal",
      "match_played": 17,
      "value": 2.29,
      "team_id": 31,
      "team_name": " GFG",
      "rank": "25",
      "position_id": 4,
      "position_name": "Defender, left cover",
      "team_full_name": "Gujarat Fortunegiants"
    },
    {
      "player_id": 161,
      "player_name": "Girish Maruti Ernak",
      "match_played": 13,
      "value": 2.23,
      "team_id": 7,
      "team_name": " Pun",
      "rank": "26",
      "position_id": 3,
      "position_name": "Defender, left corner",
      "team_full_name": "Puneri Paltan"
    },
    {
      "player_id": 240,
      "player_name": "Ravi Kumar",
      "match_played": 14,
      "value": 2.21,
      "team_id": 28,
      "team_name": " HS",
      "rank": "27",
      "position_id": 7,
      "position_name": "Defender, right cover",
      "team_full_name": "Haryana Steelers"
    },
    {
      "player_id": 676,
      "player_name": "Santhapanaselvam",
      "match_played": 5,
      "value": 2.2,
      "team_id": 3,
      "team_name": " Jai",
      "rank": "28",
      "position_id": 1,
      "position_name": "All Rounder",
      "team_full_name": "Jaipur Pink Panthers"
    },
    {
      "player_id": 71,
      "player_name": "Mohit Chhillar",
      "match_played": 17,
      "value": 2.18,
      "team_id": 29,
      "team_name": " TT",
      "rank": "29",
      "position_id": 6,
      "position_name": "Defender, right corner",
      "team_full_name": "Tamil Thalaivas"
    },
    {
      "player_id": 489,
      "player_name": "Abozar Mohajermighani",
      "match_played": 16,
      "value": 2.06,
      "team_id": 8,
      "team_name": " Hyd",
      "rank": "30",
      "position_id": 9,
      "position_name": "Defender",
      "team_full_name": "Telugu Titans"
    },
    {
      "player_id": 794,
      "player_name": "Amit Sheoran",
      "match_played": 17,
      "value": 2.0,
      "team_id": 1,
      "team_name": " Ben",
      "rank": "31",
      "position_id": 9,
      "position_name": "Defender",
      "team_full_name": "Bengaluru Bulls"
    },
    {
      "player_id": 249,
      "player_name": "Hadi Oshtorak",
      "match_played": 17,
      "value": 1.94,
      "team_id": 6,
      "team_name": " Pat",
      "rank": "32",
      "position_id": 1,
      "position_name": "All Rounder",
      "team_full_name": "Patna Pirates"
    },
    {
      "player_id": 2657,
      "player_name": "Ashu Singh",
      "match_played": 17,
      "value": 1.82,
      "team_id": 30,
      "team_name": " UPY",
      "rank": "33",
      "position_id": 7,
      "position_name": "Defender, right cover",
      "team_full_name": "U.P. Yoddha"
    },
    {
      "player_id": 54,
      "player_name": "Jeeva Kumar",
      "match_played": 16,
      "value": 1.75,
      "team_id": 4,
      "team_name": " Kol",
      "rank": "34",
      "position_id": 5,
      "position_name": "Defender, right and left cover",
      "team_full_name": "Bengal Warriors"
    },
    {
      "player_id": 2492,
      "player_name": "Jadhav Balasaheb Shahaji",
      "match_played": 16,
      "value": 1.69,
      "team_id": 7,
      "team_name": " Pun",
      "rank": "35",
      "position_id": 7,
      "position_name": "Defender, right cover",
      "team_full_name": "Puneri Paltan"
    },
    {
      "player_id": 160,
      "player_name": "Ran Singh",
      "match_played": 17,
      "value": 1.59,
      "team_id": 29,
      "team_name": " TT",
      "rank": "36",
      "position_id": 1,
      "position_name": "All Rounder",
      "team_full_name": "Tamil Thalaivas"
    },
    {
      "player_id": 2291,
      "player_name": "Amit Kumar",
      "match_played": 12,
      "value": 1.5,
      "team_id": 7,
      "team_name": " Pun",
      "rank": "37",
      "position_id": 8,
      "position_name": "Raider",
      "team_full_name": "Puneri Paltan"
    },
    {
      "player_id": 795,
      "player_name": "Monu",
      "match_played": 17,
      "value": 1.47,
      "team_id": 6,
      "team_name": " Pat",
      "rank": "38",
      "position_id": 8,
      "position_name": "Raider",
      "team_full_name": "Patna Pirates"
    },
    {
      "player_id": 791,
      "player_name": "Nitin Rawal",
      "match_played": 13,
      "value": 1.46,
      "team_id": 3,
      "team_name": " Jai",
      "rank": "39",
      "position_id": 1,
      "position_name": "All Rounder",
      "team_full_name": "Jaipur Pink Panthers"
    },
    {
      "player_id": 301,
      "player_name": "Hadi Tajik",
      "match_played": 11,
      "value": 1.45,
      "team_id": 7,
      "team_name": " Pun",
      "rank": "40",
      "position_id": 6,
      "position_name": "Defender, right corner",
      "team_full_name": "Puneri Paltan"
    },
    {
      "player_id": 482,
      "player_name": "Farhad Rahimi Milaghardan",
      "match_played": 16,
      "value": 1.44,
      "team_id": 8,
      "team_name": " Hyd",
      "rank": "41",
      "position_id": 1,
      "position_name": "All Rounder",
      "team_full_name": "Telugu Titans"
    },
    {
      "player_id": 763,
      "player_name": "Manjeet",
      "match_played": 18,
      "value": 1.44,
      "team_id": 7,
      "team_name": " Pun",
      "rank": "41",
      "position_id": 8,
      "position_name": "Raider",
      "team_full_name": "Puneri Paltan"
    },
    {
      "player_id": 484,
      "player_name": "Mohammad Esmaeil Nabibakhsh",
      "match_played": 17,
      "value": 1.41,
      "team_id": 4,
      "team_name": " Kol",
      "rank": "43",
      "position_id": 1,
      "position_name": "All Rounder",
      "team_full_name": "Bengal Warriors"
    },
    {
      "player_id": 2662,
      "player_name": "Sanket Sawant",
      "match_played": 5,
      "value": 1.4,
      "team_id": 7,
      "team_name": " Pun",
      "rank": "44",
      "position_id": 4,
      "position_name": "Defender, left cover",
      "team_full_name": "Puneri Paltan"
    },
    {
      "player_id": 2665,
      "player_name": "Elavarasan A",
      "match_played": 3,
      "value": 1.33,
      "team_id": 3,
      "team_name": " Jai",
      "rank": "45",
      "position_id": 4,
      "position_name": "Defender, left cover",
      "team_full_name": "Jaipur Pink Panthers"
    },
    {
      "player_id": 772,
      "player_name": "More GB",
      "match_played": 15,
      "value": 1.33,
      "team_id": 31,
      "team_name": " GFG",
      "rank": "45",
      "position_id": 8,
      "position_name": "Raider",
      "team_full_name": "Gujarat Fortunegiants"
    },
    {
      "player_id": 311,
      "player_name": "Anil Kumar",
      "match_played": 12,
      "value": 1.33,
      "team_id": 2,
      "team_name": " Del",
      "rank": "45",
      "position_id": 4,
      "position_name": "Defender, left cover",
      "team_full_name": "Dabang Delhi K.C."
    },
    {
      "player_id": 123,
      "player_name": "Vishal Mane",
      "match_played": 16,
      "value": 1.31,
      "team_id": 2,
      "team_name": " Del",
      "rank": "48",
      "position_id": 7,
      "position_name": "Defender, right cover",
      "team_full_name": "Dabang Delhi K.C."
    },
    {
      "player_id": 2479,
      "player_name": "Shubham Shinde",
      "match_played": 13,
      "value": 1.31,
      "team_id": 7,
      "team_name": " Pun",
      "rank": "48",
      "position_id": 6,
      "position_name": "Defender, right corner",
      "team_full_name": "Puneri Paltan"
    },
    {
      "player_id": 347,
      "player_name": "Sagar B Krishna",
      "match_played": 10,
      "value": 1.3,
      "team_id": 7,
      "team_name": " Pun",
      "rank": "50",
      "position_id": 1,
      "position_name": "All Rounder",
      "team_full_name": "Puneri Paltan"
    },
    {
      "player_id": 2020,
      "player_name": "Amit",
      "match_played": 17,
      "value": 1.29,
      "team_id": 30,
      "team_name": " UPY",
      "rank": "51",
      "position_id": 4,
      "position_name": "Defender, left cover",
      "team_full_name": "U.P. Yoddha"
    },
    {
      "player_id": 2506,
      "player_name": "M. Abishek",
      "match_played": 5,
      "value": 1.2,
      "team_id": 29,
      "team_name": " TT",
      "rank": "52",
      "position_id": 7,
      "position_name": "Defender, right cover",
      "team_full_name": "Tamil Thalaivas"
    },
    {
      "player_id": 191,
      "player_name": "C. Arun",
      "match_played": 16,
      "value": 1.19,
      "team_id": 8,
      "team_name": " Hyd",
      "rank": "53",
      "position_id": 4,
      "position_name": "Defender, left cover",
      "team_full_name": "Telugu Titans"
    },
    {
      "player_id": 684,
      "player_name": "Rakesh Gowda",
      "match_played": 7,
      "value": 1.14,
      "team_id": 8,
      "team_name": " Hyd",
      "rank": "54",
      "position_id": 8,
      "position_name": "Raider",
      "team_full_name": "Telugu Titans"
    },
    {
      "player_id": 214,
      "player_name": "Amit Kumar",
      "match_played": 9,
      "value": 1.11,
      "team_id": 8,
      "team_name": " Hyd",
      "rank": "55",
      "position_id": 8,
      "position_name": "Raider",
      "team_full_name": "Telugu Titans"
    },
    {
      "player_id": 2502,
      "player_name": "Mohit Sehrawat",
      "match_played": 11,
      "value": 1.09,
      "team_id": 1,
      "team_name": " Ben",
      "rank": "56",
      "position_id": 7,
      "position_name": "Defender, right cover",
      "team_full_name": "Bengaluru Bulls"
    },
    {
      "player_id": 2667,
      "player_name": "Ankit",
      "match_played": 12,
      "value": 1.08,
      "team_id": 31,
      "team_name": " GFG",
      "rank": "57",
      "position_id": 6,
      "position_name": "Defender, right corner",
      "team_full_name": "Gujarat Fortunegiants"
    },
    {
      "player_id": 2672,
      "player_name": "Sumit Malik",
      "match_played": 14,
      "value": 1.07,
      "team_id": 31,
      "team_name": " GFG",
      "rank": "58",
      "position_id": 3,
      "position_name": "Defender, left corner",
      "team_full_name": "Gujarat Fortunegiants"
    },
    {
      "player_id": 2659,
      "player_name": "Sagar",
      "match_played": 9,
      "value": 1.0,
      "team_id": 29,
      "team_name": " TT",
      "rank": "59",
      "position_id": 6,
      "position_name": "Defender, right corner",
      "team_full_name": "Tamil Thalaivas"
    },
    {
      "player_id": 2512,
      "player_name": "Ajeet",
      "match_played": 14,
      "value": 1.0,
      "team_id": 29,
      "team_name": " TT",
      "rank": "59",
      "position_id": 7,
      "position_name": "Defender, right cover",
      "team_full_name": "Tamil Thalaivas"
    },
    {
      "player_id": 2471,
      "player_name": "Ankit",
      "match_played": 5,
      "value": 1.0,
      "team_id": 1,
      "team_name": " Ben",
      "rank": "59",
      "position_id": 9,
      "position_name": "Defender",
      "team_full_name": "Bengaluru Bulls"
    },
    {
      "player_id": 2486,
      "player_name": "Harendra Kumar",
      "match_played": 14,
      "value": 1.0,
      "team_id": 5,
      "team_name": " Mum",
      "rank": "59",
      "position_id": 4,
      "position_name": "Defender, left cover",
      "team_full_name": "U Mumba"
    },
    {
      "player_id": 2496,
      "player_name": "Pavan T. R.",
      "match_played": 12,
      "value": 0.92,
      "team_id": 3,
      "team_name": " Jai",
      "rank": "63",
      "position_id": 7,
      "position_name": "Defender, right cover",
      "team_full_name": "Jaipur Pink Panthers"
    },
    {
      "player_id": 481,
      "player_name": "Saeid Ghaffari",
      "match_played": 9,
      "value": 0.89,
      "team_id": 2,
      "team_name": " Del",
      "rank": "64",
      "position_id": 4,
      "position_name": "Defender, left cover",
      "team_full_name": "Dabang Delhi K.C."
    },
    {
      "player_id": 784,
      "player_name": "Viraj Vishnu Landge",
      "match_played": 7,
      "value": 0.86,
      "team_id": 4,
      "team_name": " Kol",
      "rank": "65",
      "position_id": 4,
      "position_name": "Defender, left cover",
      "team_full_name": "Bengal Warriors"
    },
    {
      "player_id": 2514,
      "player_name": "Chand Singh",
      "match_played": 6,
      "value": 0.83,
      "team_id": 28,
      "team_name": " HS",
      "rank": "66",
      "position_id": 3,
      "position_name": "Defender, left corner",
      "team_full_name": "Haryana Steelers"
    },
    {
      "player_id": 202,
      "player_name": "Ashish Kumar",
      "match_played": 6,
      "value": 0.83,
      "team_id": 1,
      "team_name": " Ben",
      "rank": "66",
      "position_id": 1,
      "position_name": "All Rounder",
      "team_full_name": "Bengaluru Bulls"
    },
    {
      "player_id": 121,
      "player_name": "Vikas Jaglan",
      "match_played": 17,
      "value": 0.82,
      "team_id": 6,
      "team_name": " Pat",
      "rank": "68",
      "position_id": 1,
      "position_name": "All Rounder",
      "team_full_name": "Patna Pirates"
    },
    {
      "player_id": 390,
      "player_name": "Jawahar Dagar",
      "match_played": 5,
      "value": 0.8,
      "team_id": 6,
      "team_name": " Pat",
      "rank": "69",
      "position_id": 9,
      "position_name": "Defender",
      "team_full_name": "Patna Pirates"
    },
    {
      "player_id": 732,
      "player_name": "Kuldeep Singh",
      "match_played": 8,
      "value": 0.75,
      "team_id": 28,
      "team_name": " HS",
      "rank": "70",
      "position_id": 9,
      "position_name": "Defender",
      "team_full_name": "Haryana Steelers"
    },
    {
      "player_id": 613,
      "player_name": "Sunil Siddhgavali",
      "match_played": 12,
      "value": 0.75,
      "team_id": 3,
      "team_name": " Jai",
      "rank": "70",
      "position_id": 9,
      "position_name": "Defender",
      "team_full_name": "Jaipur Pink Panthers"
    },
    {
      "player_id": 2644,
      "player_name": "Ravinder",
      "match_played": 4,
      "value": 0.75,
      "team_id": 6,
      "team_name": " Pat",
      "rank": "70",
      "position_id": 1,
      "position_name": "All Rounder",
      "team_full_name": "Patna Pirates"
    },
    {
      "player_id": 268,
      "player_name": "Vineet Sharma",
      "match_played": 10,
      "value": 0.7,
      "team_id": 29,
      "team_name": " TT",
      "rank": "73",
      "position_id": 8,
      "position_name": "Raider",
      "team_full_name": "Tamil Thalaivas"
    },
    {
      "player_id": 578,
      "player_name": "Mayur Shivtarkar",
      "match_played": 6,
      "value": 0.67,
      "team_id": 4,
      "team_name": " Kol",
      "rank": "74",
      "position_id": 1,
      "position_name": "All Rounder",
      "team_full_name": "Bengal Warriors"
    },
    {
      "player_id": 519,
      "player_name": "Young Chang Ko",
      "match_played": 9,
      "value": 0.67,
      "team_id": 5,
      "team_name": " Mum",
      "rank": "74",
      "position_id": 4,
      "position_name": "Defender, left cover",
      "team_full_name": "U Mumba"
    },
    {
      "player_id": 745,
      "player_name": "Vijay",
      "match_played": 15,
      "value": 0.67,
      "team_id": 2,
      "team_name": " Del",
      "rank": "74",
      "position_id": 1,
      "position_name": "All Rounder",
      "team_full_name": "Dabang Delhi K.C."
    },
    {
      "player_id": 2023,
      "player_name": "Ruturaj Shivaji Koravi",
      "match_played": 12,
      "value": 0.67,
      "team_id": 31,
      "team_name": " GFG",
      "rank": "74",
      "position_id": 9,
      "position_name": "Defender",
      "team_full_name": "Gujarat Fortunegiants"
    },
    {
      "player_id": 2463,
      "player_name": "Parveen",
      "match_played": 6,
      "value": 0.67,
      "team_id": 28,
      "team_name": " HS",
      "rank": "74",
      "position_id": 4,
      "position_name": "Defender, left cover",
      "team_full_name": "Haryana Steelers"
    },
    {
      "player_id": 2307,
      "player_name": "Kamal Singh",
      "match_played": 3,
      "value": 0.67,
      "team_id": 8,
      "team_name": " Hyd",
      "rank": "74",
      "position_id": 8,
      "position_name": "Raider",
      "team_full_name": "Telugu Titans"
    },
    {
      "player_id": 318,
      "player_name": "Pawan Kumar Sehrawat",
      "match_played": 17,
      "value": 0.65,
      "team_id": 1,
      "team_name": " Ben",
      "rank": "80",
      "position_id": 8,
      "position_name": "Raider",
      "team_full_name": "Bengaluru Bulls"
    },
    {
      "player_id": 41,
      "player_name": "Deepak Niwas Hooda",
      "match_played": 17,
      "value": 0.59,
      "team_id": 3,
      "team_name": " Jai",
      "rank": "81",
      "position_id": 1,
      "position_name": "All Rounder",
      "team_full_name": "Jaipur Pink Panthers"
    },
    {
      "player_id": 274,
      "player_name": "Krushna Madane",
      "match_played": 7,
      "value": 0.57,
      "team_id": 8,
      "team_name": " Hyd",
      "rank": "82",
      "position_id": 9,
      "position_name": "Defender",
      "team_full_name": "Telugu Titans"
    },
    {
      "player_id": 2286,
      "player_name": "Surender Gill",
      "match_played": 14,
      "value": 0.57,
      "team_id": 30,
      "team_name": " UPY",
      "rank": "82",
      "position_id": 8,
      "position_name": "Raider",
      "team_full_name": "U.P. Yoddha"
    },
    {
      "player_id": 768,
      "player_name": "Vijay Kumar",
      "match_played": 9,
      "value": 0.56,
      "team_id": 1,
      "team_name": " Ben",
      "rank": "84",
      "position_id": 6,
      "position_name": "Defender, right corner",
      "team_full_name": "Bengaluru Bulls"
    },
    {
      "player_id": 105,
      "player_name": "Shabeer Bappu",
      "match_played": 14,
      "value": 0.5,
      "team_id": 29,
      "team_name": " TT",
      "rank": "85",
      "position_id": 8,
      "position_name": "Raider",
      "team_full_name": "Tamil Thalaivas"
    },
    {
      "player_id": 571,
      "player_name": "Mohammad Esmaeil Maghsoudlou Mahalli",
      "match_played": 16,
      "value": 0.44,
      "team_id": 6,
      "team_name": " Pat",
      "rank": "86",
      "position_id": 8,
      "position_name": "Raider",
      "team_full_name": "Patna Pirates"
    },
    {
      "player_id": 2481,
      "player_name": "Ponparthiban Subramanian",
      "match_played": 5,
      "value": 0.4,
      "team_id": 29,
      "team_name": " TT",
      "rank": "87",
      "position_id": 7,
      "position_name": "Defender, right cover",
      "team_full_name": "Tamil Thalaivas"
    },
    {
      "player_id": 81,
      "player_name": "Rahul Chaudhari",
      "match_played": 18,
      "value": 0.39,
      "team_id": 29,
      "team_name": " TT",
      "rank": "88",
      "position_id": 8,
      "position_name": "Raider",
      "team_full_name": "Tamil Thalaivas"
    },
    {
      "player_id": 218,
      "player_name": "Sachin Kumar",
      "match_played": 12,
      "value": 0.33,
      "team_id": 30,
      "team_name": " UPY",
      "rank": "89",
      "position_id": 1,
      "position_name": "All Rounder",
      "team_full_name": "U.P. Yoddha"
    },
    {
      "player_id": 388,
      "player_name": "Monu Goyat",
      "match_played": 9,
      "value": 0.33,
      "team_id": 30,
      "team_name": " UPY",
      "rank": "89",
      "position_id": 8,
      "position_name": "Raider",
      "team_full_name": "U.P. Yoddha"
    },
    {
      "player_id": 2470,
      "player_name": "Adarsh T",
      "match_played": 9,
      "value": 0.33,
      "team_id": 4,
      "team_name": " Kol",
      "rank": "89",
      "position_id": 3,
      "position_name": "Defender, left corner",
      "team_full_name": "Bengal Warriors"
    },
    {
      "player_id": 2671,
      "player_name": "Naveen Narwal",
      "match_played": 3,
      "value": 0.33,
      "team_id": 4,
      "team_name": " Kol",
      "rank": "89",
      "position_id": 7,
      "position_name": "Defender, right cover",
      "team_full_name": "Bengal Warriors"
    },
    {
      "player_id": 366,
      "player_name": "Vikash Kandola",
      "match_played": 13,
      "value": 0.31,
      "team_id": 28,
      "team_name": " HS",
      "rank": "93",
      "position_id": 8,
      "position_name": "Raider",
      "team_full_name": "Haryana Steelers"
    },
    {
      "player_id": 261,
      "player_name": "Rohit Baliyan",
      "match_played": 13,
      "value": 0.31,
      "team_id": 5,
      "team_name": " Mum",
      "rank": "93",
      "position_id": 8,
      "position_name": "Raider",
      "team_full_name": "U Mumba"
    },
    {
      "player_id": 567,
      "player_name": "Mohsen Maghsoudloujafari",
      "match_played": 10,
      "value": 0.3,
      "team_id": 30,
      "team_name": " UPY",
      "rank": "95",
      "position_id": 1,
      "position_name": "All Rounder",
      "team_full_name": "U.P. Yoddha"
    },
    {
      "player_id": 2353,
      "player_name": "Ajay",
      "match_played": 7,
      "value": 0.29,
      "team_id": 1,
      "team_name": " Ben",
      "rank": "96",
      "position_id": 9,
      "position_name": "Defender",
      "team_full_name": "Bengaluru Bulls"
    },
    {
      "player_id": 320,
      "player_name": "Nitin Tomar",
      "match_played": 11,
      "value": 0.27,
      "team_id": 7,
      "team_name": " Pun",
      "rank": "97",
      "position_id": 8,
      "position_name": "Raider",
      "team_full_name": "Puneri Paltan"
    },
    {
      "player_id": 36,
      "player_name": "Chandran Ranjit",
      "match_played": 15,
      "value": 0.27,
      "team_id": 2,
      "team_name": " Del",
      "rank": "97",
      "position_id": 8,
      "position_name": "Raider",
      "team_full_name": "Dabang Delhi K.C."
    },
    {
      "player_id": 2488,
      "player_name": "Vinay",
      "match_played": 16,
      "value": 0.25,
      "team_id": 28,
      "team_name": " HS",
      "rank": "99",
      "position_id": 8,
      "position_name": "Raider",
      "team_full_name": "Haryana Steelers"
    },
    {
      "player_id": 326,
      "player_name": "Rohit Kumar",
      "match_played": 17,
      "value": 0.24,
      "team_id": 1,
      "team_name": " Ben",
      "rank": "100",
      "position_id": 8,
      "position_name": "Raider",
      "team_full_name": "Bengaluru Bulls"
    },
    {
      "player_id": 686,
      "player_name": "Rohit Gulia",
      "match_played": 17,
      "value": 0.24,
      "team_id": 31,
      "team_name": " GFG",
      "rank": "100",
      "position_id": 1,
      "position_name": "All Rounder",
      "team_full_name": "Gujarat Fortunegiants"
    },
    {
      "player_id": 363,
      "player_name": "Sumit Singh",
      "match_played": 13,
      "value": 0.23,
      "team_id": 1,
      "team_name": " Ben",
      "rank": "102",
      "position_id": 8,
      "position_name": "Raider",
      "team_full_name": "Bengaluru Bulls"
    },
    {
      "player_id": 324,
      "player_name": "Darshan Kadian",
      "match_played": 5,
      "value": 0.2,
      "team_id": 7,
      "team_name": " Pun",
      "rank": "103",
      "position_id": 8,
      "position_name": "Raider",
      "team_full_name": "Puneri Paltan"
    },
    {
      "player_id": 106,
      "player_name": "Shrikant Jadhav",
      "match_played": 17,
      "value": 0.18,
      "team_id": 30,
      "team_name": " UPY",
      "rank": "104",
      "position_id": 8,
      "position_name": "Raider",
      "team_full_name": "U.P. Yoddha"
    },
    {
      "player_id": 2357,
      "player_name": "Naveen",
      "match_played": 13,
      "value": 0.15,
      "team_id": 28,
      "team_name": " HS",
      "rank": "105",
      "position_id": 8,
      "position_name": "Raider",
      "team_full_name": "Haryana Steelers"
    },
    {
      "player_id": 2290,
      "player_name": "Rajnish",
      "match_played": 8,
      "value": 0.13,
      "team_id": 8,
      "team_name": " Hyd",
      "rank": "106",
      "position_id": 8,
      "position_name": "Raider",
      "team_full_name": "Telugu Titans"
    },
    {
      "player_id": 219,
      "player_name": "K. Prapanjan",
      "match_played": 17,
      "value": 0.12,
      "team_id": 4,
      "team_name": " Kol",
      "rank": "107",
      "position_id": 8,
      "position_name": "Raider",
      "team_full_name": "Bengal Warriors"
    },
    {
      "player_id": 12,
      "player_name": "Jang Kun Lee",
      "match_played": 11,
      "value": 0.09,
      "team_id": 6,
      "team_name": " Pat",
      "rank": "108",
      "position_id": 8,
      "position_name": "Raider",
      "team_full_name": "Patna Pirates"
    },
    {
      "player_id": 94,
      "player_name": "Rishank Devadiga",
      "match_played": 13,
      "value": 0.08,
      "team_id": 30,
      "team_name": " UPY",
      "rank": "109",
      "position_id": 8,
      "position_name": "Raider",
      "team_full_name": "U.P. Yoddha"
    },
    {
      "player_id": 115,
      "player_name": "Suraj Desai",
      "match_played": 12,
      "value": 0.08,
      "team_id": 8,
      "team_name": " Hyd",
      "rank": "109",
      "position_id": 8,
      "position_name": "Raider",
      "team_full_name": "Telugu Titans"
    },
    {
      "player_id": 211,
      "player_name": "Deepak Narwal",
      "match_played": 14,
      "value": 0.07,
      "team_id": 3,
      "team_name": " Jai",
      "rank": "111",
      "position_id": 8,
      "position_name": "Raider",
      "team_full_name": "Jaipur Pink Panthers"
    },
    {
      "player_id": 757,
      "player_name": "Sachin Tanwar",
      "match_played": 15,
      "value": 0.07,
      "team_id": 31,
      "team_name": " GFG",
      "rank": "111",
      "position_id": 8,
      "position_name": "Raider",
      "team_full_name": "Gujarat Fortunegiants"
    },
    {
      "player_id": 2028,
      "player_name": "Abhishek Singh",
      "match_played": 14,
      "value": 0.07,
      "team_id": 5,
      "team_name": " Mum",
      "rank": "111",
      "position_id": 8,
      "position_name": "Raider",
      "team_full_name": "U Mumba"
    },
    {
      "player_id": 2661,
      "player_name": "Pankaj Mohite",
      "match_played": 15,
      "value": 0.07,
      "team_id": 7,
      "team_name": " Pun",
      "rank": "111",
      "position_id": 8,
      "position_name": "Raider",
      "team_full_name": "Puneri Paltan"
    },
    {
      "player_id": 2298,
      "player_name": "Armaan",
      "match_played": 6,
      "value": 0.0,
      "team_id": 8,
      "team_name": " Hyd",
      "rank": "115",
      "position_id": 1,
      "position_name": "All Rounder",
      "team_full_name": "Telugu Titans"
    },
    {
      "player_id": 778,
      "player_name": "Narender",
      "match_played": 3,
      "value": 0.0,
      "team_id": 30,
      "team_name": " UPY",
      "rank": "115",
      "position_id": 1,
      "position_name": "All Rounder",
      "team_full_name": "U.P. Yoddha"
    },
    {
      "player_id": 2508,
      "player_name": "V. Ajith Kumar",
      "match_played": 15,
      "value": 0.0,
      "team_id": 29,
      "team_name": " TT",
      "rank": "115",
      "position_id": 8,
      "position_name": "Raider",
      "team_full_name": "Tamil Thalaivas"
    },
    {
      "player_id": 143,
      "player_name": "Maninder Singh",
      "match_played": 17,
      "value": 0.0,
      "team_id": 4,
      "team_name": " Kol",
      "rank": "115",
      "position_id": 8,
      "position_name": "Raider",
      "team_full_name": "Bengal Warriors"
    }
  ],
  "language_lookup": {
    "stat": "Stat",
    "stat_id": "Stat Id",
    "minimum_criteria": "Minimum Criteria",
    "team_id": "Team Id",
    "team_name": "Team Name",
    "player_id": "Player Id",
    "player_name": "Player Name",
    "value": "Value",
    "match_played": "Match Played",
    "team": "Team",
    "tackles": "Tackles"
  }
}