{
  "stat": "High 5s",
  "stat_id": "101",
  "minimum_criteria": "More than 0 High_5s ",
  "data": [
    {
      "player_id": 146,
      "player_name": "Surender Nada",
      "team": " HS",
      "match_played": 21,
      "value": 9,
      "team_id": 28,
      "team_name": " HS",
      "rank": "1",
      "position_id": 3,
      "position_name": "Defender, left corner"
    },
    {
      "player_id": 322,
      "player_name": "PO Surjeet Singh",
      "team": " Kol",
      "match_played": 24,
      "value": 9,
      "team_id": 4,
      "team_name": " Kol",
      "rank": "1",
      "position_id": 7,
      "position_name": "Defender, right cover"
    },
    {
      "player_id": 161,
      "player_name": "Girish Maruti Ernak",
      "team": " Pun",
      "match_played": 21,
      "value": 5,
      "team_id": 7,
      "team_name": " Pun",
      "rank": "3",
      "position_id": 3,
      "position_name": "Defender, left corner"
    },
    {
      "player_id": 358,
      "player_name": "Vishal Bhardwaj",
      "team": " Hyd",
      "match_played": 22,
      "value": 5,
      "team_id": 8,
      "team_name": " Hyd",
      "rank": "3",
      "position_id": 1,
      "position_name": "All Rounder"
    },
    {
      "player_id": 579,
      "player_name": "Jaideep",
      "team": " Pat",
      "match_played": 26,
      "value": 5,
      "team_id": 6,
      "team_name": " Pat",
      "rank": "3",
      "position_id": 3,
      "position_name": "Defender, left corner"
    },
    {
      "player_id": 725,
      "player_name": "Nitesh Kumar",
      "team": " UPY",
      "match_played": 19,
      "value": 4,
      "team_id": 30,
      "team_name": " UPY",
      "rank": "6",
      "position_id": 6,
      "position_name": "Defender, right corner"
    },
    {
      "player_id": 259,
      "player_name": "Fazel Atrachali",
      "team": " GFG",
      "match_played": 24,
      "value": 4,
      "team_id": 31,
      "team_name": " GFG",
      "rank": "6",
      "position_id": 3,
      "position_name": "Defender, left corner"
    },
    {
      "player_id": 733,
      "player_name": "Surender Singh",
      "team": " Mum",
      "match_played": 22,
      "value": 3,
      "team_id": 5,
      "team_name": " Mum",
      "rank": "8",
      "position_id": 7,
      "position_name": "Defender, right cover"
    },
    {
      "player_id": 769,
      "player_name": "Mahender Singh",
      "team": " Ben",
      "match_played": 22,
      "value": 3,
      "team_id": 1,
      "team_name": " Ben",
      "rank": "8",
      "position_id": 4,
      "position_name": "Defender, left cover"
    },
    {
      "player_id": 368,
      "player_name": "Sunil Kumar",
      "team": " GFG",
      "match_played": 24,
      "value": 3,
      "team_id": 31,
      "team_name": " GFG",
      "rank": "8",
      "position_id": 7,
      "position_name": "Defender, right cover"
    },
    {
      "player_id": 347,
      "player_name": "Sagar B Krishna",
      "team": " UPY",
      "match_played": 17,
      "value": 3,
      "team_id": 30,
      "team_name": " UPY",
      "rank": "8",
      "position_id": 1,
      "position_name": "All Rounder"
    },
    {
      "player_id": 157,
      "player_name": "Ravinder Pahal",
      "team": " Ben",
      "match_played": 19,
      "value": 3,
      "team_id": 1,
      "team_name": " Ben",
      "rank": "8",
      "position_id": 6,
      "position_name": "Defender, right corner"
    },
    {
      "player_id": 61,
      "player_name": "Kuldeep Singh",
      "team": " Ben",
      "match_played": 16,
      "value": 3,
      "team_id": 1,
      "team_name": " Ben",
      "rank": "8",
      "position_id": 3,
      "position_name": "Defender, left corner"
    },
    {
      "player_id": 69,
      "player_name": "Manjeet Chhillar",
      "team": " Jai",
      "match_played": 15,
      "value": 3,
      "team_id": 3,
      "team_name": " Jai",
      "rank": "8",
      "position_id": 1,
      "position_name": "All Rounder"
    },
    {
      "player_id": 73,
      "player_name": "Nilesh Shinde",
      "team": " Del",
      "match_played": 15,
      "value": 3,
      "team_id": 2,
      "team_name": " Del",
      "rank": "8",
      "position_id": 6,
      "position_name": "Defender, right corner"
    },
    {
      "player_id": 71,
      "player_name": "Mohit Chhillar",
      "team": " HS",
      "match_played": 20,
      "value": 2,
      "team_id": 28,
      "team_name": " HS",
      "rank": "16",
      "position_id": 6,
      "position_name": "Defender, right corner"
    },
    {
      "player_id": 357,
      "player_name": "Parvesh Bhainswal",
      "team": " GFG",
      "match_played": 24,
      "value": 2,
      "team_id": 31,
      "team_name": " GFG",
      "rank": "16",
      "position_id": 4,
      "position_name": "Defender, left cover"
    },
    {
      "player_id": 212,
      "player_name": "Amit Hooda",
      "team": " TT",
      "match_played": 22,
      "value": 2,
      "team_id": 29,
      "team_name": " TT",
      "rank": "16",
      "position_id": 6,
      "position_name": "Defender, right corner"
    },
    {
      "player_id": 160,
      "player_name": "Ran Singh",
      "team": " Kol",
      "match_played": 23,
      "value": 2,
      "team_id": 4,
      "team_name": " Kol",
      "rank": "16",
      "position_id": 1,
      "position_name": "All Rounder"
    },
    {
      "player_id": 489,
      "player_name": "Abozar Mohajermighani",
      "team": " GFG",
      "match_played": 24,
      "value": 2,
      "team_id": 31,
      "team_name": " GFG",
      "rank": "16",
      "position_id": 9,
      "position_name": "Defender"
    },
    {
      "player_id": 361,
      "player_name": "Sombir",
      "team": " Hyd",
      "match_played": 17,
      "value": 2,
      "team_id": 8,
      "team_name": " Hyd",
      "rank": "16",
      "position_id": 6,
      "position_name": "Defender, right corner"
    },
    {
      "player_id": 365,
      "player_name": "Akshay Jadhav",
      "team": " Pun",
      "match_played": 10,
      "value": 1,
      "team_id": 7,
      "team_name": " Pun",
      "rank": "22",
      "position_id": 8,
      "position_name": "Raider"
    },
    {
      "player_id": 536,
      "player_name": "Ziaur Rahman",
      "team": " Pun",
      "match_played": 16,
      "value": 1,
      "team_id": 7,
      "team_name": " Pun",
      "rank": "22",
      "position_id": 4,
      "position_name": "Defender, left cover"
    },
    {
      "player_id": 611,
      "player_name": "Sidharth",
      "team": " Jai",
      "match_played": 21,
      "value": 1,
      "team_id": 3,
      "team_name": " Jai",
      "rank": "22",
      "position_id": 1,
      "position_name": "All Rounder"
    },
    {
      "player_id": 613,
      "player_name": "Sunil Siddhgavali",
      "team": " Jai",
      "match_played": 12,
      "value": 1,
      "team_id": 3,
      "team_name": " Jai",
      "rank": "22",
      "position_id": 8,
      "position_name": "Raider"
    },
    {
      "player_id": 724,
      "player_name": "Darshan J.",
      "team": " TT",
      "match_played": 20,
      "value": 1,
      "team_id": 29,
      "team_name": " TT",
      "rank": "22",
      "position_id": 7,
      "position_name": "Defender, right cover"
    },
    {
      "player_id": 773,
      "player_name": "Satpal",
      "team": " Del",
      "match_played": 10,
      "value": 1,
      "team_id": 2,
      "team_name": " Del",
      "rank": "22",
      "position_id": 6,
      "position_name": "Defender, right corner"
    },
    {
      "player_id": 795,
      "player_name": "Monu",
      "team": " Pun",
      "match_played": 19,
      "value": 1,
      "team_id": 7,
      "team_name": " Pun",
      "rank": "22",
      "position_id": 8,
      "position_name": "Raider"
    },
    {
      "player_id": 796,
      "player_name": "Rinku Narwal",
      "team": " Pun",
      "match_played": 13,
      "value": 1,
      "team_id": 7,
      "team_name": " Pun",
      "rank": "22",
      "position_id": 3,
      "position_name": "Defender, left corner"
    },
    {
      "player_id": 735,
      "player_name": "Vishal",
      "team": " Del",
      "match_played": 5,
      "value": 1,
      "team_id": 2,
      "team_name": " Del",
      "rank": "22",
      "position_id": 1,
      "position_name": "All Rounder"
    },
    {
      "player_id": 745,
      "player_name": "Vijay",
      "team": " Pat",
      "match_played": 19,
      "value": 1,
      "team_id": 6,
      "team_name": " Pat",
      "rank": "22",
      "position_id": 8,
      "position_name": "Raider"
    },
    {
      "player_id": 732,
      "player_name": "Kuldeep Singh",
      "team": " HS",
      "match_played": 5,
      "value": 1,
      "team_id": 28,
      "team_name": " HS",
      "rank": "22",
      "position_id": 1,
      "position_name": "All Rounder"
    },
    {
      "player_id": 54,
      "player_name": "Jeeva Kumar",
      "team": " UPY",
      "match_played": 22,
      "value": 1,
      "team_id": 30,
      "team_name": " UPY",
      "rank": "22",
      "position_id": 5,
      "position_name": "Defender, right and left cover"
    },
    {
      "player_id": 191,
      "player_name": "C. Arun",
      "team": " TT",
      "match_played": 20,
      "value": 1,
      "team_id": 29,
      "team_name": " TT",
      "rank": "22",
      "position_id": 4,
      "position_name": "Defender, left cover"
    },
    {
      "player_id": 202,
      "player_name": "Ashish Kumar",
      "team": " Ben",
      "match_played": 20,
      "value": 1,
      "team_id": 1,
      "team_name": " Ben",
      "rank": "22",
      "position_id": 7,
      "position_name": "Defender, right cover"
    },
    {
      "player_id": 218,
      "player_name": "Sachin Kumar",
      "team": " Ben",
      "match_played": 9,
      "value": 1,
      "team_id": 1,
      "team_name": " Ben",
      "rank": "22",
      "position_id": 3,
      "position_name": "Defender, left corner"
    },
    {
      "player_id": 252,
      "player_name": "Kuldeep Singh",
      "team": " Mum",
      "match_played": 20,
      "value": 1,
      "team_id": 5,
      "team_name": " Mum",
      "rank": "22",
      "position_id": 1,
      "position_name": "All Rounder"
    },
    {
      "player_id": 158,
      "player_name": "Rakesh Singh Kumar",
      "team": " HS",
      "match_played": 19,
      "value": 1,
      "team_id": 28,
      "team_name": " HS",
      "rank": "22",
      "position_id": 4,
      "position_name": "Defender, left cover"
    },
    {
      "player_id": 107,
      "player_name": "Shrikant Tewthia",
      "team": " Kol",
      "match_played": 23,
      "value": 1,
      "team_id": 4,
      "team_name": " Kol",
      "rank": "22",
      "position_id": 1,
      "position_name": "All Rounder"
    },
    {
      "player_id": 123,
      "player_name": "Vishal Mane",
      "team": " Pat",
      "match_played": 26,
      "value": 1,
      "team_id": 6,
      "team_name": " Pat",
      "rank": "22",
      "position_id": 7,
      "position_name": "Defender, right cover"
    },
    {
      "player_id": 142,
      "player_name": "Sandeep Narwal",
      "team": " Pun",
      "match_played": 21,
      "value": 1,
      "team_id": 7,
      "team_name": " Pun",
      "rank": "22",
      "position_id": 1,
      "position_name": "All Rounder"
    }
  ],
  "language_lookup": {
    "stat": "Stat",
    "stat_id": "Stat Id",
    "minimum_criteria": "Minimum Criteria",
    "team_id": "Team Id",
    "team_name": "Team Name",
    "player_id": "Player Id",
    "player_name": "Player Name",
    "value": "Value",
    "match_played": "Match Played",
    "team": "Team",
    "tackles": "Tackles"
  }
}