{
  "stat": "High 5s",
  "stat_id": "101",
  "minimum_criteria": "More than 0 High_5s ",
  "data": [
    {
      "player_id": 71,
      "player_name": "Mohit Chhillar",
      "team": " Mum",
      "match_played": 13,
      "value": 6,
      "team_id": 5,
      "team_name": " Mum",
      "rank": "1",
      "position_id": 6,
      "position_name": "Defender, right corner"
    },
    {
      "player_id": 142,
      "player_name": "Sandeep Narwal",
      "team": " Pat",
      "match_played": 14,
      "value": 6,
      "team_id": 6,
      "team_name": " Pat",
      "rank": "1",
      "position_id": 1,
      "position_name": "All Rounder"
    },
    {
      "player_id": 69,
      "player_name": "Manjeet Chhillar",
      "team": " Pun",
      "match_played": 15,
      "value": 5,
      "team_id": 7,
      "team_name": " Pun",
      "rank": "3",
      "position_id": 1,
      "position_name": "All Rounder"
    },
    {
      "player_id": 322,
      "player_name": "PO Surjeet Singh",
      "team": " Pun",
      "match_played": 12,
      "value": 5,
      "team_id": 7,
      "team_name": " Pun",
      "rank": "3",
      "position_id": 7,
      "position_name": "Defender, right cover"
    },
    {
      "player_id": 51,
      "player_name": "Jasmer Singh Gulia",
      "team": " Pun",
      "match_played": 16,
      "value": 4,
      "team_id": 7,
      "team_name": " Pun",
      "rank": "5",
      "position_id": 1,
      "position_name": "All Rounder"
    },
    {
      "player_id": 161,
      "player_name": "Girish Maruti Ernak",
      "team": " Kol",
      "match_played": 11,
      "value": 3,
      "team_id": 4,
      "team_name": " Kol",
      "rank": "6",
      "position_id": 3,
      "position_name": "Defender, left corner"
    },
    {
      "player_id": 157,
      "player_name": "Ravinder Pahal",
      "team": " Del",
      "match_played": 11,
      "value": 2,
      "team_id": 2,
      "team_name": " Del",
      "rank": "7",
      "position_id": 6,
      "position_name": "Defender, right corner"
    },
    {
      "player_id": 259,
      "player_name": "Fazel Atrachali",
      "team": " Mum",
      "match_played": 11,
      "value": 2,
      "team_id": 5,
      "team_name": " Mum",
      "rank": "7",
      "position_id": 3,
      "position_name": "Defender, left corner"
    },
    {
      "player_id": 290,
      "player_name": "Sandeep Kumar Dhull",
      "team": " Del",
      "match_played": 10,
      "value": 2,
      "team_id": 2,
      "team_name": " Del",
      "rank": "7",
      "position_id": 3,
      "position_name": "Defender, left corner"
    },
    {
      "player_id": 42,
      "player_name": "Dharmaraj Cheralathan",
      "team": " Hyd",
      "match_played": 14,
      "value": 2,
      "team_id": 8,
      "team_name": " Hyd",
      "rank": "7",
      "position_id": 10,
      "position_name": "Defender, right and left corner"
    },
    {
      "player_id": 70,
      "player_name": "Manoj Kumar",
      "team": " Hyd",
      "match_played": 11,
      "value": 1,
      "team_id": 8,
      "team_name": " Hyd",
      "rank": "11",
      "position_id": 4,
      "position_name": "Defender, left cover"
    },
    {
      "player_id": 73,
      "player_name": "Nilesh Shinde",
      "team": " Kol",
      "match_played": 16,
      "value": 1,
      "team_id": 4,
      "team_name": " Kol",
      "rank": "11",
      "position_id": 6,
      "position_name": "Defender, right corner"
    },
    {
      "player_id": 86,
      "player_name": "Rajesh Narwal",
      "team": " Jai",
      "match_played": 14,
      "value": 1,
      "team_id": 3,
      "team_name": " Jai",
      "rank": "11",
      "position_id": 1,
      "position_name": "All Rounder"
    },
    {
      "player_id": 88,
      "player_name": "Rakesh Kumar",
      "team": " Mum",
      "match_played": 15,
      "value": 1,
      "team_id": 5,
      "team_name": " Mum",
      "rank": "11",
      "position_id": 1,
      "position_name": "All Rounder"
    },
    {
      "player_id": 96,
      "player_name": "Rohit Rana",
      "team": " Jai",
      "match_played": 12,
      "value": 1,
      "team_id": 3,
      "team_name": " Jai",
      "rank": "11",
      "position_id": 4,
      "position_name": "Defender, left cover"
    },
    {
      "player_id": 107,
      "player_name": "Shrikant Tewthia",
      "team": " Ben",
      "match_played": 13,
      "value": 1,
      "team_id": 1,
      "team_name": " Ben",
      "rank": "11",
      "position_id": 1,
      "position_name": "All Rounder"
    },
    {
      "player_id": 164,
      "player_name": "Bajirao Hodage",
      "team": " Kol",
      "match_played": 16,
      "value": 1,
      "team_id": 4,
      "team_name": " Kol",
      "rank": "11",
      "position_id": 7,
      "position_name": "Defender, right cover"
    },
    {
      "player_id": 191,
      "player_name": "C. Arun",
      "team": " Jai",
      "match_played": 11,
      "value": 1,
      "team_id": 3,
      "team_name": " Jai",
      "rank": "11",
      "position_id": 4,
      "position_name": "Defender, left cover"
    },
    {
      "player_id": 202,
      "player_name": "Ashish Kumar",
      "team": " Ben",
      "match_played": 13,
      "value": 1,
      "team_id": 1,
      "team_name": " Ben",
      "rank": "11",
      "position_id": 7,
      "position_name": "Defender, right cover"
    },
    {
      "player_id": 207,
      "player_name": "Sunil",
      "team": " Pat",
      "match_played": 15,
      "value": 1,
      "team_id": 6,
      "team_name": " Pat",
      "rank": "11",
      "position_id": 3,
      "position_name": "Defender, left corner"
    },
    {
      "player_id": 252,
      "player_name": "Kuldeep Singh",
      "team": " Jai",
      "match_played": 10,
      "value": 1,
      "team_id": 3,
      "team_name": " Jai",
      "rank": "11",
      "position_id": 1,
      "position_name": "All Rounder"
    }
  ],
  "language_lookup": {
    "stat": "Stat",
    "stat_id": "Stat Id",
    "minimum_criteria": "Minimum Criteria",
    "team_id": "Team Id",
    "team_name": "Team Name",
    "player_id": "Player Id",
    "player_name": "Player Name",
    "value": "Value",
    "match_played": "Match Played",
    "team": "Team",
    "tackles": "Tackles"
  }
}