{
  "stat": "Player DOD Raid Points",
  "stat_id": "132",
  "minimum_criteria": "More than 0 DOD Raid Points",
  "data": [
    {
      "player_id": 41,
      "player": "Deepak Niwas Hooda",
      "player_name": "Deepak Niwas Hooda",
      "team_id": 3,
      "team_name": "JAI",
      "match_played": 120,
      "value": 164,
      "rank": "1",
      "position_id": 1,
      "position_name": "All Rounder",
      "team_full_name": "Jaipur Pink Panthers"
    },
    {
      "player_id": 81,
      "player": "Rahul Chaudhari",
      "player_name": "Rahul Chaudhari",
      "team_id": 29,
      "team_name": "TT",
      "match_played": 118,
      "value": 164,
      "rank": "1",
      "position_id": 8,
      "position_name": "Raider",
      "team_full_name": "Tamil Thalaivas"
    },
    {
      "player_id": 26,
      "player": "Ajay Thakur",
      "player_name": "Ajay Thakur",
      "team_id": 29,
      "team_name": "TT",
      "match_played": 115,
      "value": 163,
      "rank": "3",
      "position_id": 8,
      "position_name": "Raider",
      "team_full_name": "Tamil Thalaivas"
    },
    {
      "player_id": 197,
      "player": "Pardeep Narwal",
      "player_name": "Pardeep Narwal",
      "team_id": 6,
      "team_name": "PAT",
      "match_played": 102,
      "value": 136,
      "rank": "4",
      "position_id": 8,
      "position_name": "Raider",
      "team_full_name": "Patna Pirates"
    },
    {
      "player_id": 94,
      "player": "Rishank Devadiga",
      "player_name": "Rishank Devadiga",
      "team_id": 30,
      "team_name": "UPY",
      "match_played": 116,
      "value": 127,
      "rank": "5",
      "position_id": 8,
      "position_name": "Raider",
      "team_full_name": "U.P. Yoddha"
    },
    {
      "player_id": 85,
      "player": "Rajesh Mondal",
      "player_name": "Rajesh Mondal",
      "team_id": 7,
      "team_name": "PUN",
      "match_played": 89,
      "value": 126,
      "rank": "6",
      "position_id": 8,
      "position_name": "Raider",
      "team_full_name": "Puneri Paltan"
    },
    {
      "player_id": 326,
      "player": "Rohit Kumar",
      "player_name": "Rohit Kumar",
      "team_id": 1,
      "team_name": "BEN",
      "match_played": 89,
      "value": 106,
      "rank": "7",
      "position_id": 8,
      "position_name": "Raider",
      "team_full_name": "Bengaluru Bulls"
    },
    {
      "player_id": 58,
      "player": "Kashiling Adake",
      "player_name": "Kashiling Adake",
      "team_id": 1,
      "team_name": "BEN",
      "match_played": 92,
      "value": 103,
      "rank": "8",
      "position_id": 8,
      "position_name": "Raider",
      "team_full_name": "Bengaluru Bulls"
    },
    {
      "player_id": 143,
      "player": "Maninder Singh",
      "player_name": "Maninder Singh",
      "team_id": 4,
      "team_name": "KOL",
      "match_played": 76,
      "value": 102,
      "rank": "9",
      "position_id": 8,
      "position_name": "Raider",
      "team_full_name": "Bengal Warriors"
    },
    {
      "player_id": 111,
      "player": "Sukesh Hegde",
      "player_name": "Sukesh Hegde",
      "team_id": 4,
      "team_name": "KOL",
      "match_played": 94,
      "value": 98,
      "rank": "10",
      "position_id": 8,
      "position_name": "Raider",
      "team_full_name": "Bengal Warriors"
    },
    {
      "player_id": 12,
      "player": "Jang Kun Lee",
      "player_name": "Jang Kun Lee",
      "team_id": 6,
      "team_name": "PAT",
      "match_played": 101,
      "value": 95,
      "rank": "11",
      "position_id": 8,
      "position_name": "Raider",
      "team_full_name": "Patna Pirates"
    },
    {
      "player_id": 251,
      "player": "Meraj Sheykh",
      "player_name": "Meraj Sheykh",
      "team_id": 2,
      "team_name": "DEL",
      "match_played": 94,
      "value": 95,
      "rank": "11",
      "position_id": 1,
      "position_name": "All Rounder",
      "team_full_name": "Dabang Delhi K.C."
    },
    {
      "player_id": 106,
      "player": "Shrikant Jadhav",
      "player_name": "Shrikant Jadhav",
      "team_id": 30,
      "team_name": "UPY",
      "match_played": 71,
      "value": 91,
      "rank": "13",
      "position_id": 8,
      "position_name": "Raider",
      "team_full_name": "U.P. Yoddha"
    },
    {
      "player_id": 757,
      "player": "Sachin Tanwar",
      "player_name": "Sachin Tanwar",
      "team_id": 31,
      "team_name": "GFG",
      "match_played": 62,
      "value": 88,
      "rank": "14",
      "position_id": 8,
      "position_name": "Raider",
      "team_full_name": "Gujarat Fortunegiants"
    },
    {
      "player_id": 174,
      "player": "Deepak Kumar Dahiya",
      "player_name": "Deepak Kumar Dahiya",
      "team_id": 7,
      "team_name": "PUN",
      "match_played": 53,
      "value": 79,
      "rank": "15",
      "position_id": 8,
      "position_name": "Raider",
      "team_full_name": "Puneri Paltan"
    },
    {
      "player_id": 219,
      "player": "K. Prapanjan",
      "player_name": "K. Prapanjan",
      "team_id": 4,
      "team_name": "KOL",
      "match_played": 80,
      "value": 79,
      "rank": "15",
      "position_id": 8,
      "position_name": "Raider",
      "team_full_name": "Bengal Warriors"
    },
    {
      "player_id": 389,
      "player": "Ajay Kumar",
      "player_name": "Ajay Kumar",
      "team_id": 31,
      "team_name": "GFG",
      "match_played": 50,
      "value": 79,
      "rank": "15",
      "position_id": 8,
      "position_name": "Raider",
      "team_full_name": "Gujarat Fortunegiants"
    },
    {
      "player_id": 293,
      "player": "Nilesh Salunke",
      "player_name": "Nilesh Salunke",
      "team_id": 3,
      "team_name": "JAI",
      "match_played": 76,
      "value": 76,
      "rank": "18",
      "position_id": 8,
      "position_name": "Raider",
      "team_full_name": "Jaipur Pink Panthers"
    },
    {
      "player_id": 388,
      "player": "Monu Goyat",
      "player_name": "Monu Goyat",
      "team_id": 30,
      "team_name": "UPY",
      "match_played": 68,
      "value": 73,
      "rank": "19",
      "position_id": 8,
      "position_name": "Raider",
      "team_full_name": "U.P. Yoddha"
    },
    {
      "player_id": 318,
      "player": "Pawan Kumar Sehrawat",
      "player_name": "Pawan Kumar Sehrawat",
      "team_id": 1,
      "team_name": "BEN",
      "match_played": 73,
      "value": 70,
      "rank": "20",
      "position_id": 8,
      "position_name": "Raider",
      "team_full_name": "Bengaluru Bulls"
    },
    {
      "player_id": 211,
      "player": "Deepak Narwal",
      "player_name": "Deepak Narwal",
      "team_id": 3,
      "team_name": "JAI",
      "match_played": 78,
      "value": 69,
      "rank": "21",
      "position_id": 8,
      "position_name": "Raider",
      "team_full_name": "Jaipur Pink Panthers"
    },
    {
      "player_id": 366,
      "player": "Vikash Kandola",
      "player_name": "Vikash Kandola",
      "team_id": 28,
      "team_name": "HS",
      "match_played": 48,
      "value": 66,
      "rank": "22",
      "position_id": 8,
      "position_name": "Raider",
      "team_full_name": "Haryana Steelers"
    },
    {
      "player_id": 155,
      "player": "Prashanth Kumar Rai",
      "player_name": "Prashanth Kumar Rai",
      "team_id": 28,
      "team_name": "HS",
      "match_played": 91,
      "value": 65,
      "rank": "23",
      "position_id": 8,
      "position_name": "Raider",
      "team_full_name": "Haryana Steelers"
    },
    {
      "player_id": 264,
      "player": "Selvamani K",
      "player_name": "Selvamani K",
      "team_id": 28,
      "team_name": "HS",
      "match_played": 55,
      "value": 62,
      "rank": "24",
      "position_id": 8,
      "position_name": "Raider",
      "team_full_name": "Haryana Steelers"
    },
    {
      "player_id": 52,
      "player": "Jasvir Singh",
      "player_name": "Jasvir Singh",
      "team_id": 29,
      "team_name": "TT",
      "match_played": 77,
      "value": 61,
      "rank": "25",
      "position_id": 8,
      "position_name": "Raider",
      "team_full_name": "Tamil Thalaivas"
    },
    {
      "player_id": 156,
      "player": "Pawan Kumar Kadian",
      "player_name": "Pawan Kumar Kadian",
      "team_id": 7,
      "team_name": "PUN",
      "match_played": 74,
      "value": 60,
      "rank": "26",
      "position_id": 8,
      "position_name": "Raider",
      "team_full_name": "Puneri Paltan"
    },
    {
      "player_id": 86,
      "player": "Rajesh Narwal",
      "player_name": "Rajesh Narwal",
      "team_id": 2,
      "team_name": "DEL",
      "match_played": 92,
      "value": 57,
      "rank": "27",
      "position_id": 1,
      "position_name": "All Rounder",
      "team_full_name": "Dabang Delhi K.C."
    },
    {
      "player_id": 2026,
      "player": "Siddharth Sirish Desai",
      "player_name": "Siddharth Sirish Desai",
      "team_id": 8,
      "team_name": "HYD",
      "match_played": 37,
      "value": 56,
      "rank": "28",
      "position_id": 8,
      "position_name": "Raider",
      "team_full_name": "Telugu Titans"
    },
    {
      "player_id": 124,
      "player": "Wazir Singh",
      "player_name": "Wazir Singh",
      "team_id": 28,
      "team_name": "HS",
      "match_played": 47,
      "value": 54,
      "rank": "29",
      "position_id": 8,
      "position_name": "Raider",
      "team_full_name": "Haryana Steelers"
    },
    {
      "player_id": 105,
      "player": "Shabeer Bappu",
      "player_name": "Shabeer Bappu",
      "team_id": 29,
      "team_name": "TT",
      "match_played": 74,
      "value": 53,
      "rank": "30",
      "position_id": 8,
      "position_name": "Raider",
      "team_full_name": "Tamil Thalaivas"
    },
    {
      "player_id": 2296,
      "player": "Naveen Kumar",
      "player_name": "Naveen Kumar",
      "team_id": 2,
      "team_name": "DEL",
      "match_played": 38,
      "value": 53,
      "rank": "30",
      "position_id": 8,
      "position_name": "Raider",
      "team_full_name": "Dabang Delhi K.C."
    },
    {
      "player_id": 320,
      "player": "Nitin Tomar",
      "player_name": "Nitin Tomar",
      "team_id": 7,
      "team_name": "PUN",
      "match_played": 64,
      "value": 52,
      "rank": "32",
      "position_id": 8,
      "position_name": "Raider",
      "team_full_name": "Puneri Paltan"
    },
    {
      "player_id": 163,
      "player": "Mahendra Ganesh Rajput",
      "player_name": "Mahendra Ganesh Rajput",
      "team_id": 31,
      "team_name": "GFG",
      "match_played": 62,
      "value": 47,
      "rank": "33",
      "position_id": 8,
      "position_name": "Raider",
      "team_full_name": "Gujarat Fortunegiants"
    },
    {
      "player_id": 242,
      "player": "Tushar Patil",
      "player_name": "Tushar Patil",
      "team_id": 6,
      "team_name": "PAT",
      "match_played": 53,
      "value": 43,
      "rank": "34",
      "position_id": 8,
      "position_name": "Raider",
      "team_full_name": "Patna Pirates"
    },
    {
      "player_id": 234,
      "player": "Surender Singh",
      "player_name": "Surender Singh",
      "team_id": 30,
      "team_name": "UPY",
      "match_played": 48,
      "value": 41,
      "rank": "35",
      "position_id": 8,
      "position_name": "Raider",
      "team_full_name": "U.P. Yoddha"
    },
    {
      "player_id": 300,
      "player": "Abolfazl Maghsodloumahali",
      "player_name": "Abolfazl Maghsodloumahali",
      "team_id": 31,
      "team_name": "GFG",
      "match_played": 47,
      "value": 41,
      "rank": "35",
      "position_id": 8,
      "position_name": "Raider",
      "team_full_name": "Gujarat Fortunegiants"
    },
    {
      "player_id": 2028,
      "player": "Abhishek Singh",
      "player_name": "Abhishek Singh",
      "team_id": 5,
      "team_name": "MUM",
      "match_played": 29,
      "value": 41,
      "rank": "35",
      "position_id": 8,
      "position_name": "Raider",
      "team_full_name": "U Mumba"
    },
    {
      "player_id": 217,
      "player": "Rohit Kumar Choudary",
      "player_name": "Rohit Kumar Choudary",
      "team_id": 30,
      "team_name": "UPY",
      "match_played": 38,
      "value": 39,
      "rank": "38",
      "position_id": 8,
      "position_name": "Raider",
      "team_full_name": "U.P. Yoddha"
    },
    {
      "player_id": 66,
      "player": "Mahesh Goud",
      "player_name": "Mahesh Goud",
      "team_id": 4,
      "team_name": "KOL",
      "match_played": 65,
      "value": 39,
      "rank": "38",
      "position_id": 8,
      "position_name": "Raider",
      "team_full_name": "Bengal Warriors"
    },
    {
      "player_id": 686,
      "player": "Rohit Gulia",
      "player_name": "Rohit Gulia",
      "team_id": 31,
      "team_name": "GFG",
      "match_played": 55,
      "value": 37,
      "rank": "40",
      "position_id": 1,
      "position_name": "All Rounder",
      "team_full_name": "Gujarat Fortunegiants"
    },
    {
      "player_id": 36,
      "player": "Chandran Ranjit",
      "player_name": "Chandran Ranjit",
      "team_id": 2,
      "team_name": "DEL",
      "match_played": 57,
      "value": 36,
      "rank": "41",
      "position_id": 8,
      "position_name": "Raider",
      "team_full_name": "Dabang Delhi K.C."
    },
    {
      "player_id": 92,
      "player": "Ravi Dalal",
      "player_name": "Ravi Dalal",
      "team_id": 2,
      "team_name": "DEL",
      "match_played": 38,
      "value": 36,
      "rank": "41",
      "position_id": 8,
      "position_name": "Raider",
      "team_full_name": "Dabang Delhi K.C."
    },
    {
      "player_id": 791,
      "player": "Nitin Rawal",
      "player_name": "Nitin Rawal",
      "team_id": 3,
      "team_name": "JAI",
      "match_played": 43,
      "value": 35,
      "rank": "43",
      "position_id": 1,
      "position_name": "All Rounder",
      "team_full_name": "Jaipur Pink Panthers"
    },
    {
      "player_id": 763,
      "player": "Manjeet",
      "player_name": "Manjeet",
      "team_id": 7,
      "team_name": "PUN",
      "match_played": 40,
      "value": 34,
      "rank": "44",
      "position_id": 8,
      "position_name": "Raider",
      "team_full_name": "Puneri Paltan"
    },
    {
      "player_id": 34,
      "player": "Bhupender Singh",
      "player_name": "Bhupender Singh",
      "team_id": 4,
      "team_name": "KOL",
      "match_played": 47,
      "value": 34,
      "rank": "44",
      "position_id": 1,
      "position_name": "All Rounder",
      "team_full_name": "Bengal Warriors"
    },
    {
      "player_id": 29,
      "player": "Anup Kumar",
      "player_name": "Anup Kumar",
      "team_id": 3,
      "team_name": "JAI",
      "match_played": 91,
      "value": 33,
      "rank": "46",
      "position_id": 8,
      "position_name": "Raider",
      "team_full_name": "Jaipur Pink Panthers"
    },
    {
      "player_id": 75,
      "player": "Nitin Madane",
      "player_name": "Nitin Madane",
      "team_id": 5,
      "team_name": "MUM",
      "match_played": 37,
      "value": 33,
      "rank": "46",
      "position_id": 8,
      "position_name": "Raider",
      "team_full_name": "U Mumba"
    },
    {
      "player_id": 772,
      "player": "More GB",
      "player_name": "More GB",
      "team_id": 31,
      "team_name": "GFG",
      "match_played": 43,
      "value": 33,
      "rank": "46",
      "position_id": 8,
      "position_name": "Raider",
      "team_full_name": "Gujarat Fortunegiants"
    },
    {
      "player_id": 46,
      "player": "Gurvinder Singh",
      "player_name": "Gurvinder Singh",
      "team_id": 31,
      "team_name": "GFG",
      "match_played": 45,
      "value": 30,
      "rank": "49",
      "position_id": 8,
      "position_name": "Raider",
      "team_full_name": "Gujarat Fortunegiants"
    },
    {
      "player_id": 261,
      "player": "Rohit Baliyan",
      "player_name": "Rohit Baliyan",
      "team_id": 5,
      "team_name": "MUM",
      "match_played": 65,
      "value": 30,
      "rank": "49",
      "position_id": 8,
      "position_name": "Raider",
      "team_full_name": "U Mumba"
    },
    {
      "player_id": 2475,
      "player": "Ajinkya Ashok Pawar",
      "player_name": "Ajinkya Ashok Pawar",
      "team_id": 3,
      "team_name": "JAI",
      "match_played": 31,
      "value": 29,
      "rank": "51",
      "position_id": 8,
      "position_name": "Raider",
      "team_full_name": "Jaipur Pink Panthers"
    },
    {
      "player_id": 2357,
      "player": "Naveen",
      "player_name": "Naveen",
      "team_id": 28,
      "team_name": "HS",
      "match_played": 34,
      "value": 28,
      "rank": "52",
      "position_id": 8,
      "position_name": "Raider",
      "team_full_name": "Haryana Steelers"
    },
    {
      "player_id": 567,
      "player": "Mohsen Maghsoudloujafari",
      "player_name": "Mohsen Maghsoudloujafari",
      "team_id": 30,
      "team_name": "UPY",
      "match_played": 45,
      "value": 27,
      "rank": "53",
      "position_id": 1,
      "position_name": "All Rounder",
      "team_full_name": "U.P. Yoddha"
    },
    {
      "player_id": 387,
      "player": "Vinod Kumar",
      "player_name": "Vinod Kumar",
      "team_id": 1,
      "team_name": "BEN",
      "match_played": 29,
      "value": 26,
      "rank": "54",
      "position_id": 8,
      "position_name": "Raider",
      "team_full_name": "Bengaluru Bulls"
    },
    {
      "player_id": 324,
      "player": "Darshan Kadian",
      "player_name": "Darshan Kadian",
      "team_id": 7,
      "team_name": "PUN",
      "match_played": 37,
      "value": 25,
      "rank": "55",
      "position_id": 8,
      "position_name": "Raider",
      "team_full_name": "Puneri Paltan"
    },
    {
      "player_id": 142,
      "player": "Sandeep Narwal",
      "player_name": "Sandeep Narwal",
      "team_id": 5,
      "team_name": "MUM",
      "match_played": 117,
      "value": 25,
      "rank": "55",
      "position_id": 1,
      "position_name": "All Rounder",
      "team_full_name": "U Mumba"
    },
    {
      "player_id": 2661,
      "player": "Pankaj Mohite",
      "player_name": "Pankaj Mohite",
      "team_id": 7,
      "team_name": "PUN",
      "match_played": 15,
      "value": 24,
      "rank": "57",
      "position_id": 8,
      "position_name": "Raider",
      "team_full_name": "Puneri Paltan"
    },
    {
      "player_id": 795,
      "player": "Monu",
      "player_name": "Monu",
      "team_id": 6,
      "team_name": "PAT",
      "match_played": 50,
      "value": 22,
      "rank": "58",
      "position_id": 8,
      "position_name": "Raider",
      "team_full_name": "Patna Pirates"
    },
    {
      "player_id": 160,
      "player": "Ran Singh",
      "player_name": "Ran Singh",
      "team_id": 29,
      "team_name": "TT",
      "match_played": 116,
      "value": 22,
      "rank": "58",
      "position_id": 1,
      "position_name": "All Rounder",
      "team_full_name": "Tamil Thalaivas"
    },
    {
      "player_id": 190,
      "player": "Sonu Narwal",
      "player_name": "Sonu Narwal",
      "team_id": 7,
      "team_name": "PUN",
      "match_played": 33,
      "value": 22,
      "rank": "58",
      "position_id": 8,
      "position_name": "Raider",
      "team_full_name": "Puneri Paltan"
    },
    {
      "player_id": 376,
      "player": "Athul MS",
      "player_name": "Athul MS",
      "team_id": 5,
      "team_name": "MUM",
      "match_played": 35,
      "value": 20,
      "rank": "61",
      "position_id": 8,
      "position_name": "Raider",
      "team_full_name": "U Mumba"
    },
    {
      "player_id": 2286,
      "player": "Surender Gill",
      "player_name": "Surender Gill",
      "team_id": 30,
      "team_name": "UPY",
      "match_played": 14,
      "value": 20,
      "rank": "61",
      "position_id": 8,
      "position_name": "Raider",
      "team_full_name": "U.P. Yoddha"
    },
    {
      "player_id": 119,
      "player": "CPO Surjeet Singh",
      "player_name": "CPO Surjeet Singh",
      "team_id": 29,
      "team_name": "TT",
      "match_played": 48,
      "value": 19,
      "rank": "63",
      "position_id": 8,
      "position_name": "Raider",
      "team_full_name": "Tamil Thalaivas"
    },
    {
      "player_id": 69,
      "player": "Manjeet Chhillar",
      "player_name": "Manjeet Chhillar",
      "team_id": 29,
      "team_name": "TT",
      "match_played": 108,
      "value": 19,
      "rank": "63",
      "position_id": 1,
      "position_name": "All Rounder",
      "team_full_name": "Tamil Thalaivas"
    },
    {
      "player_id": 764,
      "player": "Vinod Kumar",
      "player_name": "Vinod Kumar",
      "team_id": 31,
      "team_name": "GFG",
      "match_played": 44,
      "value": 18,
      "rank": "65",
      "position_id": 1,
      "position_name": "All Rounder",
      "team_full_name": "Gujarat Fortunegiants"
    },
    {
      "player_id": 88,
      "player": "Rakesh Kumar",
      "player_name": "Rakesh Kumar",
      "team_id": 8,
      "team_name": "HYD",
      "match_played": 55,
      "value": 17,
      "rank": "66",
      "position_id": 1,
      "position_name": "All Rounder",
      "team_full_name": "Telugu Titans"
    },
    {
      "player_id": 522,
      "player": "Dong Geon Lee",
      "player_name": "Dong Geon Lee",
      "team_id": 5,
      "team_name": "MUM",
      "match_played": 32,
      "value": 17,
      "rank": "66",
      "position_id": 8,
      "position_name": "Raider",
      "team_full_name": "U Mumba"
    },
    {
      "player_id": 231,
      "player": "Amit Om Prakash Rathi",
      "player_name": "Amit Om Prakash Rathi",
      "team_id": 31,
      "team_name": "GFG",
      "match_played": 16,
      "value": 17,
      "rank": "66",
      "position_id": 8,
      "position_name": "Raider",
      "team_full_name": "Gujarat Fortunegiants"
    },
    {
      "player_id": 370,
      "player": "Ravindra Ramesh Kumawat",
      "player_name": "Ravindra Ramesh Kumawat",
      "team_id": 4,
      "team_name": "KOL",
      "match_played": 17,
      "value": 16,
      "rank": "69",
      "position_id": 8,
      "position_name": "Raider",
      "team_full_name": "Bengal Warriors"
    },
    {
      "player_id": 718,
      "player": "R. Sriram",
      "player_name": "R. Sriram",
      "team_id": 7,
      "team_name": "PUN",
      "match_played": 15,
      "value": 16,
      "rank": "69",
      "position_id": 8,
      "position_name": "Raider",
      "team_full_name": "Puneri Paltan"
    },
    {
      "player_id": 245,
      "player": "Yogesh Hooda",
      "player_name": "Yogesh Hooda",
      "team_id": 2,
      "team_name": "DEL",
      "match_played": 21,
      "value": 15,
      "rank": "71",
      "position_id": 8,
      "position_name": "Raider",
      "team_full_name": "Dabang Delhi K.C."
    },
    {
      "player_id": 55,
      "player": "Jitesh Joshi",
      "player_name": "Jitesh Joshi",
      "team_id": 7,
      "team_name": "PUN",
      "match_played": 19,
      "value": 15,
      "rank": "71",
      "position_id": 1,
      "position_name": "All Rounder",
      "team_full_name": "Puneri Paltan"
    },
    {
      "player_id": 173,
      "player": "Suresu Kumar",
      "player_name": "Suresu Kumar",
      "team_id": 2,
      "team_name": "DEL",
      "match_played": 21,
      "value": 15,
      "rank": "71",
      "position_id": 8,
      "position_name": "Raider",
      "team_full_name": "Dabang Delhi K.C."
    },
    {
      "player_id": 172,
      "player": "Vinoth Kumar",
      "player_name": "Vinoth Kumar",
      "team_id": 5,
      "team_name": "MUM",
      "match_played": 17,
      "value": 14,
      "rank": "74",
      "position_id": 8,
      "position_name": "Raider",
      "team_full_name": "U Mumba"
    },
    {
      "player_id": 67,
      "player": "Mahipal Narwal",
      "player_name": "Mahipal Narwal",
      "team_id": 31,
      "team_name": "GFG",
      "match_played": 34,
      "value": 14,
      "rank": "74",
      "position_id": 1,
      "position_name": "All Rounder",
      "team_full_name": "Gujarat Fortunegiants"
    },
    {
      "player_id": 79,
      "player": "Pravin Niwale",
      "player_name": "Pravin Niwale",
      "team_id": 2,
      "team_name": "DEL",
      "match_played": 17,
      "value": 14,
      "rank": "74",
      "position_id": 8,
      "position_name": "Raider",
      "team_full_name": "Dabang Delhi K.C."
    },
    {
      "player_id": 2291,
      "player": "Amit Kumar",
      "player_name": "Amit Kumar",
      "team_id": 7,
      "team_name": "PUN",
      "match_played": 18,
      "value": 14,
      "rank": "74",
      "position_id": 8,
      "position_name": "Raider",
      "team_full_name": "Puneri Paltan"
    },
    {
      "player_id": 141,
      "player": "Sunil Jaipal",
      "player_name": "Sunil Jaipal",
      "team_id": 1,
      "team_name": "BEN",
      "match_played": 38,
      "value": 13,
      "rank": "78",
      "position_id": 8,
      "position_name": "Raider",
      "team_full_name": "Bengaluru Bulls"
    },
    {
      "player_id": 118,
      "player": "Surjeet Narwal",
      "player_name": "Surjeet Narwal",
      "team_id": 4,
      "team_name": "KOL",
      "match_played": 31,
      "value": 12,
      "rank": "79",
      "position_id": 8,
      "position_name": "Raider",
      "team_full_name": "Bengal Warriors"
    },
    {
      "player_id": 363,
      "player": "Sumit Singh",
      "player_name": "Sumit Singh",
      "team_id": 1,
      "team_name": "BEN",
      "match_played": 30,
      "value": 12,
      "rank": "79",
      "position_id": 8,
      "position_name": "Raider",
      "team_full_name": "Bengaluru Bulls"
    },
    {
      "player_id": 576,
      "player": "Anand Patil",
      "player_name": "Anand Patil",
      "team_id": 3,
      "team_name": "JAI",
      "match_played": 26,
      "value": 12,
      "rank": "79",
      "position_id": 8,
      "position_name": "Raider",
      "team_full_name": "Jaipur Pink Panthers"
    },
    {
      "player_id": 2024,
      "player": "Arjun Deshwal",
      "player_name": "Arjun Deshwal",
      "team_id": 5,
      "team_name": "MUM",
      "match_played": 18,
      "value": 11,
      "rank": "82",
      "position_id": 8,
      "position_name": "Raider",
      "team_full_name": "U Mumba"
    },
    {
      "player_id": 2488,
      "player": "Vinay",
      "player_name": "Vinay",
      "team_id": 28,
      "team_name": "HS",
      "match_played": 16,
      "value": 11,
      "rank": "82",
      "position_id": 8,
      "position_name": "Raider",
      "team_full_name": "Haryana Steelers"
    },
    {
      "player_id": 745,
      "player": "Vijay",
      "player_name": "Vijay",
      "team_id": 2,
      "team_name": "DEL",
      "match_played": 55,
      "value": 10,
      "rank": "84",
      "position_id": 1,
      "position_name": "All Rounder",
      "team_full_name": "Dabang Delhi K.C."
    },
    {
      "player_id": 202,
      "player": "Ashish Kumar",
      "player_name": "Ashish Kumar",
      "team_id": 1,
      "team_name": "BEN",
      "match_played": 82,
      "value": 10,
      "rank": "84",
      "position_id": 1,
      "position_name": "All Rounder",
      "team_full_name": "Bengaluru Bulls"
    },
    {
      "player_id": 204,
      "player": "Rakesh Narwal",
      "player_name": "Rakesh Narwal",
      "team_id": 4,
      "team_name": "KOL",
      "match_played": 25,
      "value": 10,
      "rank": "84",
      "position_id": 8,
      "position_name": "Raider",
      "team_full_name": "Bengal Warriors"
    },
    {
      "player_id": 200,
      "player": "Mohammad Maghshoudulu",
      "player_name": "Mohammad Maghshoudulu",
      "team_id": 6,
      "team_name": "PAT",
      "match_played": 18,
      "value": 9,
      "rank": "87",
      "position_id": 1,
      "position_name": "All Rounder",
      "team_full_name": "Patna Pirates"
    },
    {
      "player_id": 180,
      "player": "Kedar Lal",
      "player_name": "Kedar Lal",
      "team_id": 4,
      "team_name": "KOL",
      "match_played": 10,
      "value": 9,
      "rank": "87",
      "position_id": 8,
      "position_name": "Raider",
      "team_full_name": "Bengal Warriors"
    },
    {
      "player_id": 121,
      "player": "Vikas Jaglan",
      "player_name": "Vikas Jaglan",
      "team_id": 6,
      "team_name": "PAT",
      "match_played": 44,
      "value": 9,
      "rank": "87",
      "position_id": 1,
      "position_name": "All Rounder",
      "team_full_name": "Patna Pirates"
    },
    {
      "player_id": 648,
      "player": "Ajit Singh",
      "player_name": "Ajit Singh",
      "team_id": 3,
      "team_name": "JAI",
      "match_played": 17,
      "value": 9,
      "rank": "87",
      "position_id": 8,
      "position_name": "Raider",
      "team_full_name": "Jaipur Pink Panthers"
    },
    {
      "player_id": 365,
      "player": "Akshay Jadhav",
      "player_name": "Akshay Jadhav",
      "team_id": 7,
      "team_name": "PUN",
      "match_played": 29,
      "value": 9,
      "rank": "87",
      "position_id": 8,
      "position_name": "Raider",
      "team_full_name": "Puneri Paltan"
    },
    {
      "player_id": 771,
      "player": "Suresh Kumar",
      "player_name": "Suresh Kumar",
      "team_id": 7,
      "team_name": "PUN",
      "match_played": 11,
      "value": 9,
      "rank": "87",
      "position_id": 8,
      "position_name": "Raider",
      "team_full_name": "Puneri Paltan"
    },
    {
      "player_id": 762,
      "player": "Vikas Kumar",
      "player_name": "Vikas Kumar",
      "team_id": 8,
      "team_name": "HYD",
      "match_played": 14,
      "value": 9,
      "rank": "87",
      "position_id": 8,
      "position_name": "Raider",
      "team_full_name": "Telugu Titans"
    },
    {
      "player_id": 2290,
      "player": "Rajnish",
      "player_name": "Rajnish",
      "team_id": 8,
      "team_name": "HYD",
      "match_played": 12,
      "value": 9,
      "rank": "87",
      "position_id": 8,
      "position_name": "Raider",
      "team_full_name": "Telugu Titans"
    },
    {
      "player_id": 2498,
      "player": "Sushil Gulia",
      "player_name": "Sushil Gulia",
      "team_id": 3,
      "team_name": "JAI",
      "match_played": 7,
      "value": 8,
      "rank": "95",
      "position_id": 8,
      "position_name": "Raider",
      "team_full_name": "Jaipur Pink Panthers"
    },
    {
      "player_id": 2508,
      "player": "V. Ajith Kumar",
      "player_name": "V. Ajith Kumar",
      "team_id": 29,
      "team_name": "TT",
      "match_played": 15,
      "value": 8,
      "rank": "95",
      "position_id": 8,
      "position_name": "Raider",
      "team_full_name": "Tamil Thalaivas"
    },
    {
      "player_id": 696,
      "player": "M. Thivakaran",
      "player_name": "M. Thivakaran",
      "team_id": 29,
      "team_name": "TT",
      "match_played": 9,
      "value": 8,
      "rank": "95",
      "position_id": 8,
      "position_name": "Raider",
      "team_full_name": "Tamil Thalaivas"
    },
    {
      "player_id": 272,
      "player": "Umesh Mhatre",
      "player_name": "Umesh Mhatre",
      "team_id": 7,
      "team_name": "PUN",
      "match_played": 13,
      "value": 8,
      "rank": "95",
      "position_id": 8,
      "position_name": "Raider",
      "team_full_name": "Puneri Paltan"
    },
    {
      "player_id": 313,
      "player": "Virender Wazir Singh",
      "player_name": "Virender Wazir Singh",
      "team_id": 4,
      "team_name": "KOL",
      "match_played": 7,
      "value": 7,
      "rank": "99",
      "position_id": 8,
      "position_name": "Raider",
      "team_full_name": "Bengal Warriors"
    },
    {
      "player_id": 252,
      "player": "Kuldeep Singh",
      "player_name": "Kuldeep Singh",
      "team_id": 6,
      "team_name": "PAT",
      "match_played": 66,
      "value": 7,
      "rank": "99",
      "position_id": 1,
      "position_name": "All Rounder",
      "team_full_name": "Patna Pirates"
    },
    {
      "player_id": 268,
      "player": "Vineet Sharma",
      "player_name": "Vineet Sharma",
      "team_id": 29,
      "team_name": "TT",
      "match_played": 40,
      "value": 7,
      "rank": "99",
      "position_id": 8,
      "position_name": "Raider",
      "team_full_name": "Tamil Thalaivas"
    },
    {
      "player_id": 482,
      "player": "Farhad Rahimi Milaghardan",
      "player_name": "Farhad Rahimi Milaghardan",
      "team_id": 8,
      "team_name": "HYD",
      "match_played": 56,
      "value": 7,
      "rank": "99",
      "position_id": 1,
      "position_name": "All Rounder",
      "team_full_name": "Telugu Titans"
    },
    {
      "player_id": 484,
      "player": "Mohammad Esmaeil Nabibakhsh",
      "player_name": "Mohammad Esmaeil Nabibakhsh",
      "team_id": 4,
      "team_name": "KOL",
      "match_played": 17,
      "value": 7,
      "rank": "99",
      "position_id": 1,
      "position_name": "All Rounder",
      "team_full_name": "Bengal Warriors"
    },
    {
      "player_id": 571,
      "player": "Mohammad Esmaeil Maghsoudlou Mahalli",
      "player_name": "Mohammad Esmaeil Maghsoudlou Mahalli",
      "team_id": 6,
      "team_name": "PAT",
      "match_played": 16,
      "value": 6,
      "rank": "104",
      "position_id": 8,
      "position_name": "Raider",
      "team_full_name": "Patna Pirates"
    },
    {
      "player_id": 285,
      "player": "Anil Kashinath Patil",
      "player_name": "Anil Kashinath Patil",
      "team_id": 3,
      "team_name": "JAI",
      "match_played": 5,
      "value": 6,
      "rank": "104",
      "position_id": 1,
      "position_name": "All Rounder",
      "team_full_name": "Jaipur Pink Panthers"
    },
    {
      "player_id": 372,
      "player": "Harish Naik",
      "player_name": "Harish Naik",
      "team_id": 1,
      "team_name": "BEN",
      "match_played": 21,
      "value": 6,
      "rank": "104",
      "position_id": 8,
      "position_name": "Raider",
      "team_full_name": "Bengaluru Bulls"
    },
    {
      "player_id": 275,
      "player": "Deepak Kumar Rathee",
      "player_name": "Deepak Kumar Rathee",
      "team_id": 28,
      "team_name": "HS",
      "match_played": 20,
      "value": 6,
      "rank": "104",
      "position_id": 1,
      "position_name": "All Rounder",
      "team_full_name": "Haryana Steelers"
    },
    {
      "player_id": 107,
      "player": "Shrikant Tewthia",
      "player_name": "Shrikant Tewthia",
      "team_id": 4,
      "team_name": "KOL",
      "match_played": 71,
      "value": 6,
      "rank": "104",
      "position_id": 1,
      "position_name": "All Rounder",
      "team_full_name": "Bengal Warriors"
    },
    {
      "player_id": 168,
      "player": "Mangesh Bhagat",
      "player_name": "Mangesh Bhagat",
      "team_id": 7,
      "team_name": "PUN",
      "match_played": 8,
      "value": 6,
      "rank": "104",
      "position_id": 8,
      "position_name": "Raider",
      "team_full_name": "Puneri Paltan"
    },
    {
      "player_id": 42,
      "player": "Dharmaraj Cheralathan",
      "player_name": "Dharmaraj Cheralathan",
      "team_id": 28,
      "team_name": "HS",
      "match_played": 114,
      "value": 6,
      "rank": "104",
      "position_id": 10,
      "position_name": "Defender, right and left corner",
      "team_full_name": "Haryana Steelers"
    },
    {
      "player_id": 44,
      "player": "Gangadhari Mallesh",
      "player_name": "Gangadhari Mallesh",
      "team_id": 3,
      "team_name": "JAI",
      "match_played": 36,
      "value": 6,
      "rank": "104",
      "position_id": 8,
      "position_name": "Raider",
      "team_full_name": "Jaipur Pink Panthers"
    },
    {
      "player_id": 2325,
      "player": "Anand",
      "player_name": "Anand",
      "team_id": 29,
      "team_name": "TT",
      "match_played": 8,
      "value": 6,
      "rank": "104",
      "position_id": 8,
      "position_name": "Raider",
      "team_full_name": "Tamil Thalaivas"
    },
    {
      "player_id": 2298,
      "player": "Armaan",
      "player_name": "Armaan",
      "team_id": 8,
      "team_name": "HYD",
      "match_played": 10,
      "value": 6,
      "rank": "104",
      "position_id": 1,
      "position_name": "All Rounder",
      "team_full_name": "Telugu Titans"
    },
    {
      "player_id": 2316,
      "player": "Azad Singh",
      "player_name": "Azad Singh",
      "team_id": 30,
      "team_name": "UPY",
      "match_played": 13,
      "value": 6,
      "rank": "104",
      "position_id": 8,
      "position_name": "Raider",
      "team_full_name": "U.P. Yoddha"
    },
    {
      "player_id": 2476,
      "player": "Amit Kumar",
      "player_name": "Amit Kumar",
      "team_id": 3,
      "team_name": "JAI",
      "match_played": 17,
      "value": 5,
      "rank": "115",
      "position_id": 8,
      "position_name": "Raider",
      "team_full_name": "Jaipur Pink Panthers"
    },
    {
      "player_id": 14,
      "player": "Tae Deok Eom",
      "player_name": "Tae Deok Eom",
      "team_id": 6,
      "team_name": "PAT",
      "match_played": 35,
      "value": 5,
      "rank": "115",
      "position_id": 1,
      "position_name": "All Rounder",
      "team_full_name": "Patna Pirates"
    },
    {
      "player_id": 56,
      "player": "Kalimuthu Balamahendran",
      "player_name": "Kalimuthu Balamahendran",
      "team_id": 8,
      "team_name": "HYD",
      "match_played": 23,
      "value": 5,
      "rank": "115",
      "position_id": 3,
      "position_name": "Defender, left corner",
      "team_full_name": "Telugu Titans"
    },
    {
      "player_id": 171,
      "player": "Pradeep Kumar",
      "player_name": "Pradeep Kumar",
      "team_id": 5,
      "team_name": "MUM",
      "match_played": 10,
      "value": 5,
      "rank": "115",
      "position_id": 8,
      "position_name": "Raider",
      "team_full_name": "U Mumba"
    },
    {
      "player_id": 578,
      "player": "Mayur Shivtarkar",
      "player_name": "Mayur Shivtarkar",
      "team_id": 4,
      "team_name": "KOL",
      "match_played": 29,
      "value": 5,
      "rank": "115",
      "position_id": 1,
      "position_name": "All Rounder",
      "team_full_name": "Bengal Warriors"
    },
    {
      "player_id": 605,
      "player": "Shubham Ashok Palkar",
      "player_name": "Shubham Ashok Palkar",
      "team_id": 31,
      "team_name": "GFG",
      "match_played": 12,
      "value": 4,
      "rank": "120",
      "position_id": 8,
      "position_name": "Raider",
      "team_full_name": "Gujarat Fortunegiants"
    },
    {
      "player_id": 667,
      "player": "Elangeshwaran R",
      "player_name": "Elangeshwaran R",
      "team_id": 8,
      "team_name": "HYD",
      "match_played": 5,
      "value": 4,
      "rank": "120",
      "position_id": 1,
      "position_name": "All Rounder",
      "team_full_name": "Telugu Titans"
    },
    {
      "player_id": 371,
      "player": "Amit Nagar",
      "player_name": "Amit Nagar",
      "team_id": 4,
      "team_name": "KOL",
      "match_played": 12,
      "value": 4,
      "rank": "120",
      "position_id": 8,
      "position_name": "Raider",
      "team_full_name": "Bengal Warriors"
    },
    {
      "player_id": 277,
      "player": "Anil Shriram Nimbolkar",
      "player_name": "Anil Shriram Nimbolkar",
      "team_id": 2,
      "team_name": "DEL",
      "match_played": 6,
      "value": 4,
      "rank": "120",
      "position_id": 8,
      "position_name": "Raider",
      "team_full_name": "Dabang Delhi K.C."
    },
    {
      "player_id": 309,
      "player": "Manpreet Singh",
      "player_name": "Manpreet Singh",
      "team_id": 6,
      "team_name": "PAT",
      "match_played": 13,
      "value": 4,
      "rank": "120",
      "position_id": 8,
      "position_name": "Raider",
      "team_full_name": "Patna Pirates"
    },
    {
      "player_id": 243,
      "player": "Sanjay Kumar",
      "player_name": "Sanjay Kumar",
      "team_id": 6,
      "team_name": "PAT",
      "match_played": 8,
      "value": 4,
      "rank": "120",
      "position_id": 1,
      "position_name": "All Rounder",
      "team_full_name": "Patna Pirates"
    },
    {
      "player_id": 232,
      "player": "Sachin Vittala",
      "player_name": "Sachin Vittala",
      "team_id": 31,
      "team_name": "GFG",
      "match_played": 26,
      "value": 4,
      "rank": "120",
      "position_id": 3,
      "position_name": "Defender, left corner",
      "team_full_name": "Gujarat Fortunegiants"
    },
    {
      "player_id": 218,
      "player": "Sachin Kumar",
      "player_name": "Sachin Kumar",
      "team_id": 30,
      "team_name": "UPY",
      "match_played": 46,
      "value": 4,
      "rank": "120",
      "position_id": 1,
      "position_name": "All Rounder",
      "team_full_name": "U.P. Yoddha"
    },
    {
      "player_id": 195,
      "player": "Ashish Chhokar",
      "player_name": "Ashish Chhokar",
      "team_id": 4,
      "team_name": "KOL",
      "match_played": 12,
      "value": 4,
      "rank": "120",
      "position_id": 8,
      "position_name": "Raider",
      "team_full_name": "Bengal Warriors"
    },
    {
      "player_id": 182,
      "player": "Dinesh Kumar",
      "player_name": "Dinesh Kumar",
      "team_id": 4,
      "team_name": "KOL",
      "match_played": 8,
      "value": 4,
      "rank": "120",
      "position_id": 1,
      "position_name": "All Rounder",
      "team_full_name": "Bengal Warriors"
    },
    {
      "player_id": 2485,
      "player": "Sonu Jaglan",
      "player_name": "Sonu Jaglan",
      "team_id": 31,
      "team_name": "GFG",
      "match_played": 12,
      "value": 4,
      "rank": "120",
      "position_id": 8,
      "position_name": "Raider",
      "team_full_name": "Gujarat Fortunegiants"
    },
    {
      "player_id": 2682,
      "player": "Amit Kumar",
      "player_name": "Amit Kumar",
      "team_id": 7,
      "team_name": "PUN",
      "match_played": 5,
      "value": 4,
      "rank": "120",
      "position_id": 1,
      "position_name": "All Rounder",
      "team_full_name": "Puneri Paltan"
    },
    {
      "player_id": 722,
      "player": "D. Pradap",
      "player_name": "D. Pradap",
      "team_id": 29,
      "team_name": "TT",
      "match_played": 29,
      "value": 4,
      "rank": "120",
      "position_id": 1,
      "position_name": "All Rounder",
      "team_full_name": "Tamil Thalaivas"
    },
    {
      "player_id": 837,
      "player": "Rakshith",
      "player_name": "Rakshith",
      "team_id": 8,
      "team_name": "HYD",
      "match_played": 17,
      "value": 4,
      "rank": "120",
      "position_id": 8,
      "position_name": "Raider",
      "team_full_name": "Telugu Titans"
    },
    {
      "player_id": 2021,
      "player": "Anand V",
      "player_name": "Anand V",
      "team_id": 1,
      "team_name": "BEN",
      "match_played": 3,
      "value": 3,
      "rank": "134",
      "position_id": 8,
      "position_name": "Raider",
      "team_full_name": "Bengaluru Bulls"
    },
    {
      "player_id": 2307,
      "player": "Kamal Singh",
      "player_name": "Kamal Singh",
      "team_id": 8,
      "team_name": "HYD",
      "match_played": 11,
      "value": 3,
      "rank": "134",
      "position_id": 8,
      "position_name": "Raider",
      "team_full_name": "Telugu Titans"
    },
    {
      "player_id": 2494,
      "player": "Sachin Narwal",
      "player_name": "Sachin Narwal",
      "team_id": 3,
      "team_name": "JAI",
      "match_played": 11,
      "value": 3,
      "rank": "134",
      "position_id": 1,
      "position_name": "All Rounder",
      "team_full_name": "Jaipur Pink Panthers"
    },
    {
      "player_id": 2502,
      "player": "Mohit Sehrawat",
      "player_name": "Mohit Sehrawat",
      "team_id": 1,
      "team_name": "BEN",
      "match_played": 11,
      "value": 3,
      "rank": "134",
      "position_id": 7,
      "position_name": "Defender, right cover",
      "team_full_name": "Bengaluru Bulls"
    },
    {
      "player_id": 115,
      "player": "Suraj Desai",
      "player_name": "Suraj Desai",
      "team_id": 8,
      "team_name": "HYD",
      "match_played": 12,
      "value": 3,
      "rank": "134",
      "position_id": 8,
      "position_name": "Raider",
      "team_full_name": "Telugu Titans"
    },
    {
      "player_id": 214,
      "player": "Amit Kumar",
      "player_name": "Amit Kumar",
      "team_id": 8,
      "team_name": "HYD",
      "match_played": 11,
      "value": 3,
      "rank": "134",
      "position_id": 8,
      "position_name": "Raider",
      "team_full_name": "Telugu Titans"
    },
    {
      "player_id": 244,
      "player": "Ravi V.",
      "player_name": "Ravi V.",
      "team_id": 7,
      "team_name": "PUN",
      "match_played": 2,
      "value": 3,
      "rank": "134",
      "position_id": 8,
      "position_name": "Raider",
      "team_full_name": "Puneri Paltan"
    },
    {
      "player_id": 249,
      "player": "Hadi Oshtorak",
      "player_name": "Hadi Oshtorak",
      "team_id": 6,
      "team_name": "PAT",
      "match_played": 67,
      "value": 3,
      "rank": "134",
      "position_id": 1,
      "position_name": "All Rounder",
      "team_full_name": "Patna Pirates"
    },
    {
      "player_id": 260,
      "player": "Vijay Malik",
      "player_name": "Vijay Malik",
      "team_id": 6,
      "team_name": "PAT",
      "match_played": 7,
      "value": 3,
      "rank": "134",
      "position_id": 8,
      "position_name": "Raider",
      "team_full_name": "Patna Pirates"
    },
    {
      "player_id": 263,
      "player": "Jay Bahadur Bohara",
      "player_name": "Jay Bahadur Bohara",
      "team_id": 7,
      "team_name": "PUN",
      "match_played": 1,
      "value": 2,
      "rank": "143",
      "position_id": 8,
      "position_name": "Raider",
      "team_full_name": "Puneri Paltan"
    },
    {
      "player_id": 227,
      "player": "Vinoth Paulyas",
      "player_name": "Vinoth Paulyas",
      "team_id": 6,
      "team_name": "PAT",
      "match_played": 4,
      "value": 2,
      "rank": "143",
      "position_id": 8,
      "position_name": "Raider",
      "team_full_name": "Patna Pirates"
    },
    {
      "player_id": 238,
      "player": "Isac Antony",
      "player_name": "Isac Antony",
      "team_id": 8,
      "team_name": "HYD",
      "match_played": 9,
      "value": 2,
      "rank": "143",
      "position_id": 8,
      "position_name": "Raider",
      "team_full_name": "Telugu Titans"
    },
    {
      "player_id": 684,
      "player": "Rakesh Gowda",
      "player_name": "Rakesh Gowda",
      "team_id": 8,
      "team_name": "HYD",
      "match_played": 7,
      "value": 2,
      "rank": "143",
      "position_id": 8,
      "position_name": "Raider",
      "team_full_name": "Telugu Titans"
    },
    {
      "player_id": 613,
      "player": "Sunil Siddhgavali",
      "player_name": "Sunil Siddhgavali",
      "team_id": 3,
      "team_name": "JAI",
      "match_played": 40,
      "value": 2,
      "rank": "143",
      "position_id": 9,
      "position_name": "Defender",
      "team_full_name": "Jaipur Pink Panthers"
    },
    {
      "player_id": 644,
      "player": "Anand Surendra Tomar",
      "player_name": "Anand Surendra Tomar",
      "team_id": 28,
      "team_name": "HS",
      "match_played": 5,
      "value": 2,
      "rank": "143",
      "position_id": 8,
      "position_name": "Raider",
      "team_full_name": "Haryana Steelers"
    },
    {
      "player_id": 146,
      "player": "Surender Nada",
      "player_name": "Surender Nada",
      "team_id": 28,
      "team_name": "HS",
      "match_played": 71,
      "value": 2,
      "rank": "143",
      "position_id": 3,
      "position_name": "Defender, left corner",
      "team_full_name": "Haryana Steelers"
    },
    {
      "player_id": 150,
      "player": "Parmod Narwal",
      "player_name": "Parmod Narwal",
      "team_id": 28,
      "team_name": "HS",
      "match_played": 35,
      "value": 2,
      "rank": "143",
      "position_id": 1,
      "position_name": "All Rounder",
      "team_full_name": "Haryana Steelers"
    },
    {
      "player_id": 51,
      "player": "Jasmer Singh Gulia",
      "player_name": "Jasmer Singh Gulia",
      "team_id": 1,
      "team_name": "BEN",
      "match_played": 52,
      "value": 2,
      "rank": "143",
      "position_id": 1,
      "position_name": "All Rounder",
      "team_full_name": "Bengaluru Bulls"
    },
    {
      "player_id": 73,
      "player": "Nilesh Shinde",
      "player_name": "Nilesh Shinde",
      "team_id": 2,
      "team_name": "DEL",
      "match_played": 69,
      "value": 2,
      "rank": "143",
      "position_id": 6,
      "position_name": "Defender, right corner",
      "team_full_name": "Dabang Delhi K.C."
    },
    {
      "player_id": 32,
      "player": "Balbir Singh",
      "player_name": "Balbir Singh",
      "team_id": 3,
      "team_name": "JAI",
      "match_played": 10,
      "value": 2,
      "rank": "143",
      "position_id": 1,
      "position_name": "All Rounder",
      "team_full_name": "Jaipur Pink Panthers"
    },
    {
      "player_id": 13,
      "player": "Seong Ryeol Kim",
      "player_name": "Seong Ryeol Kim",
      "team_id": 31,
      "team_name": "GFG",
      "match_played": 15,
      "value": 2,
      "rank": "143",
      "position_id": 9,
      "position_name": "Defender",
      "team_full_name": "Gujarat Fortunegiants"
    },
    {
      "player_id": 10,
      "player": "Simon Kibura",
      "player_name": "Simon Kibura",
      "team_id": 4,
      "team_name": "KOL",
      "match_played": 9,
      "value": 2,
      "rank": "143",
      "position_id": 8,
      "position_name": "Raider",
      "team_full_name": "Bengal Warriors"
    },
    {
      "player_id": 38,
      "player": "Dadaso Balaso Awad",
      "player_name": "Dadaso Balaso Awad",
      "team_id": 2,
      "team_name": "DEL",
      "match_played": 12,
      "value": 2,
      "rank": "143",
      "position_id": 1,
      "position_name": "All Rounder",
      "team_full_name": "Dabang Delhi K.C."
    },
    {
      "player_id": 2669,
      "player": "Balram",
      "player_name": "Balram",
      "team_id": 2,
      "team_name": "DEL",
      "match_played": 1,
      "value": 2,
      "rank": "143",
      "position_id": 1,
      "position_name": "All Rounder",
      "team_full_name": "Dabang Delhi K.C."
    },
    {
      "player_id": 2321,
      "player": "Ankush",
      "player_name": "Ankush",
      "team_id": 30,
      "team_name": "UPY",
      "match_played": 3,
      "value": 2,
      "rank": "143",
      "position_id": 8,
      "position_name": "Raider",
      "team_full_name": "U.P. Yoddha"
    },
    {
      "player_id": 2302,
      "player": "Mithin Kumar",
      "player_name": "Mithin Kumar",
      "team_id": 4,
      "team_name": "KOL",
      "match_played": 3,
      "value": 2,
      "rank": "143",
      "position_id": 8,
      "position_name": "Raider",
      "team_full_name": "Bengal Warriors"
    },
    {
      "player_id": 2266,
      "player": "Mahesh Maruti Magdum",
      "player_name": "Mahesh Maruti Magdum",
      "team_id": 1,
      "team_name": "BEN",
      "match_played": 4,
      "value": 2,
      "rank": "143",
      "position_id": 1,
      "position_name": "All Rounder",
      "team_full_name": "Bengaluru Bulls"
    },
    {
      "player_id": 731,
      "player": "Sandeep",
      "player_name": "Sandeep",
      "team_id": 7,
      "team_name": "PUN",
      "match_played": 5,
      "value": 2,
      "rank": "143",
      "position_id": 1,
      "position_name": "All Rounder",
      "team_full_name": "Puneri Paltan"
    },
    {
      "player_id": 735,
      "player": "Vishal",
      "player_name": "Vishal",
      "team_id": 3,
      "team_name": "JAI",
      "match_played": 22,
      "value": 2,
      "rank": "143",
      "position_id": 1,
      "position_name": "All Rounder",
      "team_full_name": "Jaipur Pink Panthers"
    },
    {
      "player_id": 768,
      "player": "Vijay Kumar",
      "player_name": "Vijay Kumar",
      "team_id": 1,
      "team_name": "BEN",
      "match_played": 21,
      "value": 2,
      "rank": "143",
      "position_id": 6,
      "position_name": "Defender, right corner",
      "team_full_name": "Bengaluru Bulls"
    },
    {
      "player_id": 738,
      "player": "Rahul Choudhary",
      "player_name": "Rahul Choudhary",
      "team_id": 3,
      "team_name": "JAI",
      "match_played": 5,
      "value": 1,
      "rank": "164",
      "position_id": 8,
      "position_name": "Raider",
      "team_full_name": "Jaipur Pink Panthers"
    },
    {
      "player_id": 730,
      "player": "Rohit",
      "player_name": "Rohit",
      "team_id": 1,
      "team_name": "BEN",
      "match_played": 2,
      "value": 1,
      "rank": "164",
      "position_id": 8,
      "position_name": "Raider",
      "team_full_name": "Bengaluru Bulls"
    },
    {
      "player_id": 796,
      "player": "Rinku Narwal",
      "player_name": "Rinku Narwal",
      "team_id": 4,
      "team_name": "KOL",
      "match_played": 45,
      "value": 1,
      "rank": "164",
      "position_id": 9,
      "position_name": "Defender",
      "team_full_name": "Bengal Warriors"
    },
    {
      "player_id": 773,
      "player": "Satpal",
      "player_name": "Satpal",
      "team_id": 2,
      "team_name": "DEL",
      "match_played": 22,
      "value": 1,
      "rank": "164",
      "position_id": 6,
      "position_name": "Defender, right corner",
      "team_full_name": "Dabang Delhi K.C."
    },
    {
      "player_id": 786,
      "player": "Parvesh",
      "player_name": "Parvesh",
      "team_id": 7,
      "team_name": "PUN",
      "match_played": 6,
      "value": 1,
      "rank": "164",
      "position_id": 8,
      "position_name": "Raider",
      "team_full_name": "Puneri Paltan"
    },
    {
      "player_id": 2274,
      "player": "C Manoj Kumar",
      "player_name": "C Manoj Kumar",
      "team_id": 8,
      "team_name": "HYD",
      "match_played": 12,
      "value": 1,
      "rank": "164",
      "position_id": 4,
      "position_name": "Defender, left cover",
      "team_full_name": "Telugu Titans"
    },
    {
      "player_id": 2278,
      "player": "Bhanu Pratap Tomar",
      "player_name": "Bhanu Pratap Tomar",
      "team_id": 30,
      "team_name": "UPY",
      "match_played": 6,
      "value": 1,
      "rank": "164",
      "position_id": 8,
      "position_name": "Raider",
      "team_full_name": "U.P. Yoddha"
    },
    {
      "player_id": 2262,
      "player": "Md. Masud Karim",
      "player_name": "Md. Masud Karim",
      "team_id": 30,
      "team_name": "UPY",
      "match_played": 3,
      "value": 1,
      "rank": "164",
      "position_id": 8,
      "position_name": "Raider",
      "team_full_name": "U.P. Yoddha"
    },
    {
      "player_id": 2335,
      "player": "Vimal Raj V",
      "player_name": "Vimal Raj V",
      "team_id": 29,
      "team_name": "TT",
      "match_played": 5,
      "value": 1,
      "rank": "164",
      "position_id": 1,
      "position_name": "All Rounder",
      "team_full_name": "Tamil Thalaivas"
    },
    {
      "player_id": 2660,
      "player": "Sushant Sail",
      "player_name": "Sushant Sail",
      "team_id": 7,
      "team_name": "PUN",
      "match_played": 7,
      "value": 1,
      "rank": "164",
      "position_id": 8,
      "position_name": "Raider",
      "team_full_name": "Puneri Paltan"
    },
    {
      "player_id": 2503,
      "player": "Banty",
      "player_name": "Banty",
      "team_id": 1,
      "team_name": "BEN",
      "match_played": 9,
      "value": 1,
      "rank": "164",
      "position_id": 8,
      "position_name": "Raider",
      "team_full_name": "Bengaluru Bulls"
    },
    {
      "player_id": 2504,
      "player": "Ashish",
      "player_name": "Ashish",
      "team_id": 6,
      "team_name": "PAT",
      "match_played": 7,
      "value": 1,
      "rank": "164",
      "position_id": 8,
      "position_name": "Raider",
      "team_full_name": "Patna Pirates"
    },
    {
      "player_id": 2478,
      "player": "Purna Singh",
      "player_name": "Purna Singh",
      "team_id": 6,
      "team_name": "PAT",
      "match_played": 5,
      "value": 1,
      "rank": "164",
      "position_id": 8,
      "position_name": "Raider",
      "team_full_name": "Patna Pirates"
    },
    {
      "player_id": 45,
      "player": "Gurpreet Singh",
      "player_name": "Gurpreet Singh",
      "team_id": 7,
      "team_name": "PUN",
      "match_played": 18,
      "value": 1,
      "rank": "164",
      "position_id": 6,
      "position_name": "Defender, right corner",
      "team_full_name": "Puneri Paltan"
    },
    {
      "player_id": 16,
      "player": "Waleed Al Hasani",
      "player_name": "Waleed Al Hasani",
      "team_id": 7,
      "team_name": "PUN",
      "match_played": 6,
      "value": 1,
      "rank": "164",
      "position_id": 8,
      "position_name": "Raider",
      "team_full_name": "Puneri Paltan"
    },
    {
      "player_id": 21,
      "player": "Sinotharan Kanesharajah",
      "player_name": "Sinotharan Kanesharajah",
      "team_id": 1,
      "team_name": "BEN",
      "match_played": 3,
      "value": 1,
      "rank": "164",
      "position_id": 8,
      "position_name": "Raider",
      "team_full_name": "Bengaluru Bulls"
    },
    {
      "player_id": 23,
      "player": "Dovlet Boshimov",
      "player_name": "Dovlet Boshimov",
      "team_id": 6,
      "team_name": "PAT",
      "match_played": 2,
      "value": 1,
      "rank": "164",
      "position_id": 8,
      "position_name": "Raider",
      "team_full_name": "Patna Pirates"
    },
    {
      "player_id": 98,
      "player": "Sachin Khambe",
      "player_name": "Sachin Khambe",
      "team_id": 7,
      "team_name": "PUN",
      "match_played": 22,
      "value": 1,
      "rank": "164",
      "position_id": 3,
      "position_name": "Defender, left corner",
      "team_full_name": "Puneri Paltan"
    },
    {
      "player_id": 194,
      "player": "Joginder Singh Narwal",
      "player_name": "Joginder Singh Narwal",
      "team_id": 2,
      "team_name": "DEL",
      "match_played": 76,
      "value": 1,
      "rank": "164",
      "position_id": 3,
      "position_name": "Defender, left corner",
      "team_full_name": "Dabang Delhi K.C."
    },
    {
      "player_id": 207,
      "player": "Sunil",
      "player_name": "Sunil",
      "team_id": 29,
      "team_name": "TT",
      "match_played": 63,
      "value": 1,
      "rank": "164",
      "position_id": 3,
      "position_name": "Defender, left corner",
      "team_full_name": "Tamil Thalaivas"
    },
    {
      "player_id": 210,
      "player": "Sunny",
      "player_name": "Sunny",
      "team_id": 6,
      "team_name": "PAT",
      "match_played": 3,
      "value": 1,
      "rank": "164",
      "position_id": 8,
      "position_name": "Raider",
      "team_full_name": "Patna Pirates"
    },
    {
      "player_id": 108,
      "player": "Shyam Kumar Sah",
      "player_name": "Shyam Kumar Sah",
      "team_id": 4,
      "team_name": "KOL",
      "match_played": 27,
      "value": 1,
      "rank": "164",
      "position_id": 4,
      "position_name": "Defender, left cover",
      "team_full_name": "Bengal Warriors"
    },
    {
      "player_id": 161,
      "player": "Girish Maruti Ernak",
      "player_name": "Girish Maruti Ernak",
      "team_id": 7,
      "team_name": "PUN",
      "match_played": 102,
      "value": 1,
      "rank": "164",
      "position_id": 3,
      "position_name": "Defender, left corner",
      "team_full_name": "Puneri Paltan"
    },
    {
      "player_id": 513,
      "player": "Yong Joo Ok",
      "player_name": "Yong Joo Ok",
      "team_id": 5,
      "team_name": "MUM",
      "match_played": 1,
      "value": 1,
      "rank": "164",
      "position_id": 1,
      "position_name": "All Rounder",
      "team_full_name": "U Mumba"
    },
    {
      "player_id": 660,
      "player": "Bhavani Rajput",
      "player_name": "Bhavani Rajput",
      "team_id": 29,
      "team_name": "TT",
      "match_played": 4,
      "value": 1,
      "rank": "164",
      "position_id": 8,
      "position_name": "Raider",
      "team_full_name": "Tamil Thalaivas"
    },
    {
      "player_id": 689,
      "player": "Mohan Raman G",
      "player_name": "Mohan Raman G",
      "team_id": 5,
      "team_name": "MUM",
      "match_played": 4,
      "value": 1,
      "rank": "164",
      "position_id": 8,
      "position_name": "Raider",
      "team_full_name": "U Mumba"
    },
    {
      "player_id": 367,
      "player": "Nitin Kumar",
      "player_name": "Nitin Kumar",
      "team_id": 5,
      "team_name": "MUM",
      "match_played": 1,
      "value": 1,
      "rank": "164",
      "position_id": 1,
      "position_name": "All Rounder",
      "team_full_name": "U Mumba"
    },
    {
      "player_id": 368,
      "player": "Sunil Kumar",
      "player_name": "Sunil Kumar",
      "team_id": 31,
      "team_name": "GFG",
      "match_played": 67,
      "value": 1,
      "rank": "164",
      "position_id": 9,
      "position_name": "Defender",
      "team_full_name": "Gujarat Fortunegiants"
    },
    {
      "player_id": 386,
      "player": "Anil Kumar",
      "player_name": "Anil Kumar",
      "team_id": 2,
      "team_name": "DEL",
      "match_played": 19,
      "value": 1,
      "rank": "164",
      "position_id": 3,
      "position_name": "Defender, left corner",
      "team_full_name": "Dabang Delhi K.C."
    },
    {
      "player_id": 390,
      "player": "Jawahar Dagar",
      "player_name": "Jawahar Dagar",
      "team_id": 6,
      "team_name": "PAT",
      "match_played": 44,
      "value": 1,
      "rank": "164",
      "position_id": 9,
      "position_name": "Defender",
      "team_full_name": "Patna Pirates"
    },
    {
      "player_id": 212,
      "player": "Amit Hooda",
      "player_name": "Amit Hooda",
      "team_id": 3,
      "team_name": "JAI",
      "match_played": 84,
      "value": 1,
      "rank": "164",
      "position_id": 6,
      "position_name": "Defender, right corner",
      "team_full_name": "Jaipur Pink Panthers"
    },
    {
      "player_id": 225,
      "player": "Sandeep Tomar",
      "player_name": "Sandeep Tomar",
      "team_id": 2,
      "team_name": "DEL",
      "match_played": 3,
      "value": 1,
      "rank": "164",
      "position_id": 8,
      "position_name": "Raider",
      "team_full_name": "Dabang Delhi K.C."
    },
    {
      "player_id": 267,
      "player": "Amit Kumar Tomar",
      "player_name": "Amit Kumar Tomar",
      "team_id": 2,
      "team_name": "DEL",
      "match_played": 9,
      "value": 1,
      "rank": "164",
      "position_id": 8,
      "position_name": "Raider",
      "team_full_name": "Dabang Delhi K.C."
    },
    {
      "player_id": 311,
      "player": "Anil Kumar",
      "player_name": "Anil Kumar",
      "team_id": 2,
      "team_name": "DEL",
      "match_played": 50,
      "value": 1,
      "rank": "164",
      "position_id": 4,
      "position_name": "Defender, left cover",
      "team_full_name": "Dabang Delhi K.C."
    },
    {
      "player_id": 315,
      "player": "Parvesh Attri",
      "player_name": "Parvesh Attri",
      "team_id": 1,
      "team_name": "BEN",
      "match_played": 1,
      "value": 1,
      "rank": "164",
      "position_id": 8,
      "position_name": "Raider",
      "team_full_name": "Bengaluru Bulls"
    },
    {
      "player_id": 316,
      "player": "Nirbhay Narwal",
      "player_name": "Nirbhay Narwal",
      "team_id": 1,
      "team_name": "BEN",
      "match_played": 2,
      "value": 1,
      "rank": "164",
      "position_id": 3,
      "position_name": "Defender, left corner",
      "team_full_name": "Bengaluru Bulls"
    },
    {
      "player_id": 301,
      "player": "Hadi Tajik",
      "player_name": "Hadi Tajik",
      "team_id": 7,
      "team_name": "PUN",
      "match_played": 27,
      "value": 1,
      "rank": "164",
      "position_id": 6,
      "position_name": "Defender, right corner",
      "team_full_name": "Puneri Paltan"
    }
  ],
  "language_lookup": {
    "stat": "Stat",
    "stat_id": "Stat Id",
    "minimum_criteria": "Minimum Criteria",
    "team_id": "Team Id",
    "team_name": "Team Name",
    "player_id": "Player Id",
    "player_name": "Player Name",
    "value": "Value",
    "match_played": "Match Played",
    "team": "Team",
    "tackles": "Tackles"
  }
}