{
  "stat": "Player Super Tackles",
  "stat_id": "28",
  "minimum_criteria": "More than 0 Super Tackles",
  "data": [
    {
      "player_id": 54,
      "player_name": "Jeeva Kumar",
      "team": " Mum",
      "match_played": 13,
      "match played": 13,
      "tackles": 58,
      "value": 7,
      "team_id": 5,
      "team_name": " Mum",
      "rank": "1",
      "position_id": 5,
      "position_name": "Defender, right and left cover"
    },
    {
      "player_id": 157,
      "player_name": "Ravinder Pahal",
      "team": " Del",
      "match_played": 14,
      "match played": 14,
      "tackles": 96,
      "value": 7,
      "team_id": 2,
      "team_name": " Del",
      "rank": "1",
      "position_id": 6,
      "position_name": "Defender, right corner"
    },
    {
      "player_id": 73,
      "player_name": "Nilesh Shinde",
      "team": " Kol",
      "match_played": 12,
      "match played": 12,
      "tackles": 41,
      "value": 6,
      "team_id": 4,
      "team_name": " Kol",
      "rank": "3",
      "position_id": 6,
      "position_name": "Defender, right corner"
    },
    {
      "player_id": 70,
      "player_name": "Manoj Kumar",
      "team": " Pun",
      "match_played": 14,
      "match played": 14,
      "tackles": 49,
      "value": 4,
      "team_id": 7,
      "team_name": " Pun",
      "rank": "4",
      "position_id": 4,
      "position_name": "Defender, left cover"
    },
    {
      "player_id": 98,
      "player_name": "Sachin Khambe",
      "team": " Kol",
      "match_played": 8,
      "match played": 8,
      "tackles": 37,
      "value": 4,
      "team_id": 4,
      "team_name": " Kol",
      "rank": "4",
      "position_id": 3,
      "position_name": "Defender, left corner"
    },
    {
      "player_id": 41,
      "player_name": "Deepak Niwas Hooda",
      "team": " Hyd",
      "match_played": 15,
      "match played": 15,
      "tackles": 61,
      "value": 4,
      "team_id": 8,
      "team_name": " Hyd",
      "rank": "4",
      "position_id": 1,
      "position_name": "All Rounder"
    },
    {
      "player_id": 160,
      "player_name": "Ran Singh",
      "team": " Jai",
      "match_played": 14,
      "match played": 14,
      "tackles": 53,
      "value": 4,
      "team_id": 3,
      "team_name": " Jai",
      "rank": "4",
      "position_id": 1,
      "position_name": "All Rounder"
    },
    {
      "player_id": 162,
      "player_name": "D. Suresh Kumar",
      "team": " Pat",
      "match_played": 16,
      "match played": 16,
      "tackles": 56,
      "value": 4,
      "team_id": 6,
      "team_name": " Pat",
      "rank": "4",
      "position_id": 7,
      "position_name": "Defender, right cover"
    },
    {
      "player_id": 240,
      "player_name": "Ravi Kumar",
      "team": " Pun",
      "match_played": 13,
      "match played": 13,
      "tackles": 61,
      "value": 4,
      "team_id": 7,
      "team_name": " Pun",
      "rank": "4",
      "position_id": 7,
      "position_name": "Defender, right cover"
    },
    {
      "player_id": 248,
      "player_name": "Sandeep Kandola",
      "team": " Hyd",
      "match_played": 16,
      "match played": 16,
      "tackles": 106,
      "value": 4,
      "team_id": 8,
      "team_name": " Hyd",
      "rank": "4",
      "position_id": 3,
      "position_name": "Defender, left corner"
    },
    {
      "player_id": 252,
      "player_name": "Kuldeep Singh",
      "team": " Jai",
      "match_played": 14,
      "match played": 14,
      "tackles": 60,
      "value": 4,
      "team_id": 3,
      "team_name": " Jai",
      "rank": "4",
      "position_id": 1,
      "position_name": "All Rounder"
    },
    {
      "player_id": 179,
      "player_name": "Vikas Kale",
      "team": " Kol",
      "match_played": 8,
      "match played": 8,
      "tackles": 24,
      "value": 3,
      "team_id": 4,
      "team_name": " Kol",
      "rank": "12",
      "position_id": 7,
      "position_name": "Defender, right cover"
    },
    {
      "player_id": 207,
      "player_name": "Sunil",
      "team": " Pat",
      "match_played": 9,
      "match played": 9,
      "tackles": 38,
      "value": 3,
      "team_id": 6,
      "team_name": " Pat",
      "rank": "12",
      "position_id": 3,
      "position_name": "Defender, left corner"
    },
    {
      "player_id": 142,
      "player_name": "Sandeep Narwal",
      "team": " Pat",
      "match_played": 16,
      "match played": 16,
      "tackles": 71,
      "value": 3,
      "team_id": 6,
      "team_name": " Pat",
      "rank": "12",
      "position_id": 1,
      "position_name": "All Rounder"
    },
    {
      "player_id": 71,
      "player_name": "Mohit Chhillar",
      "team": " Mum",
      "match_played": 14,
      "match played": 14,
      "tackles": 72,
      "value": 3,
      "team_id": 5,
      "team_name": " Mum",
      "rank": "12",
      "position_id": 6,
      "position_name": "Defender, right corner"
    },
    {
      "player_id": 84,
      "player_name": "Rajaguru Subramanian",
      "team": " Hyd",
      "match_played": 12,
      "match played": 12,
      "tackles": 42,
      "value": 2,
      "team_id": 8,
      "team_name": " Hyd",
      "rank": "16",
      "position_id": 7,
      "position_name": "Defender, right cover"
    },
    {
      "player_id": 86,
      "player_name": "Rajesh Narwal",
      "team": " Jai",
      "match_played": 14,
      "match played": 14,
      "tackles": 38,
      "value": 2,
      "team_id": 3,
      "team_name": " Jai",
      "rank": "16",
      "position_id": 1,
      "position_name": "All Rounder"
    },
    {
      "player_id": 97,
      "player_name": "Rupesh Tomar",
      "team": " Hyd",
      "match_played": 6,
      "match played": 6,
      "tackles": 18,
      "value": 2,
      "team_id": 8,
      "team_name": " Hyd",
      "rank": "16",
      "position_id": 1,
      "position_name": "All Rounder"
    },
    {
      "player_id": 44,
      "player_name": "Gangadhari Mallesh",
      "team": " Jai",
      "match_played": 10,
      "match played": 10,
      "tackles": 14,
      "value": 2,
      "team_id": 3,
      "team_name": " Jai",
      "rank": "16",
      "position_id": 8,
      "position_name": "Raider"
    },
    {
      "player_id": 52,
      "player_name": "Jasvir Singh",
      "team": " Jai",
      "match_played": 13,
      "match played": 13,
      "tackles": 18,
      "value": 2,
      "team_id": 3,
      "team_name": " Jai",
      "rank": "16",
      "position_id": 8,
      "position_name": "Raider"
    },
    {
      "player_id": 146,
      "player_name": "Surender Nada",
      "team": " Mum",
      "match_played": 14,
      "match played": 14,
      "tackles": 68,
      "value": 2,
      "team_id": 5,
      "team_name": " Mum",
      "rank": "16",
      "position_id": 3,
      "position_name": "Defender, left corner"
    },
    {
      "player_id": 147,
      "player_name": "Prashant Chavan",
      "team": " Jai",
      "match_played": 11,
      "match played": 11,
      "tackles": 35,
      "value": 2,
      "team_id": 3,
      "team_name": " Jai",
      "rank": "16",
      "position_id": 6,
      "position_name": "Defender, right corner"
    },
    {
      "player_id": 158,
      "player_name": "Rakesh Singh Kumar",
      "team": " Del",
      "match_played": 13,
      "match played": 13,
      "tackles": 59,
      "value": 2,
      "team_id": 2,
      "team_name": " Del",
      "rank": "16",
      "position_id": 4,
      "position_name": "Defender, left cover"
    },
    {
      "player_id": 109,
      "player_name": "Somvir Shekhar",
      "team": " Ben",
      "match_played": 14,
      "match played": 14,
      "tackles": 62,
      "value": 2,
      "team_id": 1,
      "team_name": " Ben",
      "rank": "16",
      "position_id": 7,
      "position_name": "Defender, right cover"
    },
    {
      "player_id": 141,
      "player_name": "Sunil Jaipal",
      "team": " Kol",
      "match_played": 10,
      "match played": 10,
      "tackles": 10,
      "value": 2,
      "team_id": 4,
      "team_name": " Kol",
      "rank": "16",
      "position_id": 8,
      "position_name": "Raider"
    },
    {
      "player_id": 185,
      "player_name": "Vijin Thangadurai",
      "team": " Kol",
      "match_played": 7,
      "match played": 7,
      "tackles": 27,
      "value": 2,
      "team_id": 4,
      "team_name": " Kol",
      "rank": "16",
      "position_id": 7,
      "position_name": "Defender, right cover"
    },
    {
      "player_id": 259,
      "player_name": "Fazel Atrachali",
      "team": " Mum",
      "match_played": 5,
      "match played": 5,
      "tackles": 13,
      "value": 2,
      "team_id": 5,
      "team_name": " Mum",
      "rank": "16",
      "position_id": 3,
      "position_name": "Defender, left corner"
    },
    {
      "player_id": 38,
      "player_name": "Dadaso Balaso Awad",
      "team": " Del",
      "match_played": 7,
      "match played": 7,
      "tackles": 23,
      "value": 2,
      "team_id": 2,
      "team_name": " Del",
      "rank": "16",
      "position_id": 1,
      "position_name": "All Rounder"
    },
    {
      "player_id": 249,
      "player_name": "Hadi Oshtorak",
      "team": " Hyd",
      "match_played": 4,
      "match played": 4,
      "tackles": 13,
      "value": 1,
      "team_id": 8,
      "team_name": " Hyd",
      "rank": "29",
      "position_id": 1,
      "position_name": "All Rounder"
    },
    {
      "player_id": 212,
      "player_name": "Amit Hooda",
      "team": " Pat",
      "match_played": 12,
      "match played": 12,
      "tackles": 41,
      "value": 1,
      "team_id": 6,
      "team_name": " Pat",
      "rank": "29",
      "position_id": 6,
      "position_name": "Defender, right corner"
    },
    {
      "player_id": 222,
      "player_name": "G.S. Manikandan",
      "team": " Del",
      "match_played": 13,
      "match played": 13,
      "tackles": 36,
      "value": 1,
      "team_id": 2,
      "team_name": " Del",
      "rank": "29",
      "position_id": 4,
      "position_name": "Defender, left cover"
    },
    {
      "player_id": 235,
      "player_name": "Vijender Singh",
      "team": " Pun",
      "match_played": 7,
      "match played": 7,
      "tackles": 30,
      "value": 1,
      "team_id": 7,
      "team_name": " Pun",
      "rank": "29",
      "position_id": 3,
      "position_name": "Defender, left corner"
    },
    {
      "player_id": 181,
      "player_name": "Deepak Dhull",
      "team": " Kol",
      "match_played": 8,
      "match played": 8,
      "tackles": 29,
      "value": 1,
      "team_id": 4,
      "team_name": " Kol",
      "rank": "29",
      "position_id": 4,
      "position_name": "Defender, left cover"
    },
    {
      "player_id": 184,
      "player_name": "Deepak Kumar",
      "team": " Kol",
      "match_played": 4,
      "match played": 4,
      "tackles": 14,
      "value": 1,
      "team_id": 4,
      "team_name": " Kol",
      "rank": "29",
      "position_id": 3,
      "position_name": "Defender, left corner"
    },
    {
      "player_id": 246,
      "player_name": "Harvinder Singh",
      "team": " Pun",
      "match_played": 4,
      "match played": 4,
      "tackles": 18,
      "value": 1,
      "team_id": 7,
      "team_name": " Pun",
      "rank": "29",
      "position_id": 7,
      "position_name": "Defender, right cover"
    },
    {
      "player_id": 191,
      "player_name": "C. Arun",
      "team": " Jai",
      "match_played": 8,
      "match played": 8,
      "tackles": 23,
      "value": 1,
      "team_id": 3,
      "team_name": " Jai",
      "rank": "29",
      "position_id": 4,
      "position_name": "Defender, left cover"
    },
    {
      "player_id": 202,
      "player_name": "Ashish Kumar",
      "team": " Ben",
      "match_played": 5,
      "match played": 5,
      "tackles": 10,
      "value": 1,
      "team_id": 1,
      "team_name": " Ben",
      "rank": "29",
      "position_id": 7,
      "position_name": "Defender, right cover"
    },
    {
      "player_id": 205,
      "player_name": "Sandeep Malik",
      "team": " Ben",
      "match_played": 1,
      "match played": 1,
      "tackles": 1,
      "value": 1,
      "team_id": 1,
      "team_name": " Ben",
      "rank": "29",
      "position_id": 3,
      "position_name": "Defender, left corner"
    },
    {
      "player_id": 171,
      "player_name": "Pradeep Kumar",
      "team": " Mum",
      "match_played": 6,
      "match played": 6,
      "tackles": 6,
      "value": 1,
      "team_id": 5,
      "team_name": " Mum",
      "rank": "29",
      "position_id": 8,
      "position_name": "Raider"
    },
    {
      "player_id": 161,
      "player_name": "Girish Maruti Ernak",
      "team": " Pat",
      "match_played": 13,
      "match played": 13,
      "tackles": 66,
      "value": 1,
      "team_id": 6,
      "team_name": " Pat",
      "rank": "29",
      "position_id": 3,
      "position_name": "Defender, left corner"
    },
    {
      "player_id": 159,
      "player_name": "Samarjeet Singh",
      "team": " Jai",
      "match_played": 5,
      "match played": 5,
      "tackles": 2,
      "value": 1,
      "team_id": 3,
      "team_name": " Jai",
      "rank": "29",
      "position_id": 1,
      "position_name": "All Rounder"
    },
    {
      "player_id": 155,
      "player_name": "Prashanth Kumar Rai",
      "team": " Hyd",
      "match_played": 15,
      "match played": 15,
      "tackles": 10,
      "value": 1,
      "team_id": 8,
      "team_name": " Hyd",
      "rank": "29",
      "position_id": 8,
      "position_name": "Raider"
    },
    {
      "player_id": 69,
      "player_name": "Manjeet Chhillar",
      "team": " Ben",
      "match_played": 16,
      "match played": 16,
      "tackles": 78,
      "value": 1,
      "team_id": 1,
      "team_name": " Ben",
      "rank": "29",
      "position_id": 1,
      "position_name": "All Rounder"
    },
    {
      "player_id": 42,
      "player_name": "Dharmaraj Cheralathan",
      "team": " Ben",
      "match_played": 15,
      "match played": 15,
      "tackles": 68,
      "value": 1,
      "team_id": 1,
      "team_name": " Ben",
      "rank": "29",
      "position_id": 10,
      "position_name": "Defender, right and left corner"
    },
    {
      "player_id": 13,
      "player_name": "Seong Ryeol Kim",
      "team": " Kol",
      "match_played": 4,
      "match played": 4,
      "tackles": 9,
      "value": 1,
      "team_id": 4,
      "team_name": " Kol",
      "rank": "29",
      "position_id": 9,
      "position_name": "Defender"
    },
    {
      "player_id": 28,
      "player_name": "Amit Singh Chhillar",
      "team": " Del",
      "match_played": 6,
      "match played": 6,
      "tackles": 21,
      "value": 1,
      "team_id": 2,
      "team_name": " Del",
      "rank": "29",
      "position_id": 3,
      "position_name": "Defender, left corner"
    },
    {
      "player_id": 29,
      "player_name": "Anup Kumar",
      "team": " Mum",
      "match_played": 14,
      "match played": 14,
      "tackles": 12,
      "value": 1,
      "team_id": 5,
      "team_name": " Mum",
      "rank": "29",
      "position_id": 8,
      "position_name": "Raider"
    },
    {
      "player_id": 107,
      "player_name": "Shrikant Tewthia",
      "team": " Del",
      "match_played": 9,
      "match played": 9,
      "tackles": 31,
      "value": 1,
      "team_id": 2,
      "team_name": " Del",
      "rank": "29",
      "position_id": 1,
      "position_name": "All Rounder"
    }
  ],
  "language_lookup": {
    "stat": "Stat",
    "stat_id": "Stat Id",
    "minimum_criteria": "Minimum Criteria",
    "team_id": "Team Id",
    "team_name": "Team Name",
    "player_id": "Player Id",
    "player_name": "Player Name",
    "value": "Value",
    "match_played": "Match Played",
    "team": "Team",
    "tackles": "Tackles"
  }
}