{
  "stat": "Player Super Tackles",
  "stat_id": "28",
  "minimum_criteria": "More than 0 Super Tackles",
  "data": [
    {
      "player_id": 42,
      "player_name": "Dharmaraj Cheralathan",
      "team": " Pat",
      "match_played": 14,
      "match played": 14,
      "tackles": 63,
      "value": 8,
      "team_id": 6,
      "team_name": " Pat",
      "rank": "1",
      "position_id": 10,
      "position_name": "Defender, right and left corner"
    },
    {
      "player_id": 259,
      "player_name": "Fazel Atrachali",
      "team": " Pat",
      "match_played": 16,
      "match played": 16,
      "tackles": 72,
      "value": 7,
      "team_id": 6,
      "team_name": " Pat",
      "rank": "2",
      "position_id": 3,
      "position_name": "Defender, left corner"
    },
    {
      "player_id": 202,
      "player_name": "Ashish Kumar",
      "team": " Ben",
      "match_played": 14,
      "match played": 14,
      "tackles": 44,
      "value": 6,
      "team_id": 1,
      "team_name": " Ben",
      "rank": "3",
      "position_id": 7,
      "position_name": "Defender, right cover"
    },
    {
      "player_id": 165,
      "player_name": "Sachin Shingade",
      "team": " Del",
      "match_played": 14,
      "match played": 14,
      "tackles": 84,
      "value": 5,
      "team_id": 2,
      "team_name": " Del",
      "rank": "4",
      "position_id": 4,
      "position_name": "Defender, left cover"
    },
    {
      "player_id": 105,
      "player_name": "Shabeer Bappu",
      "team": " Jai",
      "match_played": 12,
      "match played": 12,
      "tackles": 19,
      "value": 5,
      "team_id": 3,
      "team_name": " Jai",
      "rank": "4",
      "position_id": 8,
      "position_name": "Raider"
    },
    {
      "player_id": 252,
      "player_name": "Kuldeep Singh",
      "team": " Pat",
      "match_played": 15,
      "match played": 15,
      "tackles": 66,
      "value": 5,
      "team_id": 6,
      "team_name": " Pat",
      "rank": "4",
      "position_id": 1,
      "position_name": "All Rounder"
    },
    {
      "player_id": 386,
      "player_name": "Anil Kumar",
      "team": " Del",
      "match_played": 9,
      "match played": 9,
      "tackles": 25,
      "value": 4,
      "team_id": 2,
      "team_name": " Del",
      "rank": "7",
      "position_id": 3,
      "position_name": "Defender, left corner"
    },
    {
      "player_id": 146,
      "player_name": "Surender Nada",
      "team": " Ben",
      "match_played": 13,
      "match played": 13,
      "tackles": 62,
      "value": 4,
      "team_id": 1,
      "team_name": " Ben",
      "rank": "7",
      "position_id": 3,
      "position_name": "Defender, left corner"
    },
    {
      "player_id": 212,
      "player_name": "Amit Hooda",
      "team": " Jai",
      "match_played": 16,
      "match played": 16,
      "tackles": 89,
      "value": 4,
      "team_id": 3,
      "team_name": " Jai",
      "rank": "7",
      "position_id": 6,
      "position_name": "Defender, right corner"
    },
    {
      "player_id": 322,
      "player_name": "PO Surjeet Singh",
      "team": " Mum",
      "match_played": 14,
      "match played": 14,
      "tackles": 73,
      "value": 4,
      "team_id": 5,
      "team_name": " Mum",
      "rank": "7",
      "position_id": 7,
      "position_name": "Defender, right cover"
    },
    {
      "player_id": 249,
      "player_name": "Hadi Oshtorak",
      "team": " Pat",
      "match_played": 7,
      "match played": 7,
      "tackles": 21,
      "value": 3,
      "team_id": 6,
      "team_name": " Pat",
      "rank": "11",
      "position_id": 1,
      "position_name": "All Rounder"
    },
    {
      "player_id": 251,
      "player_name": "Meraj Sheykh",
      "team": " Del",
      "match_played": 14,
      "match played": 14,
      "tackles": 30,
      "value": 3,
      "team_id": 2,
      "team_name": " Del",
      "rank": "11",
      "position_id": 1,
      "position_name": "All Rounder"
    },
    {
      "player_id": 123,
      "player_name": "Vishal Mane",
      "team": " Kol",
      "match_played": 14,
      "match played": 14,
      "tackles": 66,
      "value": 3,
      "team_id": 4,
      "team_name": " Kol",
      "rank": "11",
      "position_id": 7,
      "position_name": "Defender, right cover"
    },
    {
      "player_id": 88,
      "player_name": "Rakesh Kumar",
      "team": " Mum",
      "match_played": 14,
      "match played": 14,
      "tackles": 47,
      "value": 3,
      "team_id": 5,
      "team_name": " Mum",
      "rank": "11",
      "position_id": 1,
      "position_name": "All Rounder"
    },
    {
      "player_id": 58,
      "player_name": "Kashiling Adake",
      "team": " Ben, Del",
      "match_played": 13,
      "match played": 13,
      "tackles": 18,
      "value": 3,
      "team_id": 2,
      "team_name": " Ben, Del",
      "rank": "11",
      "position_id": 8,
      "position_name": "Raider"
    },
    {
      "player_id": 71,
      "player_name": "Mohit Chhillar",
      "team": " Ben",
      "match_played": 14,
      "match played": 14,
      "tackles": 87,
      "value": 3,
      "team_id": 1,
      "team_name": " Ben",
      "rank": "11",
      "position_id": 6,
      "position_name": "Defender, right corner"
    },
    {
      "player_id": 67,
      "player_name": "Mahipal Narwal",
      "team": " Jai",
      "match_played": 14,
      "match played": 14,
      "tackles": 23,
      "value": 2,
      "team_id": 3,
      "team_name": " Jai",
      "rank": "17",
      "position_id": 1,
      "position_name": "All Rounder"
    },
    {
      "player_id": 52,
      "player_name": "Jasvir Singh",
      "team": " Jai",
      "match_played": 14,
      "match played": 14,
      "tackles": 14,
      "value": 2,
      "team_id": 3,
      "team_name": " Jai",
      "rank": "17",
      "position_id": 8,
      "position_name": "Raider"
    },
    {
      "player_id": 54,
      "player_name": "Jeeva Kumar",
      "team": " Mum",
      "match_played": 14,
      "match played": 14,
      "tackles": 62,
      "value": 2,
      "team_id": 5,
      "team_name": " Mum",
      "rank": "17",
      "position_id": 5,
      "position_name": "Defender, right and left cover"
    },
    {
      "player_id": 152,
      "player_name": "D. Gopu",
      "team": " Del",
      "match_played": 5,
      "match played": 5,
      "tackles": 10,
      "value": 2,
      "team_id": 2,
      "team_name": " Del",
      "rank": "17",
      "position_id": 10,
      "position_name": "Defender, right and left corner"
    },
    {
      "player_id": 157,
      "player_name": "Ravinder Pahal",
      "team": " Pun",
      "match_played": 14,
      "match played": 14,
      "tackles": 72,
      "value": 2,
      "team_id": 7,
      "team_name": " Pun",
      "rank": "17",
      "position_id": 6,
      "position_name": "Defender, right corner"
    },
    {
      "player_id": 142,
      "player_name": "Sandeep Narwal",
      "team": " Hyd",
      "match_played": 16,
      "match played": 16,
      "tackles": 83,
      "value": 2,
      "team_id": 8,
      "team_name": " Hyd",
      "rank": "17",
      "position_id": 1,
      "position_name": "All Rounder"
    },
    {
      "player_id": 161,
      "player_name": "Girish Maruti Ernak",
      "team": " Kol",
      "match_played": 12,
      "match played": 12,
      "tackles": 58,
      "value": 2,
      "team_id": 4,
      "team_name": " Kol",
      "rank": "17",
      "position_id": 3,
      "position_name": "Defender, left corner"
    },
    {
      "player_id": 164,
      "player_name": "Bajirao Hodage",
      "team": " Pat",
      "match_played": 14,
      "match played": 14,
      "tackles": 50,
      "value": 2,
      "team_id": 6,
      "team_name": " Pat",
      "rank": "17",
      "position_id": 7,
      "position_name": "Defender, right cover"
    },
    {
      "player_id": 194,
      "player_name": "Joginder Singh Narwal",
      "team": " Pun",
      "match_played": 16,
      "match played": 16,
      "tackles": 69,
      "value": 2,
      "team_id": 7,
      "team_name": " Pun",
      "rank": "17",
      "position_id": 3,
      "position_name": "Defender, left corner"
    },
    {
      "player_id": 391,
      "player_name": "S Mahalingam",
      "team": " Hyd",
      "match_played": 11,
      "match played": 11,
      "tackles": 32,
      "value": 2,
      "team_id": 8,
      "team_name": " Hyd",
      "rank": "17",
      "position_id": 1,
      "position_name": "All Rounder"
    },
    {
      "player_id": 388,
      "player_name": "Monu Goyat",
      "team": " Kol",
      "match_played": 13,
      "match played": 13,
      "tackles": 13,
      "value": 1,
      "team_id": 4,
      "team_name": " Kol",
      "rank": "27",
      "position_id": 8,
      "position_name": "Raider"
    },
    {
      "player_id": 197,
      "player_name": "Pardeep Narwal",
      "team": " Pat",
      "match_played": 16,
      "match played": 16,
      "tackles": 6,
      "value": 1,
      "team_id": 6,
      "team_name": " Pat",
      "rank": "27",
      "position_id": 8,
      "position_name": "Raider"
    },
    {
      "player_id": 191,
      "player_name": "C. Arun",
      "team": " Kol",
      "match_played": 14,
      "match played": 14,
      "tackles": 40,
      "value": 1,
      "team_id": 4,
      "team_name": " Kol",
      "rank": "27",
      "position_id": 4,
      "position_name": "Defender, left cover"
    },
    {
      "player_id": 207,
      "player_name": "Sunil",
      "team": " Mum",
      "match_played": 10,
      "match played": 10,
      "tackles": 35,
      "value": 1,
      "team_id": 5,
      "team_name": " Mum",
      "rank": "27",
      "position_id": 3,
      "position_name": "Defender, left corner"
    },
    {
      "player_id": 326,
      "player_name": "Rohit Kumar",
      "team": " Ben",
      "match_played": 14,
      "match played": 14,
      "tackles": 16,
      "value": 1,
      "team_id": 1,
      "team_name": " Ben",
      "rank": "27",
      "position_id": 8,
      "position_name": "Raider"
    },
    {
      "player_id": 363,
      "player_name": "Sumit Singh",
      "team": " Ben",
      "match_played": 5,
      "match played": 5,
      "tackles": 5,
      "value": 1,
      "team_id": 1,
      "team_name": " Ben",
      "rank": "27",
      "position_id": 8,
      "position_name": "Raider"
    },
    {
      "player_id": 272,
      "player_name": "Umesh Mhatre",
      "team": " Del",
      "match_played": 2,
      "match played": 2,
      "tackles": 9,
      "value": 1,
      "team_id": 2,
      "team_name": " Del",
      "rank": "27",
      "position_id": 8,
      "position_name": "Raider"
    },
    {
      "player_id": 160,
      "player_name": "Ran Singh",
      "team": " Jai",
      "match_played": 16,
      "match played": 16,
      "tackles": 62,
      "value": 1,
      "team_id": 3,
      "team_name": " Jai",
      "rank": "27",
      "position_id": 1,
      "position_name": "All Rounder"
    },
    {
      "player_id": 29,
      "player_name": "Anup Kumar",
      "team": " Mum",
      "match_played": 14,
      "match played": 14,
      "tackles": 24,
      "value": 1,
      "team_id": 5,
      "team_name": " Mum",
      "rank": "27",
      "position_id": 8,
      "position_name": "Raider"
    },
    {
      "player_id": 107,
      "player_name": "Shrikant Tewthia",
      "team": " Jai",
      "match_played": 4,
      "match played": 4,
      "tackles": 5,
      "value": 1,
      "team_id": 3,
      "team_name": " Jai",
      "rank": "27",
      "position_id": 1,
      "position_name": "All Rounder"
    },
    {
      "player_id": 109,
      "player_name": "Somvir Shekhar",
      "team": " Pun",
      "match_played": 16,
      "match played": 16,
      "tackles": 57,
      "value": 1,
      "team_id": 7,
      "team_name": " Pun",
      "rank": "27",
      "position_id": 7,
      "position_name": "Defender, right cover"
    },
    {
      "player_id": 69,
      "player_name": "Manjeet Chhillar",
      "team": " Pun",
      "match_played": 12,
      "match played": 12,
      "tackles": 73,
      "value": 1,
      "team_id": 7,
      "team_name": " Pun",
      "rank": "27",
      "position_id": 1,
      "position_name": "All Rounder"
    },
    {
      "player_id": 75,
      "player_name": "Nitin Madane",
      "team": " Kol",
      "match_played": 13,
      "match played": 13,
      "tackles": 14,
      "value": 1,
      "team_id": 4,
      "team_name": " Kol",
      "rank": "27",
      "position_id": 8,
      "position_name": "Raider"
    },
    {
      "player_id": 81,
      "player_name": "Rahul Chaudhari",
      "team": " Hyd",
      "match_played": 16,
      "match played": 16,
      "tackles": 11,
      "value": 1,
      "team_id": 8,
      "team_name": " Hyd",
      "rank": "27",
      "position_id": 8,
      "position_name": "Raider"
    },
    {
      "player_id": 86,
      "player_name": "Rajesh Narwal",
      "team": " Jai",
      "match_played": 16,
      "match played": 16,
      "tackles": 53,
      "value": 1,
      "team_id": 3,
      "team_name": " Jai",
      "rank": "27",
      "position_id": 1,
      "position_name": "All Rounder"
    }
  ],
  "language_lookup": {
    "stat": "Stat",
    "stat_id": "Stat Id",
    "minimum_criteria": "Minimum Criteria",
    "team_id": "Team Id",
    "team_name": "Team Name",
    "player_id": "Player Id",
    "player_name": "Player Name",
    "value": "Value",
    "match_played": "Match Played",
    "team": "Team",
    "tackles": "Tackles"
  }
}