{
  "stat": "Player DOD Raid Points",
  "stat_id": "132",
  "minimum_criteria": "More than 0 DOD Raid Points",
  "data": [
    {
      "player_id": 12,
      "player": "Jang Kun Lee",
      "player_name": "Jang Kun Lee",
      "team_id": 4,
      "team_name": " Kol",
      "match_played": 15,
      "value": 33,
      "rank": "1",
      "position_id": 8,
      "position_name": "Raider"
    },
    {
      "player_id": 94,
      "player": "Rishank Devadiga",
      "player_name": "Rishank Devadiga",
      "team_id": 5,
      "team_name": " Mum",
      "match_played": 16,
      "value": 29,
      "rank": "2",
      "position_id": 8,
      "position_name": "Raider"
    },
    {
      "player_id": 197,
      "player": "Pardeep Narwal",
      "player_name": "Pardeep Narwal",
      "team_id": 6,
      "team_name": " Pat",
      "match_played": 16,
      "value": 25,
      "rank": "3",
      "position_id": 8,
      "position_name": "Raider"
    },
    {
      "player_id": 264,
      "player": "Selvamani K",
      "player_name": "Selvamani K",
      "team_id": 2,
      "team_name": " Del",
      "match_played": 8,
      "value": 25,
      "rank": "3",
      "position_id": 8,
      "position_name": "Raider"
    },
    {
      "player_id": 26,
      "player": "Ajay Thakur",
      "player_name": "Ajay Thakur",
      "team_id": 7,
      "team_name": " Pun",
      "match_played": 14,
      "value": 24,
      "rank": "5",
      "position_id": 8,
      "position_name": "Raider"
    },
    {
      "player_id": 41,
      "player": "Deepak Niwas Hooda",
      "player_name": "Deepak Niwas Hooda",
      "team_id": 7,
      "team_name": " Pun",
      "match_played": 12,
      "value": 21,
      "rank": "6",
      "position_id": 1,
      "position_name": "All Rounder"
    },
    {
      "player_id": 174,
      "player": "Deepak Kumar Dahiya",
      "player_name": "Deepak Kumar Dahiya",
      "team_id": 1,
      "team_name": " Ben",
      "match_played": 10,
      "value": 20,
      "rank": "7",
      "position_id": 8,
      "position_name": "Raider"
    },
    {
      "player_id": 326,
      "player": "Rohit Kumar",
      "player_name": "Rohit Kumar",
      "team_id": 6,
      "team_name": " Pat",
      "match_played": 12,
      "value": 20,
      "rank": "7",
      "position_id": 8,
      "position_name": "Raider"
    },
    {
      "player_id": 318,
      "player": "Pawan Kumar Sehrawat",
      "player_name": "Pawan Kumar Sehrawat",
      "team_id": 1,
      "team_name": " Ben",
      "match_played": 13,
      "value": 19,
      "rank": "9",
      "position_id": 8,
      "position_name": "Raider"
    },
    {
      "player_id": 85,
      "player": "Rajesh Mondal",
      "player_name": "Rajesh Mondal",
      "team_id": 6,
      "team_name": " Pat",
      "match_played": 9,
      "value": 16,
      "rank": "10",
      "position_id": 8,
      "position_name": "Raider"
    },
    {
      "player_id": 86,
      "player": "Rajesh Narwal",
      "player_name": "Rajesh Narwal",
      "team_id": 3,
      "team_name": " Jai",
      "match_played": 14,
      "value": 14,
      "rank": "11",
      "position_id": 1,
      "position_name": "All Rounder"
    },
    {
      "player_id": 242,
      "player": "Tushar Patil",
      "player_name": "Tushar Patil",
      "team_id": 7,
      "team_name": " Pun",
      "match_played": 13,
      "value": 14,
      "rank": "11",
      "position_id": 8,
      "position_name": "Raider"
    },
    {
      "player_id": 234,
      "player": "Surender Singh",
      "player_name": "Surender Singh",
      "team_id": 7,
      "team_name": " Pun",
      "match_played": 12,
      "value": 12,
      "rank": "13",
      "position_id": 8,
      "position_name": "Raider"
    },
    {
      "player_id": 163,
      "player": "Mahendra Ganesh Rajput",
      "player_name": "Mahendra Ganesh Rajput",
      "team_id": 4,
      "team_name": " Kol",
      "match_played": 8,
      "value": 12,
      "rank": "13",
      "position_id": 8,
      "position_name": "Raider"
    },
    {
      "player_id": 52,
      "player": "Jasvir Singh",
      "player_name": "Jasvir Singh",
      "team_id": 3,
      "team_name": " Jai",
      "match_played": 4,
      "value": 12,
      "rank": "13",
      "position_id": 8,
      "position_name": "Raider"
    },
    {
      "player_id": 66,
      "player": "Mahesh Goud",
      "player_name": "Mahesh Goud",
      "team_id": 4,
      "team_name": " Kol",
      "match_played": 13,
      "value": 12,
      "rank": "13",
      "position_id": 8,
      "position_name": "Raider"
    },
    {
      "player_id": 111,
      "player": "Sukesh Hegde",
      "player_name": "Sukesh Hegde",
      "team_id": 8,
      "team_name": " Hyd",
      "match_played": 13,
      "value": 11,
      "rank": "17",
      "position_id": 8,
      "position_name": "Raider"
    },
    {
      "player_id": 231,
      "player": "Amit Om Prakash Rathi",
      "player_name": "Amit Om Prakash Rathi",
      "team_id": 1,
      "team_name": " Ben",
      "match_played": 8,
      "value": 11,
      "rank": "17",
      "position_id": 8,
      "position_name": "Raider"
    },
    {
      "player_id": 251,
      "player": "Meraj Sheykh",
      "player_name": "Meraj Sheykh",
      "team_id": 8,
      "team_name": " Hyd",
      "match_played": 14,
      "value": 11,
      "rank": "17",
      "position_id": 1,
      "position_name": "All Rounder"
    },
    {
      "player_id": 172,
      "player": "Vinoth Kumar",
      "player_name": "Vinoth Kumar",
      "team_id": 1,
      "team_name": " Ben",
      "match_played": 7,
      "value": 10,
      "rank": "20",
      "position_id": 8,
      "position_name": "Raider"
    },
    {
      "player_id": 34,
      "player": "Bhupender Singh",
      "player_name": "Bhupender Singh",
      "team_id": 5,
      "team_name": " Mum",
      "match_played": 11,
      "value": 10,
      "rank": "20",
      "position_id": 1,
      "position_name": "All Rounder"
    },
    {
      "player_id": 58,
      "player": "Kashiling Adake",
      "player_name": "Kashiling Adake",
      "team_id": 2,
      "team_name": " Del",
      "match_played": 11,
      "value": 9,
      "rank": "22",
      "position_id": 8,
      "position_name": "Raider"
    },
    {
      "player_id": 81,
      "player": "Rahul Chaudhari",
      "player_name": "Rahul Chaudhari",
      "team_id": 8,
      "team_name": " Hyd",
      "match_played": 13,
      "value": 9,
      "rank": "22",
      "position_id": 8,
      "position_name": "Raider"
    },
    {
      "player_id": 200,
      "player": "Mohammad Maghshoudulu",
      "player_name": "Mohammad Maghshoudulu",
      "team_id": 3,
      "team_name": " Jai",
      "match_played": 10,
      "value": 9,
      "rank": "22",
      "position_id": 1,
      "position_name": "All Rounder"
    },
    {
      "player_id": 190,
      "player": "Sonu Narwal",
      "player_name": "Sonu Narwal",
      "team_id": 3,
      "team_name": " Jai",
      "match_played": 11,
      "value": 8,
      "rank": "25",
      "position_id": 8,
      "position_name": "Raider"
    },
    {
      "player_id": 160,
      "player": "Ran Singh",
      "player_name": "Ran Singh",
      "team_id": 3,
      "team_name": " Jai",
      "match_played": 14,
      "value": 8,
      "rank": "25",
      "position_id": 1,
      "position_name": "All Rounder"
    },
    {
      "player_id": 261,
      "player": "Rohit Baliyan",
      "player_name": "Rohit Baliyan",
      "team_id": 8,
      "team_name": " Hyd",
      "match_played": 11,
      "value": 8,
      "rank": "25",
      "position_id": 8,
      "position_name": "Raider"
    },
    {
      "player_id": 272,
      "player": "Umesh Mhatre",
      "player_name": "Umesh Mhatre",
      "team_id": 4,
      "team_name": " Kol",
      "match_played": 6,
      "value": 6,
      "rank": "28",
      "position_id": 8,
      "position_name": "Raider"
    },
    {
      "player_id": 211,
      "player": "Deepak Narwal",
      "player_name": "Deepak Narwal",
      "team_id": 6,
      "team_name": " Pat",
      "match_played": 9,
      "value": 6,
      "rank": "28",
      "position_id": 8,
      "position_name": "Raider"
    },
    {
      "player_id": 285,
      "player": "Anil Kashinath Patil",
      "player_name": "Anil Kashinath Patil",
      "team_id": 3,
      "team_name": " Jai",
      "match_played": 5,
      "value": 6,
      "rank": "28",
      "position_id": 1,
      "position_name": "All Rounder"
    },
    {
      "player_id": 293,
      "player": "Nilesh Salunke",
      "player_name": "Nilesh Salunke",
      "team_id": 7,
      "team_name": " Pun",
      "match_played": 7,
      "value": 6,
      "rank": "28",
      "position_id": 8,
      "position_name": "Raider"
    },
    {
      "player_id": 119,
      "player": "CPO Surjeet Singh",
      "player_name": "CPO Surjeet Singh",
      "team_id": 2,
      "team_name": " Del",
      "match_played": 12,
      "value": 6,
      "rank": "28",
      "position_id": 8,
      "position_name": "Raider"
    },
    {
      "player_id": 88,
      "player": "Rakesh Kumar",
      "player_name": "Rakesh Kumar",
      "team_id": 5,
      "team_name": " Mum",
      "match_played": 15,
      "value": 6,
      "rank": "28",
      "position_id": 1,
      "position_name": "All Rounder"
    },
    {
      "player_id": 69,
      "player": "Manjeet Chhillar",
      "player_name": "Manjeet Chhillar",
      "team_id": 7,
      "team_name": " Pun",
      "match_played": 15,
      "value": 6,
      "rank": "28",
      "position_id": 1,
      "position_name": "All Rounder"
    },
    {
      "player_id": 320,
      "player": "Nitin Tomar",
      "player_name": "Nitin Tomar",
      "team_id": 4,
      "team_name": " Kol",
      "match_played": 10,
      "value": 5,
      "rank": "35",
      "position_id": 8,
      "position_name": "Raider"
    },
    {
      "player_id": 217,
      "player": "Rohit Kumar Choudary",
      "player_name": "Rohit Kumar Choudary",
      "team_id": 2,
      "team_name": " Del",
      "match_played": 7,
      "value": 5,
      "rank": "35",
      "position_id": 8,
      "position_name": "Raider"
    },
    {
      "player_id": 275,
      "player": "Deepak Kumar Rathee",
      "player_name": "Deepak Kumar Rathee",
      "team_id": 1,
      "team_name": " Ben",
      "match_played": 14,
      "value": 5,
      "rank": "35",
      "position_id": 1,
      "position_name": "All Rounder"
    },
    {
      "player_id": 277,
      "player": "Anil Shriram Nimbolkar",
      "player_name": "Anil Shriram Nimbolkar",
      "team_id": 2,
      "team_name": " Del",
      "match_played": 6,
      "value": 4,
      "rank": "38",
      "position_id": 8,
      "position_name": "Raider"
    },
    {
      "player_id": 309,
      "player": "Manpreet Singh",
      "player_name": "Manpreet Singh",
      "team_id": 6,
      "team_name": " Pat",
      "match_played": 13,
      "value": 4,
      "rank": "38",
      "position_id": 8,
      "position_name": "Raider"
    },
    {
      "player_id": 105,
      "player": "Shabeer Bappu",
      "player_name": "Shabeer Bappu",
      "team_id": 5,
      "team_name": " Mum",
      "match_played": 10,
      "value": 4,
      "rank": "38",
      "position_id": 8,
      "position_name": "Raider"
    },
    {
      "player_id": 156,
      "player": "Pawan Kumar Kadian",
      "player_name": "Pawan Kumar Kadian",
      "team_id": 5,
      "team_name": " Mum",
      "match_played": 5,
      "value": 3,
      "rank": "41",
      "position_id": 8,
      "position_name": "Raider"
    },
    {
      "player_id": 29,
      "player": "Anup Kumar",
      "player_name": "Anup Kumar",
      "team_id": 5,
      "team_name": " Mum",
      "match_played": 13,
      "value": 3,
      "rank": "41",
      "position_id": 8,
      "position_name": "Raider"
    },
    {
      "player_id": 245,
      "player": "Yogesh Hooda",
      "player_name": "Yogesh Hooda",
      "team_id": 7,
      "team_name": " Pun",
      "match_played": 6,
      "value": 3,
      "rank": "41",
      "position_id": 8,
      "position_name": "Raider"
    },
    {
      "player_id": 227,
      "player": "Vinoth Paulyas",
      "player_name": "Vinoth Paulyas",
      "team_id": 5,
      "team_name": " Mum",
      "match_played": 3,
      "value": 2,
      "rank": "44",
      "position_id": 8,
      "position_name": "Raider"
    },
    {
      "player_id": 263,
      "player": "Jay Bahadur Bohara",
      "player_name": "Jay Bahadur Bohara",
      "team_id": 2,
      "team_name": " Del",
      "match_played": 1,
      "value": 2,
      "rank": "44",
      "position_id": 8,
      "position_name": "Raider"
    },
    {
      "player_id": 313,
      "player": "Virender Wazir Singh",
      "player_name": "Virender Wazir Singh",
      "team_id": 8,
      "team_name": " Hyd",
      "match_played": 4,
      "value": 2,
      "rank": "44",
      "position_id": 8,
      "position_name": "Raider"
    },
    {
      "player_id": 13,
      "player": "Seong Ryeol Kim",
      "player_name": "Seong Ryeol Kim",
      "team_id": 2,
      "team_name": " Del",
      "match_played": 8,
      "value": 2,
      "rank": "44",
      "position_id": 9,
      "position_name": "Defender"
    },
    {
      "player_id": 106,
      "player": "Shrikant Jadhav",
      "player_name": "Shrikant Jadhav",
      "team_id": 4,
      "team_name": " Kol",
      "match_played": 5,
      "value": 2,
      "rank": "44",
      "position_id": 8,
      "position_name": "Raider"
    },
    {
      "player_id": 118,
      "player": "Surjeet Narwal",
      "player_name": "Surjeet Narwal",
      "team_id": 1,
      "team_name": " Ben",
      "match_played": 12,
      "value": 2,
      "rank": "44",
      "position_id": 8,
      "position_name": "Raider"
    },
    {
      "player_id": 155,
      "player": "Prashanth Kumar Rai",
      "player_name": "Prashanth Kumar Rai",
      "team_id": 8,
      "team_name": " Hyd",
      "match_played": 13,
      "value": 1,
      "rank": "50",
      "position_id": 8,
      "position_name": "Raider"
    },
    {
      "player_id": 173,
      "player": "Suresu Kumar",
      "player_name": "Suresu Kumar",
      "team_id": 5,
      "team_name": " Mum",
      "match_played": 3,
      "value": 1,
      "rank": "50",
      "position_id": 8,
      "position_name": "Raider"
    },
    {
      "player_id": 207,
      "player": "Sunil",
      "player_name": "Sunil",
      "team_id": 6,
      "team_name": " Pat",
      "match_played": 15,
      "value": 1,
      "rank": "50",
      "position_id": 3,
      "position_name": "Defender, left corner"
    },
    {
      "player_id": 42,
      "player": "Dharmaraj Cheralathan",
      "player_name": "Dharmaraj Cheralathan",
      "team_id": 8,
      "team_name": " Hyd",
      "match_played": 14,
      "value": 1,
      "rank": "50",
      "position_id": 10,
      "position_name": "Defender, right and left corner"
    },
    {
      "player_id": 44,
      "player": "Gangadhari Mallesh",
      "player_name": "Gangadhari Mallesh",
      "team_id": 3,
      "team_name": " Jai",
      "match_played": 10,
      "value": 1,
      "rank": "50",
      "position_id": 8,
      "position_name": "Raider"
    },
    {
      "player_id": 46,
      "player": "Gurvinder Singh",
      "player_name": "Gurvinder Singh",
      "team_id": 6,
      "team_name": " Pat",
      "match_played": 5,
      "value": 1,
      "rank": "50",
      "position_id": 8,
      "position_name": "Raider"
    },
    {
      "player_id": 67,
      "player": "Mahipal Narwal",
      "player_name": "Mahipal Narwal",
      "team_id": 6,
      "team_name": " Pat",
      "match_played": 4,
      "value": 1,
      "rank": "50",
      "position_id": 1,
      "position_name": "All Rounder"
    },
    {
      "player_id": 10,
      "player": "Simon Kibura",
      "player_name": "Simon Kibura",
      "team_id": 7,
      "team_name": " Pun",
      "match_played": 2,
      "value": 1,
      "rank": "50",
      "position_id": 8,
      "position_name": "Raider"
    },
    {
      "player_id": 315,
      "player": "Parvesh Attri",
      "player_name": "Parvesh Attri",
      "team_id": 1,
      "team_name": " Ben",
      "match_played": 1,
      "value": 1,
      "rank": "50",
      "position_id": 8,
      "position_name": "Raider"
    },
    {
      "player_id": 316,
      "player": "Nirbhay Narwal",
      "player_name": "Nirbhay Narwal",
      "team_id": 1,
      "team_name": " Ben",
      "match_played": 2,
      "value": 1,
      "rank": "50",
      "position_id": 3,
      "position_name": "Defender, left corner"
    },
    {
      "player_id": 311,
      "player": "Anil Kumar",
      "player_name": "Anil Kumar",
      "team_id": 2,
      "team_name": " Del",
      "match_played": 11,
      "value": 1,
      "rank": "50",
      "position_id": 4,
      "position_name": "Defender, left cover"
    },
    {
      "player_id": 252,
      "player": "Kuldeep Singh",
      "player_name": "Kuldeep Singh",
      "team_id": 3,
      "team_name": " Jai",
      "match_played": 10,
      "value": 1,
      "rank": "50",
      "position_id": 1,
      "position_name": "All Rounder"
    },
    {
      "player_id": 219,
      "player": "K. Prapanjan",
      "player_name": "K. Prapanjan",
      "team_id": 5,
      "team_name": " Mum",
      "match_played": 4,
      "value": 1,
      "rank": "50",
      "position_id": 8,
      "position_name": "Raider"
    },
    {
      "player_id": 238,
      "player": "Isac Antony",
      "player_name": "Isac Antony",
      "team_id": 8,
      "team_name": " Hyd",
      "match_played": 2,
      "value": 1,
      "rank": "50",
      "position_id": 8,
      "position_name": "Raider"
    }
  ],
  "language_lookup": {
    "stat": "Stat",
    "stat_id": "Stat Id",
    "minimum_criteria": "Minimum Criteria",
    "team_id": "Team Id",
    "team_name": "Team Name",
    "player_id": "Player Id",
    "player_name": "Player Name",
    "value": "Value",
    "match_played": "Match Played",
    "team": "Team",
    "tackles": "Tackles"
  }
}