{
  "stat": "Player Avg Raid Points",
  "stat_id": "138",
  "minimum_criteria": "",
  "data": [
    {
      "player_id": 326,
      "player_name": "Rohit Kumar",
      "match_played": 12,
      "value": 9.27,
      "team_id": 6,
      "team_name": " Pat",
      "rank": "1",
      "position_id": 8,
      "position_name": "Raider"
    },
    {
      "player_id": 197,
      "player_name": "Pardeep Narwal",
      "match_played": 16,
      "value": 7.73,
      "team_id": 6,
      "team_name": " Pat",
      "rank": "2",
      "position_id": 8,
      "position_name": "Raider"
    },
    {
      "player_id": 320,
      "player_name": "Nitin Tomar",
      "match_played": 10,
      "value": 7.7,
      "team_id": 4,
      "team_name": " Kol",
      "rank": "3",
      "position_id": 8,
      "position_name": "Raider"
    },
    {
      "player_id": 58,
      "player_name": "Kashiling Adake",
      "match_played": 11,
      "value": 6.82,
      "team_id": 2,
      "team_name": " Del",
      "rank": "4",
      "position_id": 8,
      "position_name": "Raider"
    },
    {
      "player_id": 81,
      "player_name": "Rahul Chaudhari",
      "match_played": 13,
      "value": 6.69,
      "team_id": 8,
      "team_name": " Hyd",
      "rank": "5",
      "position_id": 8,
      "position_name": "Raider"
    },
    {
      "player_id": 94,
      "player_name": "Rishank Devadiga",
      "match_played": 16,
      "value": 6.63,
      "team_id": 5,
      "team_name": " Mum",
      "rank": "6",
      "position_id": 8,
      "position_name": "Raider"
    },
    {
      "player_id": 52,
      "player_name": "Jasvir Singh",
      "match_played": 4,
      "value": 6.25,
      "team_id": 3,
      "team_name": " Jai",
      "rank": "7",
      "position_id": 8,
      "position_name": "Raider"
    },
    {
      "player_id": 29,
      "player_name": "Anup Kumar",
      "match_played": 13,
      "value": 5.85,
      "team_id": 5,
      "team_name": " Mum",
      "rank": "8",
      "position_id": 8,
      "position_name": "Raider"
    },
    {
      "player_id": 41,
      "player_name": "Deepak Niwas Hooda",
      "match_played": 12,
      "value": 5.75,
      "team_id": 7,
      "team_name": " Pun",
      "rank": "9",
      "position_id": 1,
      "position_name": "All Rounder"
    },
    {
      "player_id": 119,
      "player_name": "CPO Surjeet Singh",
      "match_played": 12,
      "value": 5.67,
      "team_id": 2,
      "team_name": " Del",
      "rank": "10",
      "position_id": 8,
      "position_name": "Raider"
    },
    {
      "player_id": 12,
      "player_name": "Jang Kun Lee",
      "match_played": 15,
      "value": 5.27,
      "team_id": 4,
      "team_name": " Kol",
      "rank": "11",
      "position_id": 8,
      "position_name": "Raider"
    },
    {
      "player_id": 190,
      "player_name": "Sonu Narwal",
      "match_played": 11,
      "value": 5.0,
      "team_id": 3,
      "team_name": " Jai",
      "rank": "12",
      "position_id": 8,
      "position_name": "Raider"
    },
    {
      "player_id": 261,
      "player_name": "Rohit Baliyan",
      "match_played": 11,
      "value": 4.91,
      "team_id": 8,
      "team_name": " Hyd",
      "rank": "13",
      "position_id": 8,
      "position_name": "Raider"
    },
    {
      "player_id": 264,
      "player_name": "Selvamani K",
      "match_played": 8,
      "value": 4.75,
      "team_id": 2,
      "team_name": " Del",
      "rank": "14",
      "position_id": 8,
      "position_name": "Raider"
    },
    {
      "player_id": 111,
      "player_name": "Sukesh Hegde",
      "match_played": 13,
      "value": 4.69,
      "team_id": 8,
      "team_name": " Hyd",
      "rank": "15",
      "position_id": 8,
      "position_name": "Raider"
    },
    {
      "player_id": 86,
      "player_name": "Rajesh Narwal",
      "match_played": 14,
      "value": 4.21,
      "team_id": 3,
      "team_name": " Jai",
      "rank": "16",
      "position_id": 1,
      "position_name": "All Rounder"
    },
    {
      "player_id": 211,
      "player_name": "Deepak Narwal",
      "match_played": 9,
      "value": 3.88,
      "team_id": 6,
      "team_name": " Pat",
      "rank": "17",
      "position_id": 8,
      "position_name": "Raider"
    },
    {
      "player_id": 231,
      "player_name": "Amit Om Prakash Rathi",
      "match_played": 8,
      "value": 3.75,
      "team_id": 1,
      "team_name": " Ben",
      "rank": "18",
      "position_id": 8,
      "position_name": "Raider"
    },
    {
      "player_id": 26,
      "player_name": "Ajay Thakur",
      "match_played": 14,
      "value": 3.71,
      "team_id": 7,
      "team_name": " Pun",
      "rank": "19",
      "position_id": 8,
      "position_name": "Raider"
    },
    {
      "player_id": 174,
      "player_name": "Deepak Kumar Dahiya",
      "match_played": 10,
      "value": 3.7,
      "team_id": 1,
      "team_name": " Ben",
      "rank": "20",
      "position_id": 8,
      "position_name": "Raider"
    },
    {
      "player_id": 234,
      "player_name": "Surender Singh",
      "match_played": 12,
      "value": 3.67,
      "team_id": 7,
      "team_name": " Pun",
      "rank": "21",
      "position_id": 8,
      "position_name": "Raider"
    },
    {
      "player_id": 318,
      "player_name": "Pawan Kumar Sehrawat",
      "match_played": 13,
      "value": 3.46,
      "team_id": 1,
      "team_name": " Ben",
      "rank": "22",
      "position_id": 8,
      "position_name": "Raider"
    },
    {
      "player_id": 118,
      "player_name": "Surjeet Narwal",
      "match_played": 12,
      "value": 3.33,
      "team_id": 1,
      "team_name": " Ben",
      "rank": "23",
      "position_id": 8,
      "position_name": "Raider"
    },
    {
      "player_id": 85,
      "player_name": "Rajesh Mondal",
      "match_played": 9,
      "value": 3.0,
      "team_id": 6,
      "team_name": " Pat",
      "rank": "24",
      "position_id": 8,
      "position_name": "Raider"
    },
    {
      "player_id": 69,
      "player_name": "Manjeet Chhillar",
      "match_played": 15,
      "value": 3.0,
      "team_id": 7,
      "team_name": " Pun",
      "rank": "24",
      "position_id": 1,
      "position_name": "All Rounder"
    },
    {
      "player_id": 66,
      "player_name": "Mahesh Goud",
      "match_played": 13,
      "value": 2.54,
      "team_id": 4,
      "team_name": " Kol",
      "rank": "26",
      "position_id": 8,
      "position_name": "Raider"
    },
    {
      "player_id": 277,
      "player_name": "Anil Shriram Nimbolkar",
      "match_played": 6,
      "value": 2.5,
      "team_id": 2,
      "team_name": " Del",
      "rank": "27",
      "position_id": 8,
      "position_name": "Raider"
    },
    {
      "player_id": 163,
      "player_name": "Mahendra Ganesh Rajput",
      "match_played": 8,
      "value": 2.38,
      "team_id": 4,
      "team_name": " Kol",
      "rank": "28",
      "position_id": 8,
      "position_name": "Raider"
    },
    {
      "player_id": 272,
      "player_name": "Umesh Mhatre",
      "match_played": 6,
      "value": 2.33,
      "team_id": 4,
      "team_name": " Kol",
      "rank": "29",
      "position_id": 8,
      "position_name": "Raider"
    },
    {
      "player_id": 172,
      "player_name": "Vinoth Kumar",
      "match_played": 7,
      "value": 2.29,
      "team_id": 1,
      "team_name": " Ben",
      "rank": "30",
      "position_id": 8,
      "position_name": "Raider"
    },
    {
      "player_id": 217,
      "player_name": "Rohit Kumar Choudary",
      "match_played": 7,
      "value": 2.29,
      "team_id": 2,
      "team_name": " Del",
      "rank": "30",
      "position_id": 8,
      "position_name": "Raider"
    },
    {
      "player_id": 88,
      "player_name": "Rakesh Kumar",
      "match_played": 15,
      "value": 2.2,
      "team_id": 5,
      "team_name": " Mum",
      "rank": "32",
      "position_id": 1,
      "position_name": "All Rounder"
    },
    {
      "player_id": 106,
      "player_name": "Shrikant Jadhav",
      "match_played": 5,
      "value": 2.0,
      "team_id": 4,
      "team_name": " Kol",
      "rank": "33",
      "position_id": 8,
      "position_name": "Raider"
    },
    {
      "player_id": 107,
      "player_name": "Shrikant Tewthia",
      "match_played": 13,
      "value": 2.0,
      "team_id": 1,
      "team_name": " Ben",
      "rank": "33",
      "position_id": 1,
      "position_name": "All Rounder"
    },
    {
      "player_id": 141,
      "player_name": "Sunil Jaipal",
      "match_played": 2,
      "value": 2.0,
      "team_id": 6,
      "team_name": " Pat",
      "rank": "33",
      "position_id": 8,
      "position_name": "Raider"
    },
    {
      "player_id": 268,
      "player_name": "Vineet Sharma",
      "match_played": 4,
      "value": 2.0,
      "team_id": 4,
      "team_name": " Kol",
      "rank": "33",
      "position_id": 8,
      "position_name": "Raider"
    },
    {
      "player_id": 293,
      "player_name": "Nilesh Salunke",
      "match_played": 7,
      "value": 2.0,
      "team_id": 7,
      "team_name": " Pun",
      "rank": "33",
      "position_id": 8,
      "position_name": "Raider"
    },
    {
      "player_id": 251,
      "player_name": "Meraj Sheykh",
      "match_played": 14,
      "value": 1.93,
      "team_id": 8,
      "team_name": " Hyd",
      "rank": "38",
      "position_id": 1,
      "position_name": "All Rounder"
    },
    {
      "player_id": 309,
      "player_name": "Manpreet Singh",
      "match_played": 13,
      "value": 1.85,
      "team_id": 6,
      "team_name": " Pat",
      "rank": "39",
      "position_id": 8,
      "position_name": "Raider"
    },
    {
      "player_id": 242,
      "player_name": "Tushar Patil",
      "match_played": 13,
      "value": 1.83,
      "team_id": 7,
      "team_name": " Pun",
      "rank": "40",
      "position_id": 8,
      "position_name": "Raider"
    },
    {
      "player_id": 285,
      "player_name": "Anil Kashinath Patil",
      "match_played": 5,
      "value": 1.6,
      "team_id": 3,
      "team_name": " Jai",
      "rank": "41",
      "position_id": 1,
      "position_name": "All Rounder"
    },
    {
      "player_id": 160,
      "player_name": "Ran Singh",
      "match_played": 14,
      "value": 1.54,
      "team_id": 3,
      "team_name": " Jai",
      "rank": "42",
      "position_id": 1,
      "position_name": "All Rounder"
    },
    {
      "player_id": 313,
      "player_name": "Virender Wazir Singh",
      "match_played": 4,
      "value": 1.5,
      "team_id": 8,
      "team_name": " Hyd",
      "rank": "43",
      "position_id": 8,
      "position_name": "Raider"
    },
    {
      "player_id": 156,
      "player_name": "Pawan Kumar Kadian",
      "match_played": 5,
      "value": 1.5,
      "team_id": 5,
      "team_name": " Mum",
      "rank": "43",
      "position_id": 8,
      "position_name": "Raider"
    },
    {
      "player_id": 108,
      "player_name": "Shyam Kumar Sah",
      "match_played": 7,
      "value": 1.4,
      "team_id": 4,
      "team_name": " Kol",
      "rank": "45",
      "position_id": 4,
      "position_name": "Defender, left cover"
    },
    {
      "player_id": 105,
      "player_name": "Shabeer Bappu",
      "match_played": 10,
      "value": 1.3,
      "team_id": 5,
      "team_name": " Mum",
      "rank": "46",
      "position_id": 8,
      "position_name": "Raider"
    },
    {
      "player_id": 200,
      "player_name": "Mohammad Maghshoudulu",
      "match_played": 10,
      "value": 1.3,
      "team_id": 3,
      "team_name": " Jai",
      "rank": "46",
      "position_id": 1,
      "position_name": "All Rounder"
    },
    {
      "player_id": 67,
      "player_name": "Mahipal Narwal",
      "match_played": 4,
      "value": 1.25,
      "team_id": 6,
      "team_name": " Pat",
      "rank": "48",
      "position_id": 1,
      "position_name": "All Rounder"
    },
    {
      "player_id": 245,
      "player_name": "Yogesh Hooda",
      "match_played": 6,
      "value": 1.2,
      "team_id": 7,
      "team_name": " Pun",
      "rank": "49",
      "position_id": 8,
      "position_name": "Raider"
    },
    {
      "player_id": 155,
      "player_name": "Prashanth Kumar Rai",
      "match_played": 13,
      "value": 1.0,
      "team_id": 8,
      "team_name": " Hyd",
      "rank": "50",
      "position_id": 8,
      "position_name": "Raider"
    },
    {
      "player_id": 278,
      "player_name": "Gnanasekaran M",
      "match_played": 8,
      "value": 1.0,
      "team_id": 2,
      "team_name": " Del",
      "rank": "50",
      "position_id": 6,
      "position_name": "Defender, right corner"
    },
    {
      "player_id": 10,
      "player_name": "Simon Kibura",
      "match_played": 2,
      "value": 1.0,
      "team_id": 7,
      "team_name": " Pun",
      "rank": "50",
      "position_id": 8,
      "position_name": "Raider"
    },
    {
      "player_id": 34,
      "player_name": "Bhupender Singh",
      "match_played": 11,
      "value": 1.0,
      "team_id": 5,
      "team_name": " Mum",
      "rank": "50",
      "position_id": 1,
      "position_name": "All Rounder"
    },
    {
      "player_id": 157,
      "player_name": "Ravinder Pahal",
      "match_played": 11,
      "value": 0.89,
      "team_id": 2,
      "team_name": " Del",
      "rank": "54",
      "position_id": 6,
      "position_name": "Defender, right corner"
    },
    {
      "player_id": 202,
      "player_name": "Ashish Kumar",
      "match_played": 13,
      "value": 0.88,
      "team_id": 1,
      "team_name": " Ben",
      "rank": "55",
      "position_id": 7,
      "position_name": "Defender, right cover"
    },
    {
      "player_id": 167,
      "player_name": "Preetam Chhillar",
      "match_played": 11,
      "value": 0.83,
      "team_id": 1,
      "team_name": " Ben",
      "rank": "56",
      "position_id": 1,
      "position_name": "All Rounder"
    },
    {
      "player_id": 46,
      "player_name": "Gurvinder Singh",
      "match_played": 5,
      "value": 0.8,
      "team_id": 6,
      "team_name": " Pat",
      "rank": "57",
      "position_id": 8,
      "position_name": "Raider"
    },
    {
      "player_id": 13,
      "player_name": "Seong Ryeol Kim",
      "match_played": 8,
      "value": 0.75,
      "team_id": 2,
      "team_name": " Del",
      "rank": "58",
      "position_id": 9,
      "position_name": "Defender"
    },
    {
      "player_id": 252,
      "player_name": "Kuldeep Singh",
      "match_played": 10,
      "value": 0.7,
      "team_id": 3,
      "team_name": " Jai",
      "rank": "59",
      "position_id": 1,
      "position_name": "All Rounder"
    },
    {
      "player_id": 227,
      "player_name": "Vinoth Paulyas",
      "match_played": 3,
      "value": 0.67,
      "team_id": 5,
      "team_name": " Mum",
      "rank": "60",
      "position_id": 8,
      "position_name": "Raider"
    },
    {
      "player_id": 142,
      "player_name": "Sandeep Narwal",
      "match_played": 14,
      "value": 0.64,
      "team_id": 6,
      "team_name": " Pat",
      "rank": "61",
      "position_id": 1,
      "position_name": "All Rounder"
    },
    {
      "player_id": 42,
      "player_name": "Dharmaraj Cheralathan",
      "match_played": 14,
      "value": 0.6,
      "team_id": 8,
      "team_name": " Hyd",
      "rank": "62",
      "position_id": 10,
      "position_name": "Defender, right and left corner"
    },
    {
      "player_id": 275,
      "player_name": "Deepak Kumar Rathee",
      "match_played": 14,
      "value": 0.6,
      "team_id": 1,
      "team_name": " Ben",
      "rank": "62",
      "position_id": 1,
      "position_name": "All Rounder"
    },
    {
      "player_id": 219,
      "player_name": "K. Prapanjan",
      "match_played": 4,
      "value": 0.5,
      "team_id": 5,
      "team_name": " Mum",
      "rank": "64",
      "position_id": 8,
      "position_name": "Raider"
    },
    {
      "player_id": 146,
      "player_name": "Surender Nada",
      "match_played": 7,
      "value": 0.5,
      "team_id": 5,
      "team_name": " Mum",
      "rank": "64",
      "position_id": 3,
      "position_name": "Defender, left corner"
    },
    {
      "player_id": 79,
      "player_name": "Pravin Niwale",
      "match_played": 2,
      "value": 0.5,
      "team_id": 2,
      "team_name": " Del",
      "rank": "64",
      "position_id": 8,
      "position_name": "Raider"
    },
    {
      "player_id": 159,
      "player_name": "Samarjeet Singh",
      "match_played": 5,
      "value": 0.4,
      "team_id": 3,
      "team_name": " Jai",
      "rank": "67",
      "position_id": 1,
      "position_name": "All Rounder"
    },
    {
      "player_id": 311,
      "player_name": "Anil Kumar",
      "match_played": 11,
      "value": 0.33,
      "team_id": 2,
      "team_name": " Del",
      "rank": "68",
      "position_id": 4,
      "position_name": "Defender, left cover"
    },
    {
      "player_id": 322,
      "player_name": "PO Surjeet Singh",
      "match_played": 12,
      "value": 0.25,
      "team_id": 7,
      "team_name": " Pun",
      "rank": "69",
      "position_id": 7,
      "position_name": "Defender, right cover"
    },
    {
      "player_id": 191,
      "player_name": "C. Arun",
      "match_played": 11,
      "value": 0.25,
      "team_id": 3,
      "team_name": " Jai",
      "rank": "69",
      "position_id": 4,
      "position_name": "Defender, left cover"
    },
    {
      "player_id": 73,
      "player_name": "Nilesh Shinde",
      "match_played": 16,
      "value": 0.18,
      "team_id": 4,
      "team_name": " Kol",
      "rank": "71",
      "position_id": 6,
      "position_name": "Defender, right corner"
    },
    {
      "player_id": 44,
      "player_name": "Gangadhari Mallesh",
      "match_played": 10,
      "value": 0.17,
      "team_id": 3,
      "team_name": " Jai",
      "rank": "72",
      "position_id": 8,
      "position_name": "Raider"
    },
    {
      "player_id": 96,
      "player_name": "Rohit Rana",
      "match_played": 12,
      "value": 0.17,
      "team_id": 3,
      "team_name": " Jai",
      "rank": "72",
      "position_id": 4,
      "position_name": "Defender, left cover"
    },
    {
      "player_id": 161,
      "player_name": "Girish Maruti Ernak",
      "match_played": 11,
      "value": 0.11,
      "team_id": 4,
      "team_name": " Kol",
      "rank": "74",
      "position_id": 3,
      "position_name": "Defender, left corner"
    },
    {
      "player_id": 193,
      "player_name": "Rohit Kumar Prajapat",
      "match_played": 3,
      "value": 0.0,
      "team_id": 3,
      "team_name": " Jai",
      "rank": "75",
      "position_id": 8,
      "position_name": "Raider"
    }
  ],
  "language_lookup": {
    "stat": "Stat",
    "stat_id": "Stat Id",
    "minimum_criteria": "Minimum Criteria",
    "team_id": "Team Id",
    "team_name": "Team Name",
    "player_id": "Player Id",
    "player_name": "Player Name",
    "value": "Value",
    "match_played": "Match Played",
    "team": "Team",
    "tackles": "Tackles"
  }
}