{
  "stat": "Player Total Points",
  "stat_id": "102",
  "minimum_criteria": "More than 0 Total Points",
  "data": [
    {
      "player_id": 197,
      "player_name": "Pardeep Narwal",
      "match_played": 16,
      "value": 121,
      "team_id": 6,
      "team": " Pat",
      "team_name": " Pat",
      "rank": "1",
      "position_id": 8,
      "position_name": "Raider"
    },
    {
      "player_id": 94,
      "player_name": "Rishank Devadiga",
      "match_played": 16,
      "value": 115,
      "team_id": 5,
      "team": " Mum",
      "team_name": " Mum",
      "rank": "2",
      "position_id": 8,
      "position_name": "Raider"
    },
    {
      "player_id": 326,
      "player_name": "Rohit Kumar",
      "match_played": 12,
      "value": 109,
      "team_id": 6,
      "team": " Pat",
      "team_name": " Pat",
      "rank": "3",
      "position_id": 8,
      "position_name": "Raider"
    },
    {
      "player_id": 69,
      "player_name": "Manjeet Chhillar",
      "match_played": 15,
      "value": 106,
      "team_id": 7,
      "team": " Pun",
      "team_name": " Pun",
      "rank": "4",
      "position_id": 1,
      "position_name": "All Rounder"
    },
    {
      "player_id": 81,
      "player_name": "Rahul Chaudhari",
      "match_played": 13,
      "value": 99,
      "team_id": 8,
      "team": " Hyd",
      "team_name": " Hyd",
      "rank": "5",
      "position_id": 8,
      "position_name": "Raider"
    },
    {
      "player_id": 12,
      "player_name": "Jang Kun Lee",
      "match_played": 15,
      "value": 90,
      "team_id": 4,
      "team": " Kol",
      "team_name": " Kol",
      "rank": "6",
      "position_id": 8,
      "position_name": "Raider"
    },
    {
      "player_id": 320,
      "player_name": "Nitin Tomar",
      "match_played": 10,
      "value": 81,
      "team_id": 4,
      "team": " Kol",
      "team_name": " Kol",
      "rank": "7",
      "position_id": 8,
      "position_name": "Raider"
    },
    {
      "player_id": 86,
      "player_name": "Rajesh Narwal",
      "match_played": 14,
      "value": 80,
      "team_id": 3,
      "team": " Jai",
      "team_name": " Jai",
      "rank": "8",
      "position_id": 1,
      "position_name": "All Rounder"
    },
    {
      "player_id": 29,
      "player_name": "Anup Kumar",
      "match_played": 13,
      "value": 79,
      "team_id": 5,
      "team": " Mum",
      "team_name": " Mum",
      "rank": "9",
      "position_id": 8,
      "position_name": "Raider"
    },
    {
      "player_id": 58,
      "player_name": "Kashiling Adake",
      "match_played": 11,
      "value": 78,
      "team_id": 2,
      "team": " Del",
      "team_name": " Del",
      "rank": "10",
      "position_id": 8,
      "position_name": "Raider"
    },
    {
      "player_id": 41,
      "player_name": "Deepak Niwas Hooda",
      "match_played": 12,
      "value": 76,
      "team_id": 7,
      "team": " Pun",
      "team_name": " Pun",
      "rank": "11",
      "position_id": 1,
      "position_name": "All Rounder"
    },
    {
      "player_id": 119,
      "player_name": "CPO Surjeet Singh",
      "match_played": 12,
      "value": 68,
      "team_id": 2,
      "team": " Del",
      "team_name": " Del",
      "rank": "12",
      "position_id": 8,
      "position_name": "Raider"
    },
    {
      "player_id": 111,
      "player_name": "Sukesh Hegde",
      "match_played": 13,
      "value": 64,
      "team_id": 8,
      "team": " Hyd",
      "team_name": " Hyd",
      "rank": "13",
      "position_id": 8,
      "position_name": "Raider"
    },
    {
      "player_id": 142,
      "player_name": "Sandeep Narwal",
      "match_played": 14,
      "value": 64,
      "team_id": 6,
      "team": " Pat",
      "team_name": " Pat",
      "rank": "13",
      "position_id": 1,
      "position_name": "All Rounder"
    },
    {
      "player_id": 26,
      "player_name": "Ajay Thakur",
      "match_played": 14,
      "value": 56,
      "team_id": 7,
      "team": " Pun",
      "team_name": " Pun",
      "rank": "15",
      "position_id": 8,
      "position_name": "Raider"
    },
    {
      "player_id": 261,
      "player_name": "Rohit Baliyan",
      "match_played": 11,
      "value": 56,
      "team_id": 8,
      "team": " Hyd",
      "team_name": " Hyd",
      "rank": "15",
      "position_id": 8,
      "position_name": "Raider"
    },
    {
      "player_id": 190,
      "player_name": "Sonu Narwal",
      "match_played": 11,
      "value": 55,
      "team_id": 3,
      "team": " Jai",
      "team_name": " Jai",
      "rank": "17",
      "position_id": 8,
      "position_name": "Raider"
    },
    {
      "player_id": 318,
      "player_name": "Pawan Kumar Sehrawat",
      "match_played": 13,
      "value": 53,
      "team_id": 1,
      "team": " Ben",
      "team_name": " Ben",
      "rank": "18",
      "position_id": 8,
      "position_name": "Raider"
    },
    {
      "player_id": 88,
      "player_name": "Rakesh Kumar",
      "match_played": 15,
      "value": 51,
      "team_id": 5,
      "team": " Mum",
      "team_name": " Mum",
      "rank": "19",
      "position_id": 1,
      "position_name": "All Rounder"
    },
    {
      "player_id": 322,
      "player_name": "PO Surjeet Singh",
      "match_played": 12,
      "value": 49,
      "team_id": 7,
      "team": " Pun",
      "team_name": " Pun",
      "rank": "20",
      "position_id": 7,
      "position_name": "Defender, right cover"
    },
    {
      "player_id": 251,
      "player_name": "Meraj Sheykh",
      "match_played": 14,
      "value": 48,
      "team_id": 8,
      "team": " Hyd",
      "team_name": " Hyd",
      "rank": "21",
      "position_id": 1,
      "position_name": "All Rounder"
    },
    {
      "player_id": 51,
      "player_name": "Jasmer Singh Gulia",
      "match_played": 16,
      "value": 46,
      "team_id": 7,
      "team": " Pun",
      "team_name": " Pun",
      "rank": "22",
      "position_id": 1,
      "position_name": "All Rounder"
    },
    {
      "player_id": 71,
      "player_name": "Mohit Chhillar",
      "match_played": 13,
      "value": 46,
      "team_id": 5,
      "team": " Mum",
      "team_name": " Mum",
      "rank": "22",
      "position_id": 6,
      "position_name": "Defender, right corner"
    },
    {
      "player_id": 234,
      "player_name": "Surender Singh",
      "match_played": 12,
      "value": 45,
      "team_id": 7,
      "team": " Pun",
      "team_name": " Pun",
      "rank": "24",
      "position_id": 8,
      "position_name": "Raider"
    },
    {
      "player_id": 118,
      "player_name": "Surjeet Narwal",
      "match_played": 12,
      "value": 43,
      "team_id": 1,
      "team": " Ben",
      "team_name": " Ben",
      "rank": "25",
      "position_id": 8,
      "position_name": "Raider"
    },
    {
      "player_id": 160,
      "player_name": "Ran Singh",
      "match_played": 14,
      "value": 41,
      "team_id": 3,
      "team": " Jai",
      "team_name": " Jai",
      "rank": "26",
      "position_id": 1,
      "position_name": "All Rounder"
    },
    {
      "player_id": 264,
      "player_name": "Selvamani K",
      "match_played": 8,
      "value": 39,
      "team_id": 2,
      "team": " Del",
      "team_name": " Del",
      "rank": "27",
      "position_id": 8,
      "position_name": "Raider"
    },
    {
      "player_id": 164,
      "player_name": "Bajirao Hodage",
      "match_played": 16,
      "value": 37,
      "team_id": 4,
      "team": " Kol",
      "team_name": " Kol",
      "rank": "28",
      "position_id": 7,
      "position_name": "Defender, right cover"
    },
    {
      "player_id": 174,
      "player_name": "Deepak Kumar Dahiya",
      "match_played": 10,
      "value": 37,
      "team_id": 1,
      "team": " Ben",
      "team_name": " Ben",
      "rank": "28",
      "position_id": 8,
      "position_name": "Raider"
    },
    {
      "player_id": 42,
      "player_name": "Dharmaraj Cheralathan",
      "match_played": 14,
      "value": 37,
      "team_id": 8,
      "team": " Hyd",
      "team_name": " Hyd",
      "rank": "28",
      "position_id": 10,
      "position_name": "Defender, right and left corner"
    },
    {
      "player_id": 73,
      "player_name": "Nilesh Shinde",
      "match_played": 16,
      "value": 36,
      "team_id": 4,
      "team": " Kol",
      "team_name": " Kol",
      "rank": "31",
      "position_id": 6,
      "position_name": "Defender, right corner"
    },
    {
      "player_id": 231,
      "player_name": "Amit Om Prakash Rathi",
      "match_played": 8,
      "value": 36,
      "team_id": 1,
      "team": " Ben",
      "team_name": " Ben",
      "rank": "31",
      "position_id": 8,
      "position_name": "Raider"
    },
    {
      "player_id": 66,
      "player_name": "Mahesh Goud",
      "match_played": 13,
      "value": 34,
      "team_id": 4,
      "team": " Kol",
      "team_name": " Kol",
      "rank": "33",
      "position_id": 8,
      "position_name": "Raider"
    },
    {
      "player_id": 161,
      "player_name": "Girish Maruti Ernak",
      "match_played": 11,
      "value": 34,
      "team_id": 4,
      "team": " Kol",
      "team_name": " Kol",
      "rank": "33",
      "position_id": 3,
      "position_name": "Defender, left corner"
    },
    {
      "player_id": 157,
      "player_name": "Ravinder Pahal",
      "match_played": 11,
      "value": 34,
      "team_id": 2,
      "team": " Del",
      "team_name": " Del",
      "rank": "33",
      "position_id": 6,
      "position_name": "Defender, right corner"
    },
    {
      "player_id": 107,
      "player_name": "Shrikant Tewthia",
      "match_played": 13,
      "value": 33,
      "team_id": 1,
      "team": " Ben",
      "team_name": " Ben",
      "rank": "36",
      "position_id": 1,
      "position_name": "All Rounder"
    },
    {
      "player_id": 211,
      "player_name": "Deepak Narwal",
      "match_played": 9,
      "value": 33,
      "team_id": 6,
      "team": " Pat",
      "team_name": " Pat",
      "rank": "36",
      "position_id": 8,
      "position_name": "Raider"
    },
    {
      "player_id": 259,
      "player_name": "Fazel Atrachali",
      "match_played": 11,
      "value": 33,
      "team_id": 5,
      "team": " Mum",
      "team_name": " Mum",
      "rank": "36",
      "position_id": 3,
      "position_name": "Defender, left corner"
    },
    {
      "player_id": 290,
      "player_name": "Sandeep Kumar Dhull",
      "match_played": 10,
      "value": 32,
      "team_id": 2,
      "team": " Del",
      "team_name": " Del",
      "rank": "39",
      "position_id": 3,
      "position_name": "Defender, left corner"
    },
    {
      "player_id": 202,
      "player_name": "Ashish Kumar",
      "match_played": 13,
      "value": 32,
      "team_id": 1,
      "team": " Ben",
      "team_name": " Ben",
      "rank": "39",
      "position_id": 7,
      "position_name": "Defender, right cover"
    },
    {
      "player_id": 54,
      "player_name": "Jeeva Kumar",
      "match_played": 16,
      "value": 31,
      "team_id": 5,
      "team": " Mum",
      "team_name": " Mum",
      "rank": "41",
      "position_id": 5,
      "position_name": "Defender, right and left cover"
    },
    {
      "player_id": 207,
      "player_name": "Sunil",
      "match_played": 15,
      "value": 30,
      "team_id": 6,
      "team": " Pat",
      "team_name": " Pat",
      "rank": "42",
      "position_id": 3,
      "position_name": "Defender, left corner"
    },
    {
      "player_id": 309,
      "player_name": "Manpreet Singh",
      "match_played": 13,
      "value": 29,
      "team_id": 6,
      "team": " Pat",
      "team_name": " Pat",
      "rank": "43",
      "position_id": 8,
      "position_name": "Raider"
    },
    {
      "player_id": 85,
      "player_name": "Rajesh Mondal",
      "match_played": 9,
      "value": 28,
      "team_id": 6,
      "team": " Pat",
      "team_name": " Pat",
      "rank": "44",
      "position_id": 8,
      "position_name": "Raider"
    },
    {
      "player_id": 163,
      "player_name": "Mahendra Ganesh Rajput",
      "match_played": 8,
      "value": 26,
      "team_id": 4,
      "team": " Kol",
      "team_name": " Kol",
      "rank": "45",
      "position_id": 8,
      "position_name": "Raider"
    },
    {
      "player_id": 52,
      "player_name": "Jasvir Singh",
      "match_played": 4,
      "value": 25,
      "team_id": 3,
      "team": " Jai",
      "team_name": " Jai",
      "rank": "46",
      "position_id": 8,
      "position_name": "Raider"
    },
    {
      "player_id": 314,
      "player_name": "Somvir",
      "match_played": 14,
      "value": 22,
      "team_id": 1,
      "team": " Ben",
      "team_name": " Ben",
      "rank": "47",
      "position_id": 4,
      "position_name": "Defender, left cover"
    },
    {
      "player_id": 242,
      "player_name": "Tushar Patil",
      "match_played": 13,
      "value": 22,
      "team_id": 7,
      "team": " Pun",
      "team_name": " Pun",
      "rank": "47",
      "position_id": 8,
      "position_name": "Raider"
    },
    {
      "player_id": 252,
      "player_name": "Kuldeep Singh",
      "match_played": 10,
      "value": 21,
      "team_id": 3,
      "team": " Jai",
      "team_name": " Jai",
      "rank": "49",
      "position_id": 1,
      "position_name": "All Rounder"
    },
    {
      "player_id": 311,
      "player_name": "Anil Kumar",
      "match_played": 11,
      "value": 21,
      "team_id": 2,
      "team": " Del",
      "team_name": " Del",
      "rank": "49",
      "position_id": 4,
      "position_name": "Defender, left cover"
    },
    {
      "player_id": 272,
      "player_name": "Umesh Mhatre",
      "match_played": 6,
      "value": 19,
      "team_id": 4,
      "team": " Kol",
      "team_name": " Kol",
      "rank": "51",
      "position_id": 8,
      "position_name": "Raider"
    },
    {
      "player_id": 277,
      "player_name": "Anil Shriram Nimbolkar",
      "match_played": 6,
      "value": 19,
      "team_id": 2,
      "team": " Del",
      "team_name": " Del",
      "rank": "51",
      "position_id": 8,
      "position_name": "Raider"
    },
    {
      "player_id": 249,
      "player_name": "Hadi Oshtorak",
      "match_played": 10,
      "value": 18,
      "team_id": 6,
      "team": " Pat",
      "team_name": " Pat",
      "rank": "53",
      "position_id": 1,
      "position_name": "All Rounder"
    },
    {
      "player_id": 96,
      "player_name": "Rohit Rana",
      "match_played": 12,
      "value": 18,
      "team_id": 3,
      "team": " Jai",
      "team_name": " Jai",
      "rank": "53",
      "position_id": 4,
      "position_name": "Defender, left cover"
    },
    {
      "player_id": 162,
      "player_name": "D. Suresh Kumar",
      "match_played": 12,
      "value": 18,
      "team_id": 6,
      "team": " Pat",
      "team_name": " Pat",
      "rank": "53",
      "position_id": 7,
      "position_name": "Defender, right cover"
    },
    {
      "player_id": 191,
      "player_name": "C. Arun",
      "match_played": 11,
      "value": 18,
      "team_id": 3,
      "team": " Jai",
      "team_name": " Jai",
      "rank": "53",
      "position_id": 4,
      "position_name": "Defender, left cover"
    },
    {
      "player_id": 70,
      "player_name": "Manoj Kumar",
      "match_played": 11,
      "value": 17,
      "team_id": 8,
      "team": " Hyd",
      "team_name": " Hyd",
      "rank": "57",
      "position_id": 4,
      "position_name": "Defender, left cover"
    },
    {
      "player_id": 275,
      "player_name": "Deepak Kumar Rathee",
      "match_played": 14,
      "value": 17,
      "team_id": 1,
      "team": " Ben",
      "team_name": " Ben",
      "rank": "57",
      "position_id": 1,
      "position_name": "All Rounder"
    },
    {
      "player_id": 215,
      "player_name": "Vinod Kumar",
      "match_played": 9,
      "value": 16,
      "team_id": 6,
      "team": " Pat",
      "team_name": " Pat",
      "rank": "59",
      "position_id": 4,
      "position_name": "Defender, left cover"
    },
    {
      "player_id": 217,
      "player_name": "Rohit Kumar Choudary",
      "match_played": 7,
      "value": 16,
      "team_id": 2,
      "team": " Del",
      "team_name": " Del",
      "rank": "59",
      "position_id": 8,
      "position_name": "Raider"
    },
    {
      "player_id": 172,
      "player_name": "Vinoth Kumar",
      "match_played": 7,
      "value": 16,
      "team_id": 1,
      "team": " Ben",
      "team_name": " Ben",
      "rank": "59",
      "position_id": 8,
      "position_name": "Raider"
    },
    {
      "player_id": 123,
      "player_name": "Vishal Mane",
      "match_played": 13,
      "value": 16,
      "team_id": 5,
      "team": " Mum",
      "team_name": " Mum",
      "rank": "59",
      "position_id": 7,
      "position_name": "Defender, right cover"
    },
    {
      "player_id": 146,
      "player_name": "Surender Nada",
      "match_played": 7,
      "value": 14,
      "team_id": 5,
      "team": " Mum",
      "team_name": " Mum",
      "rank": "63",
      "position_id": 3,
      "position_name": "Defender, left corner"
    },
    {
      "player_id": 200,
      "player_name": "Mohammad Maghshoudulu",
      "match_played": 10,
      "value": 14,
      "team_id": 3,
      "team": " Jai",
      "team_name": " Jai",
      "rank": "63",
      "position_id": 1,
      "position_name": "All Rounder"
    },
    {
      "player_id": 167,
      "player_name": "Preetam Chhillar",
      "match_played": 11,
      "value": 14,
      "team_id": 1,
      "team": " Ben",
      "team_name": " Ben",
      "rank": "63",
      "position_id": 1,
      "position_name": "All Rounder"
    },
    {
      "player_id": 288,
      "player_name": "Rahul Kumar",
      "match_played": 11,
      "value": 14,
      "team_id": 8,
      "team": " Hyd",
      "team_name": " Hyd",
      "rank": "63",
      "position_id": 7,
      "position_name": "Defender, right cover"
    },
    {
      "player_id": 67,
      "player_name": "Mahipal Narwal",
      "match_played": 4,
      "value": 13,
      "team_id": 6,
      "team": " Pat",
      "team_name": " Pat",
      "rank": "67",
      "position_id": 1,
      "position_name": "All Rounder"
    },
    {
      "player_id": 105,
      "player_name": "Shabeer Bappu",
      "match_played": 10,
      "value": 13,
      "team_id": 5,
      "team": " Mum",
      "team_name": " Mum",
      "rank": "67",
      "position_id": 8,
      "position_name": "Raider"
    },
    {
      "player_id": 34,
      "player_name": "Bhupender Singh",
      "match_played": 11,
      "value": 12,
      "team_id": 5,
      "team": " Mum",
      "team_name": " Mum",
      "rank": "69",
      "position_id": 1,
      "position_name": "All Rounder"
    },
    {
      "player_id": 179,
      "player_name": "Vikas Kale",
      "match_played": 9,
      "value": 12,
      "team_id": 8,
      "team": " Hyd",
      "team_name": " Hyd",
      "rank": "69",
      "position_id": 7,
      "position_name": "Defender, right cover"
    },
    {
      "player_id": 155,
      "player_name": "Prashanth Kumar Rai",
      "match_played": 13,
      "value": 12,
      "team_id": 8,
      "team": " Hyd",
      "team_name": " Hyd",
      "rank": "69",
      "position_id": 8,
      "position_name": "Raider"
    },
    {
      "player_id": 108,
      "player_name": "Shyam Kumar Sah",
      "match_played": 7,
      "value": 12,
      "team_id": 4,
      "team": " Kol",
      "team_name": " Kol",
      "rank": "69",
      "position_id": 4,
      "position_name": "Defender, left cover"
    },
    {
      "player_id": 212,
      "player_name": "Amit Hooda",
      "match_played": 4,
      "value": 11,
      "team_id": 6,
      "team": " Pat",
      "team_name": " Pat",
      "rank": "73",
      "position_id": 6,
      "position_name": "Defender, right corner"
    },
    {
      "player_id": 293,
      "player_name": "Nilesh Salunke",
      "match_played": 7,
      "value": 10,
      "team_id": 7,
      "team": " Pun",
      "team_name": " Pun",
      "rank": "74",
      "position_id": 8,
      "position_name": "Raider"
    },
    {
      "player_id": 44,
      "player_name": "Gangadhari Mallesh",
      "match_played": 10,
      "value": 10,
      "team_id": 3,
      "team": " Jai",
      "team_name": " Jai",
      "rank": "74",
      "position_id": 8,
      "position_name": "Raider"
    },
    {
      "player_id": 106,
      "player_name": "Shrikant Jadhav",
      "match_played": 5,
      "value": 10,
      "team_id": 4,
      "team": " Kol",
      "team_name": " Kol",
      "rank": "74",
      "position_id": 8,
      "position_name": "Raider"
    },
    {
      "player_id": 268,
      "player_name": "Vineet Sharma",
      "match_played": 4,
      "value": 9,
      "team_id": 4,
      "team": " Kol",
      "team_name": " Kol",
      "rank": "77",
      "position_id": 8,
      "position_name": "Raider"
    },
    {
      "player_id": 240,
      "player_name": "Ravi Kumar",
      "match_played": 12,
      "value": 9,
      "team_id": 7,
      "team": " Pun",
      "team_name": " Pun",
      "rank": "77",
      "position_id": 7,
      "position_name": "Defender, right cover"
    },
    {
      "player_id": 245,
      "player_name": "Yogesh Hooda",
      "match_played": 6,
      "value": 8,
      "team_id": 7,
      "team": " Pun",
      "team_name": " Pun",
      "rank": "79",
      "position_id": 8,
      "position_name": "Raider"
    },
    {
      "player_id": 285,
      "player_name": "Anil Kashinath Patil",
      "match_played": 5,
      "value": 8,
      "team_id": 3,
      "team": " Jai",
      "team_name": " Jai",
      "rank": "79",
      "position_id": 1,
      "position_name": "All Rounder"
    },
    {
      "player_id": 159,
      "player_name": "Samarjeet Singh",
      "match_played": 5,
      "value": 8,
      "team_id": 3,
      "team": " Jai",
      "team_name": " Jai",
      "rank": "79",
      "position_id": 1,
      "position_name": "All Rounder"
    },
    {
      "player_id": 278,
      "player_name": "Gnanasekaran M",
      "match_played": 8,
      "value": 7,
      "team_id": 2,
      "team": " Del",
      "team_name": " Del",
      "rank": "82",
      "position_id": 6,
      "position_name": "Defender, right corner"
    },
    {
      "player_id": 313,
      "player_name": "Virender Wazir Singh",
      "match_played": 4,
      "value": 7,
      "team_id": 8,
      "team": " Hyd",
      "team_name": " Hyd",
      "rank": "82",
      "position_id": 8,
      "position_name": "Raider"
    },
    {
      "player_id": 165,
      "player_name": "Sachin Shingade",
      "match_played": 2,
      "value": 6,
      "team_id": 7,
      "team": " Pun",
      "team_name": " Pun",
      "rank": "84",
      "position_id": 4,
      "position_name": "Defender, left cover"
    },
    {
      "player_id": 156,
      "player_name": "Pawan Kumar Kadian",
      "match_played": 5,
      "value": 6,
      "team_id": 5,
      "team": " Mum",
      "team_name": " Mum",
      "rank": "84",
      "position_id": 8,
      "position_name": "Raider"
    },
    {
      "player_id": 84,
      "player_name": "Rajaguru Subramanian",
      "match_played": 7,
      "value": 6,
      "team_id": 2,
      "team": " Del",
      "team_name": " Del",
      "rank": "84",
      "position_id": 7,
      "position_name": "Defender, right cover"
    },
    {
      "player_id": 46,
      "player_name": "Gurvinder Singh",
      "match_played": 5,
      "value": 6,
      "team_id": 6,
      "team": " Pat",
      "team_name": " Pat",
      "rank": "84",
      "position_id": 8,
      "position_name": "Raider"
    },
    {
      "player_id": 28,
      "player_name": "Amit Singh Chhillar",
      "match_played": 5,
      "value": 5,
      "team_id": 2,
      "team": " Del",
      "team_name": " Del",
      "rank": "88",
      "position_id": 3,
      "position_name": "Defender, left corner"
    },
    {
      "player_id": 13,
      "player_name": "Seong Ryeol Kim",
      "match_played": 8,
      "value": 5,
      "team_id": 2,
      "team": " Del",
      "team_name": " Del",
      "rank": "88",
      "position_id": 9,
      "position_name": "Defender"
    },
    {
      "player_id": 76,
      "player_name": "Nitin More",
      "match_played": 10,
      "value": 5,
      "team_id": 4,
      "team": " Kol",
      "team_name": " Kol",
      "rank": "88",
      "position_id": 4,
      "position_name": "Defender, left cover"
    },
    {
      "player_id": 283,
      "player_name": "Jagdeesha K.K.",
      "match_played": 7,
      "value": 5,
      "team_id": 3,
      "team": " Jai",
      "team_name": " Jai",
      "rank": "88",
      "position_id": 6,
      "position_name": "Defender, right corner"
    },
    {
      "player_id": 72,
      "player_name": "Navneet Gautam",
      "match_played": 7,
      "value": 4,
      "team_id": 3,
      "team": " Jai",
      "team_name": " Jai",
      "rank": "92",
      "position_id": 3,
      "position_name": "Defender, left corner"
    },
    {
      "player_id": 141,
      "player_name": "Sunil Jaipal",
      "match_played": 2,
      "value": 4,
      "team_id": 6,
      "team": " Pat",
      "team_name": " Pat",
      "rank": "92",
      "position_id": 8,
      "position_name": "Raider"
    },
    {
      "player_id": 184,
      "player_name": "Deepak Kumar",
      "match_played": 3,
      "value": 4,
      "team_id": 4,
      "team": " Kol",
      "team_name": " Kol",
      "rank": "92",
      "position_id": 3,
      "position_name": "Defender, left corner"
    },
    {
      "player_id": 158,
      "player_name": "Rakesh Singh Kumar",
      "match_played": 8,
      "value": 3,
      "team_id": 2,
      "team": " Del",
      "team_name": " Del",
      "rank": "95",
      "position_id": 4,
      "position_name": "Defender, left cover"
    },
    {
      "player_id": 147,
      "player_name": "Prashant Chavan",
      "match_played": 6,
      "value": 3,
      "team_id": 7,
      "team": " Pun",
      "team_name": " Pun",
      "rank": "95",
      "position_id": 6,
      "position_name": "Defender, right corner"
    },
    {
      "player_id": 61,
      "player_name": "Kuldeep Singh",
      "match_played": 1,
      "value": 3,
      "team_id": 2,
      "team": " Del",
      "team_name": " Del",
      "rank": "95",
      "position_id": 3,
      "position_name": "Defender, left corner"
    },
    {
      "player_id": 299,
      "player_name": "Sandeep",
      "match_played": 3,
      "value": 3,
      "team_id": 6,
      "team": " Pat",
      "team_name": " Pat",
      "rank": "95",
      "position_id": 3,
      "position_name": "Defender, left corner"
    },
    {
      "player_id": 308,
      "player_name": "Sushil Vijay Bhosle",
      "match_played": 2,
      "value": 2,
      "team_id": 2,
      "team": " Del",
      "team_name": " Del",
      "rank": "99",
      "position_id": 4,
      "position_name": "Defender, left cover"
    },
    {
      "player_id": 324,
      "player_name": "Darshan Kadian",
      "match_played": 2,
      "value": 2,
      "team_id": 6,
      "team": " Pat",
      "team_name": " Pat",
      "rank": "99",
      "position_id": 8,
      "position_name": "Raider"
    },
    {
      "player_id": 316,
      "player_name": "Nirbhay Narwal",
      "match_played": 2,
      "value": 2,
      "team_id": 1,
      "team": " Ben",
      "team_name": " Ben",
      "rank": "99",
      "position_id": 3,
      "position_name": "Defender, left corner"
    },
    {
      "player_id": 263,
      "player_name": "Jay Bahadur Bohara",
      "match_played": 1,
      "value": 2,
      "team_id": 2,
      "team": " Del",
      "team_name": " Del",
      "rank": "99",
      "position_id": 8,
      "position_name": "Raider"
    },
    {
      "player_id": 227,
      "player_name": "Vinoth Paulyas",
      "match_played": 3,
      "value": 2,
      "team_id": 5,
      "team": " Mum",
      "team_name": " Mum",
      "rank": "99",
      "position_id": 8,
      "position_name": "Raider"
    },
    {
      "player_id": 219,
      "player_name": "K. Prapanjan",
      "match_played": 4,
      "value": 2,
      "team_id": 5,
      "team": " Mum",
      "team_name": " Mum",
      "rank": "99",
      "position_id": 8,
      "position_name": "Raider"
    },
    {
      "player_id": 10,
      "player_name": "Simon Kibura",
      "match_played": 2,
      "value": 2,
      "team_id": 7,
      "team": " Pun",
      "team_name": " Pun",
      "rank": "99",
      "position_id": 8,
      "position_name": "Raider"
    },
    {
      "player_id": 150,
      "player_name": "Parmod Narwal",
      "match_played": 4,
      "value": 2,
      "team_id": 1,
      "team": " Ben",
      "team_name": " Ben",
      "rank": "99",
      "position_id": 1,
      "position_name": "All Rounder"
    },
    {
      "player_id": 185,
      "player_name": "Vijin Thangadurai",
      "match_played": 4,
      "value": 2,
      "team_id": 4,
      "team": " Kol",
      "team_name": " Kol",
      "rank": "99",
      "position_id": 7,
      "position_name": "Defender, right cover"
    },
    {
      "player_id": 173,
      "player_name": "Suresu Kumar",
      "match_played": 3,
      "value": 2,
      "team_id": 5,
      "team": " Mum",
      "team_name": " Mum",
      "rank": "99",
      "position_id": 8,
      "position_name": "Raider"
    },
    {
      "player_id": 181,
      "player_name": "Deepak Dhull",
      "match_played": 1,
      "value": 1,
      "team_id": 4,
      "team": " Kol",
      "team_name": " Kol",
      "rank": "109",
      "position_id": 4,
      "position_name": "Defender, left cover"
    },
    {
      "player_id": 193,
      "player_name": "Rohit Kumar Prajapat",
      "match_played": 3,
      "value": 1,
      "team_id": 3,
      "team": " Jai",
      "team_name": " Jai",
      "rank": "109",
      "position_id": 8,
      "position_name": "Raider"
    },
    {
      "player_id": 152,
      "player_name": "D. Gopu",
      "match_played": 2,
      "value": 1,
      "team_id": 8,
      "team": " Hyd",
      "team_name": " Hyd",
      "rank": "109",
      "position_id": 10,
      "position_name": "Defender, right and left corner"
    },
    {
      "player_id": 14,
      "player_name": "Tae Deok Eom",
      "match_played": 7,
      "value": 1,
      "team_id": 6,
      "team": " Pat",
      "team_name": " Pat",
      "rank": "109",
      "position_id": 1,
      "position_name": "All Rounder"
    },
    {
      "player_id": 79,
      "player_name": "Pravin Niwale",
      "match_played": 2,
      "value": 1,
      "team_id": 2,
      "team": " Del",
      "team_name": " Del",
      "rank": "109",
      "position_id": 8,
      "position_name": "Raider"
    },
    {
      "player_id": 87,
      "player_name": "Raju Lal Choudhary",
      "match_played": 1,
      "value": 1,
      "team_id": 3,
      "team": " Jai",
      "team_name": " Jai",
      "rank": "109",
      "position_id": 6,
      "position_name": "Defender, right corner"
    },
    {
      "player_id": 222,
      "player_name": "G.S. Manikandan",
      "match_played": 7,
      "value": 1,
      "team_id": 2,
      "team": " Del",
      "team_name": " Del",
      "rank": "109",
      "position_id": 4,
      "position_name": "Defender, left cover"
    },
    {
      "player_id": 236,
      "player_name": "T. Prasad",
      "match_played": 3,
      "value": 1,
      "team_id": 8,
      "team": " Hyd",
      "team_name": " Hyd",
      "rank": "109",
      "position_id": 1,
      "position_name": "All Rounder"
    },
    {
      "player_id": 238,
      "player_name": "Isac Antony",
      "match_played": 2,
      "value": 1,
      "team_id": 8,
      "team": " Hyd",
      "team_name": " Hyd",
      "rank": "109",
      "position_id": 8,
      "position_name": "Raider"
    },
    {
      "player_id": 296,
      "player_name": "Navjot Singh",
      "match_played": 1,
      "value": 1,
      "team_id": 2,
      "team": " Del",
      "team_name": " Del",
      "rank": "109",
      "position_id": 7,
      "position_name": "Defender, right cover"
    },
    {
      "player_id": 317,
      "player_name": "Hardeep Duhan",
      "match_played": 1,
      "value": 1,
      "team_id": 1,
      "team": " Ben",
      "team_name": " Ben",
      "rank": "109",
      "position_id": 6,
      "position_name": "Defender, right corner"
    },
    {
      "player_id": 315,
      "player_name": "Parvesh Attri",
      "match_played": 1,
      "value": 1,
      "team_id": 1,
      "team": " Ben",
      "team_name": " Ben",
      "rank": "109",
      "position_id": 8,
      "position_name": "Raider"
    },
    {
      "player_id": 307,
      "player_name": "Ravinandan G.M.",
      "match_played": 1,
      "value": 1,
      "team_id": 2,
      "team": " Del",
      "team_name": " Del",
      "rank": "109",
      "position_id": 3,
      "position_name": "Defender, left corner"
    },
    {
      "player_id": 312,
      "player_name": "Sanju",
      "match_played": 4,
      "value": 1,
      "team_id": 8,
      "team": " Hyd",
      "team_name": " Hyd",
      "rank": "109",
      "position_id": 8,
      "position_name": "Raider"
    }
  ],
  "language_lookup": {
    "stat": "Stat",
    "stat_id": "Stat Id",
    "minimum_criteria": "Minimum Criteria",
    "team_id": "Team Id",
    "team_name": "Team Name",
    "player_id": "Player Id",
    "player_name": "Player Name",
    "value": "Value",
    "match_played": "Match Played",
    "team": "Team",
    "tackles": "Tackles"
  }
}