{
  "stat": "High 5s",
  "stat_id": "101",
  "minimum_criteria": "More than 0 High_5s ",
  "data": [
    {
      "player_id": 146,
      "player_name": "Surender Nada",
      "team": " Mum",
      "match_played": 15,
      "value": 5,
      "team_id": 5,
      "team_name": " Mum",
      "rank": "1",
      "position_id": 3,
      "position_name": "Defender, left corner"
    },
    {
      "player_id": 162,
      "player_name": "D. Suresh Kumar",
      "team": " Pat",
      "match_played": 12,
      "value": 4,
      "team_id": 6,
      "team_name": " Pat",
      "rank": "2",
      "position_id": 7,
      "position_name": "Defender, right cover"
    },
    {
      "player_id": 157,
      "player_name": "Ravinder Pahal",
      "team": " Del",
      "match_played": 9,
      "value": 3,
      "team_id": 2,
      "team_name": " Del",
      "rank": "3",
      "position_id": 6,
      "position_name": "Defender, right corner"
    },
    {
      "player_id": 96,
      "player_name": "Rohit Rana",
      "team": " Jai",
      "match_played": 15,
      "value": 3,
      "team_id": 3,
      "team_name": " Jai",
      "rank": "3",
      "position_id": 4,
      "position_name": "Defender, left cover"
    },
    {
      "player_id": 69,
      "player_name": "Manjeet Chhillar",
      "team": " Ben",
      "match_played": 16,
      "value": 3,
      "team_id": 1,
      "team_name": " Ben",
      "rank": "3",
      "position_id": 1,
      "position_name": "All Rounder"
    },
    {
      "player_id": 71,
      "player_name": "Mohit Chhillar",
      "team": " Mum",
      "match_played": 16,
      "value": 2,
      "team_id": 5,
      "team_name": " Mum",
      "rank": "6",
      "position_id": 6,
      "position_name": "Defender, right corner"
    },
    {
      "player_id": 73,
      "player_name": "Nilesh Shinde",
      "team": " Kol",
      "match_played": 14,
      "value": 2,
      "team_id": 4,
      "team_name": " Kol",
      "rank": "6",
      "position_id": 6,
      "position_name": "Defender, right corner"
    },
    {
      "player_id": 42,
      "player_name": "Dharmaraj Cheralathan",
      "team": " Ben",
      "match_played": 16,
      "value": 2,
      "team_id": 1,
      "team_name": " Ben",
      "rank": "6",
      "position_id": 10,
      "position_name": "Defender, right and left corner"
    },
    {
      "player_id": 55,
      "player_name": "Jitesh Joshi",
      "team": " Pun",
      "match_played": 14,
      "value": 2,
      "team_id": 7,
      "team_name": " Pun",
      "rank": "6",
      "position_id": 1,
      "position_name": "All Rounder"
    },
    {
      "player_id": 86,
      "player_name": "Rajesh Narwal",
      "team": " Jai",
      "match_played": 16,
      "value": 2,
      "team_id": 3,
      "team_name": " Jai",
      "rank": "6",
      "position_id": 1,
      "position_name": "All Rounder"
    },
    {
      "player_id": 89,
      "player_name": "Ram Kumar Sah",
      "team": " Pat",
      "match_played": 9,
      "value": 2,
      "team_id": 6,
      "team_name": " Pat",
      "rank": "6",
      "position_id": 4,
      "position_name": "Defender, left cover"
    },
    {
      "player_id": 147,
      "player_name": "Prashant Chavan",
      "team": " Jai",
      "match_played": 15,
      "value": 2,
      "team_id": 3,
      "team_name": " Jai",
      "rank": "6",
      "position_id": 6,
      "position_name": "Defender, right corner"
    },
    {
      "player_id": 142,
      "player_name": "Sandeep Narwal",
      "team": " Pat",
      "match_played": 16,
      "value": 2,
      "team_id": 6,
      "team_name": " Pat",
      "rank": "6",
      "position_id": 1,
      "position_name": "All Rounder"
    },
    {
      "player_id": 166,
      "player_name": "Vijendar Singh",
      "team": " Hyd",
      "match_played": 8,
      "value": 2,
      "team_id": 8,
      "team_name": " Hyd",
      "rank": "6",
      "position_id": null,
      "position_name": null
    },
    {
      "player_id": 165,
      "player_name": "Sachin Shingade",
      "team": " Hyd",
      "match_played": 10,
      "value": 1,
      "team_id": 8,
      "team_name": " Hyd",
      "rank": "15",
      "position_id": 4,
      "position_name": "Defender, left cover"
    },
    {
      "player_id": 160,
      "player_name": "Ran Singh",
      "team": " Jai",
      "match_played": 10,
      "value": 1,
      "team_id": 3,
      "team_name": " Jai",
      "rank": "15",
      "position_id": 1,
      "position_name": "All Rounder"
    },
    {
      "player_id": 161,
      "player_name": "Girish Maruti Ernak",
      "team": " Pat",
      "match_played": 12,
      "value": 1,
      "team_id": 6,
      "team_name": " Pat",
      "rank": "15",
      "position_id": 3,
      "position_name": "Defender, left corner"
    },
    {
      "player_id": 123,
      "player_name": "Vishal Mane",
      "team": " Mum",
      "match_played": 16,
      "value": 1,
      "team_id": 5,
      "team_name": " Mum",
      "rank": "15",
      "position_id": 7,
      "position_name": "Defender, right cover"
    },
    {
      "player_id": 141,
      "player_name": "Sunil Jaipal",
      "team": " Kol",
      "match_played": 13,
      "value": 1,
      "team_id": 4,
      "team_name": " Kol",
      "rank": "15",
      "position_id": 8,
      "position_name": "Raider"
    },
    {
      "player_id": 28,
      "player_name": "Amit Singh Chhillar",
      "team": " Del",
      "match_played": 14,
      "value": 1,
      "team_id": 2,
      "team_name": " Del",
      "rank": "15",
      "position_id": 3,
      "position_name": "Defender, left corner"
    },
    {
      "player_id": 45,
      "player_name": "Gurpreet Singh",
      "team": " Ben",
      "match_played": 16,
      "value": 1,
      "team_id": 1,
      "team_name": " Ben",
      "rank": "15",
      "position_id": 6,
      "position_name": "Defender, right corner"
    },
    {
      "player_id": 76,
      "player_name": "Nitin More",
      "team": " Pun",
      "match_played": 9,
      "value": 1,
      "team_id": 7,
      "team_name": " Pun",
      "rank": "15",
      "position_id": 4,
      "position_name": "Defender, left cover"
    },
    {
      "player_id": 72,
      "player_name": "Navneet Gautam",
      "team": " Jai",
      "match_played": 14,
      "value": 1,
      "team_id": 3,
      "team_name": " Jai",
      "rank": "15",
      "position_id": 3,
      "position_name": "Defender, left corner"
    }
  ],
  "language_lookup": {
    "stat": "Stat",
    "stat_id": "Stat Id",
    "minimum_criteria": "Minimum Criteria",
    "team_id": "Team Id",
    "team_name": "Team Name",
    "player_id": "Player Id",
    "player_name": "Player Name",
    "value": "Value",
    "match_played": "Match Played",
    "team": "Team",
    "tackles": "Tackles"
  }
}