{
  "stat": "Player Super Tackles",
  "stat_id": "28",
  "minimum_criteria": "More than 0 Super Tackles",
  "data": [
    {
      "player_id": 142,
      "player_name": "Sandeep Narwal",
      "team": "MUM",
      "match_played": 117,
      "match played": 117,
      "tackles": 533,
      "value": 28,
      "team_id": 5,
      "team_name": "MUM",
      "rank": "1",
      "position_id": 1,
      "position_name": "All Rounder",
      "team_full_name": "U Mumba"
    },
    {
      "player_id": 42,
      "player_name": "Dharmaraj Cheralathan",
      "team": "HS",
      "match_played": 114,
      "match played": 114,
      "tackles": 466,
      "value": 24,
      "team_id": 28,
      "team_name": "HS",
      "rank": "2",
      "position_id": 10,
      "position_name": "Defender, right and left corner",
      "team_full_name": "Haryana Steelers"
    },
    {
      "player_id": 71,
      "player_name": "Mohit Chhillar",
      "team": "TT",
      "match_played": 108,
      "match played": 108,
      "tackles": 552,
      "value": 23,
      "team_id": 29,
      "team_name": "TT",
      "rank": "3",
      "position_id": 6,
      "position_name": "Defender, right corner",
      "team_full_name": "Tamil Thalaivas"
    },
    {
      "player_id": 54,
      "player_name": "Jeeva Kumar",
      "team": "KOL",
      "match_played": 109,
      "match played": 109,
      "tackles": 479,
      "value": 22,
      "team_id": 4,
      "team_name": "KOL",
      "rank": "4",
      "position_id": 5,
      "position_name": "Defender, right and left cover",
      "team_full_name": "Bengal Warriors"
    },
    {
      "player_id": 358,
      "player_name": "Vishal Bhardwaj",
      "team": "HYD",
      "match_played": 57,
      "match played": 57,
      "tackles": 342,
      "value": 21,
      "team_id": 8,
      "team_name": "HYD",
      "rank": "5",
      "position_id": 9,
      "position_name": "Defender",
      "team_full_name": "Telugu Titans"
    },
    {
      "player_id": 252,
      "player_name": "Kuldeep Singh",
      "team": "PAT",
      "match_played": 66,
      "match played": 66,
      "tackles": 262,
      "value": 20,
      "team_id": 6,
      "team_name": "PAT",
      "rank": "6",
      "position_id": 1,
      "position_name": "All Rounder",
      "team_full_name": "Patna Pirates"
    },
    {
      "player_id": 157,
      "player_name": "Ravinder Pahal",
      "team": "DEL",
      "match_played": 105,
      "match played": 105,
      "tackles": 619,
      "value": 19,
      "team_id": 2,
      "team_name": "DEL",
      "rank": "7",
      "position_id": 6,
      "position_name": "Defender, right corner",
      "team_full_name": "Dabang Delhi K.C."
    },
    {
      "player_id": 259,
      "player_name": "Fazel Atrachali",
      "team": "MUM",
      "match_played": 95,
      "match played": 95,
      "tackles": 448,
      "value": 18,
      "team_id": 5,
      "team_name": "MUM",
      "rank": "8",
      "position_id": 3,
      "position_name": "Defender, left corner",
      "team_full_name": "U Mumba"
    },
    {
      "player_id": 290,
      "player_name": "Sandeep Kumar Dhull",
      "team": "JAI",
      "match_played": 61,
      "match played": 61,
      "tackles": 360,
      "value": 18,
      "team_id": 3,
      "team_name": "JAI",
      "rank": "8",
      "position_id": 3,
      "position_name": "Defender, left corner",
      "team_full_name": "Jaipur Pink Panthers"
    },
    {
      "player_id": 240,
      "player_name": "Ravi Kumar",
      "team": "HS",
      "match_played": 89,
      "match played": 89,
      "tackles": 322,
      "value": 18,
      "team_id": 28,
      "team_name": "HS",
      "rank": "8",
      "position_id": 7,
      "position_name": "Defender, right cover",
      "team_full_name": "Haryana Steelers"
    },
    {
      "player_id": 212,
      "player_name": "Amit Hooda",
      "team": "JAI",
      "match_played": 84,
      "match played": 84,
      "tackles": 420,
      "value": 18,
      "team_id": 3,
      "team_name": "JAI",
      "rank": "8",
      "position_id": 6,
      "position_name": "Defender, right corner",
      "team_full_name": "Jaipur Pink Panthers"
    },
    {
      "player_id": 322,
      "player_name": "PO Surjeet Singh",
      "team": "PUN",
      "match_played": 91,
      "match played": 91,
      "tackles": 523,
      "value": 16,
      "team_id": 7,
      "team_name": "PUN",
      "rank": "12",
      "position_id": 7,
      "position_name": "Defender, right cover",
      "team_full_name": "Puneri Paltan"
    },
    {
      "player_id": 146,
      "player_name": "Surender Nada",
      "team": "HS",
      "match_played": 71,
      "match played": 71,
      "tackles": 406,
      "value": 16,
      "team_id": 28,
      "team_name": "HS",
      "rank": "12",
      "position_id": 3,
      "position_name": "Defender, left corner",
      "team_full_name": "Haryana Steelers"
    },
    {
      "player_id": 69,
      "player_name": "Manjeet Chhillar",
      "team": "TT",
      "match_played": 108,
      "match played": 108,
      "tackles": 621,
      "value": 15,
      "team_id": 29,
      "team_name": "TT",
      "rank": "14",
      "position_id": 1,
      "position_name": "All Rounder",
      "team_full_name": "Tamil Thalaivas"
    },
    {
      "player_id": 191,
      "player_name": "C. Arun",
      "team": "HYD",
      "match_played": 85,
      "match played": 85,
      "tackles": 269,
      "value": 15,
      "team_id": 8,
      "team_name": "HYD",
      "rank": "14",
      "position_id": 4,
      "position_name": "Defender, left cover",
      "team_full_name": "Telugu Titans"
    },
    {
      "player_id": 249,
      "player_name": "Hadi Oshtorak",
      "team": "PAT",
      "match_played": 67,
      "match played": 67,
      "tackles": 226,
      "value": 14,
      "team_id": 6,
      "team_name": "PAT",
      "rank": "16",
      "position_id": 1,
      "position_name": "All Rounder",
      "team_full_name": "Patna Pirates"
    },
    {
      "player_id": 73,
      "player_name": "Nilesh Shinde",
      "team": "DEL",
      "match_played": 69,
      "match played": 69,
      "tackles": 287,
      "value": 14,
      "team_id": 2,
      "team_name": "DEL",
      "rank": "16",
      "position_id": 6,
      "position_name": "Defender, right corner",
      "team_full_name": "Dabang Delhi K.C."
    },
    {
      "player_id": 161,
      "player_name": "Girish Maruti Ernak",
      "team": "PUN",
      "match_played": 102,
      "match played": 102,
      "tackles": 555,
      "value": 14,
      "team_id": 7,
      "team_name": "PUN",
      "rank": "16",
      "position_id": 3,
      "position_name": "Defender, left corner",
      "team_full_name": "Puneri Paltan"
    },
    {
      "player_id": 725,
      "player_name": "Nitesh Kumar",
      "team": "UPY",
      "match_played": 61,
      "match played": 61,
      "tackles": 320,
      "value": 14,
      "team_id": 30,
      "team_name": "UPY",
      "rank": "16",
      "position_id": 9,
      "position_name": "Defender",
      "team_full_name": "U.P. Yoddha"
    },
    {
      "player_id": 769,
      "player_name": "Mahender Singh",
      "team": "BEN",
      "match_played": 61,
      "match played": 61,
      "tackles": 322,
      "value": 13,
      "team_id": 1,
      "team_name": "BEN",
      "rank": "20",
      "position_id": 4,
      "position_name": "Defender, left cover",
      "team_full_name": "Bengaluru Bulls"
    },
    {
      "player_id": 202,
      "player_name": "Ashish Kumar",
      "team": "BEN",
      "match_played": 82,
      "match played": 82,
      "tackles": 270,
      "value": 13,
      "team_id": 1,
      "team_name": "BEN",
      "rank": "20",
      "position_id": 1,
      "position_name": "All Rounder",
      "team_full_name": "Bengaluru Bulls"
    },
    {
      "player_id": 489,
      "player_name": "Abozar Mohajermighani",
      "team": "HYD",
      "match_played": 61,
      "match played": 61,
      "tackles": 289,
      "value": 13,
      "team_id": 8,
      "team_name": "HYD",
      "rank": "20",
      "position_id": 9,
      "position_name": "Defender",
      "team_full_name": "Telugu Titans"
    },
    {
      "player_id": 368,
      "player_name": "Sunil Kumar",
      "team": "GFG",
      "match_played": 67,
      "match played": 67,
      "tackles": 329,
      "value": 12,
      "team_id": 31,
      "team_name": "GFG",
      "rank": "23",
      "position_id": 9,
      "position_name": "Defender",
      "team_full_name": "Gujarat Fortunegiants"
    },
    {
      "player_id": 162,
      "player_name": "D. Suresh Kumar",
      "team": "MUM",
      "match_played": 59,
      "match played": 59,
      "tackles": 221,
      "value": 12,
      "team_id": 5,
      "team_name": "MUM",
      "rank": "23",
      "position_id": 7,
      "position_name": "Defender, right cover",
      "team_full_name": "U Mumba"
    },
    {
      "player_id": 160,
      "player_name": "Ran Singh",
      "team": "TT",
      "match_played": 116,
      "match played": 116,
      "tackles": 469,
      "value": 12,
      "team_id": 29,
      "team_name": "TT",
      "rank": "23",
      "position_id": 1,
      "position_name": "All Rounder",
      "team_full_name": "Tamil Thalaivas"
    },
    {
      "player_id": 735,
      "player_name": "Vishal",
      "team": "JAI",
      "match_played": 22,
      "match played": 22,
      "tackles": 105,
      "value": 12,
      "team_id": 3,
      "team_name": "JAI",
      "rank": "23",
      "position_id": 1,
      "position_name": "All Rounder",
      "team_full_name": "Jaipur Pink Panthers"
    },
    {
      "player_id": 70,
      "player_name": "Manoj Kumar",
      "team": "GFG",
      "match_played": 52,
      "match played": 52,
      "tackles": 187,
      "value": 11,
      "team_id": 31,
      "team_name": "GFG",
      "rank": "27",
      "position_id": 4,
      "position_name": "Defender, left cover",
      "team_full_name": "Gujarat Fortunegiants"
    },
    {
      "player_id": 165,
      "player_name": "Sachin Shingade",
      "team": "HS",
      "match_played": 75,
      "match played": 75,
      "tackles": 281,
      "value": 10,
      "team_id": 28,
      "team_name": "HS",
      "rank": "28",
      "position_id": 4,
      "position_name": "Defender, left cover",
      "team_full_name": "Haryana Steelers"
    },
    {
      "player_id": 357,
      "player_name": "Parvesh Bhainswal",
      "team": "GFG",
      "match_played": 73,
      "match played": 73,
      "tackles": 318,
      "value": 10,
      "team_id": 31,
      "team_name": "GFG",
      "rank": "28",
      "position_id": 4,
      "position_name": "Defender, left cover",
      "team_full_name": "Gujarat Fortunegiants"
    },
    {
      "player_id": 579,
      "player_name": "Jaideep",
      "team": "PAT",
      "match_played": 65,
      "match played": 65,
      "tackles": 382,
      "value": 10,
      "team_id": 6,
      "team_name": "PAT",
      "rank": "28",
      "position_id": 3,
      "position_name": "Defender, left corner",
      "team_full_name": "Patna Pirates"
    },
    {
      "player_id": 194,
      "player_name": "Joginder Singh Narwal",
      "team": "DEL",
      "match_played": 76,
      "match played": 76,
      "tackles": 336,
      "value": 10,
      "team_id": 2,
      "team_name": "DEL",
      "rank": "28",
      "position_id": 3,
      "position_name": "Defender, left corner",
      "team_full_name": "Dabang Delhi K.C."
    },
    {
      "player_id": 795,
      "player_name": "Monu",
      "team": "PAT",
      "match_played": 50,
      "match played": 50,
      "tackles": 114,
      "value": 10,
      "team_id": 6,
      "team_name": "PAT",
      "rank": "28",
      "position_id": 8,
      "position_name": "Raider",
      "team_full_name": "Patna Pirates"
    },
    {
      "player_id": 764,
      "player_name": "Vinod Kumar",
      "team": "GFG",
      "match_played": 44,
      "match played": 44,
      "tackles": 68,
      "value": 9,
      "team_id": 31,
      "team_name": "GFG",
      "rank": "33",
      "position_id": 1,
      "position_name": "All Rounder",
      "team_full_name": "Gujarat Fortunegiants"
    },
    {
      "player_id": 141,
      "player_name": "Sunil Jaipal",
      "team": "BEN",
      "match_played": 38,
      "match played": 38,
      "tackles": 70,
      "value": 9,
      "team_id": 1,
      "team_name": "BEN",
      "rank": "33",
      "position_id": 8,
      "position_name": "Raider",
      "team_full_name": "Bengaluru Bulls"
    },
    {
      "player_id": 123,
      "player_name": "Vishal Mane",
      "team": "DEL",
      "match_played": 121,
      "match played": 121,
      "tackles": 490,
      "value": 9,
      "team_id": 2,
      "team_name": "DEL",
      "rank": "33",
      "position_id": 7,
      "position_name": "Defender, right cover",
      "team_full_name": "Dabang Delhi K.C."
    },
    {
      "player_id": 107,
      "player_name": "Shrikant Tewthia",
      "team": "KOL",
      "match_played": 71,
      "match played": 71,
      "tackles": 240,
      "value": 9,
      "team_id": 4,
      "team_name": "KOL",
      "rank": "33",
      "position_id": 1,
      "position_name": "All Rounder",
      "team_full_name": "Bengal Warriors"
    },
    {
      "player_id": 86,
      "player_name": "Rajesh Narwal",
      "team": "DEL",
      "match_played": 92,
      "match played": 92,
      "tackles": 289,
      "value": 8,
      "team_id": 2,
      "team_name": "DEL",
      "rank": "37",
      "position_id": 1,
      "position_name": "All Rounder",
      "team_full_name": "Dabang Delhi K.C."
    },
    {
      "player_id": 41,
      "player_name": "Deepak Niwas Hooda",
      "team": "JAI",
      "match_played": 120,
      "match played": 120,
      "tackles": 229,
      "value": 8,
      "team_id": 3,
      "team_name": "JAI",
      "rank": "37",
      "position_id": 1,
      "position_name": "All Rounder",
      "team_full_name": "Jaipur Pink Panthers"
    },
    {
      "player_id": 29,
      "player_name": "Anup Kumar",
      "team": "JAI",
      "match_played": 91,
      "match played": 91,
      "tackles": 173,
      "value": 8,
      "team_id": 3,
      "team_name": "JAI",
      "rank": "37",
      "position_id": 8,
      "position_name": "Raider",
      "team_full_name": "Jaipur Pink Panthers"
    },
    {
      "player_id": 621,
      "player_name": "Baldev Singh",
      "team": "KOL",
      "match_played": 35,
      "match played": 35,
      "tackles": 157,
      "value": 8,
      "team_id": 4,
      "team_name": "KOL",
      "rank": "37",
      "position_id": 6,
      "position_name": "Defender, right corner",
      "team_full_name": "Bengal Warriors"
    },
    {
      "player_id": 728,
      "player_name": "Manish",
      "team": "PAT",
      "match_played": 40,
      "match played": 40,
      "tackles": 63,
      "value": 7,
      "team_id": 6,
      "team_name": "PAT",
      "rank": "41",
      "position_id": 7,
      "position_name": "Defender, right cover",
      "team_full_name": "Patna Pirates"
    },
    {
      "player_id": 613,
      "player_name": "Sunil Siddhgavali",
      "team": "JAI",
      "match_played": 40,
      "match played": 40,
      "tackles": 159,
      "value": 7,
      "team_id": 3,
      "team_name": "JAI",
      "rank": "41",
      "position_id": 9,
      "position_name": "Defender",
      "team_full_name": "Jaipur Pink Panthers"
    },
    {
      "player_id": 796,
      "player_name": "Rinku Narwal",
      "team": "KOL",
      "match_played": 45,
      "match played": 45,
      "tackles": 179,
      "value": 7,
      "team_id": 4,
      "team_name": "KOL",
      "rank": "41",
      "position_id": 9,
      "position_name": "Defender",
      "team_full_name": "Bengal Warriors"
    },
    {
      "player_id": 51,
      "player_name": "Jasmer Singh Gulia",
      "team": "BEN",
      "match_played": 52,
      "match played": 52,
      "tackles": 240,
      "value": 7,
      "team_id": 1,
      "team_name": "BEN",
      "rank": "41",
      "position_id": 1,
      "position_name": "All Rounder",
      "team_full_name": "Bengaluru Bulls"
    },
    {
      "player_id": 52,
      "player_name": "Jasvir Singh",
      "team": "TT",
      "match_played": 77,
      "match played": 77,
      "tackles": 87,
      "value": 7,
      "team_id": 29,
      "team_name": "TT",
      "rank": "41",
      "position_id": 8,
      "position_name": "Raider",
      "team_full_name": "Tamil Thalaivas"
    },
    {
      "player_id": 58,
      "player_name": "Kashiling Adake",
      "team": "BEN",
      "match_played": 92,
      "match played": 92,
      "tackles": 130,
      "value": 7,
      "team_id": 1,
      "team_name": "BEN",
      "rank": "41",
      "position_id": 8,
      "position_name": "Raider",
      "team_full_name": "Bengaluru Bulls"
    },
    {
      "player_id": 105,
      "player_name": "Shabeer Bappu",
      "team": "TT",
      "match_played": 74,
      "match played": 74,
      "tackles": 85,
      "value": 7,
      "team_id": 29,
      "team_name": "TT",
      "rank": "41",
      "position_id": 8,
      "position_name": "Raider",
      "team_full_name": "Tamil Thalaivas"
    },
    {
      "player_id": 152,
      "player_name": "D. Gopu",
      "team": "TT",
      "match_played": 34,
      "match played": 34,
      "tackles": 110,
      "value": 7,
      "team_id": 29,
      "team_name": "TT",
      "rank": "41",
      "position_id": 10,
      "position_name": "Defender, right and left corner",
      "team_full_name": "Tamil Thalaivas"
    },
    {
      "player_id": 179,
      "player_name": "Vikas Kale",
      "team": "HS",
      "match_played": 56,
      "match played": 56,
      "tackles": 264,
      "value": 7,
      "team_id": 28,
      "team_name": "HS",
      "rank": "41",
      "position_id": 7,
      "position_name": "Defender, right cover",
      "team_full_name": "Haryana Steelers"
    },
    {
      "player_id": 207,
      "player_name": "Sunil",
      "team": "TT",
      "match_played": 63,
      "match played": 63,
      "tackles": 242,
      "value": 7,
      "team_id": 29,
      "team_name": "TT",
      "rank": "41",
      "position_id": 3,
      "position_name": "Defender, left corner",
      "team_full_name": "Tamil Thalaivas"
    },
    {
      "player_id": 347,
      "player_name": "Sagar B Krishna",
      "team": "PUN",
      "match_played": 58,
      "match played": 58,
      "tackles": 146,
      "value": 7,
      "team_id": 7,
      "team_name": "PUN",
      "rank": "41",
      "position_id": 1,
      "position_name": "All Rounder",
      "team_full_name": "Puneri Paltan"
    },
    {
      "player_id": 361,
      "player_name": "Sombir",
      "team": "DEL",
      "match_played": 29,
      "match played": 29,
      "tackles": 95,
      "value": 6,
      "team_id": 2,
      "team_name": "DEL",
      "rank": "52",
      "position_id": 9,
      "position_name": "Defender",
      "team_full_name": "Dabang Delhi K.C."
    },
    {
      "player_id": 519,
      "player_name": "Young Chang Ko",
      "team": "MUM",
      "match_played": 36,
      "match played": 36,
      "tackles": 73,
      "value": 6,
      "team_id": 5,
      "team_name": "MUM",
      "rank": "52",
      "position_id": 4,
      "position_name": "Defender, left cover",
      "team_full_name": "U Mumba"
    },
    {
      "player_id": 390,
      "player_name": "Jawahar Dagar",
      "team": "PAT",
      "match_played": 44,
      "match played": 44,
      "tackles": 155,
      "value": 6,
      "team_id": 6,
      "team_name": "PAT",
      "rank": "52",
      "position_id": 9,
      "position_name": "Defender",
      "team_full_name": "Patna Pirates"
    },
    {
      "player_id": 251,
      "player_name": "Meraj Sheykh",
      "team": "DEL",
      "match_played": 94,
      "match played": 94,
      "tackles": 146,
      "value": 6,
      "team_id": 2,
      "team_name": "DEL",
      "rank": "52",
      "position_id": 1,
      "position_name": "All Rounder",
      "team_full_name": "Dabang Delhi K.C."
    },
    {
      "player_id": 147,
      "player_name": "Prashant Chavan",
      "team": "DEL",
      "match_played": 41,
      "match played": 41,
      "tackles": 166,
      "value": 6,
      "team_id": 2,
      "team_name": "DEL",
      "rank": "52",
      "position_id": 6,
      "position_name": "Defender, right corner",
      "team_full_name": "Dabang Delhi K.C."
    },
    {
      "player_id": 98,
      "player_name": "Sachin Khambe",
      "team": "PUN",
      "match_played": 22,
      "match played": 22,
      "tackles": 110,
      "value": 6,
      "team_id": 7,
      "team_name": "PUN",
      "rank": "52",
      "position_id": 3,
      "position_name": "Defender, left corner",
      "team_full_name": "Puneri Paltan"
    },
    {
      "player_id": 56,
      "player_name": "Kalimuthu Balamahendran",
      "team": "HYD",
      "match_played": 23,
      "match played": 23,
      "tackles": 80,
      "value": 6,
      "team_id": 8,
      "team_name": "HYD",
      "rank": "52",
      "position_id": 3,
      "position_name": "Defender, left corner",
      "team_full_name": "Telugu Titans"
    },
    {
      "player_id": 88,
      "player_name": "Rakesh Kumar",
      "team": "HYD",
      "match_played": 55,
      "match played": 55,
      "tackles": 151,
      "value": 6,
      "team_id": 8,
      "team_name": "HYD",
      "rank": "52",
      "position_id": 1,
      "position_name": "All Rounder",
      "team_full_name": "Telugu Titans"
    },
    {
      "player_id": 773,
      "player_name": "Satpal",
      "team": "DEL",
      "match_played": 22,
      "match played": 22,
      "tackles": 70,
      "value": 6,
      "team_id": 2,
      "team_name": "DEL",
      "rank": "52",
      "position_id": 6,
      "position_name": "Defender, right corner",
      "team_full_name": "Dabang Delhi K.C."
    },
    {
      "player_id": 791,
      "player_name": "Nitin Rawal",
      "team": "JAI",
      "match_played": 43,
      "match played": 43,
      "tackles": 93,
      "value": 6,
      "team_id": 3,
      "team_name": "JAI",
      "rank": "52",
      "position_id": 1,
      "position_name": "All Rounder",
      "team_full_name": "Jaipur Pink Panthers"
    },
    {
      "player_id": 2463,
      "player_name": "Parveen",
      "team": "HS",
      "match_played": 25,
      "match played": 25,
      "tackles": 75,
      "value": 6,
      "team_id": 28,
      "team_name": "HS",
      "rank": "52",
      "position_id": 4,
      "position_name": "Defender, left cover",
      "team_full_name": "Haryana Steelers"
    },
    {
      "player_id": 2479,
      "player_name": "Shubham Shinde",
      "team": "PUN",
      "match_played": 23,
      "match played": 23,
      "tackles": 82,
      "value": 5,
      "team_id": 7,
      "team_name": "PUN",
      "rank": "63",
      "position_id": 6,
      "position_name": "Defender, right corner",
      "team_full_name": "Puneri Paltan"
    },
    {
      "player_id": 2492,
      "player_name": "Jadhav Balasaheb Shahaji",
      "team": "PUN",
      "match_played": 16,
      "match played": 16,
      "tackles": 50,
      "value": 5,
      "team_id": 7,
      "team_name": "PUN",
      "rank": "63",
      "position_id": 7,
      "position_name": "Defender, right cover",
      "team_full_name": "Puneri Paltan"
    },
    {
      "player_id": 794,
      "player_name": "Amit Sheoran",
      "team": "BEN",
      "match_played": 36,
      "match played": 36,
      "tackles": 149,
      "value": 5,
      "team_id": 1,
      "team_name": "BEN",
      "rank": "63",
      "position_id": 9,
      "position_name": "Defender",
      "team_full_name": "Bengaluru Bulls"
    },
    {
      "player_id": 2670,
      "player_name": "Saurabh Nandal",
      "team": "BEN",
      "match_played": 16,
      "match played": 16,
      "tackles": 74,
      "value": 5,
      "team_id": 1,
      "team_name": "BEN",
      "rank": "63",
      "position_id": 3,
      "position_name": "Defender, left corner",
      "team_full_name": "Bengaluru Bulls"
    },
    {
      "player_id": 778,
      "player_name": "Narender",
      "team": "UPY",
      "match_played": 28,
      "match played": 28,
      "tackles": 126,
      "value": 5,
      "team_id": 30,
      "team_name": "UPY",
      "rank": "63",
      "position_id": 1,
      "position_name": "All Rounder",
      "team_full_name": "U.P. Yoddha"
    },
    {
      "player_id": 732,
      "player_name": "Kuldeep Singh",
      "team": "HS",
      "match_played": 35,
      "match played": 35,
      "tackles": 141,
      "value": 5,
      "team_id": 28,
      "team_name": "HS",
      "rank": "63",
      "position_id": 9,
      "position_name": "Defender",
      "team_full_name": "Haryana Steelers"
    },
    {
      "player_id": 733,
      "player_name": "Surinder Singh",
      "team": "MUM",
      "match_played": 60,
      "match played": 60,
      "tackles": 369,
      "value": 5,
      "team_id": 5,
      "team_name": "MUM",
      "rank": "63",
      "position_id": 9,
      "position_name": "Defender",
      "team_full_name": "U Mumba"
    },
    {
      "player_id": 81,
      "player_name": "Rahul Chaudhari",
      "team": "TT",
      "match_played": 118,
      "match played": 118,
      "tackles": 183,
      "value": 5,
      "team_id": 29,
      "team_name": "TT",
      "rank": "63",
      "position_id": 8,
      "position_name": "Raider",
      "team_full_name": "Tamil Thalaivas"
    },
    {
      "player_id": 96,
      "player_name": "Rohit Rana",
      "team": "MUM",
      "match_played": 82,
      "match played": 82,
      "tackles": 351,
      "value": 5,
      "team_id": 5,
      "team_name": "MUM",
      "rank": "63",
      "position_id": 4,
      "position_name": "Defender, left cover",
      "team_full_name": "U Mumba"
    },
    {
      "player_id": 185,
      "player_name": "Vijin Thangadurai",
      "team": "KOL",
      "match_played": 51,
      "match played": 51,
      "tackles": 93,
      "value": 5,
      "team_id": 4,
      "team_name": "KOL",
      "rank": "63",
      "position_id": 7,
      "position_name": "Defender, right cover",
      "team_full_name": "Bengal Warriors"
    },
    {
      "player_id": 218,
      "player_name": "Sachin Kumar",
      "team": "UPY",
      "match_played": 46,
      "match played": 46,
      "tackles": 136,
      "value": 5,
      "team_id": 30,
      "team_name": "UPY",
      "rank": "63",
      "position_id": 1,
      "position_name": "All Rounder",
      "team_full_name": "U.P. Yoddha"
    },
    {
      "player_id": 164,
      "player_name": "Bajirao Hodage",
      "team": "JAI",
      "match_played": 61,
      "match played": 61,
      "tackles": 246,
      "value": 5,
      "team_id": 3,
      "team_name": "JAI",
      "rank": "63",
      "position_id": 7,
      "position_name": "Defender, right cover",
      "team_full_name": "Jaipur Pink Panthers"
    },
    {
      "player_id": 386,
      "player_name": "Anil Kumar",
      "team": "DEL",
      "match_played": 19,
      "match played": 19,
      "tackles": 57,
      "value": 5,
      "team_id": 2,
      "team_name": "DEL",
      "rank": "63",
      "position_id": 3,
      "position_name": "Defender, left corner",
      "team_full_name": "Dabang Delhi K.C."
    },
    {
      "player_id": 482,
      "player_name": "Farhad Rahimi Milaghardan",
      "team": "HYD",
      "match_played": 56,
      "match played": 56,
      "tackles": 179,
      "value": 4,
      "team_id": 8,
      "team_name": "HYD",
      "rank": "76",
      "position_id": 1,
      "position_name": "All Rounder",
      "team_full_name": "Telugu Titans"
    },
    {
      "player_id": 567,
      "player_name": "Mohsen Maghsoudloujafari",
      "team": "UPY",
      "match_played": 45,
      "match played": 45,
      "tackles": 76,
      "value": 4,
      "team_id": 30,
      "team_name": "UPY",
      "rank": "76",
      "position_id": 1,
      "position_name": "All Rounder",
      "team_full_name": "U.P. Yoddha"
    },
    {
      "player_id": 311,
      "player_name": "Anil Kumar",
      "team": "DEL",
      "match_played": 50,
      "match played": 50,
      "tackles": 172,
      "value": 4,
      "team_id": 2,
      "team_name": "DEL",
      "rank": "76",
      "position_id": 4,
      "position_name": "Defender, left cover",
      "team_full_name": "Dabang Delhi K.C."
    },
    {
      "player_id": 248,
      "player_name": "Sandeep Kandola",
      "team": "HYD",
      "match_played": 16,
      "match played": 16,
      "tackles": 106,
      "value": 4,
      "team_id": 8,
      "team_name": "HYD",
      "rank": "76",
      "position_id": 3,
      "position_name": "Defender, left corner",
      "team_full_name": "Telugu Titans"
    },
    {
      "player_id": 109,
      "player_name": "Somvir Shekhar",
      "team": "JAI",
      "match_played": 61,
      "match played": 61,
      "tackles": 251,
      "value": 4,
      "team_id": 3,
      "team_name": "JAI",
      "rank": "76",
      "position_id": 7,
      "position_name": "Defender, right cover",
      "team_full_name": "Jaipur Pink Panthers"
    },
    {
      "player_id": 124,
      "player_name": "Wazir Singh",
      "team": "HS",
      "match_played": 47,
      "match played": 47,
      "tackles": 54,
      "value": 4,
      "team_id": 28,
      "team_name": "HS",
      "rank": "76",
      "position_id": 8,
      "position_name": "Raider",
      "team_full_name": "Haryana Steelers"
    },
    {
      "player_id": 44,
      "player_name": "Gangadhari Mallesh",
      "team": "JAI",
      "match_played": 36,
      "match played": 36,
      "tackles": 54,
      "value": 4,
      "team_id": 3,
      "team_name": "JAI",
      "rank": "76",
      "position_id": 8,
      "position_name": "Raider",
      "team_full_name": "Jaipur Pink Panthers"
    },
    {
      "player_id": 28,
      "player_name": "Amit Singh Chhillar",
      "team": "HYD",
      "match_played": 35,
      "match played": 35,
      "tackles": 154,
      "value": 4,
      "team_id": 8,
      "team_name": "HYD",
      "rank": "76",
      "position_id": 3,
      "position_name": "Defender, left corner",
      "team_full_name": "Telugu Titans"
    },
    {
      "player_id": 637,
      "player_name": "Neeraj Kumar",
      "team": "PAT",
      "match_played": 34,
      "match played": 34,
      "tackles": 143,
      "value": 4,
      "team_id": 6,
      "team_name": "PAT",
      "rank": "76",
      "position_id": 7,
      "position_name": "Defender, right cover",
      "team_full_name": "Patna Pirates"
    },
    {
      "player_id": 745,
      "player_name": "Vijay",
      "team": "DEL",
      "match_played": 55,
      "match played": 55,
      "tackles": 157,
      "value": 4,
      "team_id": 2,
      "team_name": "DEL",
      "rank": "76",
      "position_id": 1,
      "position_name": "All Rounder",
      "team_full_name": "Dabang Delhi K.C."
    },
    {
      "player_id": 757,
      "player_name": "Sachin Tanwar",
      "team": "GFG",
      "match_played": 62,
      "match played": 62,
      "tackles": 55,
      "value": 3,
      "team_id": 31,
      "team_name": "GFG",
      "rank": "86",
      "position_id": 8,
      "position_name": "Raider",
      "team_full_name": "Gujarat Fortunegiants"
    },
    {
      "player_id": 768,
      "player_name": "Vijay Kumar",
      "team": "BEN",
      "match_played": 21,
      "match played": 21,
      "tackles": 39,
      "value": 3,
      "team_id": 1,
      "team_name": "BEN",
      "rank": "86",
      "position_id": 6,
      "position_name": "Defender, right corner",
      "team_full_name": "Bengaluru Bulls"
    },
    {
      "player_id": 772,
      "player_name": "More GB",
      "team": "GFG",
      "match_played": 43,
      "match played": 43,
      "tackles": 57,
      "value": 3,
      "team_id": 31,
      "team_name": "GFG",
      "rank": "86",
      "position_id": 8,
      "position_name": "Raider",
      "team_full_name": "Gujarat Fortunegiants"
    },
    {
      "player_id": 2020,
      "player_name": "Amit",
      "team": "UPY",
      "match_played": 31,
      "match played": 31,
      "tackles": 92,
      "value": 3,
      "team_id": 30,
      "team_name": "UPY",
      "rank": "86",
      "position_id": 4,
      "position_name": "Defender, left cover",
      "team_full_name": "U.P. Yoddha"
    },
    {
      "player_id": 2023,
      "player_name": "Ruturaj Shivaji Koravi",
      "team": "GFG",
      "match_played": 35,
      "match played": 35,
      "tackles": 150,
      "value": 3,
      "team_id": 31,
      "team_name": "GFG",
      "rank": "86",
      "position_id": 9,
      "position_name": "Defender",
      "team_full_name": "Gujarat Fortunegiants"
    },
    {
      "player_id": 2470,
      "player_name": "Adarsh T",
      "team": "KOL",
      "match_played": 19,
      "match played": 19,
      "tackles": 32,
      "value": 3,
      "team_id": 4,
      "team_name": "KOL",
      "rank": "86",
      "position_id": 3,
      "position_name": "Defender, left corner",
      "team_full_name": "Bengal Warriors"
    },
    {
      "player_id": 12,
      "player_name": "Jang Kun Lee",
      "team": "PAT",
      "match_played": 101,
      "match played": 101,
      "tackles": 97,
      "value": 3,
      "team_id": 6,
      "team_name": "PAT",
      "rank": "86",
      "position_id": 8,
      "position_name": "Raider",
      "team_full_name": "Patna Pirates"
    },
    {
      "player_id": 20,
      "player_name": "Wasim Sajjad",
      "team": "HYD",
      "match_played": 17,
      "match played": 17,
      "tackles": 62,
      "value": 3,
      "team_id": 8,
      "team_name": "HYD",
      "rank": "86",
      "position_id": 6,
      "position_name": "Defender, right corner",
      "team_full_name": "Telugu Titans"
    },
    {
      "player_id": 38,
      "player_name": "Dadaso Balaso Awad",
      "team": "DEL",
      "match_played": 12,
      "match played": 12,
      "tackles": 44,
      "value": 3,
      "team_id": 2,
      "team_name": "DEL",
      "rank": "86",
      "position_id": 1,
      "position_name": "All Rounder",
      "team_full_name": "Dabang Delhi K.C."
    },
    {
      "player_id": 84,
      "player_name": "Rajaguru Subramanian",
      "team": "MUM",
      "match_played": 45,
      "match played": 45,
      "tackles": 145,
      "value": 3,
      "team_id": 5,
      "team_name": "MUM",
      "rank": "86",
      "position_id": 7,
      "position_name": "Defender, right cover",
      "team_full_name": "U Mumba"
    },
    {
      "player_id": 75,
      "player_name": "Nitin Madane",
      "team": "MUM",
      "match_played": 37,
      "match played": 37,
      "tackles": 42,
      "value": 3,
      "team_id": 5,
      "team_name": "MUM",
      "rank": "86",
      "position_id": 8,
      "position_name": "Raider",
      "team_full_name": "U Mumba"
    },
    {
      "player_id": 61,
      "player_name": "Kuldeep Singh",
      "team": "BEN",
      "match_played": 20,
      "match played": 20,
      "tackles": 86,
      "value": 3,
      "team_id": 1,
      "team_name": "BEN",
      "rank": "86",
      "position_id": 3,
      "position_name": "Defender, left corner",
      "team_full_name": "Bengaluru Bulls"
    },
    {
      "player_id": 66,
      "player_name": "Mahesh Goud",
      "team": "KOL",
      "match_played": 65,
      "match played": 65,
      "tackles": 76,
      "value": 3,
      "team_id": 4,
      "team_name": "KOL",
      "rank": "86",
      "position_id": 8,
      "position_name": "Raider",
      "team_full_name": "Bengal Warriors"
    },
    {
      "player_id": 97,
      "player_name": "Rupesh Tomar",
      "team": "DEL",
      "match_played": 15,
      "match played": 15,
      "tackles": 42,
      "value": 3,
      "team_id": 2,
      "team_name": "DEL",
      "rank": "86",
      "position_id": 1,
      "position_name": "All Rounder",
      "team_full_name": "Dabang Delhi K.C."
    },
    {
      "player_id": 106,
      "player_name": "Shrikant Jadhav",
      "team": "UPY",
      "match_played": 71,
      "match played": 71,
      "tackles": 45,
      "value": 3,
      "team_id": 30,
      "team_name": "UPY",
      "rank": "86",
      "position_id": 8,
      "position_name": "Raider",
      "team_full_name": "U.P. Yoddha"
    },
    {
      "player_id": 150,
      "player_name": "Parmod Narwal",
      "team": "HS",
      "match_played": 35,
      "match played": 35,
      "tackles": 96,
      "value": 3,
      "team_id": 28,
      "team_name": "HS",
      "rank": "86",
      "position_id": 1,
      "position_name": "All Rounder",
      "team_full_name": "Haryana Steelers"
    },
    {
      "player_id": 155,
      "player_name": "Prashanth Kumar Rai",
      "team": "HS",
      "match_played": 91,
      "match played": 91,
      "tackles": 46,
      "value": 3,
      "team_id": 28,
      "team_name": "HS",
      "rank": "86",
      "position_id": 8,
      "position_name": "Raider",
      "team_full_name": "Haryana Steelers"
    },
    {
      "player_id": 158,
      "player_name": "Rakesh Singh Kumar",
      "team": "HS",
      "match_played": 49,
      "match played": 49,
      "tackles": 195,
      "value": 3,
      "team_id": 28,
      "team_name": "HS",
      "rank": "86",
      "position_id": 4,
      "position_name": "Defender, left cover",
      "team_full_name": "Haryana Steelers"
    },
    {
      "player_id": 159,
      "player_name": "Samarjeet Singh",
      "team": "JAI",
      "match_played": 22,
      "match played": 22,
      "tackles": 43,
      "value": 3,
      "team_id": 3,
      "team_name": "JAI",
      "rank": "86",
      "position_id": 1,
      "position_name": "All Rounder",
      "team_full_name": "Jaipur Pink Panthers"
    },
    {
      "player_id": 299,
      "player_name": "Sandeep",
      "team": "BEN",
      "match_played": 14,
      "match played": 14,
      "tackles": 45,
      "value": 3,
      "team_id": 1,
      "team_name": "BEN",
      "rank": "86",
      "position_id": 3,
      "position_name": "Defender, left corner",
      "team_full_name": "Bengaluru Bulls"
    },
    {
      "player_id": 324,
      "player_name": "Darshan Kadian",
      "team": "PUN",
      "match_played": 37,
      "match played": 37,
      "tackles": 41,
      "value": 3,
      "team_id": 7,
      "team_name": "PUN",
      "rank": "86",
      "position_id": 8,
      "position_name": "Raider",
      "team_full_name": "Puneri Paltan"
    },
    {
      "player_id": 318,
      "player_name": "Pawan Kumar Sehrawat",
      "team": "BEN",
      "match_played": 73,
      "match played": 73,
      "tackles": 84,
      "value": 3,
      "team_id": 1,
      "team_name": "BEN",
      "rank": "86",
      "position_id": 8,
      "position_name": "Raider",
      "team_full_name": "Bengaluru Bulls"
    },
    {
      "player_id": 365,
      "player_name": "Akshay Jadhav",
      "team": "PUN",
      "match_played": 29,
      "match played": 29,
      "tackles": 43,
      "value": 3,
      "team_id": 7,
      "team_name": "PUN",
      "rank": "86",
      "position_id": 8,
      "position_name": "Raider",
      "team_full_name": "Puneri Paltan"
    },
    {
      "player_id": 611,
      "player_name": "Sidharth",
      "team": "DEL",
      "match_played": 21,
      "match played": 21,
      "tackles": 68,
      "value": 3,
      "team_id": 2,
      "team_name": "DEL",
      "rank": "86",
      "position_id": 1,
      "position_name": "All Rounder",
      "team_full_name": "Dabang Delhi K.C."
    },
    {
      "player_id": 676,
      "player_name": "Santhapanaselvam",
      "team": "JAI",
      "match_played": 29,
      "match played": 29,
      "tackles": 98,
      "value": 3,
      "team_id": 3,
      "team_name": "JAI",
      "rank": "86",
      "position_id": 1,
      "position_name": "All Rounder",
      "team_full_name": "Jaipur Pink Panthers"
    },
    {
      "player_id": 684,
      "player_name": "Rakesh Gowda",
      "team": "HYD",
      "match_played": 7,
      "match played": 7,
      "tackles": 14,
      "value": 3,
      "team_id": 8,
      "team_name": "HYD",
      "rank": "86",
      "position_id": 8,
      "position_name": "Raider",
      "team_full_name": "Telugu Titans"
    },
    {
      "player_id": 388,
      "player_name": "Monu Goyat",
      "team": "UPY",
      "match_played": 68,
      "match played": 68,
      "tackles": 85,
      "value": 3,
      "team_id": 30,
      "team_name": "UPY",
      "rank": "86",
      "position_id": 8,
      "position_name": "Raider",
      "team_full_name": "U.P. Yoddha"
    },
    {
      "player_id": 391,
      "player_name": "S Mahalingam",
      "team": "HYD",
      "match_played": 11,
      "match played": 11,
      "tackles": 32,
      "value": 2,
      "team_id": 8,
      "team_name": "HYD",
      "rank": "113",
      "position_id": 1,
      "position_name": "All Rounder",
      "team_full_name": "Telugu Titans"
    },
    {
      "player_id": 484,
      "player_name": "Mohammad Esmaeil Nabibakhsh",
      "team": "KOL",
      "match_played": 17,
      "match played": 17,
      "tackles": 47,
      "value": 2,
      "team_id": 4,
      "team_name": "KOL",
      "rank": "113",
      "position_id": 1,
      "position_name": "All Rounder",
      "team_full_name": "Bengal Warriors"
    },
    {
      "player_id": 536,
      "player_name": "Ziaur Rahman",
      "team": "KOL",
      "match_played": 34,
      "match played": 34,
      "tackles": 91,
      "value": 2,
      "team_id": 4,
      "team_name": "KOL",
      "rank": "113",
      "position_id": 4,
      "position_name": "Defender, left cover",
      "team_full_name": "Bengal Warriors"
    },
    {
      "player_id": 571,
      "player_name": "Mohammad Esmaeil Maghsoudlou Mahalli",
      "team": "PAT",
      "match_played": 16,
      "match played": 16,
      "tackles": 19,
      "value": 2,
      "team_id": 6,
      "team_name": "PAT",
      "rank": "113",
      "position_id": 8,
      "position_name": "Raider",
      "team_full_name": "Patna Pirates"
    },
    {
      "player_id": 363,
      "player_name": "Sumit Singh",
      "team": "BEN",
      "match_played": 30,
      "match played": 30,
      "tackles": 23,
      "value": 2,
      "team_id": 1,
      "team_name": "BEN",
      "rank": "113",
      "position_id": 8,
      "position_name": "Raider",
      "team_full_name": "Bengaluru Bulls"
    },
    {
      "player_id": 288,
      "player_name": "Rahul Kumar",
      "team": "KOL",
      "match_played": 30,
      "match played": 30,
      "tackles": 92,
      "value": 2,
      "team_id": 4,
      "team_name": "KOL",
      "rank": "113",
      "position_id": 7,
      "position_name": "Defender, right cover",
      "team_full_name": "Bengal Warriors"
    },
    {
      "player_id": 320,
      "player_name": "Nitin Tomar",
      "team": "PUN",
      "match_played": 64,
      "match played": 64,
      "tackles": 73,
      "value": 2,
      "team_id": 7,
      "team_name": "PUN",
      "rank": "113",
      "position_id": 8,
      "position_name": "Raider",
      "team_full_name": "Puneri Paltan"
    },
    {
      "player_id": 326,
      "player_name": "Rohit Kumar",
      "team": "BEN",
      "match_played": 89,
      "match played": 89,
      "tackles": 104,
      "value": 2,
      "team_id": 1,
      "team_name": "BEN",
      "rank": "113",
      "position_id": 8,
      "position_name": "Raider",
      "team_full_name": "Bengaluru Bulls"
    },
    {
      "player_id": 293,
      "player_name": "Nilesh Salunke",
      "team": "JAI",
      "match_played": 76,
      "match played": 76,
      "tackles": 57,
      "value": 2,
      "team_id": 3,
      "team_name": "JAI",
      "rank": "113",
      "position_id": 8,
      "position_name": "Raider",
      "team_full_name": "Jaipur Pink Panthers"
    },
    {
      "player_id": 277,
      "player_name": "Anil Shriram Nimbolkar",
      "team": "DEL",
      "match_played": 6,
      "match played": 6,
      "tackles": 9,
      "value": 2,
      "team_id": 2,
      "team_name": "DEL",
      "rank": "113",
      "position_id": 8,
      "position_name": "Raider",
      "team_full_name": "Dabang Delhi K.C."
    },
    {
      "player_id": 261,
      "player_name": "Rohit Baliyan",
      "team": "MUM",
      "match_played": 65,
      "match played": 65,
      "tackles": 90,
      "value": 2,
      "team_id": 5,
      "team_name": "MUM",
      "rank": "113",
      "position_id": 8,
      "position_name": "Raider",
      "team_full_name": "U Mumba"
    },
    {
      "player_id": 268,
      "player_name": "Vineet Sharma",
      "team": "TT",
      "match_played": 40,
      "match played": 40,
      "tackles": 71,
      "value": 2,
      "team_id": 29,
      "team_name": "TT",
      "rank": "113",
      "position_id": 8,
      "position_name": "Raider",
      "team_full_name": "Tamil Thalaivas"
    },
    {
      "player_id": 272,
      "player_name": "Umesh Mhatre",
      "team": "PUN",
      "match_played": 13,
      "match played": 13,
      "tackles": 18,
      "value": 2,
      "team_id": 7,
      "team_name": "PUN",
      "rank": "113",
      "position_id": 8,
      "position_name": "Raider",
      "team_full_name": "Puneri Paltan"
    },
    {
      "player_id": 184,
      "player_name": "Deepak Kumar",
      "team": "KOL",
      "match_played": 7,
      "match played": 7,
      "tackles": 27,
      "value": 2,
      "team_id": 4,
      "team_name": "KOL",
      "rank": "113",
      "position_id": 3,
      "position_name": "Defender, left corner",
      "team_full_name": "Bengal Warriors"
    },
    {
      "player_id": 214,
      "player_name": "Amit Kumar",
      "team": "HYD",
      "match_played": 11,
      "match played": 11,
      "tackles": 29,
      "value": 2,
      "team_id": 8,
      "team_name": "HYD",
      "rank": "113",
      "position_id": 8,
      "position_name": "Raider",
      "team_full_name": "Telugu Titans"
    },
    {
      "player_id": 231,
      "player_name": "Amit Om Prakash Rathi",
      "team": "GFG",
      "match_played": 16,
      "match played": 16,
      "tackles": 12,
      "value": 2,
      "team_id": 31,
      "team_name": "GFG",
      "rank": "113",
      "position_id": 8,
      "position_name": "Raider",
      "team_full_name": "Gujarat Fortunegiants"
    },
    {
      "player_id": 163,
      "player_name": "Mahendra Ganesh Rajput",
      "team": "GFG",
      "match_played": 62,
      "match played": 62,
      "tackles": 51,
      "value": 2,
      "team_id": 31,
      "team_name": "GFG",
      "rank": "113",
      "position_id": 8,
      "position_name": "Raider",
      "team_full_name": "Gujarat Fortunegiants"
    },
    {
      "player_id": 94,
      "player_name": "Rishank Devadiga",
      "team": "UPY",
      "match_played": 116,
      "match played": 116,
      "tackles": 142,
      "value": 2,
      "team_id": 30,
      "team_name": "UPY",
      "rank": "113",
      "position_id": 8,
      "position_name": "Raider",
      "team_full_name": "U.P. Yoddha"
    },
    {
      "player_id": 111,
      "player_name": "Sukesh Hegde",
      "team": "KOL",
      "match_played": 94,
      "match played": 94,
      "tackles": 91,
      "value": 2,
      "team_id": 4,
      "team_name": "KOL",
      "rank": "113",
      "position_id": 8,
      "position_name": "Raider",
      "team_full_name": "Bengal Warriors"
    },
    {
      "player_id": 118,
      "player_name": "Surjeet Narwal",
      "team": "KOL",
      "match_played": 31,
      "match played": 31,
      "tackles": 32,
      "value": 2,
      "team_id": 4,
      "team_name": "KOL",
      "rank": "113",
      "position_id": 8,
      "position_name": "Raider",
      "team_full_name": "Bengal Warriors"
    },
    {
      "player_id": 108,
      "player_name": "Shyam Kumar Sah",
      "team": "KOL",
      "match_played": 27,
      "match played": 27,
      "tackles": 112,
      "value": 2,
      "team_id": 4,
      "team_name": "KOL",
      "rank": "113",
      "position_id": 4,
      "position_name": "Defender, left cover",
      "team_full_name": "Bengal Warriors"
    },
    {
      "player_id": 67,
      "player_name": "Mahipal Narwal",
      "team": "GFG",
      "match_played": 34,
      "match played": 34,
      "tackles": 64,
      "value": 2,
      "team_id": 31,
      "team_name": "GFG",
      "rank": "113",
      "position_id": 1,
      "position_name": "All Rounder",
      "team_full_name": "Gujarat Fortunegiants"
    },
    {
      "player_id": 55,
      "player_name": "Jitesh Joshi",
      "team": "PUN",
      "match_played": 19,
      "match played": 19,
      "tackles": 57,
      "value": 2,
      "team_id": 7,
      "team_name": "PUN",
      "rank": "113",
      "position_id": 1,
      "position_name": "All Rounder",
      "team_full_name": "Puneri Paltan"
    },
    {
      "player_id": 53,
      "player_name": "Jeeva Gopal",
      "team": "HS",
      "match_played": 24,
      "match played": 24,
      "tackles": 58,
      "value": 2,
      "team_id": 28,
      "team_name": "HS",
      "rank": "113",
      "position_id": 4,
      "position_name": "Defender, left cover",
      "team_full_name": "Haryana Steelers"
    },
    {
      "player_id": 36,
      "player_name": "Chandran Ranjit",
      "team": "DEL",
      "match_played": 57,
      "match played": 57,
      "tackles": 41,
      "value": 2,
      "team_id": 2,
      "team_name": "DEL",
      "rank": "113",
      "position_id": 8,
      "position_name": "Raider",
      "team_full_name": "Dabang Delhi K.C."
    },
    {
      "player_id": 2496,
      "player_name": "Pavan T. R.",
      "team": "JAI",
      "match_played": 12,
      "match played": 12,
      "tackles": 29,
      "value": 2,
      "team_id": 3,
      "team_name": "JAI",
      "rank": "113",
      "position_id": 7,
      "position_name": "Defender, right cover",
      "team_full_name": "Jaipur Pink Panthers"
    },
    {
      "player_id": 2502,
      "player_name": "Mohit Sehrawat",
      "team": "BEN",
      "match_played": 11,
      "match played": 11,
      "tackles": 31,
      "value": 2,
      "team_id": 1,
      "team_name": "BEN",
      "rank": "113",
      "position_id": 7,
      "position_name": "Defender, right cover",
      "team_full_name": "Bengaluru Bulls"
    },
    {
      "player_id": 2357,
      "player_name": "Naveen",
      "team": "HS",
      "match_played": 34,
      "match played": 34,
      "tackles": 51,
      "value": 2,
      "team_id": 28,
      "team_name": "HS",
      "rank": "113",
      "position_id": 8,
      "position_name": "Raider",
      "team_full_name": "Haryana Steelers"
    },
    {
      "player_id": 2657,
      "player_name": "Ashu Singh",
      "team": "UPY",
      "match_played": 17,
      "match played": 17,
      "tackles": 74,
      "value": 2,
      "team_id": 30,
      "team_name": "UPY",
      "rank": "113",
      "position_id": 7,
      "position_name": "Defender, right cover",
      "team_full_name": "U.P. Yoddha"
    },
    {
      "player_id": 2667,
      "player_name": "Ankit",
      "team": "GFG",
      "match_played": 12,
      "match played": 12,
      "tackles": 31,
      "value": 2,
      "team_id": 31,
      "team_name": "GFG",
      "rank": "113",
      "position_id": 6,
      "position_name": "Defender, right corner",
      "team_full_name": "Gujarat Fortunegiants"
    },
    {
      "player_id": 2306,
      "player_name": "Lalit Chaudhary",
      "team": "GFG",
      "match_played": 7,
      "match played": 7,
      "tackles": 6,
      "value": 2,
      "team_id": 31,
      "team_name": "GFG",
      "rank": "113",
      "position_id": 8,
      "position_name": "Raider",
      "team_full_name": "Gujarat Fortunegiants"
    },
    {
      "player_id": 763,
      "player_name": "Manjeet",
      "team": "PUN",
      "match_played": 40,
      "match played": 40,
      "tackles": 90,
      "value": 2,
      "team_id": 7,
      "team_name": "PUN",
      "rank": "113",
      "position_id": 8,
      "position_name": "Raider",
      "team_full_name": "Puneri Paltan"
    },
    {
      "player_id": 667,
      "player_name": "Elangeshwaran R",
      "team": "HYD",
      "match_played": 5,
      "match played": 5,
      "tackles": 7,
      "value": 2,
      "team_id": 8,
      "team_name": "HYD",
      "rank": "113",
      "position_id": 1,
      "position_name": "All Rounder",
      "team_full_name": "Telugu Titans"
    },
    {
      "player_id": 710,
      "player_name": "N. Renjith",
      "team": "MUM",
      "match_played": 11,
      "match played": 11,
      "tackles": 33,
      "value": 2,
      "team_id": 5,
      "team_name": "MUM",
      "rank": "113",
      "position_id": 3,
      "position_name": "Defender, left corner",
      "team_full_name": "U Mumba"
    },
    {
      "player_id": 722,
      "player_name": "D. Pradap",
      "team": "TT",
      "match_played": 29,
      "match played": 29,
      "tackles": 74,
      "value": 2,
      "team_id": 29,
      "team_name": "TT",
      "rank": "113",
      "position_id": 1,
      "position_name": "All Rounder",
      "team_full_name": "Tamil Thalaivas"
    },
    {
      "player_id": 734,
      "player_name": "Vikash",
      "team": "HS",
      "match_played": 19,
      "match played": 19,
      "tackles": 61,
      "value": 2,
      "team_id": 28,
      "team_name": "HS",
      "rank": "113",
      "position_id": 6,
      "position_name": "Defender, right corner",
      "team_full_name": "Haryana Steelers"
    },
    {
      "player_id": 731,
      "player_name": "Sandeep",
      "team": "PUN",
      "match_played": 5,
      "match played": 5,
      "tackles": 13,
      "value": 1,
      "team_id": 7,
      "team_name": "PUN",
      "rank": "149",
      "position_id": 1,
      "position_name": "All Rounder",
      "team_full_name": "Puneri Paltan"
    },
    {
      "player_id": 724,
      "player_name": "Darshan J.",
      "team": "TT",
      "match_played": 29,
      "match played": 29,
      "tackles": 125,
      "value": 1,
      "team_id": 29,
      "team_name": "TT",
      "rank": "149",
      "position_id": 7,
      "position_name": "Defender, right cover",
      "team_full_name": "Tamil Thalaivas"
    },
    {
      "player_id": 762,
      "player_name": "Vikas Kumar",
      "team": "HYD",
      "match_played": 14,
      "match played": 14,
      "tackles": 16,
      "value": 1,
      "team_id": 8,
      "team_name": "HYD",
      "rank": "149",
      "position_id": 8,
      "position_name": "Raider",
      "team_full_name": "Telugu Titans"
    },
    {
      "player_id": 736,
      "player_name": "Yatharth Deshwal",
      "team": "DEL",
      "match_played": 6,
      "match played": 6,
      "tackles": 28,
      "value": 1,
      "team_id": 2,
      "team_name": "DEL",
      "rank": "149",
      "position_id": 1,
      "position_name": "All Rounder",
      "team_full_name": "Dabang Delhi K.C."
    },
    {
      "player_id": 2307,
      "player_name": "Kamal Singh",
      "team": "HYD",
      "match_played": 11,
      "match played": 11,
      "tackles": 12,
      "value": 1,
      "team_id": 8,
      "team_name": "HYD",
      "rank": "149",
      "position_id": 8,
      "position_name": "Raider",
      "team_full_name": "Telugu Titans"
    },
    {
      "player_id": 2336,
      "player_name": "Anuj Kumar",
      "team": "HYD",
      "match_played": 7,
      "match played": 7,
      "tackles": 11,
      "value": 1,
      "team_id": 8,
      "team_name": "HYD",
      "rank": "149",
      "position_id": 7,
      "position_name": "Defender, right cover",
      "team_full_name": "Telugu Titans"
    },
    {
      "player_id": 792,
      "player_name": "Tushar Balaram Bhoir",
      "team": "DEL",
      "match_played": 10,
      "match played": 10,
      "tackles": 19,
      "value": 1,
      "team_id": 2,
      "team_name": "DEL",
      "rank": "149",
      "position_id": 7,
      "position_name": "Defender, right cover",
      "team_full_name": "Dabang Delhi K.C."
    },
    {
      "player_id": 793,
      "player_name": "Amit Kharb",
      "team": "GFG",
      "match_played": 8,
      "match played": 8,
      "tackles": 10,
      "value": 1,
      "team_id": 31,
      "team_name": "GFG",
      "rank": "149",
      "position_id": 7,
      "position_name": "Defender, right cover",
      "team_full_name": "Gujarat Fortunegiants"
    },
    {
      "player_id": 786,
      "player_name": "Parvesh",
      "team": "PUN",
      "match_played": 6,
      "match played": 6,
      "tackles": 10,
      "value": 1,
      "team_id": 7,
      "team_name": "PUN",
      "rank": "149",
      "position_id": 8,
      "position_name": "Raider",
      "team_full_name": "Puneri Paltan"
    },
    {
      "player_id": 2257,
      "player_name": "Victor Onyango Obiero",
      "team": "TT",
      "match_played": 6,
      "match played": 6,
      "tackles": 5,
      "value": 1,
      "team_id": 29,
      "team_name": "TT",
      "rank": "149",
      "position_id": 1,
      "position_name": "All Rounder",
      "team_full_name": "Tamil Thalaivas"
    },
    {
      "player_id": 2286,
      "player_name": "Surender Gill",
      "team": "UPY",
      "match_played": 14,
      "match played": 14,
      "tackles": 12,
      "value": 1,
      "team_id": 30,
      "team_name": "UPY",
      "rank": "149",
      "position_id": 8,
      "position_name": "Raider",
      "team_full_name": "U.P. Yoddha"
    },
    {
      "player_id": 2291,
      "player_name": "Amit Kumar",
      "team": "PUN",
      "match_played": 18,
      "match played": 18,
      "tackles": 40,
      "value": 1,
      "team_id": 7,
      "team_name": "PUN",
      "rank": "149",
      "position_id": 8,
      "position_name": "Raider",
      "team_full_name": "Puneri Paltan"
    },
    {
      "player_id": 2296,
      "player_name": "Naveen Kumar",
      "team": "DEL",
      "match_played": 38,
      "match played": 38,
      "tackles": 17,
      "value": 1,
      "team_id": 2,
      "team_name": "DEL",
      "rank": "149",
      "position_id": 8,
      "position_name": "Raider",
      "team_full_name": "Dabang Delhi K.C."
    },
    {
      "player_id": 2298,
      "player_name": "Armaan",
      "team": "HYD",
      "match_played": 10,
      "match played": 10,
      "tackles": 8,
      "value": 1,
      "team_id": 8,
      "team_name": "HYD",
      "rank": "149",
      "position_id": 1,
      "position_name": "All Rounder",
      "team_full_name": "Telugu Titans"
    },
    {
      "player_id": 2672,
      "player_name": "Sumit Malik",
      "team": "GFG",
      "match_played": 14,
      "match played": 14,
      "tackles": 32,
      "value": 1,
      "team_id": 31,
      "team_name": "GFG",
      "rank": "149",
      "position_id": 3,
      "position_name": "Defender, left corner",
      "team_full_name": "Gujarat Fortunegiants"
    },
    {
      "player_id": 2682,
      "player_name": "Amit Kumar",
      "team": "PUN",
      "match_played": 5,
      "match played": 5,
      "tackles": 2,
      "value": 1,
      "team_id": 7,
      "team_name": "PUN",
      "rank": "149",
      "position_id": 1,
      "position_name": "All Rounder",
      "team_full_name": "Puneri Paltan"
    },
    {
      "player_id": 2659,
      "player_name": "Sagar",
      "team": "TT",
      "match_played": 9,
      "match played": 9,
      "tackles": 18,
      "value": 1,
      "team_id": 29,
      "team_name": "TT",
      "rank": "149",
      "position_id": 6,
      "position_name": "Defender, right corner",
      "team_full_name": "Tamil Thalaivas"
    },
    {
      "player_id": 2665,
      "player_name": "Elavarasan A",
      "team": "JAI",
      "match_played": 3,
      "match played": 3,
      "tackles": 10,
      "value": 1,
      "team_id": 3,
      "team_name": "JAI",
      "rank": "149",
      "position_id": 4,
      "position_name": "Defender, left cover",
      "team_full_name": "Jaipur Pink Panthers"
    },
    {
      "player_id": 2462,
      "player_name": "Sunil",
      "team": "HS",
      "match_played": 36,
      "match played": 36,
      "tackles": 206,
      "value": 1,
      "team_id": 28,
      "team_name": "HS",
      "rank": "149",
      "position_id": 6,
      "position_name": "Defender, right corner",
      "team_full_name": "Haryana Steelers"
    },
    {
      "player_id": 2512,
      "player_name": "Ajeet",
      "team": "TT",
      "match_played": 14,
      "match played": 14,
      "tackles": 51,
      "value": 1,
      "team_id": 29,
      "team_name": "TT",
      "rank": "149",
      "position_id": 7,
      "position_name": "Defender, right cover",
      "team_full_name": "Tamil Thalaivas"
    },
    {
      "player_id": 2514,
      "player_name": "Chand Singh",
      "team": "HS",
      "match_played": 6,
      "match played": 6,
      "tackles": 14,
      "value": 1,
      "team_id": 28,
      "team_name": "HS",
      "rank": "149",
      "position_id": 3,
      "position_name": "Defender, left corner",
      "team_full_name": "Haryana Steelers"
    },
    {
      "player_id": 2644,
      "player_name": "Ravinder",
      "team": "PAT",
      "match_played": 4,
      "match played": 4,
      "tackles": 7,
      "value": 1,
      "team_id": 6,
      "team_name": "PAT",
      "rank": "149",
      "position_id": 1,
      "position_name": "All Rounder",
      "team_full_name": "Patna Pirates"
    },
    {
      "player_id": 2471,
      "player_name": "Ankit",
      "team": "BEN",
      "match_played": 11,
      "match played": 11,
      "tackles": 24,
      "value": 1,
      "team_id": 1,
      "team_name": "BEN",
      "rank": "149",
      "position_id": 9,
      "position_name": "Defender",
      "team_full_name": "Bengaluru Bulls"
    },
    {
      "player_id": 2475,
      "player_name": "Ajinkya Ashok Pawar",
      "team": "JAI",
      "match_played": 31,
      "match played": 31,
      "tackles": 15,
      "value": 1,
      "team_id": 3,
      "team_name": "JAI",
      "rank": "149",
      "position_id": 8,
      "position_name": "Raider",
      "team_full_name": "Jaipur Pink Panthers"
    },
    {
      "player_id": 2476,
      "player_name": "Amit Kumar",
      "team": "JAI",
      "match_played": 17,
      "match played": 17,
      "tackles": 59,
      "value": 1,
      "team_id": 3,
      "team_name": "JAI",
      "rank": "149",
      "position_id": 8,
      "position_name": "Raider",
      "team_full_name": "Jaipur Pink Panthers"
    },
    {
      "player_id": 2481,
      "player_name": "Ponparthiban Subramanian",
      "team": "TT",
      "match_played": 17,
      "match played": 17,
      "tackles": 58,
      "value": 1,
      "team_id": 29,
      "team_name": "TT",
      "rank": "149",
      "position_id": 7,
      "position_name": "Defender, right cover",
      "team_full_name": "Tamil Thalaivas"
    },
    {
      "player_id": 2485,
      "player_name": "Sonu Jaglan",
      "team": "GFG",
      "match_played": 12,
      "match played": 12,
      "tackles": 4,
      "value": 1,
      "team_id": 31,
      "team_name": "GFG",
      "rank": "149",
      "position_id": 8,
      "position_name": "Raider",
      "team_full_name": "Gujarat Fortunegiants"
    },
    {
      "player_id": 2486,
      "player_name": "Harendra Kumar",
      "team": "MUM",
      "match_played": 14,
      "match played": 14,
      "tackles": 46,
      "value": 1,
      "team_id": 5,
      "team_name": "MUM",
      "rank": "149",
      "position_id": 4,
      "position_name": "Defender, left cover",
      "team_full_name": "U Mumba"
    },
    {
      "player_id": 34,
      "player_name": "Bhupender Singh",
      "team": "KOL",
      "match_played": 47,
      "match played": 47,
      "tackles": 44,
      "value": 1,
      "team_id": 4,
      "team_name": "KOL",
      "rank": "149",
      "position_id": 1,
      "position_name": "All Rounder",
      "team_full_name": "Bengal Warriors"
    },
    {
      "player_id": 5,
      "player_name": "Farhad Kamal Gharibi",
      "team": "KOL",
      "match_played": 2,
      "match played": 2,
      "tackles": 1,
      "value": 1,
      "team_id": 4,
      "team_name": "KOL",
      "rank": "149",
      "position_id": 3,
      "position_name": "Defender, left corner",
      "team_full_name": "Bengal Warriors"
    },
    {
      "player_id": 13,
      "player_name": "Seong Ryeol Kim",
      "team": "GFG",
      "match_played": 15,
      "match played": 15,
      "tackles": 30,
      "value": 1,
      "team_id": 31,
      "team_name": "GFG",
      "rank": "149",
      "position_id": 9,
      "position_name": "Defender",
      "team_full_name": "Gujarat Fortunegiants"
    },
    {
      "player_id": 14,
      "player_name": "Tae Deok Eom",
      "team": "PAT",
      "match_played": 35,
      "match played": 35,
      "tackles": 43,
      "value": 1,
      "team_id": 6,
      "team_name": "PAT",
      "rank": "149",
      "position_id": 1,
      "position_name": "All Rounder",
      "team_full_name": "Patna Pirates"
    },
    {
      "player_id": 45,
      "player_name": "Gurpreet Singh",
      "team": "PUN",
      "match_played": 18,
      "match played": 18,
      "tackles": 68,
      "value": 1,
      "team_id": 7,
      "team_name": "PUN",
      "rank": "149",
      "position_id": 6,
      "position_name": "Defender, right corner",
      "team_full_name": "Puneri Paltan"
    },
    {
      "player_id": 46,
      "player_name": "Gurvinder Singh",
      "team": "GFG",
      "match_played": 45,
      "match played": 45,
      "tackles": 65,
      "value": 1,
      "team_id": 31,
      "team_name": "GFG",
      "rank": "149",
      "position_id": 8,
      "position_name": "Raider",
      "team_full_name": "Gujarat Fortunegiants"
    },
    {
      "player_id": 77,
      "player_name": "Parveen Kumar",
      "team": "KOL",
      "match_played": 8,
      "match played": 8,
      "tackles": 35,
      "value": 1,
      "team_id": 4,
      "team_name": "KOL",
      "rank": "149",
      "position_id": 7,
      "position_name": "Defender, right cover",
      "team_full_name": "Bengal Warriors"
    },
    {
      "player_id": 72,
      "player_name": "Navneet Gautam",
      "team": "JAI",
      "match_played": 31,
      "match played": 31,
      "tackles": 83,
      "value": 1,
      "team_id": 3,
      "team_name": "JAI",
      "rank": "149",
      "position_id": 3,
      "position_name": "Defender, left corner",
      "team_full_name": "Jaipur Pink Panthers"
    },
    {
      "player_id": 85,
      "player_name": "Rajesh Mondal",
      "team": "PUN",
      "match_played": 89,
      "match played": 89,
      "tackles": 56,
      "value": 1,
      "team_id": 7,
      "team_name": "PUN",
      "rank": "149",
      "position_id": 8,
      "position_name": "Raider",
      "team_full_name": "Puneri Paltan"
    },
    {
      "player_id": 89,
      "player_name": "Ram Kumar Sah",
      "team": "DEL",
      "match_played": 11,
      "match played": 11,
      "tackles": 32,
      "value": 1,
      "team_id": 2,
      "team_name": "DEL",
      "rank": "149",
      "position_id": 4,
      "position_name": "Defender, left cover",
      "team_full_name": "Dabang Delhi K.C."
    },
    {
      "player_id": 143,
      "player_name": "Maninder Singh",
      "team": "KOL",
      "match_played": 76,
      "match played": 76,
      "tackles": 43,
      "value": 1,
      "team_id": 4,
      "team_name": "KOL",
      "rank": "149",
      "position_id": 8,
      "position_name": "Raider",
      "team_full_name": "Bengal Warriors"
    },
    {
      "player_id": 101,
      "player_name": "Santhosh B.S",
      "team": "UPY",
      "match_played": 9,
      "match played": 9,
      "tackles": 22,
      "value": 1,
      "team_id": 30,
      "team_name": "UPY",
      "rank": "149",
      "position_id": 3,
      "position_name": "Defender, left corner",
      "team_full_name": "U.P. Yoddha"
    },
    {
      "player_id": 166,
      "player_name": "Vijendar Singh",
      "team": "HYD",
      "match_played": 8,
      "match played": 8,
      "tackles": 44,
      "value": 1,
      "team_id": 8,
      "team_name": "HYD",
      "rank": "149",
      "position_id": null,
      "position_name": null,
      "team_full_name": "Telugu Titans"
    },
    {
      "player_id": 171,
      "player_name": "Pradeep Kumar",
      "team": "MUM",
      "match_played": 10,
      "match played": 10,
      "tackles": 11,
      "value": 1,
      "team_id": 5,
      "team_name": "MUM",
      "rank": "149",
      "position_id": 8,
      "position_name": "Raider",
      "team_full_name": "U Mumba"
    },
    {
      "player_id": 174,
      "player_name": "Deepak Kumar Dahiya",
      "team": "PUN",
      "match_played": 53,
      "match played": 53,
      "tackles": 26,
      "value": 1,
      "team_id": 7,
      "team_name": "PUN",
      "rank": "149",
      "position_id": 8,
      "position_name": "Raider",
      "team_full_name": "Puneri Paltan"
    },
    {
      "player_id": 151,
      "player_name": "Vikas Tomar",
      "team": "PUN",
      "match_played": 9,
      "match played": 9,
      "tackles": 34,
      "value": 1,
      "team_id": 7,
      "team_name": "PUN",
      "rank": "149",
      "position_id": 6,
      "position_name": "Defender, right corner",
      "team_full_name": "Puneri Paltan"
    },
    {
      "player_id": 232,
      "player_name": "Sachin Vittala",
      "team": "GFG",
      "match_played": 26,
      "match played": 26,
      "tackles": 63,
      "value": 1,
      "team_id": 31,
      "team_name": "GFG",
      "rank": "149",
      "position_id": 3,
      "position_name": "Defender, left corner",
      "team_full_name": "Gujarat Fortunegiants"
    },
    {
      "player_id": 233,
      "player_name": "Manoj Dhull",
      "team": "KOL",
      "match_played": 27,
      "match played": 27,
      "tackles": 73,
      "value": 1,
      "team_id": 4,
      "team_name": "KOL",
      "rank": "149",
      "position_id": 6,
      "position_name": "Defender, right corner",
      "team_full_name": "Bengal Warriors"
    },
    {
      "player_id": 235,
      "player_name": "Vijender Singh",
      "team": "BEN",
      "match_played": 8,
      "match played": 8,
      "tackles": 31,
      "value": 1,
      "team_id": 1,
      "team_name": "BEN",
      "rank": "149",
      "position_id": 3,
      "position_name": "Defender, left corner",
      "team_full_name": "Bengaluru Bulls"
    },
    {
      "player_id": 211,
      "player_name": "Deepak Narwal",
      "team": "JAI",
      "match_played": 78,
      "match played": 78,
      "tackles": 45,
      "value": 1,
      "team_id": 3,
      "team_name": "JAI",
      "rank": "149",
      "position_id": 8,
      "position_name": "Raider",
      "team_full_name": "Jaipur Pink Panthers"
    },
    {
      "player_id": 181,
      "player_name": "Deepak Dhull",
      "team": "PAT",
      "match_played": 10,
      "match played": 10,
      "tackles": 33,
      "value": 1,
      "team_id": 6,
      "team_name": "PAT",
      "rank": "149",
      "position_id": 4,
      "position_name": "Defender, left cover",
      "team_full_name": "Patna Pirates"
    },
    {
      "player_id": 197,
      "player_name": "Pardeep Narwal",
      "team": "PAT",
      "match_played": 102,
      "match played": 102,
      "tackles": 34,
      "value": 1,
      "team_id": 6,
      "team_name": "PAT",
      "rank": "149",
      "position_id": 8,
      "position_name": "Raider",
      "team_full_name": "Patna Pirates"
    },
    {
      "player_id": 205,
      "player_name": "Sandeep Malik",
      "team": "PUN",
      "match_played": 1,
      "match played": 1,
      "tackles": 1,
      "value": 1,
      "team_id": 7,
      "team_name": "PUN",
      "rank": "149",
      "position_id": 3,
      "position_name": "Defender, left corner",
      "team_full_name": "Puneri Paltan"
    },
    {
      "player_id": 275,
      "player_name": "Deepak Kumar Rathee",
      "team": "HS",
      "match_played": 20,
      "match played": 20,
      "tackles": 39,
      "value": 1,
      "team_id": 28,
      "team_name": "HS",
      "rank": "149",
      "position_id": 1,
      "position_name": "All Rounder",
      "team_full_name": "Haryana Steelers"
    },
    {
      "player_id": 278,
      "player_name": "Gnanasekaran M",
      "team": "DEL",
      "match_played": 8,
      "match played": 8,
      "tackles": 15,
      "value": 1,
      "team_id": 2,
      "team_name": "DEL",
      "rank": "149",
      "position_id": 6,
      "position_name": "Defender, right corner",
      "team_full_name": "Dabang Delhi K.C."
    },
    {
      "player_id": 222,
      "player_name": "G.S. Manikandan",
      "team": "DEL",
      "match_played": 20,
      "match played": 20,
      "tackles": 58,
      "value": 1,
      "team_id": 2,
      "team_name": "DEL",
      "rank": "149",
      "position_id": 4,
      "position_name": "Defender, left cover",
      "team_full_name": "Dabang Delhi K.C."
    },
    {
      "player_id": 246,
      "player_name": "Harvinder Singh",
      "team": "PUN",
      "match_played": 4,
      "match played": 4,
      "tackles": 18,
      "value": 1,
      "team_id": 7,
      "team_name": "PUN",
      "rank": "149",
      "position_id": 7,
      "position_name": "Defender, right cover",
      "team_full_name": "Puneri Paltan"
    },
    {
      "player_id": 300,
      "player_name": "Abolfazl Maghsodloumahali",
      "team": "GFG",
      "match_played": 47,
      "match played": 47,
      "tackles": 22,
      "value": 1,
      "team_id": 31,
      "team_name": "GFG",
      "rank": "149",
      "position_id": 8,
      "position_name": "Raider",
      "team_full_name": "Gujarat Fortunegiants"
    },
    {
      "player_id": 301,
      "player_name": "Hadi Tajik",
      "team": "PUN",
      "match_played": 27,
      "match played": 27,
      "tackles": 68,
      "value": 1,
      "team_id": 7,
      "team_name": "PUN",
      "rank": "149",
      "position_id": 6,
      "position_name": "Defender, right corner",
      "team_full_name": "Puneri Paltan"
    },
    {
      "player_id": 314,
      "player_name": "Somvir",
      "team": "HYD",
      "match_played": 16,
      "match played": 16,
      "tackles": 68,
      "value": 1,
      "team_id": 8,
      "team_name": "HYD",
      "rank": "149",
      "position_id": 4,
      "position_name": "Defender, left cover",
      "team_full_name": "Telugu Titans"
    },
    {
      "player_id": 384,
      "player_name": "Ravinder Kumar",
      "team": "PAT",
      "match_played": 12,
      "match played": 12,
      "tackles": 37,
      "value": 1,
      "team_id": 6,
      "team_name": "PAT",
      "rank": "149",
      "position_id": 1,
      "position_name": "All Rounder",
      "team_full_name": "Patna Pirates"
    },
    {
      "player_id": 690,
      "player_name": "E Subash",
      "team": "MUM",
      "match_played": 4,
      "match played": 4,
      "tackles": 10,
      "value": 1,
      "team_id": 5,
      "team_name": "MUM",
      "rank": "149",
      "position_id": 1,
      "position_name": "All Rounder",
      "team_full_name": "U Mumba"
    },
    {
      "player_id": 694,
      "player_name": "Deepak Yadav",
      "team": "PUN",
      "match_played": 7,
      "match played": 7,
      "tackles": 24,
      "value": 1,
      "team_id": 7,
      "team_name": "PUN",
      "rank": "149",
      "position_id": 7,
      "position_name": "Defender, right cover",
      "team_full_name": "Puneri Paltan"
    },
    {
      "player_id": 708,
      "player_name": "N. Shiva Ramakrishna",
      "team": "JAI",
      "match_played": 1,
      "match played": 1,
      "tackles": 1,
      "value": 1,
      "team_id": 3,
      "team_name": "JAI",
      "rank": "149",
      "position_id": 1,
      "position_name": "All Rounder",
      "team_full_name": "Jaipur Pink Panthers"
    }
  ],
  "language_lookup": {
    "stat": "Stat",
    "stat_id": "Stat Id",
    "minimum_criteria": "Minimum Criteria",
    "team_id": "Team Id",
    "team_name": "Team Name",
    "player_id": "Player Id",
    "player_name": "Player Name",
    "value": "Value",
    "match_played": "Match Played",
    "team": "Team",
    "tackles": "Tackles"
  }
}