{
  "stat": "Player Avg Tackle Points",
  "stat_id": "139",
  "minimum_criteria": "More than 5 Tackles",
  "data": [
    {
      "player_id": 248,
      "player_name": "Sandeep Kandola",
      "match_played": 16,
      "value": 3.69,
      "team_id": 8,
      "team_name": "HYD",
      "rank": "1",
      "position_id": 3,
      "position_name": "Defender, left corner",
      "team_full_name": "Telugu Titans"
    },
    {
      "player_id": 358,
      "player_name": "Vishal Bhardwaj",
      "match_played": 57,
      "value": 3.42,
      "team_id": 8,
      "team_name": "HYD",
      "rank": "2",
      "position_id": 9,
      "position_name": "Defender",
      "team_full_name": "Telugu Titans"
    },
    {
      "player_id": 2330,
      "player_name": "Sumit",
      "match_played": 17,
      "value": 3.41,
      "team_id": 30,
      "team_name": "UPY",
      "rank": "3",
      "position_id": 3,
      "position_name": "Defender, left corner",
      "team_full_name": "U.P. Yoddha"
    },
    {
      "player_id": 290,
      "player_name": "Sandeep Kumar Dhull",
      "match_played": 61,
      "value": 3.16,
      "team_id": 3,
      "team_name": "JAI",
      "rank": "4",
      "position_id": 3,
      "position_name": "Defender, left corner",
      "team_full_name": "Jaipur Pink Panthers"
    },
    {
      "player_id": 69,
      "player_name": "Manjeet Chhillar",
      "match_played": 108,
      "value": 3.14,
      "team_id": 29,
      "team_name": "TT",
      "rank": "5",
      "position_id": 1,
      "position_name": "All Rounder",
      "team_full_name": "Tamil Thalaivas"
    },
    {
      "player_id": 146,
      "player_name": "Surender Nada",
      "match_played": 71,
      "value": 3.13,
      "team_id": 28,
      "team_name": "HS",
      "rank": "6",
      "position_id": 3,
      "position_name": "Defender, left corner",
      "team_full_name": "Haryana Steelers"
    },
    {
      "player_id": 725,
      "player_name": "Nitesh Kumar",
      "match_played": 61,
      "value": 3.11,
      "team_id": 30,
      "team_name": "UPY",
      "rank": "7",
      "position_id": 9,
      "position_name": "Defender",
      "team_full_name": "U.P. Yoddha"
    },
    {
      "player_id": 259,
      "player_name": "Fazel Atrachali",
      "match_played": 95,
      "value": 3.03,
      "team_id": 5,
      "team_name": "MUM",
      "rank": "8",
      "position_id": 3,
      "position_name": "Defender, left corner",
      "team_full_name": "U Mumba"
    },
    {
      "player_id": 322,
      "player_name": "PO Surjeet Singh",
      "match_played": 91,
      "value": 2.92,
      "team_id": 7,
      "team_name": "PUN",
      "rank": "9",
      "position_id": 7,
      "position_name": "Defender, right cover",
      "team_full_name": "Puneri Paltan"
    },
    {
      "player_id": 157,
      "player_name": "Ravinder Pahal",
      "match_played": 105,
      "value": 2.92,
      "team_id": 2,
      "team_name": "DEL",
      "rank": "9",
      "position_id": 6,
      "position_name": "Defender, right corner",
      "team_full_name": "Dabang Delhi K.C."
    },
    {
      "player_id": 769,
      "player_name": "Mahender Singh",
      "match_played": 61,
      "value": 2.72,
      "team_id": 1,
      "team_name": "BEN",
      "rank": "11",
      "position_id": 4,
      "position_name": "Defender, left cover",
      "team_full_name": "Bengaluru Bulls"
    },
    {
      "player_id": 579,
      "player_name": "Jaideep",
      "match_played": 65,
      "value": 2.68,
      "team_id": 6,
      "team_name": "PAT",
      "rank": "12",
      "position_id": 3,
      "position_name": "Defender, left corner",
      "team_full_name": "Patna Pirates"
    },
    {
      "player_id": 368,
      "player_name": "Sunil Kumar",
      "match_played": 67,
      "value": 2.67,
      "team_id": 31,
      "team_name": "GFG",
      "rank": "13",
      "position_id": 9,
      "position_name": "Defender",
      "team_full_name": "Gujarat Fortunegiants"
    },
    {
      "player_id": 212,
      "player_name": "Amit Hooda",
      "match_played": 84,
      "value": 2.67,
      "team_id": 3,
      "team_name": "JAI",
      "rank": "13",
      "position_id": 6,
      "position_name": "Defender, right corner",
      "team_full_name": "Jaipur Pink Panthers"
    },
    {
      "player_id": 733,
      "player_name": "Surinder Singh",
      "match_played": 60,
      "value": 2.63,
      "team_id": 5,
      "team_name": "MUM",
      "rank": "15",
      "position_id": 9,
      "position_name": "Defender",
      "team_full_name": "U Mumba"
    },
    {
      "player_id": 71,
      "player_name": "Mohit Chhillar",
      "match_played": 108,
      "value": 2.56,
      "team_id": 29,
      "team_name": "TT",
      "rank": "16",
      "position_id": 6,
      "position_name": "Defender, right corner",
      "team_full_name": "Tamil Thalaivas"
    },
    {
      "player_id": 2670,
      "player_name": "Saurabh Nandal",
      "match_played": 16,
      "value": 2.56,
      "team_id": 1,
      "team_name": "BEN",
      "rank": "16",
      "position_id": 3,
      "position_name": "Defender, left corner",
      "team_full_name": "Bengaluru Bulls"
    },
    {
      "player_id": 161,
      "player_name": "Girish Maruti Ernak",
      "match_played": 102,
      "value": 2.52,
      "team_id": 7,
      "team_name": "PUN",
      "rank": "18",
      "position_id": 3,
      "position_name": "Defender, left corner",
      "team_full_name": "Puneri Paltan"
    },
    {
      "player_id": 489,
      "player_name": "Abozar Mohajermighani",
      "match_played": 61,
      "value": 2.52,
      "team_id": 8,
      "team_name": "HYD",
      "rank": "18",
      "position_id": 9,
      "position_name": "Defender",
      "team_full_name": "Telugu Titans"
    },
    {
      "player_id": 166,
      "player_name": "Vijendar Singh",
      "match_played": 8,
      "value": 2.5,
      "team_id": 8,
      "team_name": "HYD",
      "rank": "20",
      "position_id": null,
      "position_name": null,
      "team_full_name": "Telugu Titans"
    },
    {
      "player_id": 142,
      "player_name": "Sandeep Narwal",
      "match_played": 117,
      "value": 2.5,
      "team_id": 5,
      "team_name": "MUM",
      "rank": "20",
      "position_id": 1,
      "position_name": "All Rounder",
      "team_full_name": "U Mumba"
    },
    {
      "player_id": 735,
      "player_name": "Vishal",
      "match_played": 22,
      "value": 2.45,
      "team_id": 3,
      "team_name": "JAI",
      "rank": "22",
      "position_id": 1,
      "position_name": "All Rounder",
      "team_full_name": "Jaipur Pink Panthers"
    },
    {
      "player_id": 357,
      "player_name": "Parvesh Bhainswal",
      "match_played": 73,
      "value": 2.41,
      "team_id": 31,
      "team_name": "GFG",
      "rank": "23",
      "position_id": 4,
      "position_name": "Defender, left cover",
      "team_full_name": "Gujarat Fortunegiants"
    },
    {
      "player_id": 2462,
      "player_name": "Sunil",
      "match_played": 36,
      "value": 2.22,
      "team_id": 28,
      "team_name": "HS",
      "rank": "24",
      "position_id": 6,
      "position_name": "Defender, right corner",
      "team_full_name": "Haryana Steelers"
    },
    {
      "player_id": 42,
      "player_name": "Dharmaraj Cheralathan",
      "match_played": 114,
      "value": 2.21,
      "team_id": 28,
      "team_name": "HS",
      "rank": "25",
      "position_id": 10,
      "position_name": "Defender, right and left corner",
      "team_full_name": "Haryana Steelers"
    },
    {
      "player_id": 621,
      "player_name": "Baldev Singh",
      "match_played": 35,
      "value": 2.2,
      "team_id": 4,
      "team_name": "KOL",
      "rank": "26",
      "position_id": 6,
      "position_name": "Defender, right corner",
      "team_full_name": "Bengal Warriors"
    },
    {
      "player_id": 194,
      "player_name": "Joginder Singh Narwal",
      "match_played": 76,
      "value": 2.17,
      "team_id": 2,
      "team_name": "DEL",
      "rank": "27",
      "position_id": 3,
      "position_name": "Defender, left corner",
      "team_full_name": "Dabang Delhi K.C."
    },
    {
      "player_id": 51,
      "player_name": "Jasmer Singh Gulia",
      "match_played": 52,
      "value": 2.1,
      "team_id": 1,
      "team_name": "BEN",
      "rank": "28",
      "position_id": 1,
      "position_name": "All Rounder",
      "team_full_name": "Bengaluru Bulls"
    },
    {
      "player_id": 98,
      "player_name": "Sachin Khambe",
      "match_played": 22,
      "value": 2.09,
      "team_id": 7,
      "team_name": "PUN",
      "rank": "29",
      "position_id": 3,
      "position_name": "Defender, left corner",
      "team_full_name": "Puneri Paltan"
    },
    {
      "player_id": 54,
      "player_name": "Jeeva Kumar",
      "match_played": 109,
      "value": 2.05,
      "team_id": 4,
      "team_name": "KOL",
      "rank": "30",
      "position_id": 5,
      "position_name": "Defender, right and left cover",
      "team_full_name": "Bengal Warriors"
    },
    {
      "player_id": 61,
      "player_name": "Kuldeep Singh",
      "match_played": 20,
      "value": 2.0,
      "team_id": 1,
      "team_name": "BEN",
      "rank": "31",
      "position_id": 3,
      "position_name": "Defender, left corner",
      "team_full_name": "Bengaluru Bulls"
    },
    {
      "player_id": 246,
      "player_name": "Harvinder Singh",
      "match_played": 4,
      "value": 2.0,
      "team_id": 7,
      "team_name": "PUN",
      "rank": "31",
      "position_id": 7,
      "position_name": "Defender, right cover",
      "team_full_name": "Puneri Paltan"
    },
    {
      "player_id": 794,
      "player_name": "Amit Sheoran",
      "match_played": 36,
      "value": 2.0,
      "team_id": 1,
      "team_name": "BEN",
      "rank": "31",
      "position_id": 9,
      "position_name": "Defender",
      "team_full_name": "Bengaluru Bulls"
    },
    {
      "player_id": 73,
      "player_name": "Nilesh Shinde",
      "match_played": 69,
      "value": 1.96,
      "team_id": 2,
      "team_name": "DEL",
      "rank": "34",
      "position_id": 6,
      "position_name": "Defender, right corner",
      "team_full_name": "Dabang Delhi K.C."
    },
    {
      "player_id": 160,
      "player_name": "Ran Singh",
      "match_played": 116,
      "value": 1.95,
      "team_id": 29,
      "team_name": "TT",
      "rank": "35",
      "position_id": 1,
      "position_name": "All Rounder",
      "team_full_name": "Tamil Thalaivas"
    },
    {
      "player_id": 796,
      "player_name": "Rinku Narwal",
      "match_played": 45,
      "value": 1.91,
      "team_id": 4,
      "team_name": "KOL",
      "rank": "36",
      "position_id": 9,
      "position_name": "Defender",
      "team_full_name": "Bengal Warriors"
    },
    {
      "player_id": 252,
      "player_name": "Kuldeep Singh",
      "match_played": 66,
      "value": 1.86,
      "team_id": 6,
      "team_name": "PAT",
      "rank": "37",
      "position_id": 1,
      "position_name": "All Rounder",
      "team_full_name": "Patna Pirates"
    },
    {
      "player_id": 736,
      "player_name": "Yatharth Deshwal",
      "match_played": 6,
      "value": 1.83,
      "team_id": 2,
      "team_name": "DEL",
      "rank": "38",
      "position_id": 1,
      "position_name": "All Rounder",
      "team_full_name": "Dabang Delhi K.C."
    },
    {
      "player_id": 2657,
      "player_name": "Ashu Singh",
      "match_played": 17,
      "value": 1.82,
      "team_id": 30,
      "team_name": "UPY",
      "rank": "39",
      "position_id": 7,
      "position_name": "Defender, right cover",
      "team_full_name": "U.P. Yoddha"
    },
    {
      "player_id": 215,
      "player_name": "Vinod Kumar",
      "match_played": 27,
      "value": 1.78,
      "team_id": 7,
      "team_name": "PUN",
      "rank": "40",
      "position_id": 4,
      "position_name": "Defender, left cover",
      "team_full_name": "Puneri Paltan"
    },
    {
      "player_id": 732,
      "player_name": "Kuldeep Singh",
      "match_played": 35,
      "value": 1.77,
      "team_id": 28,
      "team_name": "HS",
      "rank": "41",
      "position_id": 9,
      "position_name": "Defender",
      "team_full_name": "Haryana Steelers"
    },
    {
      "player_id": 637,
      "player_name": "Neeraj Kumar",
      "match_played": 34,
      "value": 1.76,
      "team_id": 6,
      "team_name": "PAT",
      "rank": "42",
      "position_id": 7,
      "position_name": "Defender, right cover",
      "team_full_name": "Patna Pirates"
    },
    {
      "player_id": 162,
      "player_name": "D. Suresh Kumar",
      "match_played": 59,
      "value": 1.75,
      "team_id": 5,
      "team_name": "MUM",
      "rank": "43",
      "position_id": 7,
      "position_name": "Defender, right cover",
      "team_full_name": "U Mumba"
    },
    {
      "player_id": 773,
      "player_name": "Satpal",
      "match_played": 22,
      "value": 1.73,
      "team_id": 2,
      "team_name": "DEL",
      "rank": "44",
      "position_id": 6,
      "position_name": "Defender, right corner",
      "team_full_name": "Dabang Delhi K.C."
    },
    {
      "player_id": 179,
      "player_name": "Vikas Kale",
      "match_played": 56,
      "value": 1.7,
      "team_id": 28,
      "team_name": "HS",
      "rank": "45",
      "position_id": 7,
      "position_name": "Defender, right cover",
      "team_full_name": "Haryana Steelers"
    },
    {
      "player_id": 28,
      "player_name": "Amit Singh Chhillar",
      "match_played": 35,
      "value": 1.69,
      "team_id": 8,
      "team_name": "HYD",
      "rank": "46",
      "position_id": 3,
      "position_name": "Defender, left corner",
      "team_full_name": "Telugu Titans"
    },
    {
      "player_id": 2492,
      "player_name": "Jadhav Balasaheb Shahaji",
      "match_played": 16,
      "value": 1.69,
      "team_id": 7,
      "team_name": "PUN",
      "rank": "46",
      "position_id": 7,
      "position_name": "Defender, right cover",
      "team_full_name": "Puneri Paltan"
    },
    {
      "player_id": 207,
      "player_name": "Sunil",
      "match_played": 63,
      "value": 1.67,
      "team_id": 29,
      "team_name": "TT",
      "rank": "48",
      "position_id": 3,
      "position_name": "Defender, left corner",
      "team_full_name": "Tamil Thalaivas"
    },
    {
      "player_id": 96,
      "player_name": "Rohit Rana",
      "match_played": 82,
      "value": 1.66,
      "team_id": 5,
      "team_name": "MUM",
      "rank": "49",
      "position_id": 4,
      "position_name": "Defender, left cover",
      "team_full_name": "U Mumba"
    },
    {
      "player_id": 240,
      "player_name": "Ravi Kumar",
      "match_played": 89,
      "value": 1.65,
      "team_id": 28,
      "team_name": "HS",
      "rank": "50",
      "position_id": 7,
      "position_name": "Defender, right cover",
      "team_full_name": "Haryana Steelers"
    },
    {
      "player_id": 665,
      "player_name": "Pankaj",
      "match_played": 20,
      "value": 1.6,
      "team_id": 31,
      "team_name": "GFG",
      "rank": "51",
      "position_id": 1,
      "position_name": "All Rounder",
      "team_full_name": "Gujarat Fortunegiants"
    },
    {
      "player_id": 724,
      "player_name": "Darshan J.",
      "match_played": 29,
      "value": 1.59,
      "team_id": 29,
      "team_name": "TT",
      "rank": "52",
      "position_id": 7,
      "position_name": "Defender, right cover",
      "team_full_name": "Tamil Thalaivas"
    },
    {
      "player_id": 165,
      "player_name": "Sachin Shingade",
      "match_played": 75,
      "value": 1.59,
      "team_id": 28,
      "team_name": "HS",
      "rank": "52",
      "position_id": 4,
      "position_name": "Defender, left cover",
      "team_full_name": "Haryana Steelers"
    },
    {
      "player_id": 20,
      "player_name": "Wasim Sajjad",
      "match_played": 17,
      "value": 1.59,
      "team_id": 8,
      "team_name": "HYD",
      "rank": "52",
      "position_id": 6,
      "position_name": "Defender, right corner",
      "team_full_name": "Telugu Titans"
    },
    {
      "player_id": 123,
      "player_name": "Vishal Mane",
      "match_played": 121,
      "value": 1.58,
      "team_id": 2,
      "team_name": "DEL",
      "rank": "55",
      "position_id": 7,
      "position_name": "Defender, right cover",
      "team_full_name": "Dabang Delhi K.C."
    },
    {
      "player_id": 2023,
      "player_name": "Ruturaj Shivaji Koravi",
      "match_played": 35,
      "value": 1.57,
      "team_id": 31,
      "team_name": "GFG",
      "rank": "56",
      "position_id": 9,
      "position_name": "Defender",
      "team_full_name": "Gujarat Fortunegiants"
    },
    {
      "player_id": 164,
      "player_name": "Bajirao Hodage",
      "match_played": 61,
      "value": 1.56,
      "team_id": 3,
      "team_name": "JAI",
      "rank": "57",
      "position_id": 7,
      "position_name": "Defender, right cover",
      "team_full_name": "Jaipur Pink Panthers"
    },
    {
      "player_id": 249,
      "player_name": "Hadi Oshtorak",
      "match_played": 67,
      "value": 1.52,
      "team_id": 6,
      "team_name": "PAT",
      "rank": "58",
      "position_id": 1,
      "position_name": "All Rounder",
      "team_full_name": "Patna Pirates"
    },
    {
      "player_id": 778,
      "player_name": "Narender",
      "match_played": 28,
      "value": 1.5,
      "team_id": 30,
      "team_name": "UPY",
      "rank": "59",
      "position_id": 1,
      "position_name": "All Rounder",
      "team_full_name": "U.P. Yoddha"
    },
    {
      "player_id": 613,
      "player_name": "Sunil Siddhgavali",
      "match_played": 40,
      "value": 1.45,
      "team_id": 3,
      "team_name": "JAI",
      "rank": "60",
      "position_id": 9,
      "position_name": "Defender",
      "team_full_name": "Jaipur Pink Panthers"
    },
    {
      "player_id": 391,
      "player_name": "S Mahalingam",
      "match_played": 11,
      "value": 1.45,
      "team_id": 8,
      "team_name": "HYD",
      "rank": "60",
      "position_id": 1,
      "position_name": "All Rounder",
      "team_full_name": "Telugu Titans"
    },
    {
      "player_id": 45,
      "player_name": "Gurpreet Singh",
      "match_played": 18,
      "value": 1.44,
      "team_id": 7,
      "team_name": "PUN",
      "rank": "62",
      "position_id": 6,
      "position_name": "Defender, right corner",
      "team_full_name": "Puneri Paltan"
    },
    {
      "player_id": 661,
      "player_name": "Tapas Pal",
      "match_played": 7,
      "value": 1.43,
      "team_id": 2,
      "team_name": "DEL",
      "rank": "63",
      "position_id": 1,
      "position_name": "All Rounder",
      "team_full_name": "Dabang Delhi K.C."
    },
    {
      "player_id": 38,
      "player_name": "Dadaso Balaso Awad",
      "match_played": 12,
      "value": 1.42,
      "team_id": 2,
      "team_name": "DEL",
      "rank": "64",
      "position_id": 1,
      "position_name": "All Rounder",
      "team_full_name": "Dabang Delhi K.C."
    },
    {
      "player_id": 109,
      "player_name": "Somvir Shekhar",
      "match_played": 61,
      "value": 1.41,
      "team_id": 3,
      "team_name": "JAI",
      "rank": "65",
      "position_id": 7,
      "position_name": "Defender, right cover",
      "team_full_name": "Jaipur Pink Panthers"
    },
    {
      "player_id": 484,
      "player_name": "Mohammad Esmaeil Nabibakhsh",
      "match_played": 17,
      "value": 1.41,
      "team_id": 4,
      "team_name": "KOL",
      "rank": "65",
      "position_id": 1,
      "position_name": "All Rounder",
      "team_full_name": "Bengal Warriors"
    },
    {
      "player_id": 2662,
      "player_name": "Sanket Sawant",
      "match_played": 5,
      "value": 1.4,
      "team_id": 7,
      "team_name": "PUN",
      "rank": "67",
      "position_id": 4,
      "position_name": "Defender, left cover",
      "team_full_name": "Puneri Paltan"
    },
    {
      "player_id": 361,
      "player_name": "Sombir",
      "match_played": 29,
      "value": 1.38,
      "team_id": 2,
      "team_name": "DEL",
      "rank": "68",
      "position_id": 9,
      "position_name": "Defender",
      "team_full_name": "Dabang Delhi K.C."
    },
    {
      "player_id": 676,
      "player_name": "Santhapanaselvam",
      "match_played": 29,
      "value": 1.38,
      "team_id": 3,
      "team_name": "JAI",
      "rank": "68",
      "position_id": 1,
      "position_name": "All Rounder",
      "team_full_name": "Jaipur Pink Panthers"
    },
    {
      "player_id": 152,
      "player_name": "D. Gopu",
      "match_played": 34,
      "value": 1.38,
      "team_id": 29,
      "team_name": "TT",
      "rank": "68",
      "position_id": 10,
      "position_name": "Defender, right and left corner",
      "team_full_name": "Tamil Thalaivas"
    },
    {
      "player_id": 147,
      "player_name": "Prashant Chavan",
      "match_played": 41,
      "value": 1.37,
      "team_id": 2,
      "team_name": "DEL",
      "rank": "71",
      "position_id": 6,
      "position_name": "Defender, right corner",
      "team_full_name": "Dabang Delhi K.C."
    },
    {
      "player_id": 734,
      "player_name": "Vikash",
      "match_played": 19,
      "value": 1.37,
      "team_id": 28,
      "team_name": "HS",
      "rank": "71",
      "position_id": 6,
      "position_name": "Defender, right corner",
      "team_full_name": "Haryana Steelers"
    },
    {
      "player_id": 299,
      "player_name": "Sandeep",
      "match_played": 14,
      "value": 1.36,
      "team_id": 1,
      "team_name": "BEN",
      "rank": "73",
      "position_id": 3,
      "position_name": "Defender, left corner",
      "team_full_name": "Bengaluru Bulls"
    },
    {
      "player_id": 89,
      "player_name": "Ram Kumar Sah",
      "match_played": 11,
      "value": 1.36,
      "team_id": 2,
      "team_name": "DEL",
      "rank": "73",
      "position_id": 4,
      "position_name": "Defender, left cover",
      "team_full_name": "Dabang Delhi K.C."
    },
    {
      "player_id": 88,
      "player_name": "Rakesh Kumar",
      "match_played": 55,
      "value": 1.35,
      "team_id": 8,
      "team_name": "HYD",
      "rank": "75",
      "position_id": 1,
      "position_name": "All Rounder",
      "team_full_name": "Telugu Titans"
    },
    {
      "player_id": 202,
      "player_name": "Ashish Kumar",
      "match_played": 82,
      "value": 1.35,
      "team_id": 1,
      "team_name": "BEN",
      "rank": "75",
      "position_id": 1,
      "position_name": "All Rounder",
      "team_full_name": "Bengaluru Bulls"
    },
    {
      "player_id": 311,
      "player_name": "Anil Kumar",
      "match_played": 50,
      "value": 1.34,
      "team_id": 2,
      "team_name": "DEL",
      "rank": "77",
      "position_id": 4,
      "position_name": "Defender, left cover",
      "team_full_name": "Dabang Delhi K.C."
    },
    {
      "player_id": 795,
      "player_name": "Monu",
      "match_played": 50,
      "value": 1.34,
      "team_id": 6,
      "team_name": "PAT",
      "rank": "77",
      "position_id": 8,
      "position_name": "Raider",
      "team_full_name": "Patna Pirates"
    },
    {
      "player_id": 765,
      "player_name": "Anil Kumar",
      "match_played": 6,
      "value": 1.33,
      "team_id": 29,
      "team_name": "TT",
      "rank": "79",
      "position_id": 8,
      "position_name": "Raider",
      "team_full_name": "Tamil Thalaivas"
    },
    {
      "player_id": 223,
      "player_name": "Rajeev Kumar",
      "match_played": 3,
      "value": 1.33,
      "team_id": 2,
      "team_name": "DEL",
      "rank": "79",
      "position_id": 3,
      "position_name": "Defender, left corner",
      "team_full_name": "Dabang Delhi K.C."
    },
    {
      "player_id": 108,
      "player_name": "Shyam Kumar Sah",
      "match_played": 27,
      "value": 1.33,
      "team_id": 4,
      "team_name": "KOL",
      "rank": "79",
      "position_id": 4,
      "position_name": "Defender, left cover",
      "team_full_name": "Bengal Warriors"
    },
    {
      "player_id": 2665,
      "player_name": "Elavarasan A",
      "match_played": 3,
      "value": 1.33,
      "team_id": 3,
      "team_name": "JAI",
      "rank": "79",
      "position_id": 4,
      "position_name": "Defender, left cover",
      "team_full_name": "Jaipur Pink Panthers"
    },
    {
      "player_id": 314,
      "player_name": "Somvir",
      "match_played": 16,
      "value": 1.31,
      "team_id": 8,
      "team_name": "HYD",
      "rank": "83",
      "position_id": 4,
      "position_name": "Defender, left cover",
      "team_full_name": "Telugu Titans"
    },
    {
      "player_id": 611,
      "player_name": "Sidharth",
      "match_played": 21,
      "value": 1.29,
      "team_id": 2,
      "team_name": "DEL",
      "rank": "84",
      "position_id": 1,
      "position_name": "All Rounder",
      "team_full_name": "Dabang Delhi K.C."
    },
    {
      "player_id": 184,
      "player_name": "Deepak Kumar",
      "match_played": 7,
      "value": 1.29,
      "team_id": 4,
      "team_name": "KOL",
      "rank": "84",
      "position_id": 3,
      "position_name": "Defender, left corner",
      "team_full_name": "Bengal Warriors"
    },
    {
      "player_id": 386,
      "player_name": "Anil Kumar",
      "match_played": 19,
      "value": 1.26,
      "team_id": 2,
      "team_name": "DEL",
      "rank": "86",
      "position_id": 3,
      "position_name": "Defender, left corner",
      "team_full_name": "Dabang Delhi K.C."
    },
    {
      "player_id": 2479,
      "player_name": "Shubham Shinde",
      "match_played": 23,
      "value": 1.26,
      "team_id": 7,
      "team_name": "PUN",
      "rank": "86",
      "position_id": 6,
      "position_name": "Defender, right corner",
      "team_full_name": "Puneri Paltan"
    },
    {
      "player_id": 390,
      "player_name": "Jawahar Dagar",
      "match_played": 44,
      "value": 1.25,
      "team_id": 6,
      "team_name": "PAT",
      "rank": "88",
      "position_id": 9,
      "position_name": "Defender",
      "team_full_name": "Patna Pirates"
    },
    {
      "player_id": 482,
      "player_name": "Farhad Rahimi Milaghardan",
      "match_played": 56,
      "value": 1.25,
      "team_id": 8,
      "team_name": "HYD",
      "rank": "88",
      "position_id": 1,
      "position_name": "All Rounder",
      "team_full_name": "Telugu Titans"
    },
    {
      "player_id": 741,
      "player_name": "Vikash",
      "match_played": 4,
      "value": 1.25,
      "team_id": 4,
      "team_name": "KOL",
      "rank": "88",
      "position_id": 1,
      "position_name": "All Rounder",
      "team_full_name": "Bengal Warriors"
    },
    {
      "player_id": 235,
      "player_name": "Vijender Singh",
      "match_played": 8,
      "value": 1.25,
      "team_id": 1,
      "team_name": "BEN",
      "rank": "88",
      "position_id": 3,
      "position_name": "Defender, left corner",
      "team_full_name": "Bengaluru Bulls"
    },
    {
      "player_id": 191,
      "player_name": "C. Arun",
      "match_played": 85,
      "value": 1.24,
      "team_id": 8,
      "team_name": "HYD",
      "rank": "92",
      "position_id": 4,
      "position_name": "Defender, left cover",
      "team_full_name": "Telugu Titans"
    },
    {
      "player_id": 2476,
      "player_name": "Amit Kumar",
      "match_played": 17,
      "value": 1.24,
      "team_id": 3,
      "team_name": "JAI",
      "rank": "92",
      "position_id": 8,
      "position_name": "Raider",
      "team_full_name": "Jaipur Pink Panthers"
    },
    {
      "player_id": 86,
      "player_name": "Rajesh Narwal",
      "match_played": 92,
      "value": 1.23,
      "team_id": 2,
      "team_name": "DEL",
      "rank": "94",
      "position_id": 1,
      "position_name": "All Rounder",
      "team_full_name": "Dabang Delhi K.C."
    },
    {
      "player_id": 84,
      "player_name": "Rajaguru Subramanian",
      "match_played": 45,
      "value": 1.2,
      "team_id": 5,
      "team_name": "MUM",
      "rank": "95",
      "position_id": 7,
      "position_name": "Defender, right cover",
      "team_full_name": "U Mumba"
    },
    {
      "player_id": 181,
      "player_name": "Deepak Dhull",
      "match_played": 10,
      "value": 1.2,
      "team_id": 6,
      "team_name": "PAT",
      "rank": "95",
      "position_id": 4,
      "position_name": "Defender, left cover",
      "team_full_name": "Patna Pirates"
    },
    {
      "player_id": 2506,
      "player_name": "M. Abishek",
      "match_played": 5,
      "value": 1.2,
      "team_id": 29,
      "team_name": "TT",
      "rank": "95",
      "position_id": 7,
      "position_name": "Defender, right cover",
      "team_full_name": "Tamil Thalaivas"
    },
    {
      "player_id": 347,
      "player_name": "Sagar B Krishna",
      "match_played": 58,
      "value": 1.19,
      "team_id": 7,
      "team_name": "PUN",
      "rank": "98",
      "position_id": 1,
      "position_name": "All Rounder",
      "team_full_name": "Puneri Paltan"
    },
    {
      "player_id": 214,
      "player_name": "Amit Kumar",
      "match_played": 11,
      "value": 1.18,
      "team_id": 8,
      "team_name": "HYD",
      "rank": "99",
      "position_id": 8,
      "position_name": "Raider",
      "team_full_name": "Telugu Titans"
    },
    {
      "player_id": 169,
      "player_name": "Sagar Khatale",
      "match_played": 12,
      "value": 1.17,
      "team_id": 7,
      "team_name": "PUN",
      "rank": "100",
      "position_id": 6,
      "position_name": "Defender, right corner",
      "team_full_name": "Puneri Paltan"
    },
    {
      "player_id": 2463,
      "player_name": "Parveen",
      "match_played": 25,
      "value": 1.16,
      "team_id": 28,
      "team_name": "HS",
      "rank": "101",
      "position_id": 4,
      "position_name": "Defender, left cover",
      "team_full_name": "Haryana Steelers"
    },
    {
      "player_id": 360,
      "player_name": "Sanket Chavan",
      "match_played": 13,
      "value": 1.15,
      "team_id": 29,
      "team_name": "TT",
      "rank": "102",
      "position_id": 3,
      "position_name": "Defender, left corner",
      "team_full_name": "Tamil Thalaivas"
    },
    {
      "player_id": 218,
      "player_name": "Sachin Kumar",
      "match_played": 46,
      "value": 1.15,
      "team_id": 30,
      "team_name": "UPY",
      "rank": "102",
      "position_id": 1,
      "position_name": "All Rounder",
      "team_full_name": "U.P. Yoddha"
    },
    {
      "player_id": 684,
      "player_name": "Rakesh Gowda",
      "match_played": 7,
      "value": 1.14,
      "team_id": 8,
      "team_name": "HYD",
      "rank": "104",
      "position_id": 8,
      "position_name": "Raider",
      "team_full_name": "Telugu Titans"
    },
    {
      "player_id": 722,
      "player_name": "D. Pradap",
      "match_played": 29,
      "value": 1.14,
      "team_id": 29,
      "team_name": "TT",
      "rank": "104",
      "position_id": 1,
      "position_name": "All Rounder",
      "team_full_name": "Tamil Thalaivas"
    },
    {
      "player_id": 694,
      "player_name": "Deepak Yadav",
      "match_played": 7,
      "value": 1.14,
      "team_id": 7,
      "team_name": "PUN",
      "rank": "104",
      "position_id": 7,
      "position_name": "Defender, right cover",
      "team_full_name": "Puneri Paltan"
    },
    {
      "player_id": 70,
      "player_name": "Manoj Kumar",
      "match_played": 52,
      "value": 1.13,
      "team_id": 31,
      "team_name": "GFG",
      "rank": "107",
      "position_id": 4,
      "position_name": "Defender, left cover",
      "team_full_name": "Gujarat Fortunegiants"
    },
    {
      "player_id": 2481,
      "player_name": "Ponparthiban Subramanian",
      "match_played": 17,
      "value": 1.12,
      "team_id": 29,
      "team_name": "TT",
      "rank": "108",
      "position_id": 7,
      "position_name": "Defender, right cover",
      "team_full_name": "Tamil Thalaivas"
    },
    {
      "player_id": 107,
      "player_name": "Shrikant Tewthia",
      "match_played": 71,
      "value": 1.11,
      "team_id": 4,
      "team_name": "KOL",
      "rank": "109",
      "position_id": 1,
      "position_name": "All Rounder",
      "team_full_name": "Bengal Warriors"
    },
    {
      "player_id": 56,
      "player_name": "Kalimuthu Balamahendran",
      "match_played": 23,
      "value": 1.09,
      "team_id": 8,
      "team_name": "HYD",
      "rank": "110",
      "position_id": 3,
      "position_name": "Defender, left corner",
      "team_full_name": "Telugu Titans"
    },
    {
      "player_id": 710,
      "player_name": "N. Renjith",
      "match_played": 11,
      "value": 1.09,
      "team_id": 5,
      "team_name": "MUM",
      "rank": "110",
      "position_id": 3,
      "position_name": "Defender, left corner",
      "team_full_name": "U Mumba"
    },
    {
      "player_id": 745,
      "player_name": "Vijay",
      "match_played": 55,
      "value": 1.09,
      "team_id": 2,
      "team_name": "DEL",
      "rank": "110",
      "position_id": 1,
      "position_name": "All Rounder",
      "team_full_name": "Dabang Delhi K.C."
    },
    {
      "player_id": 2502,
      "player_name": "Mohit Sehrawat",
      "match_played": 11,
      "value": 1.09,
      "team_id": 1,
      "team_name": "BEN",
      "rank": "110",
      "position_id": 7,
      "position_name": "Defender, right cover",
      "team_full_name": "Bengaluru Bulls"
    },
    {
      "player_id": 2667,
      "player_name": "Ankit",
      "match_played": 12,
      "value": 1.08,
      "team_id": 31,
      "team_name": "GFG",
      "rank": "114",
      "position_id": 6,
      "position_name": "Defender, right corner",
      "team_full_name": "Gujarat Fortunegiants"
    },
    {
      "player_id": 2672,
      "player_name": "Sumit Malik",
      "match_played": 14,
      "value": 1.07,
      "team_id": 31,
      "team_name": "GFG",
      "rank": "115",
      "position_id": 3,
      "position_name": "Defender, left corner",
      "team_full_name": "Gujarat Fortunegiants"
    },
    {
      "player_id": 274,
      "player_name": "Krushna Madane",
      "match_played": 14,
      "value": 1.07,
      "team_id": 8,
      "team_name": "HYD",
      "rank": "115",
      "position_id": 9,
      "position_name": "Defender",
      "team_full_name": "Telugu Titans"
    },
    {
      "player_id": 791,
      "player_name": "Nitin Rawal",
      "match_played": 43,
      "value": 1.05,
      "team_id": 3,
      "team_name": "JAI",
      "rank": "117",
      "position_id": 1,
      "position_name": "All Rounder",
      "team_full_name": "Jaipur Pink Panthers"
    },
    {
      "player_id": 763,
      "player_name": "Manjeet",
      "match_played": 40,
      "value": 1.02,
      "team_id": 7,
      "team_name": "PUN",
      "rank": "118",
      "position_id": 8,
      "position_name": "Raider",
      "team_full_name": "Puneri Paltan"
    },
    {
      "player_id": 764,
      "player_name": "Vinod Kumar",
      "match_played": 44,
      "value": 1.0,
      "team_id": 31,
      "team_name": "GFG",
      "rank": "119",
      "position_id": 1,
      "position_name": "All Rounder",
      "team_full_name": "Gujarat Fortunegiants"
    },
    {
      "player_id": 776,
      "player_name": "Muruthu M",
      "match_played": 3,
      "value": 1.0,
      "team_id": 29,
      "team_name": "TT",
      "rank": "119",
      "position_id": 7,
      "position_name": "Defender, right cover",
      "team_full_name": "Tamil Thalaivas"
    },
    {
      "player_id": 751,
      "player_name": "Gurvinder Singh",
      "match_played": 5,
      "value": 1.0,
      "team_id": 30,
      "team_name": "UPY",
      "rank": "119",
      "position_id": 4,
      "position_name": "Defender, left cover",
      "team_full_name": "U.P. Yoddha"
    },
    {
      "player_id": 690,
      "player_name": "E Subash",
      "match_played": 4,
      "value": 1.0,
      "team_id": 5,
      "team_name": "MUM",
      "rank": "119",
      "position_id": 1,
      "position_name": "All Rounder",
      "team_full_name": "U Mumba"
    },
    {
      "player_id": 726,
      "player_name": "Babu M",
      "match_played": 2,
      "value": 1.0,
      "team_id": 28,
      "team_name": "HS",
      "rank": "119",
      "position_id": 4,
      "position_name": "Defender, left cover",
      "team_full_name": "Haryana Steelers"
    },
    {
      "player_id": 2306,
      "player_name": "Lalit Chaudhary",
      "match_played": 7,
      "value": 1.0,
      "team_id": 31,
      "team_name": "GFG",
      "rank": "119",
      "position_id": 8,
      "position_name": "Raider",
      "team_full_name": "Gujarat Fortunegiants"
    },
    {
      "player_id": 2291,
      "player_name": "Amit Kumar",
      "match_played": 18,
      "value": 1.0,
      "team_id": 7,
      "team_name": "PUN",
      "rank": "119",
      "position_id": 8,
      "position_name": "Raider",
      "team_full_name": "Puneri Paltan"
    },
    {
      "player_id": 308,
      "player_name": "Sushil Vijay Bhosle",
      "match_played": 2,
      "value": 1.0,
      "team_id": 4,
      "team_name": "KOL",
      "rank": "119",
      "position_id": 4,
      "position_name": "Defender, left cover",
      "team_full_name": "Bengal Warriors"
    },
    {
      "player_id": 364,
      "player_name": "Ajay Singh",
      "match_played": 1,
      "value": 1.0,
      "team_id": 1,
      "team_name": "BEN",
      "rank": "119",
      "position_id": 9,
      "position_name": "Defender",
      "team_full_name": "Bengaluru Bulls"
    },
    {
      "player_id": 101,
      "player_name": "Santhosh B.S",
      "match_played": 9,
      "value": 1.0,
      "team_id": 30,
      "team_name": "UPY",
      "rank": "119",
      "position_id": 3,
      "position_name": "Defender, left corner",
      "team_full_name": "U.P. Yoddha"
    },
    {
      "player_id": 141,
      "player_name": "Sunil Jaipal",
      "match_played": 38,
      "value": 1.0,
      "team_id": 1,
      "team_name": "BEN",
      "rank": "119",
      "position_id": 8,
      "position_name": "Raider",
      "team_full_name": "Bengaluru Bulls"
    },
    {
      "player_id": 87,
      "player_name": "Raju Lal Choudhary",
      "match_played": 23,
      "value": 1.0,
      "team_id": 1,
      "team_name": "BEN",
      "rank": "119",
      "position_id": 6,
      "position_name": "Defender, right corner",
      "team_full_name": "Bengaluru Bulls"
    },
    {
      "player_id": 201,
      "player_name": "Adinath Sakharam Gavali",
      "match_played": 1,
      "value": 1.0,
      "team_id": 5,
      "team_name": "MUM",
      "rank": "119",
      "position_id": 5,
      "position_name": "Defender, right and left cover",
      "team_full_name": "U Mumba"
    },
    {
      "player_id": 170,
      "player_name": "Swapnil Dilip Shinde",
      "match_played": 21,
      "value": 1.0,
      "team_id": 2,
      "team_name": "DEL",
      "rank": "119",
      "position_id": 7,
      "position_name": "Defender, right cover",
      "team_full_name": "Dabang Delhi K.C."
    },
    {
      "player_id": 158,
      "player_name": "Rakesh Singh Kumar",
      "match_played": 49,
      "value": 1.0,
      "team_id": 28,
      "team_name": "HS",
      "rank": "119",
      "position_id": 4,
      "position_name": "Defender, left cover",
      "team_full_name": "Haryana Steelers"
    },
    {
      "player_id": 2659,
      "player_name": "Sagar",
      "match_played": 9,
      "value": 1.0,
      "team_id": 29,
      "team_name": "TT",
      "rank": "119",
      "position_id": 6,
      "position_name": "Defender, right corner",
      "team_full_name": "Tamil Thalaivas"
    },
    {
      "player_id": 2512,
      "player_name": "Ajeet",
      "match_played": 14,
      "value": 1.0,
      "team_id": 29,
      "team_name": "TT",
      "rank": "119",
      "position_id": 7,
      "position_name": "Defender, right cover",
      "team_full_name": "Tamil Thalaivas"
    },
    {
      "player_id": 2486,
      "player_name": "Harendra Kumar",
      "match_played": 14,
      "value": 1.0,
      "team_id": 5,
      "team_name": "MUM",
      "rank": "119",
      "position_id": 4,
      "position_name": "Defender, left cover",
      "team_full_name": "U Mumba"
    },
    {
      "player_id": 232,
      "player_name": "Sachin Vittala",
      "match_played": 26,
      "value": 0.96,
      "team_id": 31,
      "team_name": "GFG",
      "rank": "137",
      "position_id": 3,
      "position_name": "Defender, left corner",
      "team_full_name": "Gujarat Fortunegiants"
    },
    {
      "player_id": 536,
      "player_name": "Ziaur Rahman",
      "match_played": 34,
      "value": 0.94,
      "team_id": 4,
      "team_name": "KOL",
      "rank": "138",
      "position_id": 4,
      "position_name": "Defender, left cover",
      "team_full_name": "Bengal Warriors"
    },
    {
      "player_id": 728,
      "player_name": "Manish",
      "match_played": 40,
      "value": 0.93,
      "team_id": 6,
      "team_name": "PAT",
      "rank": "139",
      "position_id": 7,
      "position_name": "Defender, right cover",
      "team_full_name": "Patna Pirates"
    },
    {
      "player_id": 97,
      "player_name": "Rupesh Tomar",
      "match_played": 15,
      "value": 0.93,
      "team_id": 2,
      "team_name": "DEL",
      "rank": "139",
      "position_id": 1,
      "position_name": "All Rounder",
      "team_full_name": "Dabang Delhi K.C."
    },
    {
      "player_id": 2496,
      "player_name": "Pavan T. R.",
      "match_played": 12,
      "value": 0.92,
      "team_id": 3,
      "team_name": "JAI",
      "rank": "141",
      "position_id": 7,
      "position_name": "Defender, right cover",
      "team_full_name": "Jaipur Pink Panthers"
    },
    {
      "player_id": 2020,
      "player_name": "Amit",
      "match_played": 31,
      "value": 0.9,
      "team_id": 30,
      "team_name": "UPY",
      "rank": "142",
      "position_id": 4,
      "position_name": "Defender, left cover",
      "team_full_name": "U.P. Yoddha"
    },
    {
      "player_id": 481,
      "player_name": "Saeid Ghaffari",
      "match_played": 9,
      "value": 0.89,
      "team_id": 2,
      "team_name": "DEL",
      "rank": "143",
      "position_id": 4,
      "position_name": "Defender, left cover",
      "team_full_name": "Dabang Delhi K.C."
    },
    {
      "player_id": 233,
      "player_name": "Manoj Dhull",
      "match_played": 27,
      "value": 0.89,
      "team_id": 4,
      "team_name": "KOL",
      "rank": "143",
      "position_id": 6,
      "position_name": "Defender, right corner",
      "team_full_name": "Bengal Warriors"
    },
    {
      "player_id": 67,
      "player_name": "Mahipal Narwal",
      "match_played": 34,
      "value": 0.88,
      "team_id": 31,
      "team_name": "GFG",
      "rank": "145",
      "position_id": 1,
      "position_name": "All Rounder",
      "team_full_name": "Gujarat Fortunegiants"
    },
    {
      "player_id": 76,
      "player_name": "Nitin More",
      "match_played": 22,
      "value": 0.86,
      "team_id": 4,
      "team_name": "KOL",
      "rank": "146",
      "position_id": 4,
      "position_name": "Defender, left cover",
      "team_full_name": "Bengal Warriors"
    },
    {
      "player_id": 159,
      "player_name": "Samarjeet Singh",
      "match_played": 22,
      "value": 0.86,
      "team_id": 3,
      "team_name": "JAI",
      "rank": "146",
      "position_id": 1,
      "position_name": "All Rounder",
      "team_full_name": "Jaipur Pink Panthers"
    },
    {
      "player_id": 365,
      "player_name": "Akshay Jadhav",
      "match_played": 29,
      "value": 0.86,
      "team_id": 7,
      "team_name": "PUN",
      "rank": "146",
      "position_id": 8,
      "position_name": "Raider",
      "team_full_name": "Puneri Paltan"
    },
    {
      "player_id": 784,
      "player_name": "Viraj Vishnu Landge",
      "match_played": 33,
      "value": 0.85,
      "team_id": 4,
      "team_name": "KOL",
      "rank": "149",
      "position_id": 4,
      "position_name": "Defender, left cover",
      "team_full_name": "Bengal Warriors"
    },
    {
      "player_id": 55,
      "player_name": "Jitesh Joshi",
      "match_played": 19,
      "value": 0.84,
      "team_id": 7,
      "team_name": "PUN",
      "rank": "150",
      "position_id": 1,
      "position_name": "All Rounder",
      "team_full_name": "Puneri Paltan"
    },
    {
      "player_id": 178,
      "player_name": "Parveen M. Jangra",
      "match_played": 6,
      "value": 0.83,
      "team_id": 4,
      "team_name": "KOL",
      "rank": "151",
      "position_id": 4,
      "position_name": "Defender, left cover",
      "team_full_name": "Bengal Warriors"
    },
    {
      "player_id": 786,
      "player_name": "Parvesh",
      "match_played": 6,
      "value": 0.83,
      "team_id": 7,
      "team_name": "PUN",
      "rank": "151",
      "position_id": 8,
      "position_name": "Raider",
      "team_full_name": "Puneri Paltan"
    },
    {
      "player_id": 578,
      "player_name": "Mayur Shivtarkar",
      "match_played": 29,
      "value": 0.83,
      "team_id": 4,
      "team_name": "KOL",
      "rank": "151",
      "position_id": 1,
      "position_name": "All Rounder",
      "team_full_name": "Bengal Warriors"
    },
    {
      "player_id": 384,
      "player_name": "Ravinder Kumar",
      "match_played": 12,
      "value": 0.83,
      "team_id": 6,
      "team_name": "PAT",
      "rank": "151",
      "position_id": 1,
      "position_name": "All Rounder",
      "team_full_name": "Patna Pirates"
    },
    {
      "player_id": 2514,
      "player_name": "Chand Singh",
      "match_played": 6,
      "value": 0.83,
      "team_id": 28,
      "team_name": "HS",
      "rank": "151",
      "position_id": 3,
      "position_name": "Defender, left corner",
      "team_full_name": "Haryana Steelers"
    },
    {
      "player_id": 301,
      "player_name": "Hadi Tajik",
      "match_played": 27,
      "value": 0.81,
      "team_id": 7,
      "team_name": "PUN",
      "rank": "156",
      "position_id": 6,
      "position_name": "Defender, right corner",
      "team_full_name": "Puneri Paltan"
    },
    {
      "player_id": 567,
      "player_name": "Mohsen Maghsoudloujafari",
      "match_played": 45,
      "value": 0.8,
      "team_id": 30,
      "team_name": "UPY",
      "rank": "157",
      "position_id": 1,
      "position_name": "All Rounder",
      "team_full_name": "U.P. Yoddha"
    },
    {
      "player_id": 667,
      "player_name": "Elangeshwaran R",
      "match_played": 5,
      "value": 0.8,
      "team_id": 8,
      "team_name": "HYD",
      "rank": "157",
      "position_id": 1,
      "position_name": "All Rounder",
      "team_full_name": "Telugu Titans"
    },
    {
      "player_id": 150,
      "player_name": "Parmod Narwal",
      "match_played": 35,
      "value": 0.8,
      "team_id": 28,
      "team_name": "HS",
      "rank": "157",
      "position_id": 1,
      "position_name": "All Rounder",
      "team_full_name": "Haryana Steelers"
    },
    {
      "player_id": 772,
      "player_name": "More GB",
      "match_played": 43,
      "value": 0.79,
      "team_id": 31,
      "team_name": "GFG",
      "rank": "160",
      "position_id": 8,
      "position_name": "Raider",
      "team_full_name": "Gujarat Fortunegiants"
    },
    {
      "player_id": 2470,
      "player_name": "Adarsh T",
      "match_played": 19,
      "value": 0.79,
      "team_id": 4,
      "team_name": "KOL",
      "rank": "160",
      "position_id": 3,
      "position_name": "Defender, left corner",
      "team_full_name": "Bengal Warriors"
    },
    {
      "player_id": 29,
      "player_name": "Anup Kumar",
      "match_played": 91,
      "value": 0.76,
      "team_id": 3,
      "team_name": "JAI",
      "rank": "162",
      "position_id": 8,
      "position_name": "Raider",
      "team_full_name": "Jaipur Pink Panthers"
    },
    {
      "player_id": 121,
      "player_name": "Vikas Jaglan",
      "match_played": 44,
      "value": 0.75,
      "team_id": 6,
      "team_name": "PAT",
      "rank": "163",
      "position_id": 1,
      "position_name": "All Rounder",
      "team_full_name": "Patna Pirates"
    },
    {
      "player_id": 154,
      "player_name": "Gurchet Singh",
      "match_played": 4,
      "value": 0.75,
      "team_id": 1,
      "team_name": "BEN",
      "rank": "163",
      "position_id": null,
      "position_name": null,
      "team_full_name": "Bengaluru Bulls"
    },
    {
      "player_id": 275,
      "player_name": "Deepak Kumar Rathee",
      "match_played": 20,
      "value": 0.75,
      "team_id": 28,
      "team_name": "HS",
      "rank": "163",
      "position_id": 1,
      "position_name": "All Rounder",
      "team_full_name": "Haryana Steelers"
    },
    {
      "player_id": 2644,
      "player_name": "Ravinder",
      "match_played": 4,
      "value": 0.75,
      "team_id": 6,
      "team_name": "PAT",
      "rank": "163",
      "position_id": 1,
      "position_name": "All Rounder",
      "team_full_name": "Patna Pirates"
    },
    {
      "player_id": 288,
      "player_name": "Rahul Kumar",
      "match_played": 30,
      "value": 0.73,
      "team_id": 4,
      "team_name": "KOL",
      "rank": "167",
      "position_id": 7,
      "position_name": "Defender, right cover",
      "team_full_name": "Bengal Warriors"
    },
    {
      "player_id": 2471,
      "player_name": "Ankit",
      "match_played": 11,
      "value": 0.73,
      "team_id": 1,
      "team_name": "BEN",
      "rank": "167",
      "position_id": 9,
      "position_name": "Defender",
      "team_full_name": "Bengaluru Bulls"
    },
    {
      "player_id": 13,
      "player_name": "Seong Ryeol Kim",
      "match_played": 15,
      "value": 0.73,
      "team_id": 31,
      "team_name": "GFG",
      "rank": "167",
      "position_id": 9,
      "position_name": "Defender",
      "team_full_name": "Gujarat Fortunegiants"
    },
    {
      "player_id": 41,
      "player_name": "Deepak Niwas Hooda",
      "match_played": 120,
      "value": 0.71,
      "team_id": 3,
      "team_name": "JAI",
      "rank": "170",
      "position_id": 1,
      "position_name": "All Rounder",
      "team_full_name": "Jaipur Pink Panthers"
    },
    {
      "player_id": 2336,
      "player_name": "Anuj Kumar",
      "match_played": 7,
      "value": 0.71,
      "team_id": 8,
      "team_name": "HYD",
      "rank": "170",
      "position_id": 7,
      "position_name": "Defender, right cover",
      "team_full_name": "Telugu Titans"
    },
    {
      "player_id": 283,
      "player_name": "Jagdeesha K.K.",
      "match_played": 7,
      "value": 0.71,
      "team_id": 3,
      "team_name": "JAI",
      "rank": "170",
      "position_id": 6,
      "position_name": "Defender, right corner",
      "team_full_name": "Jaipur Pink Panthers"
    },
    {
      "player_id": 272,
      "player_name": "Umesh Mhatre",
      "match_played": 13,
      "value": 0.69,
      "team_id": 7,
      "team_name": "PUN",
      "rank": "173",
      "position_id": 8,
      "position_name": "Raider",
      "team_full_name": "Puneri Paltan"
    },
    {
      "player_id": 72,
      "player_name": "Navneet Gautam",
      "match_played": 31,
      "value": 0.68,
      "team_id": 3,
      "team_name": "JAI",
      "rank": "174",
      "position_id": 3,
      "position_name": "Defender, left corner",
      "team_full_name": "Jaipur Pink Panthers"
    },
    {
      "player_id": 221,
      "player_name": "Anoop E.V.",
      "match_played": 3,
      "value": 0.67,
      "team_id": 5,
      "team_name": "MUM",
      "rank": "175",
      "position_id": 8,
      "position_name": "Raider",
      "team_full_name": "U Mumba"
    },
    {
      "player_id": 277,
      "player_name": "Anil Shriram Nimbolkar",
      "match_played": 6,
      "value": 0.67,
      "team_id": 2,
      "team_name": "DEL",
      "rank": "175",
      "position_id": 8,
      "position_name": "Raider",
      "team_full_name": "Dabang Delhi K.C."
    },
    {
      "player_id": 519,
      "player_name": "Young Chang Ko",
      "match_played": 36,
      "value": 0.64,
      "team_id": 5,
      "team_name": "MUM",
      "rank": "177",
      "position_id": 4,
      "position_name": "Defender, left cover",
      "team_full_name": "U Mumba"
    },
    {
      "player_id": 208,
      "player_name": "Varinder Singh",
      "match_played": 8,
      "value": 0.63,
      "team_id": 6,
      "team_name": "PAT",
      "rank": "178",
      "position_id": 4,
      "position_name": "Defender, left cover",
      "team_full_name": "Patna Pirates"
    },
    {
      "player_id": 185,
      "player_name": "Vijin Thangadurai",
      "match_played": 51,
      "value": 0.63,
      "team_id": 4,
      "team_name": "KOL",
      "rank": "178",
      "position_id": 7,
      "position_name": "Defender, right cover",
      "team_full_name": "Bengal Warriors"
    },
    {
      "player_id": 44,
      "player_name": "Gangadhari Mallesh",
      "match_played": 36,
      "value": 0.61,
      "team_id": 3,
      "team_name": "JAI",
      "rank": "180",
      "position_id": 8,
      "position_name": "Raider",
      "team_full_name": "Jaipur Pink Panthers"
    },
    {
      "player_id": 268,
      "player_name": "Vineet Sharma",
      "match_played": 40,
      "value": 0.6,
      "team_id": 29,
      "team_name": "TT",
      "rank": "181",
      "position_id": 8,
      "position_name": "Raider",
      "team_full_name": "Tamil Thalaivas"
    },
    {
      "player_id": 731,
      "player_name": "Sandeep",
      "match_played": 5,
      "value": 0.6,
      "team_id": 7,
      "team_name": "PUN",
      "rank": "181",
      "position_id": 1,
      "position_name": "All Rounder",
      "team_full_name": "Puneri Paltan"
    },
    {
      "player_id": 2286,
      "player_name": "Surender Gill",
      "match_played": 14,
      "value": 0.57,
      "team_id": 30,
      "team_name": "UPY",
      "rank": "183",
      "position_id": 8,
      "position_name": "Raider",
      "team_full_name": "U.P. Yoddha"
    },
    {
      "player_id": 251,
      "player_name": "Meraj Sheykh",
      "match_played": 94,
      "value": 0.57,
      "team_id": 2,
      "team_name": "DEL",
      "rank": "183",
      "position_id": 1,
      "position_name": "All Rounder",
      "team_full_name": "Dabang Delhi K.C."
    },
    {
      "player_id": 151,
      "player_name": "Vikas Tomar",
      "match_played": 9,
      "value": 0.56,
      "team_id": 7,
      "team_name": "PUN",
      "rank": "185",
      "position_id": 6,
      "position_name": "Defender, right corner",
      "team_full_name": "Puneri Paltan"
    },
    {
      "player_id": 236,
      "player_name": "T. Prasad",
      "match_played": 9,
      "value": 0.56,
      "team_id": 8,
      "team_name": "HYD",
      "rank": "185",
      "position_id": 1,
      "position_name": "All Rounder",
      "team_full_name": "Telugu Titans"
    },
    {
      "player_id": 222,
      "player_name": "G.S. Manikandan",
      "match_played": 20,
      "value": 0.55,
      "team_id": 2,
      "team_name": "DEL",
      "rank": "187",
      "position_id": 4,
      "position_name": "Defender, left cover",
      "team_full_name": "Dabang Delhi K.C."
    },
    {
      "player_id": 58,
      "player_name": "Kashiling Adake",
      "match_played": 92,
      "value": 0.55,
      "team_id": 1,
      "team_name": "BEN",
      "rank": "187",
      "position_id": 8,
      "position_name": "Raider",
      "team_full_name": "Bengaluru Bulls"
    },
    {
      "player_id": 167,
      "player_name": "Preetam Chhillar",
      "match_played": 58,
      "value": 0.52,
      "team_id": 1,
      "team_name": "BEN",
      "rank": "189",
      "position_id": 1,
      "position_name": "All Rounder",
      "team_full_name": "Bengaluru Bulls"
    },
    {
      "player_id": 768,
      "player_name": "Vijay Kumar",
      "match_played": 21,
      "value": 0.52,
      "team_id": 1,
      "team_name": "BEN",
      "rank": "189",
      "position_id": 6,
      "position_name": "Defender, right corner",
      "team_full_name": "Bengaluru Bulls"
    },
    {
      "player_id": 640,
      "player_name": "Sanoj Kumar",
      "match_played": 2,
      "value": 0.5,
      "team_id": 30,
      "team_name": "UPY",
      "rank": "191",
      "position_id": 4,
      "position_name": "Defender, left cover",
      "team_full_name": "U.P. Yoddha"
    },
    {
      "player_id": 371,
      "player_name": "Amit Nagar",
      "match_played": 12,
      "value": 0.5,
      "team_id": 4,
      "team_name": "KOL",
      "rank": "191",
      "position_id": 8,
      "position_name": "Raider",
      "team_full_name": "Bengal Warriors"
    },
    {
      "player_id": 144,
      "player_name": "Gokul Shitole",
      "match_played": 4,
      "value": 0.5,
      "team_id": 3,
      "team_name": "JAI",
      "rank": "191",
      "position_id": 6,
      "position_name": "Defender, right corner",
      "team_full_name": "Jaipur Pink Panthers"
    },
    {
      "player_id": 206,
      "player_name": "Aman Kumar",
      "match_played": 4,
      "value": 0.5,
      "team_id": 6,
      "team_name": "PAT",
      "rank": "191",
      "position_id": 4,
      "position_name": "Defender, left cover",
      "team_full_name": "Patna Pirates"
    },
    {
      "player_id": 53,
      "player_name": "Jeeva Gopal",
      "match_played": 24,
      "value": 0.5,
      "team_id": 28,
      "team_name": "HS",
      "rank": "191",
      "position_id": 4,
      "position_name": "Defender, left cover",
      "team_full_name": "Haryana Steelers"
    },
    {
      "player_id": 80,
      "player_name": "Punit Kumar Teotia",
      "match_played": 4,
      "value": 0.5,
      "team_id": 2,
      "team_name": "DEL",
      "rank": "191",
      "position_id": 8,
      "position_name": "Raider",
      "team_full_name": "Dabang Delhi K.C."
    },
    {
      "player_id": 81,
      "player_name": "Rahul Chaudhari",
      "match_played": 118,
      "value": 0.49,
      "team_id": 29,
      "team_name": "TT",
      "rank": "197",
      "position_id": 8,
      "position_name": "Raider",
      "team_full_name": "Tamil Thalaivas"
    },
    {
      "player_id": 245,
      "player_name": "Yogesh Hooda",
      "match_played": 21,
      "value": 0.48,
      "team_id": 2,
      "team_name": "DEL",
      "rank": "198",
      "position_id": 8,
      "position_name": "Raider",
      "team_full_name": "Dabang Delhi K.C."
    },
    {
      "player_id": 124,
      "player_name": "Wazir Singh",
      "match_played": 47,
      "value": 0.47,
      "team_id": 28,
      "team_name": "HS",
      "rank": "199",
      "position_id": 8,
      "position_name": "Raider",
      "team_full_name": "Haryana Steelers"
    },
    {
      "player_id": 757,
      "player_name": "Sachin Tanwar",
      "match_played": 62,
      "value": 0.47,
      "team_id": 31,
      "team_name": "GFG",
      "rank": "199",
      "position_id": 8,
      "position_name": "Raider",
      "team_full_name": "Gujarat Fortunegiants"
    },
    {
      "player_id": 2357,
      "player_name": "Naveen",
      "match_played": 34,
      "value": 0.47,
      "team_id": 28,
      "team_name": "HS",
      "rank": "199",
      "position_id": 8,
      "position_name": "Raider",
      "team_full_name": "Haryana Steelers"
    },
    {
      "player_id": 261,
      "player_name": "Rohit Baliyan",
      "match_played": 65,
      "value": 0.45,
      "team_id": 5,
      "team_name": "MUM",
      "rank": "202",
      "position_id": 8,
      "position_name": "Raider",
      "team_full_name": "U Mumba"
    },
    {
      "player_id": 118,
      "player_name": "Surjeet Narwal",
      "match_played": 31,
      "value": 0.45,
      "team_id": 4,
      "team_name": "KOL",
      "rank": "202",
      "position_id": 8,
      "position_name": "Raider",
      "team_full_name": "Bengal Warriors"
    },
    {
      "player_id": 238,
      "player_name": "Isac Antony",
      "match_played": 9,
      "value": 0.44,
      "team_id": 8,
      "team_name": "HYD",
      "rank": "204",
      "position_id": 8,
      "position_name": "Raider",
      "team_full_name": "Telugu Titans"
    },
    {
      "player_id": 326,
      "player_name": "Rohit Kumar",
      "match_played": 89,
      "value": 0.44,
      "team_id": 1,
      "team_name": "BEN",
      "rank": "204",
      "position_id": 8,
      "position_name": "Raider",
      "team_full_name": "Bengaluru Bulls"
    },
    {
      "player_id": 571,
      "player_name": "Mohammad Esmaeil Maghsoudlou Mahalli",
      "match_played": 16,
      "value": 0.44,
      "team_id": 6,
      "team_name": "PAT",
      "rank": "204",
      "position_id": 8,
      "position_name": "Raider",
      "team_full_name": "Patna Pirates"
    },
    {
      "player_id": 2353,
      "player_name": "Ajay",
      "match_played": 14,
      "value": 0.43,
      "team_id": 1,
      "team_name": "BEN",
      "rank": "207",
      "position_id": 9,
      "position_name": "Defender",
      "team_full_name": "Bengaluru Bulls"
    },
    {
      "player_id": 318,
      "player_name": "Pawan Kumar Sehrawat",
      "match_played": 73,
      "value": 0.42,
      "team_id": 1,
      "team_name": "BEN",
      "rank": "208",
      "position_id": 8,
      "position_name": "Raider",
      "team_full_name": "Bengaluru Bulls"
    },
    {
      "player_id": 52,
      "player_name": "Jasvir Singh",
      "match_played": 77,
      "value": 0.42,
      "team_id": 29,
      "team_name": "TT",
      "rank": "208",
      "position_id": 8,
      "position_name": "Raider",
      "team_full_name": "Tamil Thalaivas"
    },
    {
      "player_id": 46,
      "player_name": "Gurvinder Singh",
      "match_played": 45,
      "value": 0.4,
      "team_id": 31,
      "team_name": "GFG",
      "rank": "210",
      "position_id": 8,
      "position_name": "Raider",
      "team_full_name": "Gujarat Fortunegiants"
    },
    {
      "player_id": 94,
      "player_name": "Rishank Devadiga",
      "match_played": 116,
      "value": 0.4,
      "team_id": 30,
      "team_name": "UPY",
      "rank": "210",
      "position_id": 8,
      "position_name": "Raider",
      "team_full_name": "U.P. Yoddha"
    },
    {
      "player_id": 279,
      "player_name": "Shashank Wankhede",
      "match_played": 5,
      "value": 0.4,
      "team_id": 4,
      "team_name": "KOL",
      "rank": "210",
      "position_id": 4,
      "position_name": "Defender, left cover",
      "team_full_name": "Bengal Warriors"
    },
    {
      "player_id": 309,
      "player_name": "Manpreet Singh",
      "match_played": 13,
      "value": 0.38,
      "team_id": 6,
      "team_name": "PAT",
      "rank": "213",
      "position_id": 8,
      "position_name": "Raider",
      "team_full_name": "Patna Pirates"
    },
    {
      "player_id": 77,
      "player_name": "Parveen Kumar",
      "match_played": 8,
      "value": 0.38,
      "team_id": 4,
      "team_name": "KOL",
      "rank": "213",
      "position_id": 7,
      "position_name": "Defender, right cover",
      "team_full_name": "Bengal Warriors"
    },
    {
      "player_id": 231,
      "player_name": "Amit Om Prakash Rathi",
      "match_played": 16,
      "value": 0.38,
      "team_id": 31,
      "team_name": "GFG",
      "rank": "213",
      "position_id": 8,
      "position_name": "Raider",
      "team_full_name": "Gujarat Fortunegiants"
    },
    {
      "player_id": 66,
      "player_name": "Mahesh Goud",
      "match_played": 65,
      "value": 0.37,
      "team_id": 4,
      "team_name": "KOL",
      "rank": "216",
      "position_id": 8,
      "position_name": "Raider",
      "team_full_name": "Bengal Warriors"
    },
    {
      "player_id": 2307,
      "player_name": "Kamal Singh",
      "match_played": 11,
      "value": 0.36,
      "team_id": 8,
      "team_name": "HYD",
      "rank": "217",
      "position_id": 8,
      "position_name": "Raider",
      "team_full_name": "Telugu Titans"
    },
    {
      "player_id": 762,
      "player_name": "Vikas Kumar",
      "match_played": 14,
      "value": 0.36,
      "team_id": 8,
      "team_name": "HYD",
      "rank": "217",
      "position_id": 8,
      "position_name": "Raider",
      "team_full_name": "Telugu Titans"
    },
    {
      "player_id": 370,
      "player_name": "Ravindra Ramesh Kumawat",
      "match_played": 17,
      "value": 0.35,
      "team_id": 4,
      "team_name": "KOL",
      "rank": "219",
      "position_id": 8,
      "position_name": "Raider",
      "team_full_name": "Bengal Warriors"
    },
    {
      "player_id": 2351,
      "player_name": "Vikram Kandola",
      "match_played": 3,
      "value": 0.33,
      "team_id": 28,
      "team_name": "HS",
      "rank": "220",
      "position_id": 4,
      "position_name": "Defender, left cover",
      "team_full_name": "Haryana Steelers"
    },
    {
      "player_id": 2274,
      "player_name": "C Manoj Kumar",
      "match_played": 12,
      "value": 0.33,
      "team_id": 8,
      "team_name": "HYD",
      "rank": "220",
      "position_id": 4,
      "position_name": "Defender, left cover",
      "team_full_name": "Telugu Titans"
    },
    {
      "player_id": 17,
      "player_name": "Atif Waheed",
      "match_played": 3,
      "value": 0.33,
      "team_id": 8,
      "team_name": "HYD",
      "rank": "220",
      "position_id": 1,
      "position_name": "All Rounder",
      "team_full_name": "Telugu Titans"
    },
    {
      "player_id": 239,
      "player_name": "Jishnu",
      "match_played": 3,
      "value": 0.33,
      "team_id": 8,
      "team_name": "HYD",
      "rank": "220",
      "position_id": 7,
      "position_name": "Defender, right cover",
      "team_full_name": "Telugu Titans"
    },
    {
      "player_id": 241,
      "player_name": "Ravit Kumar",
      "match_played": 3,
      "value": 0.33,
      "team_id": 8,
      "team_name": "HYD",
      "rank": "220",
      "position_id": 8,
      "position_name": "Raider",
      "team_full_name": "Telugu Titans"
    },
    {
      "player_id": 195,
      "player_name": "Ashish Chhokar",
      "match_played": 12,
      "value": 0.33,
      "team_id": 4,
      "team_name": "KOL",
      "rank": "220",
      "position_id": 8,
      "position_name": "Raider",
      "team_full_name": "Bengal Warriors"
    },
    {
      "player_id": 2671,
      "player_name": "Naveen Narwal",
      "match_played": 3,
      "value": 0.33,
      "team_id": 4,
      "team_name": "KOL",
      "rank": "220",
      "position_id": 7,
      "position_name": "Defender, right cover",
      "team_full_name": "Bengal Warriors"
    },
    {
      "player_id": 388,
      "player_name": "Monu Goyat",
      "match_played": 68,
      "value": 0.32,
      "team_id": 30,
      "team_name": "UPY",
      "rank": "227",
      "position_id": 8,
      "position_name": "Raider",
      "team_full_name": "U.P. Yoddha"
    },
    {
      "player_id": 387,
      "player_name": "Vinod Kumar",
      "match_played": 29,
      "value": 0.31,
      "team_id": 1,
      "team_name": "BEN",
      "rank": "228",
      "position_id": 8,
      "position_name": "Raider",
      "team_full_name": "Bengaluru Bulls"
    },
    {
      "player_id": 320,
      "player_name": "Nitin Tomar",
      "match_played": 64,
      "value": 0.31,
      "team_id": 7,
      "team_name": "PUN",
      "rank": "228",
      "position_id": 8,
      "position_name": "Raider",
      "team_full_name": "Puneri Paltan"
    },
    {
      "player_id": 2328,
      "player_name": "Sudhanshu Tyagi",
      "match_played": 13,
      "value": 0.31,
      "team_id": 28,
      "team_name": "HS",
      "rank": "228",
      "position_id": 7,
      "position_name": "Defender, right cover",
      "team_full_name": "Haryana Steelers"
    },
    {
      "player_id": 105,
      "player_name": "Shabeer Bappu",
      "match_played": 74,
      "value": 0.31,
      "team_id": 29,
      "team_name": "TT",
      "rank": "228",
      "position_id": 8,
      "position_name": "Raider",
      "team_full_name": "Tamil Thalaivas"
    },
    {
      "player_id": 790,
      "player_name": "Satish",
      "match_played": 10,
      "value": 0.3,
      "team_id": 6,
      "team_name": "PAT",
      "rank": "232",
      "position_id": 6,
      "position_name": "Defender, right corner",
      "team_full_name": "Patna Pirates"
    },
    {
      "player_id": 792,
      "player_name": "Tushar Balaram Bhoir",
      "match_played": 10,
      "value": 0.3,
      "team_id": 2,
      "team_name": "DEL",
      "rank": "232",
      "position_id": 7,
      "position_name": "Defender, right cover",
      "team_full_name": "Dabang Delhi K.C."
    },
    {
      "player_id": 324,
      "player_name": "Darshan Kadian",
      "match_played": 37,
      "value": 0.3,
      "team_id": 7,
      "team_name": "PUN",
      "rank": "232",
      "position_id": 8,
      "position_name": "Raider",
      "team_full_name": "Puneri Paltan"
    },
    {
      "player_id": 363,
      "player_name": "Sumit Singh",
      "match_played": 30,
      "value": 0.3,
      "team_id": 1,
      "team_name": "BEN",
      "rank": "232",
      "position_id": 8,
      "position_name": "Raider",
      "team_full_name": "Bengaluru Bulls"
    },
    {
      "player_id": 106,
      "player_name": "Shrikant Jadhav",
      "match_played": 71,
      "value": 0.28,
      "team_id": 30,
      "team_name": "UPY",
      "rank": "236",
      "position_id": 8,
      "position_name": "Raider",
      "team_full_name": "U.P. Yoddha"
    },
    {
      "player_id": 34,
      "player_name": "Bhupender Singh",
      "match_played": 47,
      "value": 0.26,
      "team_id": 4,
      "team_name": "KOL",
      "rank": "237",
      "position_id": 1,
      "position_name": "All Rounder",
      "team_full_name": "Bengal Warriors"
    },
    {
      "player_id": 19,
      "player_name": "Wajid Ali",
      "match_played": 4,
      "value": 0.25,
      "team_id": 8,
      "team_name": "HYD",
      "rank": "238",
      "position_id": 1,
      "position_name": "All Rounder",
      "team_full_name": "Telugu Titans"
    },
    {
      "player_id": 4,
      "player_name": "Ehsan Zamani Fard",
      "match_played": 8,
      "value": 0.25,
      "team_id": 2,
      "team_name": "DEL",
      "rank": "238",
      "position_id": 3,
      "position_name": "Defender, left corner",
      "team_full_name": "Dabang Delhi K.C."
    },
    {
      "player_id": 148,
      "player_name": "Sunil Subhash Lande",
      "match_played": 4,
      "value": 0.25,
      "team_id": 7,
      "team_name": "PUN",
      "rank": "238",
      "position_id": 6,
      "position_name": "Defender, right corner",
      "team_full_name": "Puneri Paltan"
    },
    {
      "player_id": 312,
      "player_name": "Sanju",
      "match_played": 4,
      "value": 0.25,
      "team_id": 2,
      "team_name": "DEL",
      "rank": "238",
      "position_id": 8,
      "position_name": "Raider",
      "team_full_name": "Dabang Delhi K.C."
    },
    {
      "player_id": 278,
      "player_name": "Gnanasekaran M",
      "match_played": 8,
      "value": 0.25,
      "team_id": 2,
      "team_name": "DEL",
      "rank": "238",
      "position_id": 6,
      "position_name": "Defender, right corner",
      "team_full_name": "Dabang Delhi K.C."
    },
    {
      "player_id": 793,
      "player_name": "Amit Kharb",
      "match_played": 8,
      "value": 0.25,
      "team_id": 31,
      "team_name": "GFG",
      "rank": "238",
      "position_id": 7,
      "position_name": "Defender, right cover",
      "team_full_name": "Gujarat Fortunegiants"
    },
    {
      "player_id": 2488,
      "player_name": "Vinay",
      "match_played": 16,
      "value": 0.25,
      "team_id": 28,
      "team_name": "HS",
      "rank": "238",
      "position_id": 8,
      "position_name": "Raider",
      "team_full_name": "Haryana Steelers"
    },
    {
      "player_id": 2028,
      "player_name": "Abhishek Singh",
      "match_played": 29,
      "value": 0.24,
      "team_id": 5,
      "team_name": "MUM",
      "rank": "245",
      "position_id": 8,
      "position_name": "Raider",
      "team_full_name": "U Mumba"
    },
    {
      "player_id": 163,
      "player_name": "Mahendra Ganesh Rajput",
      "match_played": 62,
      "value": 0.24,
      "team_id": 31,
      "team_name": "GFG",
      "rank": "245",
      "position_id": 8,
      "position_name": "Raider",
      "team_full_name": "Gujarat Fortunegiants"
    },
    {
      "player_id": 14,
      "player_name": "Tae Deok Eom",
      "match_played": 35,
      "value": 0.23,
      "team_id": 6,
      "team_name": "PAT",
      "rank": "247",
      "position_id": 1,
      "position_name": "All Rounder",
      "team_full_name": "Patna Pirates"
    },
    {
      "player_id": 12,
      "player_name": "Jang Kun Lee",
      "match_played": 101,
      "value": 0.23,
      "team_id": 6,
      "team_name": "PAT",
      "rank": "247",
      "position_id": 8,
      "position_name": "Raider",
      "team_full_name": "Patna Pirates"
    },
    {
      "player_id": 10,
      "player_name": "Simon Kibura",
      "match_played": 9,
      "value": 0.22,
      "team_id": 4,
      "team_name": "KOL",
      "rank": "249",
      "position_id": 8,
      "position_name": "Raider",
      "team_full_name": "Bengal Warriors"
    },
    {
      "player_id": 75,
      "player_name": "Nitin Madane",
      "match_played": 37,
      "value": 0.22,
      "team_id": 5,
      "team_name": "MUM",
      "rank": "249",
      "position_id": 8,
      "position_name": "Raider",
      "team_full_name": "U Mumba"
    },
    {
      "player_id": 267,
      "player_name": "Amit Kumar Tomar",
      "match_played": 9,
      "value": 0.22,
      "team_id": 2,
      "team_name": "DEL",
      "rank": "249",
      "position_id": 8,
      "position_name": "Raider",
      "team_full_name": "Dabang Delhi K.C."
    },
    {
      "player_id": 2298,
      "player_name": "Armaan",
      "match_played": 10,
      "value": 0.2,
      "team_id": 8,
      "team_name": "HYD",
      "rank": "252",
      "position_id": 1,
      "position_name": "All Rounder",
      "team_full_name": "Telugu Titans"
    },
    {
      "player_id": 171,
      "player_name": "Pradeep Kumar",
      "match_played": 10,
      "value": 0.2,
      "team_id": 5,
      "team_name": "MUM",
      "rank": "252",
      "position_id": 8,
      "position_name": "Raider",
      "team_full_name": "U Mumba"
    },
    {
      "player_id": 173,
      "player_name": "Suresu Kumar",
      "match_played": 21,
      "value": 0.19,
      "team_id": 2,
      "team_name": "DEL",
      "rank": "254",
      "position_id": 8,
      "position_name": "Raider",
      "team_full_name": "Dabang Delhi K.C."
    },
    {
      "player_id": 234,
      "player_name": "Surender Singh",
      "match_played": 48,
      "value": 0.19,
      "team_id": 30,
      "team_name": "UPY",
      "rank": "254",
      "position_id": 8,
      "position_name": "Raider",
      "team_full_name": "U.P. Yoddha"
    },
    {
      "player_id": 366,
      "player_name": "Vikash Kandola",
      "match_played": 48,
      "value": 0.19,
      "team_id": 28,
      "team_name": "HS",
      "rank": "254",
      "position_id": 8,
      "position_name": "Raider",
      "team_full_name": "Haryana Steelers"
    },
    {
      "player_id": 293,
      "player_name": "Nilesh Salunke",
      "match_played": 76,
      "value": 0.18,
      "team_id": 3,
      "team_name": "JAI",
      "rank": "257",
      "position_id": 8,
      "position_name": "Raider",
      "team_full_name": "Jaipur Pink Panthers"
    },
    {
      "player_id": 2296,
      "player_name": "Naveen Kumar",
      "match_played": 38,
      "value": 0.18,
      "team_id": 2,
      "team_name": "DEL",
      "rank": "257",
      "position_id": 8,
      "position_name": "Raider",
      "team_full_name": "Dabang Delhi K.C."
    },
    {
      "player_id": 686,
      "player_name": "Rohit Gulia",
      "match_played": 55,
      "value": 0.18,
      "team_id": 31,
      "team_name": "GFG",
      "rank": "257",
      "position_id": 1,
      "position_name": "All Rounder",
      "team_full_name": "Gujarat Fortunegiants"
    },
    {
      "player_id": 26,
      "player_name": "Ajay Thakur",
      "match_played": 115,
      "value": 0.18,
      "team_id": 29,
      "team_name": "TT",
      "rank": "257",
      "position_id": 8,
      "position_name": "Raider",
      "team_full_name": "Tamil Thalaivas"
    },
    {
      "player_id": 36,
      "player_name": "Chandran Ranjit",
      "match_played": 57,
      "value": 0.18,
      "team_id": 2,
      "team_name": "DEL",
      "rank": "257",
      "position_id": 8,
      "position_name": "Raider",
      "team_full_name": "Dabang Delhi K.C."
    },
    {
      "player_id": 119,
      "player_name": "CPO Surjeet Singh",
      "match_played": 48,
      "value": 0.17,
      "team_id": 29,
      "team_name": "TT",
      "rank": "262",
      "position_id": 8,
      "position_name": "Raider",
      "team_full_name": "Tamil Thalaivas"
    },
    {
      "player_id": 211,
      "player_name": "Deepak Narwal",
      "match_played": 78,
      "value": 0.17,
      "team_id": 3,
      "team_name": "JAI",
      "rank": "262",
      "position_id": 8,
      "position_name": "Raider",
      "team_full_name": "Jaipur Pink Panthers"
    },
    {
      "player_id": 300,
      "player_name": "Abolfazl Maghsodloumahali",
      "match_played": 47,
      "value": 0.17,
      "team_id": 31,
      "team_name": "GFG",
      "rank": "262",
      "position_id": 8,
      "position_name": "Raider",
      "team_full_name": "Gujarat Fortunegiants"
    },
    {
      "player_id": 2026,
      "player_name": "Siddharth Sirish Desai",
      "match_played": 37,
      "value": 0.16,
      "team_id": 8,
      "team_name": "HYD",
      "rank": "265",
      "position_id": 8,
      "position_name": "Raider",
      "team_full_name": "Telugu Titans"
    },
    {
      "player_id": 111,
      "player_name": "Sukesh Hegde",
      "match_played": 94,
      "value": 0.16,
      "team_id": 4,
      "team_name": "KOL",
      "rank": "265",
      "position_id": 8,
      "position_name": "Raider",
      "team_full_name": "Bengal Warriors"
    },
    {
      "player_id": 92,
      "player_name": "Ravi Dalal",
      "match_played": 38,
      "value": 0.16,
      "team_id": 2,
      "team_name": "DEL",
      "rank": "265",
      "position_id": 8,
      "position_name": "Raider",
      "team_full_name": "Dabang Delhi K.C."
    },
    {
      "player_id": 174,
      "player_name": "Deepak Kumar Dahiya",
      "match_played": 53,
      "value": 0.15,
      "team_id": 7,
      "team_name": "PUN",
      "rank": "268",
      "position_id": 8,
      "position_name": "Raider",
      "team_full_name": "Puneri Paltan"
    },
    {
      "player_id": 2316,
      "player_name": "Azad Singh",
      "match_played": 13,
      "value": 0.15,
      "team_id": 30,
      "team_name": "UPY",
      "rank": "268",
      "position_id": 8,
      "position_name": "Raider",
      "team_full_name": "U.P. Yoddha"
    },
    {
      "player_id": 712,
      "player_name": "Rohit Kumar",
      "match_played": 7,
      "value": 0.14,
      "team_id": 30,
      "team_name": "UPY",
      "rank": "270",
      "position_id": 7,
      "position_name": "Defender, right cover",
      "team_full_name": "U.P. Yoddha"
    },
    {
      "player_id": 2475,
      "player_name": "Ajinkya Ashok Pawar",
      "match_played": 31,
      "value": 0.13,
      "team_id": 3,
      "team_name": "JAI",
      "rank": "271",
      "position_id": 8,
      "position_name": "Raider",
      "team_full_name": "Jaipur Pink Panthers"
    },
    {
      "player_id": 168,
      "player_name": "Mangesh Bhagat",
      "match_played": 8,
      "value": 0.13,
      "team_id": 7,
      "team_name": "PUN",
      "rank": "271",
      "position_id": 8,
      "position_name": "Raider",
      "team_full_name": "Puneri Paltan"
    },
    {
      "player_id": 243,
      "player_name": "Sanjay Kumar",
      "match_played": 8,
      "value": 0.13,
      "team_id": 6,
      "team_name": "PAT",
      "rank": "271",
      "position_id": 1,
      "position_name": "All Rounder",
      "team_full_name": "Patna Pirates"
    },
    {
      "player_id": 143,
      "player_name": "Maninder Singh",
      "match_played": 76,
      "value": 0.12,
      "team_id": 4,
      "team_name": "KOL",
      "rank": "274",
      "position_id": 8,
      "position_name": "Raider",
      "team_full_name": "Bengal Warriors"
    },
    {
      "player_id": 79,
      "player_name": "Pravin Niwale",
      "match_played": 17,
      "value": 0.12,
      "team_id": 2,
      "team_name": "DEL",
      "rank": "274",
      "position_id": 8,
      "position_name": "Raider",
      "team_full_name": "Dabang Delhi K.C."
    },
    {
      "player_id": 837,
      "player_name": "Rakshith",
      "match_played": 17,
      "value": 0.12,
      "team_id": 8,
      "team_name": "HYD",
      "rank": "274",
      "position_id": 8,
      "position_name": "Raider",
      "team_full_name": "Telugu Titans"
    },
    {
      "player_id": 264,
      "player_name": "Selvamani K",
      "match_played": 55,
      "value": 0.11,
      "team_id": 28,
      "team_name": "HS",
      "rank": "277",
      "position_id": 8,
      "position_name": "Raider",
      "team_full_name": "Haryana Steelers"
    },
    {
      "player_id": 85,
      "player_name": "Rajesh Mondal",
      "match_played": 89,
      "value": 0.11,
      "team_id": 7,
      "team_name": "PUN",
      "rank": "277",
      "position_id": 8,
      "position_name": "Raider",
      "team_full_name": "Puneri Paltan"
    },
    {
      "player_id": 155,
      "player_name": "Prashanth Kumar Rai",
      "match_played": 91,
      "value": 0.1,
      "team_id": 28,
      "team_name": "HS",
      "rank": "279",
      "position_id": 8,
      "position_name": "Raider",
      "team_full_name": "Haryana Steelers"
    },
    {
      "player_id": 242,
      "player_name": "Tushar Patil",
      "match_played": 53,
      "value": 0.08,
      "team_id": 6,
      "team_name": "PAT",
      "rank": "280",
      "position_id": 8,
      "position_name": "Raider",
      "team_full_name": "Patna Pirates"
    },
    {
      "player_id": 219,
      "player_name": "K. Prapanjan",
      "match_played": 80,
      "value": 0.08,
      "team_id": 4,
      "team_name": "KOL",
      "rank": "280",
      "position_id": 8,
      "position_name": "Raider",
      "team_full_name": "Bengal Warriors"
    },
    {
      "player_id": 217,
      "player_name": "Rohit Kumar Choudary",
      "match_played": 38,
      "value": 0.08,
      "team_id": 30,
      "team_name": "UPY",
      "rank": "280",
      "position_id": 8,
      "position_name": "Raider",
      "team_full_name": "U.P. Yoddha"
    },
    {
      "player_id": 204,
      "player_name": "Rakesh Narwal",
      "match_played": 25,
      "value": 0.08,
      "team_id": 4,
      "team_name": "KOL",
      "rank": "280",
      "position_id": 8,
      "position_name": "Raider",
      "team_full_name": "Bengal Warriors"
    },
    {
      "player_id": 115,
      "player_name": "Suraj Desai",
      "match_played": 12,
      "value": 0.08,
      "team_id": 8,
      "team_name": "HYD",
      "rank": "280",
      "position_id": 8,
      "position_name": "Raider",
      "team_full_name": "Telugu Titans"
    },
    {
      "player_id": 2290,
      "player_name": "Rajnish",
      "match_played": 12,
      "value": 0.08,
      "team_id": 8,
      "team_name": "HYD",
      "rank": "280",
      "position_id": 8,
      "position_name": "Raider",
      "team_full_name": "Telugu Titans"
    },
    {
      "player_id": 718,
      "player_name": "R. Sriram",
      "match_played": 15,
      "value": 0.07,
      "team_id": 7,
      "team_name": "PUN",
      "rank": "286",
      "position_id": 8,
      "position_name": "Raider",
      "team_full_name": "Puneri Paltan"
    },
    {
      "player_id": 197,
      "player_name": "Pardeep Narwal",
      "match_played": 102,
      "value": 0.07,
      "team_id": 6,
      "team_name": "PAT",
      "rank": "286",
      "position_id": 8,
      "position_name": "Raider",
      "team_full_name": "Patna Pirates"
    },
    {
      "player_id": 2661,
      "player_name": "Pankaj Mohite",
      "match_played": 15,
      "value": 0.07,
      "team_id": 7,
      "team_name": "PUN",
      "rank": "286",
      "position_id": 8,
      "position_name": "Raider",
      "team_full_name": "Puneri Paltan"
    },
    {
      "player_id": 156,
      "player_name": "Pawan Kumar Kadian",
      "match_played": 74,
      "value": 0.03,
      "team_id": 7,
      "team_name": "PUN",
      "rank": "289",
      "position_id": 8,
      "position_name": "Raider",
      "team_full_name": "Puneri Paltan"
    },
    {
      "player_id": 376,
      "player_name": "Athul MS",
      "match_played": 35,
      "value": 0.03,
      "team_id": 5,
      "team_name": "MUM",
      "rank": "289",
      "position_id": 8,
      "position_name": "Raider",
      "team_full_name": "U Mumba"
    },
    {
      "player_id": 389,
      "player_name": "Ajay Kumar",
      "match_played": 50,
      "value": 0.02,
      "team_id": 31,
      "team_name": "GFG",
      "rank": "291",
      "position_id": 8,
      "position_name": "Raider",
      "team_full_name": "Gujarat Fortunegiants"
    },
    {
      "player_id": 372,
      "player_name": "Harish Naik",
      "match_played": 21,
      "value": 0.0,
      "team_id": 1,
      "team_name": "BEN",
      "rank": "292",
      "position_id": 8,
      "position_name": "Raider",
      "team_full_name": "Bengaluru Bulls"
    },
    {
      "player_id": 576,
      "player_name": "Anand Patil",
      "match_played": 26,
      "value": 0.0,
      "team_id": 3,
      "team_name": "JAI",
      "rank": "292",
      "position_id": 8,
      "position_name": "Raider",
      "team_full_name": "Jaipur Pink Panthers"
    },
    {
      "player_id": 620,
      "player_name": "C Kalai Arasan",
      "match_played": 3,
      "value": 0.0,
      "team_id": 31,
      "team_name": "GFG",
      "rank": "292",
      "position_id": 9,
      "position_name": "Defender",
      "team_full_name": "Gujarat Fortunegiants"
    },
    {
      "player_id": 522,
      "player_name": "Dong Geon Lee",
      "match_played": 32,
      "value": 0.0,
      "team_id": 5,
      "team_name": "MUM",
      "rank": "292",
      "position_id": 8,
      "position_name": "Raider",
      "team_full_name": "U Mumba"
    },
    {
      "player_id": 777,
      "player_name": "Pardeep Kandola",
      "match_played": 3,
      "value": 0.0,
      "team_id": 1,
      "team_name": "BEN",
      "rank": "292",
      "position_id": 6,
      "position_name": "Defender, right corner",
      "team_full_name": "Bengaluru Bulls"
    },
    {
      "player_id": 149,
      "player_name": "Kiran A",
      "match_played": 4,
      "value": 0.0,
      "team_id": 8,
      "team_name": "HYD",
      "rank": "292",
      "position_id": 9,
      "position_name": "Defender",
      "team_full_name": "Telugu Titans"
    },
    {
      "player_id": 190,
      "player_name": "Sonu Narwal",
      "match_played": 33,
      "value": 0.0,
      "team_id": 7,
      "team_name": "PUN",
      "rank": "292",
      "position_id": 8,
      "position_name": "Raider",
      "team_full_name": "Puneri Paltan"
    },
    {
      "player_id": 172,
      "player_name": "Vinoth Kumar",
      "match_played": 17,
      "value": 0.0,
      "team_id": 5,
      "team_name": "MUM",
      "rank": "292",
      "position_id": 8,
      "position_name": "Raider",
      "team_full_name": "U Mumba"
    },
    {
      "player_id": 247,
      "player_name": "Anil Singh",
      "match_played": 2,
      "value": 0.0,
      "team_id": 7,
      "team_name": "PUN",
      "rank": "292",
      "position_id": 6,
      "position_name": "Defender, right corner",
      "team_full_name": "Puneri Paltan"
    },
    {
      "player_id": 68,
      "player_name": "Mandeep Kumar",
      "match_played": 7,
      "value": 0.0,
      "team_id": 6,
      "team_name": "PAT",
      "rank": "292",
      "position_id": 8,
      "position_name": "Raider",
      "team_full_name": "Patna Pirates"
    },
    {
      "player_id": 2508,
      "player_name": "V. Ajith Kumar",
      "match_played": 15,
      "value": 0.0,
      "team_id": 29,
      "team_name": "TT",
      "rank": "292",
      "position_id": 8,
      "position_name": "Raider",
      "team_full_name": "Tamil Thalaivas"
    }
  ],
  "language_lookup": {
    "stat": "Stat",
    "stat_id": "Stat Id",
    "minimum_criteria": "Minimum Criteria",
    "team_id": "Team Id",
    "team_name": "Team Name",
    "player_id": "Player Id",
    "player_name": "Player Name",
    "value": "Value",
    "match_played": "Match Played",
    "team": "Team",
    "tackles": "Tackles"
  }
}