{
  "stat": "Player Super Raids",
  "stat_id": "104",
  "minimum_criteria": "More than 0 Super Raid",
  "data": [
    {
      "player_id": 58,
      "player_name": "Kashiling Adake",
      "match_played": 14,
      "value": 7,
      "team_id": 2,
      "team": " Del",
      "team_name": " Del",
      "rank": "1",
      "position_id": 8,
      "position_name": "Raider"
    },
    {
      "player_id": 81,
      "player_name": "Rahul Chaudhari",
      "match_played": 14,
      "value": 6,
      "team_id": 8,
      "team": " Hyd",
      "team_name": " Hyd",
      "rank": "2",
      "position_id": 8,
      "position_name": "Raider"
    },
    {
      "player_id": 26,
      "player_name": "Ajay Thakur",
      "match_played": 13,
      "value": 6,
      "team_id": 1,
      "team": " Ben",
      "team_name": " Ben",
      "rank": "2",
      "position_id": 8,
      "position_name": "Raider"
    },
    {
      "player_id": 217,
      "player_name": "Rohit Kumar Choudary",
      "match_played": 14,
      "value": 6,
      "team_id": 2,
      "team": " Del",
      "team_name": " Del",
      "rank": "2",
      "position_id": 8,
      "position_name": "Raider"
    },
    {
      "player_id": 111,
      "player_name": "Sukesh Hegde",
      "match_played": 13,
      "value": 5,
      "team_id": 8,
      "team": " Hyd",
      "team_name": " Hyd",
      "rank": "5",
      "position_id": 8,
      "position_name": "Raider"
    },
    {
      "player_id": 86,
      "player_name": "Rajesh Narwal",
      "match_played": 14,
      "value": 3,
      "team_id": 3,
      "team": " Jai",
      "team_name": " Jai",
      "rank": "6",
      "position_id": 1,
      "position_name": "All Rounder"
    },
    {
      "player_id": 12,
      "player_name": "Jang Kun Lee",
      "match_played": 14,
      "value": 3,
      "team_id": 4,
      "team": " Kol",
      "team_name": " Kol",
      "rank": "6",
      "position_id": 8,
      "position_name": "Raider"
    },
    {
      "player_id": 163,
      "player_name": "Mahendra Ganesh Rajput",
      "match_played": 12,
      "value": 3,
      "team_id": 4,
      "team": " Kol",
      "team_name": " Kol",
      "rank": "6",
      "position_id": 8,
      "position_name": "Raider"
    },
    {
      "player_id": 251,
      "player_name": "Meraj Sheykh",
      "match_played": 15,
      "value": 3,
      "team_id": 8,
      "team": " Hyd",
      "team_name": " Hyd",
      "rank": "6",
      "position_id": 1,
      "position_name": "All Rounder"
    },
    {
      "player_id": 243,
      "player_name": "Sanjay Kumar",
      "match_played": 7,
      "value": 2,
      "team_id": 7,
      "team": " Pun",
      "team_name": " Pun",
      "rank": "10",
      "position_id": 1,
      "position_name": "All Rounder"
    },
    {
      "player_id": 171,
      "player_name": "Pradeep Kumar",
      "match_played": 6,
      "value": 2,
      "team_id": 5,
      "team": " Mum",
      "team_name": " Mum",
      "rank": "10",
      "position_id": 8,
      "position_name": "Raider"
    },
    {
      "player_id": 204,
      "player_name": "Rakesh Narwal",
      "match_played": 11,
      "value": 2,
      "team_id": 1,
      "team": " Ben",
      "team_name": " Ben",
      "rank": "10",
      "position_id": 8,
      "position_name": "Raider"
    },
    {
      "player_id": 105,
      "player_name": "Shabeer Bappu",
      "match_played": 10,
      "value": 2,
      "team_id": 5,
      "team": " Mum",
      "team_name": " Mum",
      "rank": "10",
      "position_id": 8,
      "position_name": "Raider"
    },
    {
      "player_id": 124,
      "player_name": "Wazir Singh",
      "match_played": 11,
      "value": 2,
      "team_id": 7,
      "team": " Pun",
      "team_name": " Pun",
      "rank": "10",
      "position_id": 8,
      "position_name": "Raider"
    },
    {
      "player_id": 141,
      "player_name": "Sunil Jaipal",
      "match_played": 10,
      "value": 2,
      "team_id": 4,
      "team": " Kol",
      "team_name": " Kol",
      "rank": "10",
      "position_id": 8,
      "position_name": "Raider"
    },
    {
      "player_id": 79,
      "player_name": "Pravin Niwale",
      "match_played": 8,
      "value": 2,
      "team_id": 7,
      "team": " Pun",
      "team_name": " Pun",
      "rank": "10",
      "position_id": 8,
      "position_name": "Raider"
    },
    {
      "player_id": 85,
      "player_name": "Rajesh Mondal",
      "match_played": 15,
      "value": 1,
      "team_id": 1,
      "team": " Ben",
      "team_name": " Ben",
      "rank": "17",
      "position_id": 8,
      "position_name": "Raider"
    },
    {
      "player_id": 29,
      "player_name": "Anup Kumar",
      "match_played": 14,
      "value": 1,
      "team_id": 5,
      "team": " Mum",
      "team_name": " Mum",
      "rank": "17",
      "position_id": 8,
      "position_name": "Raider"
    },
    {
      "player_id": 34,
      "player_name": "Bhupender Singh",
      "match_played": 11,
      "value": 1,
      "team_id": 5,
      "team": " Mum",
      "team_name": " Mum",
      "rank": "17",
      "position_id": 1,
      "position_name": "All Rounder"
    },
    {
      "player_id": 41,
      "player_name": "Deepak Niwas Hooda",
      "match_played": 15,
      "value": 1,
      "team_id": 8,
      "team": " Hyd",
      "team_name": " Hyd",
      "rank": "17",
      "position_id": 1,
      "position_name": "All Rounder"
    },
    {
      "player_id": 46,
      "player_name": "Gurvinder Singh",
      "match_played": 16,
      "value": 1,
      "team_id": 6,
      "team": " Pat",
      "team_name": " Pat",
      "rank": "17",
      "position_id": 8,
      "position_name": "Raider"
    },
    {
      "player_id": 56,
      "player_name": "Kalimuthu Balamahendran",
      "match_played": 6,
      "value": 1,
      "team_id": 7,
      "team": " Pun",
      "team_name": " Pun",
      "rank": "17",
      "position_id": 3,
      "position_name": "Defender, left corner"
    },
    {
      "player_id": 142,
      "player_name": "Sandeep Narwal",
      "match_played": 16,
      "value": 1,
      "team_id": 6,
      "team": " Pat",
      "team_name": " Pat",
      "rank": "17",
      "position_id": 1,
      "position_name": "All Rounder"
    },
    {
      "player_id": 155,
      "player_name": "Prashanth Kumar Rai",
      "match_played": 15,
      "value": 1,
      "team_id": 8,
      "team": " Hyd",
      "team_name": " Hyd",
      "rank": "17",
      "position_id": 8,
      "position_name": "Raider"
    },
    {
      "player_id": 156,
      "player_name": "Pawan Kumar Kadian",
      "match_played": 10,
      "value": 1,
      "team_id": 5,
      "team": " Mum",
      "team_name": " Mum",
      "rank": "17",
      "position_id": 8,
      "position_name": "Raider"
    },
    {
      "player_id": 92,
      "player_name": "Ravi Dalal",
      "match_played": 11,
      "value": 1,
      "team_id": 6,
      "team": " Pat",
      "team_name": " Pat",
      "rank": "17",
      "position_id": 8,
      "position_name": "Raider"
    },
    {
      "player_id": 211,
      "player_name": "Deepak Narwal",
      "match_played": 16,
      "value": 1,
      "team_id": 6,
      "team": " Pat",
      "team_name": " Pat",
      "rank": "17",
      "position_id": 8,
      "position_name": "Raider"
    },
    {
      "player_id": 232,
      "player_name": "Sachin Vittala",
      "match_played": 4,
      "value": 1,
      "team_id": 7,
      "team": " Pun",
      "team_name": " Pun",
      "rank": "17",
      "position_id": 3,
      "position_name": "Defender, left corner"
    },
    {
      "player_id": 180,
      "player_name": "Kedar Lal",
      "match_played": 9,
      "value": 1,
      "team_id": 4,
      "team": " Kol",
      "team_name": " Kol",
      "rank": "17",
      "position_id": 8,
      "position_name": "Raider"
    },
    {
      "player_id": 190,
      "player_name": "Sonu Narwal",
      "match_played": 11,
      "value": 1,
      "team_id": 3,
      "team": " Jai",
      "team_name": " Jai",
      "rank": "17",
      "position_id": 8,
      "position_name": "Raider"
    },
    {
      "player_id": 197,
      "player_name": "Pardeep Narwal",
      "match_played": 6,
      "value": 1,
      "team_id": 1,
      "team": " Ben",
      "team_name": " Ben",
      "rank": "17",
      "position_id": 8,
      "position_name": "Raider"
    },
    {
      "player_id": 252,
      "player_name": "Kuldeep Singh",
      "match_played": 14,
      "value": 1,
      "team_id": 3,
      "team": " Jai",
      "team_name": " Jai",
      "rank": "17",
      "position_id": 1,
      "position_name": "All Rounder"
    },
    {
      "player_id": 264,
      "player_name": "Selvamani K",
      "match_played": 10,
      "value": 1,
      "team_id": 2,
      "team": " Del",
      "team_name": " Del",
      "rank": "17",
      "position_id": 8,
      "position_name": "Raider"
    }
  ],
  "language_lookup": {
    "stat": "Stat",
    "stat_id": "Stat Id",
    "minimum_criteria": "Minimum Criteria",
    "team_id": "Team Id",
    "team_name": "Team Name",
    "player_id": "Player Id",
    "player_name": "Player Name",
    "value": "Value",
    "match_played": "Match Played",
    "team": "Team",
    "tackles": "Tackles"
  }
}