{
  "stat": "Player DOD Raid Points",
  "stat_id": "132",
  "minimum_criteria": "More than 0 DOD Raid Points",
  "data": [
    {
      "player_id": 81,
      "player": "Rahul Chaudhari",
      "player_name": "Rahul Chaudhari",
      "team_id": 8,
      "team_name": " Hyd",
      "match_played": 21,
      "value": 43,
      "rank": "1",
      "position_id": 8,
      "position_name": "Raider",
      "team_full_name": "Telugu Titans"
    },
    {
      "player_id": 106,
      "player": "Shrikant Jadhav",
      "player_name": "Shrikant Jadhav",
      "team_id": 30,
      "team_name": " UPY",
      "match_played": 25,
      "value": 43,
      "rank": "1",
      "position_id": 8,
      "position_name": "Raider",
      "team_full_name": "U.P. Yoddha"
    },
    {
      "player_id": 2026,
      "player": "Siddharth Sirish Desai",
      "player_name": "Siddharth Sirish Desai",
      "team_id": 5,
      "team_name": " Mum",
      "match_played": 21,
      "value": 41,
      "rank": "3",
      "position_id": 8,
      "position_name": "Raider",
      "team_full_name": "U Mumba"
    },
    {
      "player_id": 143,
      "player": "Maninder Singh",
      "player_name": "Maninder Singh",
      "team_id": 4,
      "team_name": " Kol",
      "match_played": 22,
      "value": 34,
      "rank": "4",
      "position_id": 8,
      "position_name": "Raider",
      "team_full_name": "Bengal Warriors"
    },
    {
      "player_id": 26,
      "player": "Ajay Thakur",
      "player_name": "Ajay Thakur",
      "team_id": 29,
      "team_name": " TT",
      "match_played": 22,
      "value": 33,
      "rank": "5",
      "position_id": 8,
      "position_name": "Raider",
      "team_full_name": "Tamil Thalaivas"
    },
    {
      "player_id": 318,
      "player": "Pawan Kumar Sehrawat",
      "player_name": "Pawan Kumar Sehrawat",
      "team_id": 1,
      "team_name": " Ben",
      "match_played": 24,
      "value": 29,
      "rank": "6",
      "position_id": 8,
      "position_name": "Raider",
      "team_full_name": "Bengaluru Bulls"
    },
    {
      "player_id": 757,
      "player": "Sachin Tanwar",
      "player_name": "Sachin Tanwar",
      "team_id": 31,
      "team_name": " GFG",
      "match_played": 23,
      "value": 28,
      "rank": "7",
      "position_id": 8,
      "position_name": "Raider",
      "team_full_name": "Gujarat Fortunegiants"
    },
    {
      "player_id": 2296,
      "player": "Naveen Kumar",
      "player_name": "Naveen Kumar",
      "team_id": 2,
      "team_name": " Del",
      "match_played": 22,
      "value": 26,
      "rank": "8",
      "position_id": 8,
      "position_name": "Raider",
      "team_full_name": "Dabang Delhi K.C."
    },
    {
      "player_id": 251,
      "player": "Meraj Sheykh",
      "player_name": "Meraj Sheykh",
      "team_id": 2,
      "team_name": " Del",
      "match_played": 19,
      "value": 25,
      "rank": "9",
      "position_id": 1,
      "position_name": "All Rounder",
      "team_full_name": "Dabang Delhi K.C."
    },
    {
      "player_id": 326,
      "player": "Rohit Kumar",
      "player_name": "Rohit Kumar",
      "team_id": 1,
      "team_name": " Ben",
      "match_played": 24,
      "value": 24,
      "rank": "10",
      "position_id": 8,
      "position_name": "Raider",
      "team_full_name": "Bengaluru Bulls"
    },
    {
      "player_id": 293,
      "player": "Nilesh Salunke",
      "player_name": "Nilesh Salunke",
      "team_id": 8,
      "team_name": " Hyd",
      "match_played": 19,
      "value": 23,
      "rank": "11",
      "position_id": 8,
      "position_name": "Raider",
      "team_full_name": "Telugu Titans"
    },
    {
      "player_id": 219,
      "player": "K. Prapanjan",
      "player_name": "K. Prapanjan",
      "team_id": 31,
      "team_name": " GFG",
      "match_played": 22,
      "value": 23,
      "rank": "11",
      "position_id": 8,
      "position_name": "Raider",
      "team_full_name": "Gujarat Fortunegiants"
    },
    {
      "player_id": 155,
      "player": "Prashanth Kumar Rai",
      "player_name": "Prashanth Kumar Rai",
      "team_id": 30,
      "team_name": " UPY",
      "match_played": 21,
      "value": 23,
      "rank": "11",
      "position_id": 8,
      "position_name": "Raider",
      "team_full_name": "U.P. Yoddha"
    },
    {
      "player_id": 41,
      "player": "Deepak Niwas Hooda",
      "player_name": "Deepak Niwas Hooda",
      "team_id": 3,
      "team_name": " Jai",
      "match_played": 22,
      "value": 23,
      "rank": "11",
      "position_id": 1,
      "position_name": "All Rounder",
      "team_full_name": "Jaipur Pink Panthers"
    },
    {
      "player_id": 2475,
      "player": "Ajinkya Ashok Pawar",
      "player_name": "Ajinkya Ashok Pawar",
      "team_id": 3,
      "team_name": " Jai",
      "match_played": 17,
      "value": 21,
      "rank": "15",
      "position_id": 8,
      "position_name": "Raider",
      "team_full_name": "Jaipur Pink Panthers"
    },
    {
      "player_id": 366,
      "player": "Vikash Kandola",
      "player_name": "Vikash Kandola",
      "team_id": 28,
      "team_name": " HS",
      "match_played": 22,
      "value": 20,
      "rank": "16",
      "position_id": 8,
      "position_name": "Raider",
      "team_full_name": "Haryana Steelers"
    },
    {
      "player_id": 2028,
      "player": "Abhishek Singh",
      "player_name": "Abhishek Singh",
      "team_id": 5,
      "team_name": " Mum",
      "match_played": 15,
      "value": 18,
      "rank": "17",
      "position_id": 8,
      "position_name": "Raider",
      "team_full_name": "U Mumba"
    },
    {
      "player_id": 2357,
      "player": "Naveen",
      "player_name": "Naveen",
      "team_id": 28,
      "team_name": " HS",
      "match_played": 21,
      "value": 18,
      "rank": "17",
      "position_id": 8,
      "position_name": "Raider",
      "team_full_name": "Haryana Steelers"
    },
    {
      "player_id": 763,
      "player": "Manjeet",
      "player_name": "Manjeet",
      "team_id": 6,
      "team_name": " Pat",
      "match_played": 22,
      "value": 17,
      "rank": "19",
      "position_id": 8,
      "position_name": "Raider",
      "team_full_name": "Patna Pirates"
    },
    {
      "player_id": 197,
      "player": "Pardeep Narwal",
      "player_name": "Pardeep Narwal",
      "team_id": 6,
      "team_name": " Pat",
      "match_played": 21,
      "value": 17,
      "rank": "19",
      "position_id": 8,
      "position_name": "Raider",
      "team_full_name": "Patna Pirates"
    },
    {
      "player_id": 36,
      "player": "Chandran Ranjit",
      "player_name": "Chandran Ranjit",
      "team_id": 2,
      "team_name": " Del",
      "match_played": 24,
      "value": 16,
      "rank": "21",
      "position_id": 8,
      "position_name": "Raider",
      "team_full_name": "Dabang Delhi K.C."
    },
    {
      "player_id": 772,
      "player": "More GB",
      "player_name": "More GB",
      "team_id": 7,
      "team_name": " Pun",
      "match_played": 22,
      "value": 15,
      "rank": "22",
      "position_id": 8,
      "position_name": "Raider",
      "team_full_name": "Puneri Paltan"
    },
    {
      "player_id": 795,
      "player": "Monu",
      "player_name": "Monu",
      "team_id": 7,
      "team_name": " Pun",
      "match_played": 14,
      "value": 14,
      "rank": "23",
      "position_id": 8,
      "position_name": "Raider",
      "team_full_name": "Puneri Paltan"
    },
    {
      "player_id": 686,
      "player": "Rohit Gulia",
      "player_name": "Rohit Gulia",
      "team_id": 31,
      "team_name": " GFG",
      "match_played": 19,
      "value": 14,
      "rank": "23",
      "position_id": 1,
      "position_name": "All Rounder",
      "team_full_name": "Gujarat Fortunegiants"
    },
    {
      "player_id": 370,
      "player": "Ravindra Ramesh Kumawat",
      "player_name": "Ravindra Ramesh Kumawat",
      "team_id": 4,
      "team_name": " Kol",
      "match_played": 12,
      "value": 14,
      "rank": "23",
      "position_id": 8,
      "position_name": "Raider",
      "team_full_name": "Bengal Warriors"
    },
    {
      "player_id": 324,
      "player": "Darshan Kadian",
      "player_name": "Darshan Kadian",
      "team_id": 5,
      "team_name": " Mum",
      "match_played": 14,
      "value": 14,
      "rank": "23",
      "position_id": 8,
      "position_name": "Raider",
      "team_full_name": "U Mumba"
    },
    {
      "player_id": 111,
      "player": "Sukesh Hegde",
      "player_name": "Sukesh Hegde",
      "team_id": 29,
      "team_name": " TT",
      "match_played": 17,
      "value": 14,
      "rank": "23",
      "position_id": 8,
      "position_name": "Raider",
      "team_full_name": "Tamil Thalaivas"
    },
    {
      "player_id": 320,
      "player": "Nitin Tomar",
      "player_name": "Nitin Tomar",
      "team_id": 7,
      "team_name": " Pun",
      "match_played": 11,
      "value": 13,
      "rank": "28",
      "position_id": 8,
      "position_name": "Raider",
      "team_full_name": "Puneri Paltan"
    },
    {
      "player_id": 58,
      "player": "Kashiling Adake",
      "player_name": "Kashiling Adake",
      "team_id": 1,
      "team_name": " Ben",
      "match_played": 20,
      "value": 12,
      "rank": "29",
      "position_id": 8,
      "position_name": "Raider",
      "team_full_name": "Bengaluru Bulls"
    },
    {
      "player_id": 66,
      "player": "Mahesh Goud",
      "player_name": "Mahesh Goud",
      "team_id": 4,
      "team_name": " Kol",
      "match_played": 10,
      "value": 11,
      "rank": "30",
      "position_id": 8,
      "position_name": "Raider",
      "team_full_name": "Bengal Warriors"
    },
    {
      "player_id": 211,
      "player": "Deepak Narwal",
      "player_name": "Deepak Narwal",
      "team_id": 6,
      "team_name": " Pat",
      "match_played": 17,
      "value": 9,
      "rank": "31",
      "position_id": 8,
      "position_name": "Raider",
      "team_full_name": "Patna Pirates"
    },
    {
      "player_id": 264,
      "player": "Selvamani K",
      "player_name": "Selvamani K",
      "team_id": 3,
      "team_name": " Jai",
      "match_played": 15,
      "value": 9,
      "rank": "31",
      "position_id": 8,
      "position_name": "Raider",
      "team_full_name": "Jaipur Pink Panthers"
    },
    {
      "player_id": 94,
      "player": "Rishank Devadiga",
      "player_name": "Rishank Devadiga",
      "team_id": 30,
      "team_name": " UPY",
      "match_played": 23,
      "value": 8,
      "rank": "33",
      "position_id": 8,
      "position_name": "Raider",
      "team_full_name": "U.P. Yoddha"
    },
    {
      "player_id": 85,
      "player": "Rajesh Mondal",
      "player_name": "Rajesh Mondal",
      "team_id": 7,
      "team_name": " Pun",
      "match_played": 11,
      "value": 7,
      "rank": "34",
      "position_id": 8,
      "position_name": "Raider",
      "team_full_name": "Puneri Paltan"
    },
    {
      "player_id": 12,
      "player": "Jang Kun Lee",
      "player_name": "Jang Kun Lee",
      "team_id": 4,
      "team_name": " Kol",
      "match_played": 18,
      "value": 7,
      "rank": "34",
      "position_id": 8,
      "position_name": "Raider",
      "team_full_name": "Bengal Warriors"
    },
    {
      "player_id": 34,
      "player": "Bhupender Singh",
      "player_name": "Bhupender Singh",
      "team_id": 4,
      "team_name": " Kol",
      "match_played": 4,
      "value": 6,
      "rank": "36",
      "position_id": 1,
      "position_name": "All Rounder",
      "team_full_name": "Bengal Warriors"
    },
    {
      "player_id": 160,
      "player": "Ran Singh",
      "player_name": "Ran Singh",
      "team_id": 4,
      "team_name": " Kol",
      "match_played": 22,
      "value": 6,
      "rank": "36",
      "position_id": 1,
      "position_name": "All Rounder",
      "team_full_name": "Bengal Warriors"
    },
    {
      "player_id": 261,
      "player": "Rohit Baliyan",
      "player_name": "Rohit Baliyan",
      "team_id": 5,
      "team_name": " Mum",
      "match_played": 19,
      "value": 6,
      "rank": "36",
      "position_id": 8,
      "position_name": "Raider",
      "team_full_name": "U Mumba"
    },
    {
      "player_id": 376,
      "player": "Athul MS",
      "player_name": "Athul MS",
      "team_id": 29,
      "team_name": " TT",
      "match_played": 19,
      "value": 6,
      "rank": "36",
      "position_id": 8,
      "position_name": "Raider",
      "team_full_name": "Tamil Thalaivas"
    },
    {
      "player_id": 791,
      "player": "Nitin Rawal",
      "player_name": "Nitin Rawal",
      "team_id": 3,
      "team_name": " Jai",
      "match_played": 9,
      "value": 6,
      "rank": "36",
      "position_id": 1,
      "position_name": "All Rounder",
      "team_full_name": "Jaipur Pink Panthers"
    },
    {
      "player_id": 2316,
      "player": "Azad Singh",
      "player_name": "Azad Singh",
      "team_id": 30,
      "team_name": " UPY",
      "match_played": 9,
      "value": 6,
      "rank": "36",
      "position_id": 8,
      "position_name": "Raider",
      "team_full_name": "U.P. Yoddha"
    },
    {
      "player_id": 2291,
      "player": "Amit Kumar",
      "player_name": "Amit Kumar",
      "team_id": 7,
      "team_name": " Pun",
      "match_played": 6,
      "value": 6,
      "rank": "36",
      "position_id": 8,
      "position_name": "Raider",
      "team_full_name": "Puneri Paltan"
    },
    {
      "player_id": 2476,
      "player": "Amit Kumar",
      "player_name": "Amit Kumar",
      "team_id": 3,
      "team_name": " Jai",
      "match_played": 17,
      "value": 5,
      "rank": "43",
      "position_id": 8,
      "position_name": "Raider",
      "team_full_name": "Jaipur Pink Panthers"
    },
    {
      "player_id": 365,
      "player": "Akshay Jadhav",
      "player_name": "Akshay Jadhav",
      "team_id": 7,
      "team_name": " Pun",
      "match_played": 18,
      "value": 5,
      "rank": "43",
      "position_id": 8,
      "position_name": "Raider",
      "team_full_name": "Puneri Paltan"
    },
    {
      "player_id": 764,
      "player": "Vinod Kumar",
      "player_name": "Vinod Kumar",
      "team_id": 5,
      "team_name": " Mum",
      "match_played": 17,
      "value": 5,
      "rank": "43",
      "position_id": 1,
      "position_name": "All Rounder",
      "team_full_name": "U Mumba"
    },
    {
      "player_id": 388,
      "player": "Monu Goyat",
      "player_name": "Monu Goyat",
      "team_id": 28,
      "team_name": " HS",
      "match_played": 20,
      "value": 5,
      "rank": "43",
      "position_id": 8,
      "position_name": "Raider",
      "team_full_name": "Haryana Steelers"
    },
    {
      "player_id": 576,
      "player": "Anand Patil",
      "player_name": "Anand Patil",
      "team_id": 3,
      "team_name": " Jai",
      "match_played": 7,
      "value": 5,
      "rank": "43",
      "position_id": 8,
      "position_name": "Raider",
      "team_full_name": "Jaipur Pink Panthers"
    },
    {
      "player_id": 300,
      "player": "Abolfazl Maghsodloumahali",
      "player_name": "Abolfazl Maghsodloumahali",
      "team_id": 5,
      "team_name": " Mum",
      "match_played": 10,
      "value": 5,
      "rank": "43",
      "position_id": 8,
      "position_name": "Raider",
      "team_full_name": "U Mumba"
    },
    {
      "player_id": 242,
      "player": "Tushar Patil",
      "player_name": "Tushar Patil",
      "team_id": 6,
      "team_name": " Pat",
      "match_played": 9,
      "value": 4,
      "rank": "49",
      "position_id": 8,
      "position_name": "Raider",
      "team_full_name": "Patna Pirates"
    },
    {
      "player_id": 218,
      "player": "Sachin Kumar",
      "player_name": "Sachin Kumar",
      "team_id": 30,
      "team_name": " UPY",
      "match_played": 25,
      "value": 4,
      "rank": "49",
      "position_id": 1,
      "position_name": "All Rounder",
      "team_full_name": "U.P. Yoddha"
    },
    {
      "player_id": 142,
      "player": "Sandeep Narwal",
      "player_name": "Sandeep Narwal",
      "team_id": 7,
      "team_name": " Pun",
      "match_played": 18,
      "value": 4,
      "rank": "49",
      "position_id": 1,
      "position_name": "All Rounder",
      "team_full_name": "Puneri Paltan"
    },
    {
      "player_id": 156,
      "player": "Pawan Kumar Kadian",
      "player_name": "Pawan Kumar Kadian",
      "team_id": 2,
      "team_name": " Del",
      "match_played": 13,
      "value": 4,
      "rank": "49",
      "position_id": 8,
      "position_name": "Raider",
      "team_full_name": "Dabang Delhi K.C."
    },
    {
      "player_id": 119,
      "player": "CPO Surjeet Singh",
      "player_name": "CPO Surjeet Singh",
      "team_id": 29,
      "team_name": " TT",
      "match_played": 9,
      "value": 4,
      "rank": "49",
      "position_id": 8,
      "position_name": "Raider",
      "team_full_name": "Tamil Thalaivas"
    },
    {
      "player_id": 389,
      "player": "Ajay Kumar",
      "player_name": "Ajay Kumar",
      "team_id": 31,
      "team_name": " GFG",
      "match_played": 13,
      "value": 4,
      "rank": "49",
      "position_id": 8,
      "position_name": "Raider",
      "team_full_name": "Gujarat Fortunegiants"
    },
    {
      "player_id": 371,
      "player": "Amit Nagar",
      "player_name": "Amit Nagar",
      "team_id": 4,
      "team_name": " Kol",
      "match_played": 9,
      "value": 4,
      "rank": "49",
      "position_id": 8,
      "position_name": "Raider",
      "team_full_name": "Bengal Warriors"
    },
    {
      "player_id": 722,
      "player": "D. Pradap",
      "player_name": "D. Pradap",
      "team_id": 29,
      "team_name": " TT",
      "match_played": 13,
      "value": 4,
      "rank": "49",
      "position_id": 1,
      "position_name": "All Rounder",
      "team_full_name": "Tamil Thalaivas"
    },
    {
      "player_id": 567,
      "player": "Mohsen Maghsoudloujafari",
      "player_name": "Mohsen Maghsoudloujafari",
      "team_id": 8,
      "team_name": " Hyd",
      "match_played": 19,
      "value": 4,
      "rank": "49",
      "position_id": 1,
      "position_name": "All Rounder",
      "team_full_name": "Telugu Titans"
    },
    {
      "player_id": 2298,
      "player": "Armaan",
      "player_name": "Armaan",
      "team_id": 8,
      "team_name": " Hyd",
      "match_played": 4,
      "value": 4,
      "rank": "49",
      "position_id": 1,
      "position_name": "All Rounder",
      "team_full_name": "Telugu Titans"
    },
    {
      "player_id": 2307,
      "player": "Kamal Singh",
      "player_name": "Kamal Singh",
      "team_id": 8,
      "team_name": " Hyd",
      "match_played": 8,
      "value": 3,
      "rank": "59",
      "position_id": 8,
      "position_name": "Raider",
      "team_full_name": "Telugu Titans"
    },
    {
      "player_id": 2325,
      "player": "Anand",
      "player_name": "Anand",
      "team_id": 29,
      "team_name": " TT",
      "match_played": 3,
      "value": 3,
      "rank": "59",
      "position_id": 8,
      "position_name": "Raider",
      "team_full_name": "Tamil Thalaivas"
    },
    {
      "player_id": 837,
      "player": "Rakshith",
      "player_name": "Rakshith",
      "team_id": 8,
      "team_name": " Hyd",
      "match_played": 11,
      "value": 3,
      "rank": "59",
      "position_id": 8,
      "position_name": "Raider",
      "team_full_name": "Telugu Titans"
    },
    {
      "player_id": 2021,
      "player": "Anand V",
      "player_name": "Anand V",
      "team_id": 1,
      "team_name": " Ben",
      "match_played": 3,
      "value": 3,
      "rank": "59",
      "position_id": 8,
      "position_name": "Raider",
      "team_full_name": "Bengaluru Bulls"
    },
    {
      "player_id": 745,
      "player": "Vijay",
      "player_name": "Vijay",
      "team_id": 6,
      "team_name": " Pat",
      "match_played": 21,
      "value": 3,
      "rank": "59",
      "position_id": 1,
      "position_name": "All Rounder",
      "team_full_name": "Patna Pirates"
    },
    {
      "player_id": 363,
      "player": "Sumit Singh",
      "player_name": "Sumit Singh",
      "team_id": 1,
      "team_name": " Ben",
      "match_played": 8,
      "value": 3,
      "rank": "59",
      "position_id": 8,
      "position_name": "Raider",
      "team_full_name": "Bengaluru Bulls"
    },
    {
      "player_id": 482,
      "player": "Farhad Rahimi Milaghardan",
      "player_name": "Farhad Rahimi Milaghardan",
      "team_id": 8,
      "team_name": " Hyd",
      "match_played": 22,
      "value": 3,
      "rank": "59",
      "position_id": 1,
      "position_name": "All Rounder",
      "team_full_name": "Telugu Titans"
    },
    {
      "player_id": 174,
      "player": "Deepak Kumar Dahiya",
      "player_name": "Deepak Kumar Dahiya",
      "team_id": 7,
      "team_name": " Pun",
      "match_played": 11,
      "value": 3,
      "rank": "59",
      "position_id": 8,
      "position_name": "Raider",
      "team_full_name": "Puneri Paltan"
    },
    {
      "player_id": 249,
      "player": "Hadi Oshtorak",
      "player_name": "Hadi Oshtorak",
      "team_id": 31,
      "team_name": " GFG",
      "match_played": 13,
      "value": 3,
      "rank": "59",
      "position_id": 1,
      "position_name": "All Rounder",
      "team_full_name": "Gujarat Fortunegiants"
    },
    {
      "player_id": 121,
      "player": "Vikas Jaglan",
      "player_name": "Vikas Jaglan",
      "team_id": 6,
      "team_name": " Pat",
      "match_played": 14,
      "value": 2,
      "rank": "68",
      "position_id": 1,
      "position_name": "All Rounder",
      "team_full_name": "Patna Pirates"
    },
    {
      "player_id": 52,
      "player": "Jasvir Singh",
      "player_name": "Jasvir Singh",
      "team_id": 29,
      "team_name": " TT",
      "match_played": 16,
      "value": 2,
      "rank": "68",
      "position_id": 8,
      "position_name": "Raider",
      "team_full_name": "Tamil Thalaivas"
    },
    {
      "player_id": 605,
      "player": "Shubham Ashok Palkar",
      "player_name": "Shubham Ashok Palkar",
      "team_id": 31,
      "team_name": " GFG",
      "match_played": 4,
      "value": 2,
      "rank": "68",
      "position_id": 8,
      "position_name": "Raider",
      "team_full_name": "Gujarat Fortunegiants"
    },
    {
      "player_id": 613,
      "player": "Sunil Siddhgavali",
      "player_name": "Sunil Siddhgavali",
      "team_id": 3,
      "team_name": " Jai",
      "match_played": 16,
      "value": 2,
      "rank": "68",
      "position_id": 9,
      "position_name": "Defender",
      "team_full_name": "Jaipur Pink Panthers"
    },
    {
      "player_id": 644,
      "player": "Anand Surendra Tomar",
      "player_name": "Anand Surendra Tomar",
      "team_id": 28,
      "team_name": " HS",
      "match_played": 5,
      "value": 2,
      "rank": "68",
      "position_id": 8,
      "position_name": "Raider",
      "team_full_name": "Haryana Steelers"
    },
    {
      "player_id": 648,
      "player": "Ajit Singh",
      "player_name": "Ajit Singh",
      "team_id": 3,
      "team_name": " Jai",
      "match_played": 6,
      "value": 2,
      "rank": "68",
      "position_id": 8,
      "position_name": "Raider",
      "team_full_name": "Jaipur Pink Panthers"
    },
    {
      "player_id": 731,
      "player": "Sandeep",
      "player_name": "Sandeep",
      "team_id": 7,
      "team_name": " Pun",
      "match_played": 5,
      "value": 2,
      "rank": "68",
      "position_id": 1,
      "position_name": "All Rounder",
      "team_full_name": "Puneri Paltan"
    },
    {
      "player_id": 768,
      "player": "Vijay Kumar",
      "player_name": "Vijay Kumar",
      "team_id": 6,
      "team_name": " Pat",
      "match_played": 4,
      "value": 2,
      "rank": "68",
      "position_id": 6,
      "position_name": "Defender, right corner",
      "team_full_name": "Patna Pirates"
    },
    {
      "player_id": 2266,
      "player": "Mahesh Maruti Magdum",
      "player_name": "Mahesh Maruti Magdum",
      "team_id": 1,
      "team_name": " Ben",
      "match_played": 4,
      "value": 2,
      "rank": "68",
      "position_id": 1,
      "position_name": "All Rounder",
      "team_full_name": "Bengaluru Bulls"
    },
    {
      "player_id": 2302,
      "player": "Mithin Kumar",
      "player_name": "Mithin Kumar",
      "team_id": 4,
      "team_name": " Kol",
      "match_played": 3,
      "value": 2,
      "rank": "68",
      "position_id": 8,
      "position_name": "Raider",
      "team_full_name": "Bengal Warriors"
    },
    {
      "player_id": 2335,
      "player": "Vimal Raj V",
      "player_name": "Vimal Raj V",
      "team_id": 29,
      "team_name": " TT",
      "match_played": 5,
      "value": 1,
      "rank": "78",
      "position_id": 1,
      "position_name": "All Rounder",
      "team_full_name": "Tamil Thalaivas"
    },
    {
      "player_id": 2274,
      "player": "C Manoj Kumar",
      "player_name": "C Manoj Kumar",
      "team_id": 8,
      "team_name": " Hyd",
      "match_played": 12,
      "value": 1,
      "rank": "78",
      "position_id": 4,
      "position_name": "Defender, left cover",
      "team_full_name": "Telugu Titans"
    },
    {
      "player_id": 2278,
      "player": "Bhanu Pratap Tomar",
      "player_name": "Bhanu Pratap Tomar",
      "team_id": 30,
      "team_name": " UPY",
      "match_played": 6,
      "value": 1,
      "rank": "78",
      "position_id": 8,
      "position_name": "Raider",
      "team_full_name": "U.P. Yoddha"
    },
    {
      "player_id": 2290,
      "player": "Rajnish",
      "player_name": "Rajnish",
      "team_id": 8,
      "team_name": " Hyd",
      "match_played": 4,
      "value": 1,
      "rank": "78",
      "position_id": 8,
      "position_name": "Raider",
      "team_full_name": "Telugu Titans"
    },
    {
      "player_id": 2262,
      "player": "Md. Masud Karim",
      "player_name": "Md. Masud Karim",
      "team_id": 30,
      "team_name": " UPY",
      "match_played": 3,
      "value": 1,
      "rank": "78",
      "position_id": 8,
      "position_name": "Raider",
      "team_full_name": "U.P. Yoddha"
    },
    {
      "player_id": 735,
      "player": "Vishal",
      "player_name": "Vishal",
      "team_id": 2,
      "team_name": " Del",
      "match_played": 6,
      "value": 1,
      "rank": "78",
      "position_id": 1,
      "position_name": "All Rounder",
      "team_full_name": "Dabang Delhi K.C."
    },
    {
      "player_id": 796,
      "player": "Rinku Narwal",
      "player_name": "Rinku Narwal",
      "team_id": 7,
      "team_name": " Pun",
      "match_played": 15,
      "value": 1,
      "rank": "78",
      "position_id": 9,
      "position_name": "Defender",
      "team_full_name": "Puneri Paltan"
    },
    {
      "player_id": 786,
      "player": "Parvesh",
      "player_name": "Parvesh",
      "team_id": 7,
      "team_name": " Pun",
      "match_played": 6,
      "value": 1,
      "rank": "78",
      "position_id": 8,
      "position_name": "Raider",
      "team_full_name": "Puneri Paltan"
    },
    {
      "player_id": 44,
      "player": "Gangadhari Mallesh",
      "player_name": "Gangadhari Mallesh",
      "team_id": 3,
      "team_name": " Jai",
      "match_played": 6,
      "value": 1,
      "rank": "78",
      "position_id": 8,
      "position_name": "Raider",
      "team_full_name": "Jaipur Pink Panthers"
    },
    {
      "player_id": 29,
      "player": "Anup Kumar",
      "player_name": "Anup Kumar",
      "team_id": 3,
      "team_name": " Jai",
      "match_played": 13,
      "value": 1,
      "rank": "78",
      "position_id": 8,
      "position_name": "Raider",
      "team_full_name": "Jaipur Pink Panthers"
    },
    {
      "player_id": 245,
      "player": "Yogesh Hooda",
      "player_name": "Yogesh Hooda",
      "team_id": 2,
      "team_name": " Del",
      "match_played": 6,
      "value": 1,
      "rank": "78",
      "position_id": 8,
      "position_name": "Raider",
      "team_full_name": "Dabang Delhi K.C."
    },
    {
      "player_id": 214,
      "player": "Amit Kumar",
      "player_name": "Amit Kumar",
      "team_id": 4,
      "team_name": " Kol",
      "match_played": 2,
      "value": 1,
      "rank": "78",
      "position_id": 8,
      "position_name": "Raider",
      "team_full_name": "Bengal Warriors"
    }
  ],
  "language_lookup": {
    "stat": "Stat",
    "stat_id": "Stat Id",
    "minimum_criteria": "Minimum Criteria",
    "team_id": "Team Id",
    "team_name": "Team Name",
    "player_id": "Player Id",
    "player_name": "Player Name",
    "value": "Value",
    "match_played": "Match Played",
    "team": "Team",
    "tackles": "Tackles"
  }
}