{
  "stat": "Player Avg Tackle Points",
  "stat_id": "139",
  "minimum_criteria": "More than 5 Tackles",
  "data": [
    {
      "player_id": 157,
      "player_name": "Ravinder Pahal",
      "match_played": 14,
      "value": 4.29,
      "team_id": 2,
      "team_name": " Del",
      "rank": "1",
      "position_id": 6,
      "position_name": "Defender, right corner"
    },
    {
      "player_id": 248,
      "player_name": "Sandeep Kandola",
      "match_played": 16,
      "value": 3.69,
      "team_id": 8,
      "team_name": " Hyd",
      "rank": "2",
      "position_id": 3,
      "position_name": "Defender, left corner"
    },
    {
      "player_id": 98,
      "player_name": "Sachin Khambe",
      "match_played": 8,
      "value": 3.0,
      "team_id": 4,
      "team_name": " Kol",
      "rank": "3",
      "position_id": 3,
      "position_name": "Defender, left corner"
    },
    {
      "player_id": 71,
      "player_name": "Mohit Chhillar",
      "match_played": 14,
      "value": 3.0,
      "team_id": 5,
      "team_name": " Mum",
      "rank": "3",
      "position_id": 6,
      "position_name": "Defender, right corner"
    },
    {
      "player_id": 146,
      "player_name": "Surender Nada",
      "match_played": 14,
      "value": 2.93,
      "team_id": 5,
      "team_name": " Mum",
      "rank": "5",
      "position_id": 3,
      "position_name": "Defender, left corner"
    },
    {
      "player_id": 54,
      "player_name": "Jeeva Kumar",
      "match_played": 13,
      "value": 2.92,
      "team_id": 5,
      "team_name": " Mum",
      "rank": "6",
      "position_id": 5,
      "position_name": "Defender, right and left cover"
    },
    {
      "player_id": 240,
      "player_name": "Ravi Kumar",
      "match_played": 13,
      "value": 2.85,
      "team_id": 7,
      "team_name": " Pun",
      "rank": "7",
      "position_id": 7,
      "position_name": "Defender, right cover"
    },
    {
      "player_id": 42,
      "player_name": "Dharmaraj Cheralathan",
      "match_played": 15,
      "value": 2.8,
      "team_id": 1,
      "team_name": " Ben",
      "rank": "8",
      "position_id": 10,
      "position_name": "Defender, right and left corner"
    },
    {
      "player_id": 69,
      "player_name": "Manjeet Chhillar",
      "match_played": 16,
      "value": 2.5,
      "team_id": 1,
      "team_name": " Ben",
      "rank": "9",
      "position_id": 1,
      "position_name": "All Rounder"
    },
    {
      "player_id": 207,
      "player_name": "Sunil",
      "match_played": 9,
      "value": 2.44,
      "team_id": 6,
      "team_name": " Pat",
      "rank": "10",
      "position_id": 3,
      "position_name": "Defender, left corner"
    },
    {
      "player_id": 252,
      "player_name": "Kuldeep Singh",
      "match_played": 14,
      "value": 2.43,
      "team_id": 3,
      "team_name": " Jai",
      "rank": "11",
      "position_id": 1,
      "position_name": "All Rounder"
    },
    {
      "player_id": 109,
      "player_name": "Somvir Shekhar",
      "match_played": 14,
      "value": 2.43,
      "team_id": 1,
      "team_name": " Ben",
      "rank": "11",
      "position_id": 7,
      "position_name": "Defender, right cover"
    },
    {
      "player_id": 41,
      "player_name": "Deepak Niwas Hooda",
      "match_played": 15,
      "value": 2.4,
      "team_id": 8,
      "team_name": " Hyd",
      "rank": "13",
      "position_id": 1,
      "position_name": "All Rounder"
    },
    {
      "player_id": 142,
      "player_name": "Sandeep Narwal",
      "match_played": 16,
      "value": 2.31,
      "team_id": 6,
      "team_name": " Pat",
      "rank": "14",
      "position_id": 1,
      "position_name": "All Rounder"
    },
    {
      "player_id": 73,
      "player_name": "Nilesh Shinde",
      "match_played": 12,
      "value": 2.25,
      "team_id": 4,
      "team_name": " Kol",
      "rank": "15",
      "position_id": 6,
      "position_name": "Defender, right corner"
    },
    {
      "player_id": 160,
      "player_name": "Ran Singh",
      "match_played": 14,
      "value": 2.21,
      "team_id": 3,
      "team_name": " Jai",
      "rank": "16",
      "position_id": 1,
      "position_name": "All Rounder"
    },
    {
      "player_id": 259,
      "player_name": "Fazel Atrachali",
      "match_played": 5,
      "value": 2.2,
      "team_id": 5,
      "team_name": " Mum",
      "rank": "17",
      "position_id": 3,
      "position_name": "Defender, left corner"
    },
    {
      "player_id": 194,
      "player_name": "Joginder Singh Narwal",
      "match_played": 14,
      "value": 2.14,
      "team_id": 1,
      "team_name": " Ben",
      "rank": "18",
      "position_id": 3,
      "position_name": "Defender, left corner"
    },
    {
      "player_id": 161,
      "player_name": "Girish Maruti Ernak",
      "match_played": 13,
      "value": 2.08,
      "team_id": 6,
      "team_name": " Pat",
      "rank": "19",
      "position_id": 3,
      "position_name": "Defender, left corner"
    },
    {
      "player_id": 28,
      "player_name": "Amit Singh Chhillar",
      "match_played": 6,
      "value": 2.0,
      "team_id": 2,
      "team_name": " Del",
      "rank": "20",
      "position_id": 3,
      "position_name": "Defender, left corner"
    },
    {
      "player_id": 246,
      "player_name": "Harvinder Singh",
      "match_played": 4,
      "value": 2.0,
      "team_id": 7,
      "team_name": " Pun",
      "rank": "20",
      "position_id": 7,
      "position_name": "Defender, right cover"
    },
    {
      "player_id": 162,
      "player_name": "D. Suresh Kumar",
      "match_played": 16,
      "value": 1.88,
      "team_id": 6,
      "team_name": " Pat",
      "rank": "22",
      "position_id": 7,
      "position_name": "Defender, right cover"
    },
    {
      "player_id": 164,
      "player_name": "Bajirao Hodage",
      "match_played": 7,
      "value": 1.86,
      "team_id": 4,
      "team_name": " Kol",
      "rank": "23",
      "position_id": 7,
      "position_name": "Defender, right cover"
    },
    {
      "player_id": 123,
      "player_name": "Vishal Mane",
      "match_played": 14,
      "value": 1.86,
      "team_id": 5,
      "team_name": " Mum",
      "rank": "23",
      "position_id": 7,
      "position_name": "Defender, right cover"
    },
    {
      "player_id": 108,
      "player_name": "Shyam Kumar Sah",
      "match_played": 7,
      "value": 1.86,
      "team_id": 4,
      "team_name": " Kol",
      "rank": "23",
      "position_id": 4,
      "position_name": "Defender, left cover"
    },
    {
      "player_id": 185,
      "player_name": "Vijin Thangadurai",
      "match_played": 7,
      "value": 1.86,
      "team_id": 4,
      "team_name": " Kol",
      "rank": "23",
      "position_id": 7,
      "position_name": "Defender, right cover"
    },
    {
      "player_id": 233,
      "player_name": "Manoj Dhull",
      "match_played": 7,
      "value": 1.86,
      "team_id": 7,
      "team_name": " Pun",
      "rank": "23",
      "position_id": 6,
      "position_name": "Defender, right corner"
    },
    {
      "player_id": 212,
      "player_name": "Amit Hooda",
      "match_played": 12,
      "value": 1.75,
      "team_id": 6,
      "team_name": " Pat",
      "rank": "28",
      "position_id": 6,
      "position_name": "Defender, right corner"
    },
    {
      "player_id": 249,
      "player_name": "Hadi Oshtorak",
      "match_played": 4,
      "value": 1.75,
      "team_id": 8,
      "team_name": " Hyd",
      "rank": "28",
      "position_id": 1,
      "position_name": "All Rounder"
    },
    {
      "player_id": 38,
      "player_name": "Dadaso Balaso Awad",
      "match_played": 7,
      "value": 1.71,
      "team_id": 2,
      "team_name": " Del",
      "rank": "30",
      "position_id": 1,
      "position_name": "All Rounder"
    },
    {
      "player_id": 96,
      "player_name": "Rohit Rana",
      "match_played": 10,
      "value": 1.6,
      "team_id": 3,
      "team_name": " Jai",
      "rank": "31",
      "position_id": 4,
      "position_name": "Defender, left cover"
    },
    {
      "player_id": 234,
      "player_name": "Surender Singh",
      "match_played": 2,
      "value": 1.5,
      "team_id": 7,
      "team_name": " Pun",
      "rank": "32",
      "position_id": 8,
      "position_name": "Raider"
    },
    {
      "player_id": 158,
      "player_name": "Rakesh Singh Kumar",
      "match_played": 13,
      "value": 1.46,
      "team_id": 2,
      "team_name": " Del",
      "rank": "33",
      "position_id": 4,
      "position_name": "Defender, left cover"
    },
    {
      "player_id": 235,
      "player_name": "Vijender Singh",
      "match_played": 7,
      "value": 1.43,
      "team_id": 7,
      "team_name": " Pun",
      "rank": "34",
      "position_id": 3,
      "position_name": "Defender, left corner"
    },
    {
      "player_id": 84,
      "player_name": "Rajaguru Subramanian",
      "match_played": 12,
      "value": 1.42,
      "team_id": 8,
      "team_name": " Hyd",
      "rank": "35",
      "position_id": 7,
      "position_name": "Defender, right cover"
    },
    {
      "player_id": 181,
      "player_name": "Deepak Dhull",
      "match_played": 8,
      "value": 1.38,
      "team_id": 4,
      "team_name": " Kol",
      "rank": "36",
      "position_id": 4,
      "position_name": "Defender, left cover"
    },
    {
      "player_id": 191,
      "player_name": "C. Arun",
      "match_played": 8,
      "value": 1.38,
      "team_id": 3,
      "team_name": " Jai",
      "rank": "36",
      "position_id": 4,
      "position_name": "Defender, left cover"
    },
    {
      "player_id": 223,
      "player_name": "Rajeev Kumar",
      "match_played": 3,
      "value": 1.33,
      "team_id": 2,
      "team_name": " Del",
      "rank": "38",
      "position_id": 3,
      "position_name": "Defender, left corner"
    },
    {
      "player_id": 152,
      "player_name": "D. Gopu",
      "match_played": 7,
      "value": 1.29,
      "team_id": 8,
      "team_name": " Hyd",
      "rank": "39",
      "position_id": 10,
      "position_name": "Defender, right and left corner"
    },
    {
      "player_id": 86,
      "player_name": "Rajesh Narwal",
      "match_played": 14,
      "value": 1.29,
      "team_id": 3,
      "team_name": " Jai",
      "rank": "39",
      "position_id": 1,
      "position_name": "All Rounder"
    },
    {
      "player_id": 184,
      "player_name": "Deepak Kumar",
      "match_played": 4,
      "value": 1.25,
      "team_id": 4,
      "team_name": " Kol",
      "rank": "41",
      "position_id": 3,
      "position_name": "Defender, left corner"
    },
    {
      "player_id": 70,
      "player_name": "Manoj Kumar",
      "match_played": 14,
      "value": 1.21,
      "team_id": 7,
      "team_name": " Pun",
      "rank": "42",
      "position_id": 4,
      "position_name": "Defender, left cover"
    },
    {
      "player_id": 179,
      "player_name": "Vikas Kale",
      "match_played": 8,
      "value": 1.13,
      "team_id": 4,
      "team_name": " Kol",
      "rank": "43",
      "position_id": 7,
      "position_name": "Defender, right cover"
    },
    {
      "player_id": 94,
      "player_name": "Rishank Devadiga",
      "match_played": 13,
      "value": 1.08,
      "team_id": 5,
      "team_name": " Mum",
      "rank": "44",
      "position_id": 8,
      "position_name": "Raider"
    },
    {
      "player_id": 97,
      "player_name": "Rupesh Tomar",
      "match_played": 6,
      "value": 1.0,
      "team_id": 8,
      "team_name": " Hyd",
      "rank": "45",
      "position_id": 1,
      "position_name": "All Rounder"
    },
    {
      "player_id": 13,
      "player_name": "Seong Ryeol Kim",
      "match_played": 4,
      "value": 1.0,
      "team_id": 4,
      "team_name": " Kol",
      "rank": "45",
      "position_id": 9,
      "position_name": "Defender"
    },
    {
      "player_id": 201,
      "player_name": "Adinath Sakharam Gavali",
      "match_played": 1,
      "value": 1.0,
      "team_id": 1,
      "team_name": " Ben",
      "rank": "45",
      "position_id": 5,
      "position_name": "Defender, right and left cover"
    },
    {
      "player_id": 169,
      "player_name": "Sagar Khatale",
      "match_played": 4,
      "value": 1.0,
      "team_id": 7,
      "team_name": " Pun",
      "rank": "45",
      "position_id": 6,
      "position_name": "Defender, right corner"
    },
    {
      "player_id": 147,
      "player_name": "Prashant Chavan",
      "match_played": 11,
      "value": 1.0,
      "team_id": 3,
      "team_name": " Jai",
      "rank": "45",
      "position_id": 6,
      "position_name": "Defender, right corner"
    },
    {
      "player_id": 107,
      "player_name": "Shrikant Tewthia",
      "match_played": 9,
      "value": 1.0,
      "team_id": 2,
      "team_name": " Del",
      "rank": "45",
      "position_id": 1,
      "position_name": "All Rounder"
    },
    {
      "player_id": 221,
      "player_name": "Anoop E.V.",
      "match_played": 2,
      "value": 1.0,
      "team_id": 5,
      "team_name": " Mum",
      "rank": "45",
      "position_id": 8,
      "position_name": "Raider"
    },
    {
      "player_id": 178,
      "player_name": "Parveen M. Jangra",
      "match_played": 6,
      "value": 0.83,
      "team_id": 4,
      "team_name": " Kol",
      "rank": "52",
      "position_id": 4,
      "position_name": "Defender, left cover"
    },
    {
      "player_id": 56,
      "player_name": "Kalimuthu Balamahendran",
      "match_played": 6,
      "value": 0.83,
      "team_id": 7,
      "team_name": " Pun",
      "rank": "52",
      "position_id": 3,
      "position_name": "Defender, left corner"
    },
    {
      "player_id": 44,
      "player_name": "Gangadhari Mallesh",
      "match_played": 10,
      "value": 0.8,
      "team_id": 3,
      "team_name": " Jai",
      "rank": "54",
      "position_id": 8,
      "position_name": "Raider"
    },
    {
      "player_id": 52,
      "player_name": "Jasvir Singh",
      "match_played": 13,
      "value": 0.77,
      "team_id": 3,
      "team_name": " Jai",
      "rank": "55",
      "position_id": 8,
      "position_name": "Raider"
    },
    {
      "player_id": 222,
      "player_name": "G.S. Manikandan",
      "match_played": 13,
      "value": 0.77,
      "team_id": 2,
      "team_name": " Del",
      "rank": "55",
      "position_id": 4,
      "position_name": "Defender, left cover"
    },
    {
      "player_id": 88,
      "player_name": "Rakesh Kumar",
      "match_played": 4,
      "value": 0.75,
      "team_id": 6,
      "team_name": " Pat",
      "rank": "57",
      "position_id": 1,
      "position_name": "All Rounder"
    },
    {
      "player_id": 34,
      "player_name": "Bhupender Singh",
      "match_played": 11,
      "value": 0.73,
      "team_id": 5,
      "team_name": " Mum",
      "rank": "58",
      "position_id": 1,
      "position_name": "All Rounder"
    },
    {
      "player_id": 51,
      "player_name": "Jasmer Singh Gulia",
      "match_played": 3,
      "value": 0.67,
      "team_id": 2,
      "team_name": " Del",
      "rank": "59",
      "position_id": 1,
      "position_name": "All Rounder"
    },
    {
      "player_id": 67,
      "player_name": "Mahipal Narwal",
      "match_played": 9,
      "value": 0.67,
      "team_id": 7,
      "team_name": " Pun",
      "rank": "59",
      "position_id": 1,
      "position_name": "All Rounder"
    },
    {
      "player_id": 76,
      "player_name": "Nitin More",
      "match_played": 3,
      "value": 0.67,
      "team_id": 7,
      "team_name": " Pun",
      "rank": "59",
      "position_id": 4,
      "position_name": "Defender, left cover"
    },
    {
      "player_id": 167,
      "player_name": "Preetam Chhillar",
      "match_played": 12,
      "value": 0.67,
      "team_id": 1,
      "team_name": " Ben",
      "rank": "59",
      "position_id": 1,
      "position_name": "All Rounder"
    },
    {
      "player_id": 236,
      "player_name": "T. Prasad",
      "match_played": 6,
      "value": 0.67,
      "team_id": 8,
      "team_name": " Hyd",
      "rank": "59",
      "position_id": 1,
      "position_name": "All Rounder"
    },
    {
      "player_id": 81,
      "player_name": "Rahul Chaudhari",
      "match_played": 14,
      "value": 0.64,
      "team_id": 8,
      "team_name": " Hyd",
      "rank": "64",
      "position_id": 8,
      "position_name": "Raider"
    },
    {
      "player_id": 14,
      "player_name": "Tae Deok Eom",
      "match_played": 8,
      "value": 0.63,
      "team_id": 6,
      "team_name": " Pat",
      "rank": "65",
      "position_id": 1,
      "position_name": "All Rounder"
    },
    {
      "player_id": 208,
      "player_name": "Varinder Singh",
      "match_played": 8,
      "value": 0.63,
      "team_id": 6,
      "team_name": " Pat",
      "rank": "65",
      "position_id": 4,
      "position_name": "Defender, left cover"
    },
    {
      "player_id": 251,
      "player_name": "Meraj Sheykh",
      "match_played": 15,
      "value": 0.6,
      "team_id": 8,
      "team_name": " Hyd",
      "rank": "67",
      "position_id": 1,
      "position_name": "All Rounder"
    },
    {
      "player_id": 55,
      "player_name": "Jitesh Joshi",
      "match_played": 5,
      "value": 0.6,
      "team_id": 7,
      "team_name": " Pun",
      "rank": "67",
      "position_id": 1,
      "position_name": "All Rounder"
    },
    {
      "player_id": 202,
      "player_name": "Ashish Kumar",
      "match_played": 5,
      "value": 0.6,
      "team_id": 1,
      "team_name": " Ben",
      "rank": "67",
      "position_id": 7,
      "position_name": "Defender, right cover"
    },
    {
      "player_id": 141,
      "player_name": "Sunil Jaipal",
      "match_played": 10,
      "value": 0.6,
      "team_id": 4,
      "team_name": " Kol",
      "rank": "67",
      "position_id": 8,
      "position_name": "Raider"
    },
    {
      "player_id": 238,
      "player_name": "Isac Antony",
      "match_played": 7,
      "value": 0.57,
      "team_id": 8,
      "team_name": " Hyd",
      "rank": "71",
      "position_id": 8,
      "position_name": "Raider"
    },
    {
      "player_id": 206,
      "player_name": "Aman Kumar",
      "match_played": 4,
      "value": 0.5,
      "team_id": 6,
      "team_name": " Pat",
      "rank": "72",
      "position_id": 4,
      "position_name": "Defender, left cover"
    },
    {
      "player_id": 165,
      "player_name": "Sachin Shingade",
      "match_played": 4,
      "value": 0.5,
      "team_id": 8,
      "team_name": " Hyd",
      "rank": "72",
      "position_id": 4,
      "position_name": "Defender, left cover"
    },
    {
      "player_id": 53,
      "player_name": "Jeeva Gopal",
      "match_played": 2,
      "value": 0.5,
      "team_id": 5,
      "team_name": " Mum",
      "rank": "72",
      "position_id": 4,
      "position_name": "Defender, left cover"
    },
    {
      "player_id": 29,
      "player_name": "Anup Kumar",
      "match_played": 14,
      "value": 0.5,
      "team_id": 5,
      "team_name": " Mum",
      "rank": "72",
      "position_id": 8,
      "position_name": "Raider"
    },
    {
      "player_id": 171,
      "player_name": "Pradeep Kumar",
      "match_played": 6,
      "value": 0.33,
      "team_id": 5,
      "team_name": " Mum",
      "rank": "76",
      "position_id": 8,
      "position_name": "Raider"
    },
    {
      "player_id": 239,
      "player_name": "Jishnu",
      "match_played": 3,
      "value": 0.33,
      "team_id": 8,
      "team_name": " Hyd",
      "rank": "76",
      "position_id": 7,
      "position_name": "Defender, right cover"
    },
    {
      "player_id": 241,
      "player_name": "Ravit Kumar",
      "match_played": 3,
      "value": 0.33,
      "team_id": 8,
      "team_name": " Hyd",
      "rank": "76",
      "position_id": 8,
      "position_name": "Raider"
    },
    {
      "player_id": 46,
      "player_name": "Gurvinder Singh",
      "match_played": 16,
      "value": 0.31,
      "team_id": 6,
      "team_name": " Pat",
      "rank": "79",
      "position_id": 8,
      "position_name": "Raider"
    },
    {
      "player_id": 92,
      "player_name": "Ravi Dalal",
      "match_played": 11,
      "value": 0.27,
      "team_id": 6,
      "team_name": " Pat",
      "rank": "80",
      "position_id": 8,
      "position_name": "Raider"
    },
    {
      "player_id": 155,
      "player_name": "Prashanth Kumar Rai",
      "match_played": 15,
      "value": 0.27,
      "team_id": 8,
      "team_name": " Hyd",
      "rank": "80",
      "position_id": 8,
      "position_name": "Raider"
    },
    {
      "player_id": 211,
      "player_name": "Deepak Narwal",
      "match_played": 16,
      "value": 0.25,
      "team_id": 6,
      "team_name": " Pat",
      "rank": "82",
      "position_id": 8,
      "position_name": "Raider"
    },
    {
      "player_id": 268,
      "player_name": "Vineet Sharma",
      "match_played": 8,
      "value": 0.25,
      "team_id": 4,
      "team_name": " Kol",
      "rank": "82",
      "position_id": 8,
      "position_name": "Raider"
    },
    {
      "player_id": 267,
      "player_name": "Amit Kumar Tomar",
      "match_played": 9,
      "value": 0.22,
      "team_id": 2,
      "team_name": " Del",
      "rank": "84",
      "position_id": 8,
      "position_name": "Raider"
    },
    {
      "player_id": 217,
      "player_name": "Rohit Kumar Choudary",
      "match_played": 14,
      "value": 0.21,
      "team_id": 2,
      "team_name": " Del",
      "rank": "85",
      "position_id": 8,
      "position_name": "Raider"
    },
    {
      "player_id": 58,
      "player_name": "Kashiling Adake",
      "match_played": 14,
      "value": 0.21,
      "team_id": 2,
      "team_name": " Del",
      "rank": "85",
      "position_id": 8,
      "position_name": "Raider"
    },
    {
      "player_id": 124,
      "player_name": "Wazir Singh",
      "match_played": 11,
      "value": 0.18,
      "team_id": 7,
      "team_name": " Pun",
      "rank": "87",
      "position_id": 8,
      "position_name": "Raider"
    },
    {
      "player_id": 111,
      "player_name": "Sukesh Hegde",
      "match_played": 13,
      "value": 0.15,
      "team_id": 8,
      "team_name": " Hyd",
      "rank": "88",
      "position_id": 8,
      "position_name": "Raider"
    },
    {
      "player_id": 12,
      "player_name": "Jang Kun Lee",
      "match_played": 14,
      "value": 0.14,
      "team_id": 4,
      "team_name": " Kol",
      "rank": "89",
      "position_id": 8,
      "position_name": "Raider"
    },
    {
      "player_id": 72,
      "player_name": "Navneet Gautam",
      "match_played": 7,
      "value": 0.14,
      "team_id": 3,
      "team_name": " Jai",
      "rank": "89",
      "position_id": 3,
      "position_name": "Defender, left corner"
    },
    {
      "player_id": 243,
      "player_name": "Sanjay Kumar",
      "match_played": 7,
      "value": 0.14,
      "team_id": 7,
      "team_name": " Pun",
      "rank": "89",
      "position_id": 1,
      "position_name": "All Rounder"
    },
    {
      "player_id": 79,
      "player_name": "Pravin Niwale",
      "match_played": 8,
      "value": 0.13,
      "team_id": 7,
      "team_name": " Pun",
      "rank": "92",
      "position_id": 8,
      "position_name": "Raider"
    },
    {
      "player_id": 105,
      "player_name": "Shabeer Bappu",
      "match_played": 10,
      "value": 0.1,
      "team_id": 5,
      "team_name": " Mum",
      "rank": "93",
      "position_id": 8,
      "position_name": "Raider"
    },
    {
      "player_id": 163,
      "player_name": "Mahendra Ganesh Rajput",
      "match_played": 12,
      "value": 0.08,
      "team_id": 4,
      "team_name": " Kol",
      "rank": "94",
      "position_id": 8,
      "position_name": "Raider"
    },
    {
      "player_id": 26,
      "player_name": "Ajay Thakur",
      "match_played": 13,
      "value": 0.08,
      "team_id": 1,
      "team_name": " Ben",
      "rank": "94",
      "position_id": 8,
      "position_name": "Raider"
    },
    {
      "player_id": 85,
      "player_name": "Rajesh Mondal",
      "match_played": 15,
      "value": 0.07,
      "team_id": 1,
      "team_name": " Ben",
      "rank": "96",
      "position_id": 8,
      "position_name": "Raider"
    },
    {
      "player_id": 204,
      "player_name": "Rakesh Narwal",
      "match_played": 11,
      "value": 0.0,
      "team_id": 1,
      "team_name": " Ben",
      "rank": "97",
      "position_id": 8,
      "position_name": "Raider"
    },
    {
      "player_id": 247,
      "player_name": "Anil Singh",
      "match_played": 2,
      "value": 0.0,
      "team_id": 7,
      "team_name": " Pun",
      "rank": "97",
      "position_id": 6,
      "position_name": "Defender, right corner"
    }
  ],
  "language_lookup": {
    "stat": "Stat",
    "stat_id": "Stat Id",
    "minimum_criteria": "Minimum Criteria",
    "team_id": "Team Id",
    "team_name": "Team Name",
    "player_id": "Player Id",
    "player_name": "Player Name",
    "value": "Value",
    "match_played": "Match Played",
    "team": "Team",
    "tackles": "Tackles"
  }
}