{
  "stat": "Player Avg Raid Points",
  "stat_id": "138",
  "minimum_criteria": "",
  "data": [
    {
      "player_id": 318,
      "player_name": "Pawan Kumar Sehrawat",
      "match_played": 24,
      "value": 11.29,
      "team_id": 1,
      "team_name": " Ben",
      "rank": "1",
      "position_id": 8,
      "position_name": "Raider",
      "team_full_name": "Bengaluru Bulls"
    },
    {
      "player_id": 197,
      "player_name": "Pardeep Narwal",
      "match_played": 21,
      "value": 11.1,
      "team_id": 6,
      "team_name": " Pat",
      "rank": "2",
      "position_id": 8,
      "position_name": "Raider",
      "team_full_name": "Patna Pirates"
    },
    {
      "player_id": 2026,
      "player_name": "Siddharth Sirish Desai",
      "match_played": 21,
      "value": 10.38,
      "team_id": 5,
      "team_name": " Mum",
      "rank": "3",
      "position_id": 8,
      "position_name": "Raider",
      "team_full_name": "U Mumba"
    },
    {
      "player_id": 143,
      "player_name": "Maninder Singh",
      "match_played": 22,
      "value": 9.36,
      "team_id": 4,
      "team_name": " Kol",
      "rank": "4",
      "position_id": 8,
      "position_name": "Raider",
      "team_full_name": "Bengal Warriors"
    },
    {
      "player_id": 26,
      "player_name": "Ajay Thakur",
      "match_played": 22,
      "value": 9.23,
      "team_id": 29,
      "team_name": " TT",
      "rank": "5",
      "position_id": 8,
      "position_name": "Raider",
      "team_full_name": "Tamil Thalaivas"
    },
    {
      "player_id": 320,
      "player_name": "Nitin Tomar",
      "match_played": 11,
      "value": 9.09,
      "team_id": 7,
      "team_name": " Pun",
      "rank": "6",
      "position_id": 8,
      "position_name": "Raider",
      "team_full_name": "Puneri Paltan"
    },
    {
      "player_id": 41,
      "player_name": "Deepak Niwas Hooda",
      "match_played": 22,
      "value": 8.91,
      "team_id": 3,
      "team_name": " Jai",
      "rank": "7",
      "position_id": 1,
      "position_name": "All Rounder",
      "team_full_name": "Jaipur Pink Panthers"
    },
    {
      "player_id": 757,
      "player_name": "Sachin Tanwar",
      "match_played": 23,
      "value": 8.26,
      "team_id": 31,
      "team_name": " GFG",
      "rank": "8",
      "position_id": 8,
      "position_name": "Raider",
      "team_full_name": "Gujarat Fortunegiants"
    },
    {
      "player_id": 388,
      "player_name": "Monu Goyat",
      "match_played": 20,
      "value": 8.0,
      "team_id": 28,
      "team_name": " HS",
      "rank": "9",
      "position_id": 8,
      "position_name": "Raider",
      "team_full_name": "Haryana Steelers"
    },
    {
      "player_id": 366,
      "player_name": "Vikash Kandola",
      "match_played": 22,
      "value": 7.82,
      "team_id": 28,
      "team_name": " HS",
      "rank": "10",
      "position_id": 8,
      "position_name": "Raider",
      "team_full_name": "Haryana Steelers"
    },
    {
      "player_id": 2296,
      "player_name": "Naveen Kumar",
      "match_played": 22,
      "value": 7.82,
      "team_id": 2,
      "team_name": " Del",
      "rank": "10",
      "position_id": 8,
      "position_name": "Raider",
      "team_full_name": "Dabang Delhi K.C."
    },
    {
      "player_id": 81,
      "player_name": "Rahul Chaudhari",
      "match_played": 21,
      "value": 7.57,
      "team_id": 8,
      "team_name": " Hyd",
      "rank": "12",
      "position_id": 8,
      "position_name": "Raider",
      "team_full_name": "Telugu Titans"
    },
    {
      "player_id": 155,
      "player_name": "Prashanth Kumar Rai",
      "match_played": 21,
      "value": 7.2,
      "team_id": 30,
      "team_name": " UPY",
      "rank": "13",
      "position_id": 8,
      "position_name": "Raider",
      "team_full_name": "U.P. Yoddha"
    },
    {
      "player_id": 326,
      "player_name": "Rohit Kumar",
      "match_played": 24,
      "value": 6.75,
      "team_id": 1,
      "team_name": " Ben",
      "rank": "14",
      "position_id": 8,
      "position_name": "Raider",
      "team_full_name": "Bengaluru Bulls"
    },
    {
      "player_id": 36,
      "player_name": "Chandran Ranjit",
      "match_played": 24,
      "value": 6.38,
      "team_id": 2,
      "team_name": " Del",
      "rank": "15",
      "position_id": 8,
      "position_name": "Raider",
      "team_full_name": "Dabang Delhi K.C."
    },
    {
      "player_id": 106,
      "player_name": "Shrikant Jadhav",
      "match_played": 25,
      "value": 5.64,
      "team_id": 30,
      "team_name": " UPY",
      "rank": "16",
      "position_id": 8,
      "position_name": "Raider",
      "team_full_name": "U.P. Yoddha"
    },
    {
      "player_id": 219,
      "player_name": "K. Prapanjan",
      "match_played": 22,
      "value": 5.55,
      "team_id": 31,
      "team_name": " GFG",
      "rank": "17",
      "position_id": 8,
      "position_name": "Raider",
      "team_full_name": "Gujarat Fortunegiants"
    },
    {
      "player_id": 261,
      "player_name": "Rohit Baliyan",
      "match_played": 19,
      "value": 5.22,
      "team_id": 5,
      "team_name": " Mum",
      "rank": "18",
      "position_id": 8,
      "position_name": "Raider",
      "team_full_name": "U Mumba"
    },
    {
      "player_id": 251,
      "player_name": "Meraj Sheykh",
      "match_played": 19,
      "value": 4.95,
      "team_id": 2,
      "team_name": " Del",
      "rank": "19",
      "position_id": 1,
      "position_name": "All Rounder",
      "team_full_name": "Dabang Delhi K.C."
    },
    {
      "player_id": 12,
      "player_name": "Jang Kun Lee",
      "match_played": 18,
      "value": 4.39,
      "team_id": 4,
      "team_name": " Kol",
      "rank": "20",
      "position_id": 8,
      "position_name": "Raider",
      "team_full_name": "Bengal Warriors"
    },
    {
      "player_id": 94,
      "player_name": "Rishank Devadiga",
      "match_played": 23,
      "value": 4.35,
      "team_id": 30,
      "team_name": " UPY",
      "rank": "21",
      "position_id": 8,
      "position_name": "Raider",
      "team_full_name": "U.P. Yoddha"
    },
    {
      "player_id": 293,
      "player_name": "Nilesh Salunke",
      "match_played": 19,
      "value": 4.26,
      "team_id": 8,
      "team_name": " Hyd",
      "rank": "22",
      "position_id": 8,
      "position_name": "Raider",
      "team_full_name": "Telugu Titans"
    },
    {
      "player_id": 2357,
      "player_name": "Naveen",
      "match_played": 21,
      "value": 4.19,
      "team_id": 28,
      "team_name": " HS",
      "rank": "23",
      "position_id": 8,
      "position_name": "Raider",
      "team_full_name": "Haryana Steelers"
    },
    {
      "player_id": 2475,
      "player_name": "Ajinkya Ashok Pawar",
      "match_played": 17,
      "value": 4.18,
      "team_id": 3,
      "team_name": " Jai",
      "rank": "24",
      "position_id": 8,
      "position_name": "Raider",
      "team_full_name": "Jaipur Pink Panthers"
    },
    {
      "player_id": 211,
      "player_name": "Deepak Narwal",
      "match_played": 17,
      "value": 4.12,
      "team_id": 6,
      "team_name": " Pat",
      "rank": "25",
      "position_id": 8,
      "position_name": "Raider",
      "team_full_name": "Patna Pirates"
    },
    {
      "player_id": 111,
      "player_name": "Sukesh Hegde",
      "match_played": 17,
      "value": 4.0,
      "team_id": 29,
      "team_name": " TT",
      "rank": "26",
      "position_id": 8,
      "position_name": "Raider",
      "team_full_name": "Tamil Thalaivas"
    },
    {
      "player_id": 763,
      "player_name": "Manjeet",
      "match_played": 22,
      "value": 3.95,
      "team_id": 6,
      "team_name": " Pat",
      "rank": "27",
      "position_id": 8,
      "position_name": "Raider",
      "team_full_name": "Patna Pirates"
    },
    {
      "player_id": 66,
      "player_name": "Mahesh Goud",
      "match_played": 10,
      "value": 3.8,
      "team_id": 4,
      "team_name": " Kol",
      "rank": "28",
      "position_id": 8,
      "position_name": "Raider",
      "team_full_name": "Bengal Warriors"
    },
    {
      "player_id": 772,
      "player_name": "More GB",
      "match_played": 22,
      "value": 3.59,
      "team_id": 7,
      "team_name": " Pun",
      "rank": "29",
      "position_id": 8,
      "position_name": "Raider",
      "team_full_name": "Puneri Paltan"
    },
    {
      "player_id": 791,
      "player_name": "Nitin Rawal",
      "match_played": 9,
      "value": 3.57,
      "team_id": 3,
      "team_name": " Jai",
      "rank": "30",
      "position_id": 1,
      "position_name": "All Rounder",
      "team_full_name": "Jaipur Pink Panthers"
    },
    {
      "player_id": 731,
      "player_name": "Sandeep",
      "match_played": 5,
      "value": 3.5,
      "team_id": 7,
      "team_name": " Pun",
      "rank": "31",
      "position_id": 1,
      "position_name": "All Rounder",
      "team_full_name": "Puneri Paltan"
    },
    {
      "player_id": 324,
      "player_name": "Darshan Kadian",
      "match_played": 14,
      "value": 3.5,
      "team_id": 5,
      "team_name": " Mum",
      "rank": "31",
      "position_id": 8,
      "position_name": "Raider",
      "team_full_name": "U Mumba"
    },
    {
      "player_id": 156,
      "player_name": "Pawan Kumar Kadian",
      "match_played": 13,
      "value": 3.46,
      "team_id": 2,
      "team_name": " Del",
      "rank": "33",
      "position_id": 8,
      "position_name": "Raider",
      "team_full_name": "Dabang Delhi K.C."
    },
    {
      "player_id": 58,
      "player_name": "Kashiling Adake",
      "match_played": 20,
      "value": 3.35,
      "team_id": 1,
      "team_name": " Ben",
      "rank": "34",
      "position_id": 8,
      "position_name": "Raider",
      "team_full_name": "Bengaluru Bulls"
    },
    {
      "player_id": 2298,
      "player_name": "Armaan",
      "match_played": 4,
      "value": 3.25,
      "team_id": 8,
      "team_name": " Hyd",
      "rank": "35",
      "position_id": 1,
      "position_name": "All Rounder",
      "team_full_name": "Telugu Titans"
    },
    {
      "player_id": 795,
      "player_name": "Monu",
      "match_played": 14,
      "value": 3.21,
      "team_id": 7,
      "team_name": " Pun",
      "rank": "36",
      "position_id": 8,
      "position_name": "Raider",
      "team_full_name": "Puneri Paltan"
    },
    {
      "player_id": 745,
      "player_name": "Vijay",
      "match_played": 21,
      "value": 3.16,
      "team_id": 6,
      "team_name": " Pat",
      "rank": "37",
      "position_id": 1,
      "position_name": "All Rounder",
      "team_full_name": "Patna Pirates"
    },
    {
      "player_id": 2028,
      "player_name": "Abhishek Singh",
      "match_played": 15,
      "value": 3.13,
      "team_id": 5,
      "team_name": " Mum",
      "rank": "38",
      "position_id": 8,
      "position_name": "Raider",
      "team_full_name": "U Mumba"
    },
    {
      "player_id": 370,
      "player_name": "Ravindra Ramesh Kumawat",
      "match_played": 12,
      "value": 3.08,
      "team_id": 4,
      "team_name": " Kol",
      "rank": "39",
      "position_id": 8,
      "position_name": "Raider",
      "team_full_name": "Bengal Warriors"
    },
    {
      "player_id": 376,
      "player_name": "Athul MS",
      "match_played": 19,
      "value": 3.06,
      "team_id": 29,
      "team_name": " TT",
      "rank": "40",
      "position_id": 8,
      "position_name": "Raider",
      "team_full_name": "Tamil Thalaivas"
    },
    {
      "player_id": 686,
      "player_name": "Rohit Gulia",
      "match_played": 19,
      "value": 3.05,
      "team_id": 31,
      "team_name": " GFG",
      "rank": "41",
      "position_id": 1,
      "position_name": "All Rounder",
      "team_full_name": "Gujarat Fortunegiants"
    },
    {
      "player_id": 372,
      "player_name": "Harish Naik",
      "match_played": 7,
      "value": 3.0,
      "team_id": 1,
      "team_name": " Ben",
      "rank": "42",
      "position_id": 8,
      "position_name": "Raider",
      "team_full_name": "Bengaluru Bulls"
    },
    {
      "player_id": 29,
      "player_name": "Anup Kumar",
      "match_played": 13,
      "value": 2.92,
      "team_id": 3,
      "team_name": " Jai",
      "rank": "43",
      "position_id": 8,
      "position_name": "Raider",
      "team_full_name": "Jaipur Pink Panthers"
    },
    {
      "player_id": 174,
      "player_name": "Deepak Kumar Dahiya",
      "match_played": 11,
      "value": 2.82,
      "team_id": 7,
      "team_name": " Pun",
      "rank": "44",
      "position_id": 8,
      "position_name": "Raider",
      "team_full_name": "Puneri Paltan"
    },
    {
      "player_id": 522,
      "player_name": "Dong Geon Lee",
      "match_played": 11,
      "value": 2.82,
      "team_id": 31,
      "team_name": " GFG",
      "rank": "44",
      "position_id": 8,
      "position_name": "Raider",
      "team_full_name": "Gujarat Fortunegiants"
    },
    {
      "player_id": 52,
      "player_name": "Jasvir Singh",
      "match_played": 16,
      "value": 2.8,
      "team_id": 29,
      "team_name": " TT",
      "rank": "46",
      "position_id": 8,
      "position_name": "Raider",
      "team_full_name": "Tamil Thalaivas"
    },
    {
      "player_id": 264,
      "player_name": "Selvamani K",
      "match_played": 15,
      "value": 2.71,
      "team_id": 3,
      "team_name": " Jai",
      "rank": "47",
      "position_id": 8,
      "position_name": "Raider",
      "team_full_name": "Jaipur Pink Panthers"
    },
    {
      "player_id": 389,
      "player_name": "Ajay Kumar",
      "match_played": 13,
      "value": 2.67,
      "team_id": 31,
      "team_name": " GFG",
      "rank": "48",
      "position_id": 8,
      "position_name": "Raider",
      "team_full_name": "Gujarat Fortunegiants"
    },
    {
      "player_id": 2325,
      "player_name": "Anand",
      "match_played": 3,
      "value": 2.67,
      "team_id": 29,
      "team_name": " TT",
      "rank": "48",
      "position_id": 8,
      "position_name": "Raider",
      "team_full_name": "Tamil Thalaivas"
    },
    {
      "player_id": 34,
      "player_name": "Bhupender Singh",
      "match_played": 4,
      "value": 2.5,
      "team_id": 4,
      "team_name": " Kol",
      "rank": "50",
      "position_id": 1,
      "position_name": "All Rounder",
      "team_full_name": "Bengal Warriors"
    },
    {
      "player_id": 2316,
      "player_name": "Azad Singh",
      "match_played": 9,
      "value": 2.33,
      "team_id": 30,
      "team_name": " UPY",
      "rank": "51",
      "position_id": 8,
      "position_name": "Raider",
      "team_full_name": "U.P. Yoddha"
    },
    {
      "player_id": 2266,
      "player_name": "Mahesh Maruti Magdum",
      "match_played": 4,
      "value": 2.33,
      "team_id": 1,
      "team_name": " Ben",
      "rank": "51",
      "position_id": 1,
      "position_name": "All Rounder",
      "team_full_name": "Bengaluru Bulls"
    },
    {
      "player_id": 300,
      "player_name": "Abolfazl Maghsodloumahali",
      "match_played": 10,
      "value": 2.3,
      "team_id": 5,
      "team_name": " Mum",
      "rank": "53",
      "position_id": 8,
      "position_name": "Raider",
      "team_full_name": "U Mumba"
    },
    {
      "player_id": 2290,
      "player_name": "Rajnish",
      "match_played": 4,
      "value": 2.25,
      "team_id": 8,
      "team_name": " Hyd",
      "rank": "54",
      "position_id": 8,
      "position_name": "Raider",
      "team_full_name": "Telugu Titans"
    },
    {
      "player_id": 242,
      "player_name": "Tushar Patil",
      "match_played": 9,
      "value": 2.22,
      "team_id": 6,
      "team_name": " Pat",
      "rank": "55",
      "position_id": 8,
      "position_name": "Raider",
      "team_full_name": "Patna Pirates"
    },
    {
      "player_id": 2307,
      "player_name": "Kamal Singh",
      "match_played": 8,
      "value": 2.17,
      "team_id": 8,
      "team_name": " Hyd",
      "rank": "56",
      "position_id": 8,
      "position_name": "Raider",
      "team_full_name": "Telugu Titans"
    },
    {
      "player_id": 163,
      "player_name": "Mahendra Ganesh Rajput",
      "match_played": 13,
      "value": 2.15,
      "team_id": 31,
      "team_name": " GFG",
      "rank": "57",
      "position_id": 8,
      "position_name": "Raider",
      "team_full_name": "Gujarat Fortunegiants"
    },
    {
      "player_id": 121,
      "player_name": "Vikas Jaglan",
      "match_played": 14,
      "value": 2.1,
      "team_id": 6,
      "team_name": " Pat",
      "rank": "58",
      "position_id": 1,
      "position_name": "All Rounder",
      "team_full_name": "Patna Pirates"
    },
    {
      "player_id": 124,
      "player_name": "Wazir Singh",
      "match_played": 2,
      "value": 2.0,
      "team_id": 28,
      "team_name": " HS",
      "rank": "59",
      "position_id": 8,
      "position_name": "Raider",
      "team_full_name": "Haryana Steelers"
    },
    {
      "player_id": 2257,
      "player_name": "Victor Onyango Obiero",
      "match_played": 3,
      "value": 2.0,
      "team_id": 29,
      "team_name": " TT",
      "rank": "59",
      "position_id": 1,
      "position_name": "All Rounder",
      "team_full_name": "Tamil Thalaivas"
    },
    {
      "player_id": 371,
      "player_name": "Amit Nagar",
      "match_played": 9,
      "value": 1.88,
      "team_id": 4,
      "team_name": " Kol",
      "rank": "61",
      "position_id": 8,
      "position_name": "Raider",
      "team_full_name": "Bengal Warriors"
    },
    {
      "player_id": 576,
      "player_name": "Anand Patil",
      "match_played": 7,
      "value": 1.86,
      "team_id": 3,
      "team_name": " Jai",
      "rank": "62",
      "position_id": 8,
      "position_name": "Raider",
      "team_full_name": "Jaipur Pink Panthers"
    },
    {
      "player_id": 119,
      "player_name": "CPO Surjeet Singh",
      "match_played": 9,
      "value": 1.78,
      "team_id": 29,
      "team_name": " TT",
      "rank": "63",
      "position_id": 8,
      "position_name": "Raider",
      "team_full_name": "Tamil Thalaivas"
    },
    {
      "player_id": 160,
      "player_name": "Ran Singh",
      "match_played": 22,
      "value": 1.71,
      "team_id": 4,
      "team_name": " Kol",
      "rank": "64",
      "position_id": 1,
      "position_name": "All Rounder",
      "team_full_name": "Bengal Warriors"
    },
    {
      "player_id": 2314,
      "player_name": "Dharmender",
      "match_played": 4,
      "value": 1.67,
      "team_id": 31,
      "team_name": " GFG",
      "rank": "65",
      "position_id": 8,
      "position_name": "Raider",
      "team_full_name": "Gujarat Fortunegiants"
    },
    {
      "player_id": 2291,
      "player_name": "Amit Kumar",
      "match_played": 6,
      "value": 1.6,
      "team_id": 7,
      "team_name": " Pun",
      "rank": "66",
      "position_id": 8,
      "position_name": "Raider",
      "team_full_name": "Puneri Paltan"
    },
    {
      "player_id": 644,
      "player_name": "Anand Surendra Tomar",
      "match_played": 5,
      "value": 1.6,
      "team_id": 28,
      "team_name": " HS",
      "rank": "66",
      "position_id": 8,
      "position_name": "Raider",
      "team_full_name": "Haryana Steelers"
    },
    {
      "player_id": 363,
      "player_name": "Sumit Singh",
      "match_played": 8,
      "value": 1.57,
      "team_id": 1,
      "team_name": " Ben",
      "rank": "68",
      "position_id": 8,
      "position_name": "Raider",
      "team_full_name": "Bengaluru Bulls"
    },
    {
      "player_id": 365,
      "player_name": "Akshay Jadhav",
      "match_played": 18,
      "value": 1.56,
      "team_id": 7,
      "team_name": " Pun",
      "rank": "69",
      "position_id": 8,
      "position_name": "Raider",
      "team_full_name": "Puneri Paltan"
    },
    {
      "player_id": 567,
      "player_name": "Mohsen Maghsoudloujafari",
      "match_played": 19,
      "value": 1.53,
      "team_id": 8,
      "team_name": " Hyd",
      "rank": "70",
      "position_id": 1,
      "position_name": "All Rounder",
      "team_full_name": "Telugu Titans"
    },
    {
      "player_id": 204,
      "player_name": "Rakesh Narwal",
      "match_played": 6,
      "value": 1.5,
      "team_id": 4,
      "team_name": " Kol",
      "rank": "71",
      "position_id": 8,
      "position_name": "Raider",
      "team_full_name": "Bengal Warriors"
    },
    {
      "player_id": 648,
      "player_name": "Ajit Singh",
      "match_played": 6,
      "value": 1.5,
      "team_id": 3,
      "team_name": " Jai",
      "rank": "71",
      "position_id": 8,
      "position_name": "Raider",
      "team_full_name": "Jaipur Pink Panthers"
    },
    {
      "player_id": 2278,
      "player_name": "Bhanu Pratap Tomar",
      "match_played": 6,
      "value": 1.5,
      "team_id": 30,
      "team_name": " UPY",
      "rank": "71",
      "position_id": 8,
      "position_name": "Raider",
      "team_full_name": "U.P. Yoddha"
    },
    {
      "player_id": 142,
      "player_name": "Sandeep Narwal",
      "match_played": 18,
      "value": 1.47,
      "team_id": 7,
      "team_name": " Pun",
      "rank": "74",
      "position_id": 1,
      "position_name": "All Rounder",
      "team_full_name": "Puneri Paltan"
    },
    {
      "player_id": 2024,
      "player_name": "Arjun Deshwal",
      "match_played": 3,
      "value": 1.33,
      "team_id": 5,
      "team_name": " Mum",
      "rank": "75",
      "position_id": 8,
      "position_name": "Raider",
      "team_full_name": "U Mumba"
    },
    {
      "player_id": 218,
      "player_name": "Sachin Kumar",
      "match_played": 25,
      "value": 1.32,
      "team_id": 30,
      "team_name": " UPY",
      "rank": "76",
      "position_id": 1,
      "position_name": "All Rounder",
      "team_full_name": "U.P. Yoddha"
    },
    {
      "player_id": 482,
      "player_name": "Farhad Rahimi Milaghardan",
      "match_played": 22,
      "value": 1.29,
      "team_id": 8,
      "team_name": " Hyd",
      "rank": "77",
      "position_id": 1,
      "position_name": "All Rounder",
      "team_full_name": "Telugu Titans"
    },
    {
      "player_id": 764,
      "player_name": "Vinod Kumar",
      "match_played": 17,
      "value": 1.29,
      "team_id": 5,
      "team_name": " Mum",
      "rank": "77",
      "position_id": 1,
      "position_name": "All Rounder",
      "team_full_name": "U Mumba"
    },
    {
      "player_id": 837,
      "player_name": "Rakshith",
      "match_played": 11,
      "value": 1.27,
      "team_id": 8,
      "team_name": " Hyd",
      "rank": "79",
      "position_id": 8,
      "position_name": "Raider",
      "team_full_name": "Telugu Titans"
    },
    {
      "player_id": 85,
      "player_name": "Rajesh Mondal",
      "match_played": 11,
      "value": 1.27,
      "team_id": 7,
      "team_name": " Pun",
      "rank": "79",
      "position_id": 8,
      "position_name": "Raider",
      "team_full_name": "Puneri Paltan"
    },
    {
      "player_id": 249,
      "player_name": "Hadi Oshtorak",
      "match_played": 13,
      "value": 1.2,
      "team_id": 31,
      "team_name": " GFG",
      "rank": "81",
      "position_id": 1,
      "position_name": "All Rounder",
      "team_full_name": "Gujarat Fortunegiants"
    },
    {
      "player_id": 105,
      "player_name": "Shabeer Bappu",
      "match_played": 6,
      "value": 1.17,
      "team_id": 2,
      "team_name": " Del",
      "rank": "82",
      "position_id": 8,
      "position_name": "Raider",
      "team_full_name": "Dabang Delhi K.C."
    },
    {
      "player_id": 786,
      "player_name": "Parvesh",
      "match_played": 6,
      "value": 1.17,
      "team_id": 7,
      "team_name": " Pun",
      "rank": "82",
      "position_id": 8,
      "position_name": "Raider",
      "team_full_name": "Puneri Paltan"
    },
    {
      "player_id": 722,
      "player_name": "D. Pradap",
      "match_played": 13,
      "value": 1.13,
      "team_id": 29,
      "team_name": " TT",
      "rank": "84",
      "position_id": 1,
      "position_name": "All Rounder",
      "team_full_name": "Tamil Thalaivas"
    },
    {
      "player_id": 2274,
      "player_name": "C Manoj Kumar",
      "match_played": 12,
      "value": 1.11,
      "team_id": 8,
      "team_name": " Hyd",
      "rank": "85",
      "position_id": 4,
      "position_name": "Defender, left cover",
      "team_full_name": "Telugu Titans"
    },
    {
      "player_id": 2476,
      "player_name": "Amit Kumar",
      "match_played": 17,
      "value": 1.09,
      "team_id": 3,
      "team_name": " Jai",
      "rank": "86",
      "position_id": 8,
      "position_name": "Raider",
      "team_full_name": "Jaipur Pink Panthers"
    },
    {
      "player_id": 2315,
      "player_name": "Bhuvneshwar Gaur",
      "match_played": 6,
      "value": 1.0,
      "team_id": 28,
      "team_name": " HS",
      "rank": "87",
      "position_id": 8,
      "position_name": "Raider",
      "team_full_name": "Haryana Steelers"
    },
    {
      "player_id": 2302,
      "player_name": "Mithin Kumar",
      "match_played": 3,
      "value": 1.0,
      "team_id": 4,
      "team_name": " Kol",
      "rank": "87",
      "position_id": 8,
      "position_name": "Raider",
      "team_full_name": "Bengal Warriors"
    },
    {
      "player_id": 2306,
      "player_name": "Lalit Chaudhary",
      "match_played": 3,
      "value": 1.0,
      "team_id": 31,
      "team_name": " GFG",
      "rank": "87",
      "position_id": 8,
      "position_name": "Raider",
      "team_full_name": "Gujarat Fortunegiants"
    },
    {
      "player_id": 2021,
      "player_name": "Anand V",
      "match_played": 3,
      "value": 1.0,
      "team_id": 1,
      "team_name": " Ben",
      "rank": "87",
      "position_id": 8,
      "position_name": "Raider",
      "team_full_name": "Bengaluru Bulls"
    },
    {
      "player_id": 698,
      "player_name": "Vishav Chaudhary",
      "match_played": 2,
      "value": 1.0,
      "team_id": 30,
      "team_name": " UPY",
      "rank": "87",
      "position_id": 4,
      "position_name": "Defender, left cover",
      "team_full_name": "U.P. Yoddha"
    },
    {
      "player_id": 266,
      "player_name": "David Shilisia J Mosambayi",
      "match_played": 4,
      "value": 1.0,
      "team_id": 3,
      "team_name": " Jai",
      "rank": "87",
      "position_id": 8,
      "position_name": "Raider",
      "team_full_name": "Jaipur Pink Panthers"
    },
    {
      "player_id": 107,
      "player_name": "Shrikant Tewthia",
      "match_played": 8,
      "value": 0.75,
      "team_id": 4,
      "team_name": " Kol",
      "rank": "93",
      "position_id": 1,
      "position_name": "All Rounder",
      "team_full_name": "Bengal Warriors"
    },
    {
      "player_id": 613,
      "player_name": "Sunil Siddhgavali",
      "match_played": 16,
      "value": 0.71,
      "team_id": 3,
      "team_name": " Jai",
      "rank": "94",
      "position_id": 9,
      "position_name": "Defender",
      "team_full_name": "Jaipur Pink Panthers"
    },
    {
      "player_id": 2313,
      "player_name": "Gaurav Kumar",
      "match_played": 3,
      "value": 0.67,
      "team_id": 5,
      "team_name": " Mum",
      "rank": "95",
      "position_id": 8,
      "position_name": "Raider",
      "team_full_name": "U Mumba"
    },
    {
      "player_id": 86,
      "player_name": "Rajesh Narwal",
      "match_played": 16,
      "value": 0.64,
      "team_id": 2,
      "team_name": " Del",
      "rank": "96",
      "position_id": 1,
      "position_name": "All Rounder",
      "team_full_name": "Dabang Delhi K.C."
    },
    {
      "player_id": 245,
      "player_name": "Yogesh Hooda",
      "match_played": 6,
      "value": 0.6,
      "team_id": 2,
      "team_name": " Del",
      "rank": "97",
      "position_id": 8,
      "position_name": "Raider",
      "team_full_name": "Dabang Delhi K.C."
    },
    {
      "player_id": 608,
      "player_name": "Prateek",
      "match_played": 6,
      "value": 0.6,
      "team_id": 28,
      "team_name": " HS",
      "rank": "97",
      "position_id": 1,
      "position_name": "All Rounder",
      "team_full_name": "Haryana Steelers"
    },
    {
      "player_id": 605,
      "player_name": "Shubham Ashok Palkar",
      "match_played": 4,
      "value": 0.5,
      "team_id": 31,
      "team_name": " GFG",
      "rank": "99",
      "position_id": 8,
      "position_name": "Raider",
      "team_full_name": "Gujarat Fortunegiants"
    },
    {
      "player_id": 2335,
      "player_name": "Vimal Raj V",
      "match_played": 5,
      "value": 0.5,
      "team_id": 29,
      "team_name": " TT",
      "rank": "99",
      "position_id": 1,
      "position_name": "All Rounder",
      "team_full_name": "Tamil Thalaivas"
    },
    {
      "player_id": 2463,
      "player_name": "Parveen",
      "match_played": 19,
      "value": 0.5,
      "team_id": 28,
      "team_name": " HS",
      "rank": "99",
      "position_id": 4,
      "position_name": "Defender, left cover",
      "team_full_name": "Haryana Steelers"
    },
    {
      "player_id": 69,
      "player_name": "Manjeet Chhillar",
      "match_played": 19,
      "value": 0.5,
      "team_id": 29,
      "team_name": " TT",
      "rank": "99",
      "position_id": 1,
      "position_name": "All Rounder",
      "team_full_name": "Tamil Thalaivas"
    },
    {
      "player_id": 214,
      "player_name": "Amit Kumar",
      "match_played": 2,
      "value": 0.5,
      "team_id": 4,
      "team_name": " Kol",
      "rank": "99",
      "position_id": 8,
      "position_name": "Raider",
      "team_full_name": "Bengal Warriors"
    },
    {
      "player_id": 217,
      "player_name": "Rohit Kumar Choudary",
      "match_played": 6,
      "value": 0.5,
      "team_id": 30,
      "team_name": " UPY",
      "rank": "99",
      "position_id": 8,
      "position_name": "Raider",
      "team_full_name": "U.P. Yoddha"
    },
    {
      "player_id": 44,
      "player_name": "Gangadhari Mallesh",
      "match_played": 6,
      "value": 0.4,
      "team_id": 3,
      "team_name": " Jai",
      "rank": "105",
      "position_id": 8,
      "position_name": "Raider",
      "team_full_name": "Jaipur Pink Panthers"
    },
    {
      "player_id": 599,
      "player_name": "Lokesh Kaushik",
      "match_played": 6,
      "value": 0.4,
      "team_id": 3,
      "team_name": " Jai",
      "rank": "105",
      "position_id": 8,
      "position_name": "Raider",
      "team_full_name": "Jaipur Pink Panthers"
    },
    {
      "player_id": 578,
      "player_name": "Mayur Shivtarkar",
      "match_played": 18,
      "value": 0.33,
      "team_id": 28,
      "team_name": " HS",
      "rank": "107",
      "position_id": 1,
      "position_name": "All Rounder",
      "team_full_name": "Haryana Steelers"
    },
    {
      "player_id": 202,
      "player_name": "Ashish Kumar",
      "match_played": 24,
      "value": 0.29,
      "team_id": 1,
      "team_name": " Ben",
      "rank": "108",
      "position_id": 1,
      "position_name": "All Rounder",
      "team_full_name": "Bengaluru Bulls"
    },
    {
      "player_id": 161,
      "player_name": "Girish Maruti Ernak",
      "match_played": 20,
      "value": 0.25,
      "team_id": 7,
      "team_name": " Pun",
      "rank": "109",
      "position_id": 3,
      "position_name": "Defender, left corner",
      "team_full_name": "Puneri Paltan"
    },
    {
      "player_id": 735,
      "player_name": "Vishal",
      "match_played": 6,
      "value": 0.25,
      "team_id": 2,
      "team_name": " Del",
      "rank": "109",
      "position_id": 1,
      "position_name": "All Rounder",
      "team_full_name": "Dabang Delhi K.C."
    },
    {
      "player_id": 796,
      "player_name": "Rinku Narwal",
      "match_played": 15,
      "value": 0.25,
      "team_id": 7,
      "team_name": " Pun",
      "rank": "109",
      "position_id": 9,
      "position_name": "Defender",
      "team_full_name": "Puneri Paltan"
    },
    {
      "player_id": 725,
      "player_name": "Nitesh Kumar",
      "match_played": 25,
      "value": 0.17,
      "team_id": 30,
      "team_name": " UPY",
      "rank": "112",
      "position_id": 9,
      "position_name": "Defender",
      "team_full_name": "U.P. Yoddha"
    },
    {
      "player_id": 311,
      "player_name": "Anil Kumar",
      "match_played": 18,
      "value": 0.17,
      "team_id": 8,
      "team_name": " Hyd",
      "rank": "112",
      "position_id": 4,
      "position_name": "Defender, left cover",
      "team_full_name": "Telugu Titans"
    },
    {
      "player_id": 322,
      "player_name": "PO Surjeet Singh",
      "match_played": 23,
      "value": 0.15,
      "team_id": 4,
      "team_name": " Kol",
      "rank": "114",
      "position_id": 7,
      "position_name": "Defender, right cover",
      "team_full_name": "Bengal Warriors"
    },
    {
      "player_id": 347,
      "player_name": "Sagar B Krishna",
      "match_played": 20,
      "value": 0.0,
      "team_id": 30,
      "team_name": " UPY",
      "rank": "115",
      "position_id": 1,
      "position_name": "All Rounder",
      "team_full_name": "U.P. Yoddha"
    },
    {
      "player_id": 358,
      "player_name": "Vishal Bhardwaj",
      "match_played": 17,
      "value": 0.0,
      "team_id": 8,
      "team_name": " Hyd",
      "rank": "115",
      "position_id": 9,
      "position_name": "Defender",
      "team_full_name": "Telugu Titans"
    },
    {
      "player_id": 259,
      "player_name": "Fazel Atrachali",
      "match_played": 23,
      "value": 0.0,
      "team_id": 5,
      "team_name": " Mum",
      "rank": "115",
      "position_id": 3,
      "position_name": "Defender, left corner",
      "team_full_name": "U Mumba"
    },
    {
      "player_id": 579,
      "player_name": "Jaideep",
      "match_played": 22,
      "value": 0.0,
      "team_id": 6,
      "team_name": " Pat",
      "rank": "115",
      "position_id": 3,
      "position_name": "Defender, left corner",
      "team_full_name": "Patna Pirates"
    },
    {
      "player_id": 489,
      "player_name": "Abozar Mohajermighani",
      "match_played": 21,
      "value": 0.0,
      "team_id": 8,
      "team_name": " Hyd",
      "rank": "115",
      "position_id": 9,
      "position_name": "Defender",
      "team_full_name": "Telugu Titans"
    },
    {
      "player_id": 368,
      "player_name": "Sunil Kumar",
      "match_played": 25,
      "value": 0.0,
      "team_id": 31,
      "team_name": " GFG",
      "rank": "115",
      "position_id": 9,
      "position_name": "Defender",
      "team_full_name": "Gujarat Fortunegiants"
    },
    {
      "player_id": 42,
      "player_name": "Dharmaraj Cheralathan",
      "match_played": 22,
      "value": 0.0,
      "team_id": 5,
      "team_name": " Mum",
      "rank": "115",
      "position_id": 10,
      "position_name": "Defender, right and left corner",
      "team_full_name": "U Mumba"
    },
    {
      "player_id": 769,
      "player_name": "Mahender Singh",
      "match_played": 24,
      "value": 0.0,
      "team_id": 1,
      "team_name": " Ben",
      "rank": "115",
      "position_id": 4,
      "position_name": "Defender, left cover",
      "team_full_name": "Bengaluru Bulls"
    },
    {
      "player_id": 2479,
      "player_name": "Shubham Shinde",
      "match_played": 10,
      "value": 0.0,
      "team_id": 7,
      "team_name": " Pun",
      "rank": "115",
      "position_id": 6,
      "position_name": "Defender, right corner",
      "team_full_name": "Puneri Paltan"
    }
  ],
  "language_lookup": {
    "stat": "Stat",
    "stat_id": "Stat Id",
    "minimum_criteria": "Minimum Criteria",
    "team_id": "Team Id",
    "team_name": "Team Name",
    "player_id": "Player Id",
    "player_name": "Player Name",
    "value": "Value",
    "match_played": "Match Played",
    "team": "Team",
    "tackles": "Tackles"
  }
}