{
  "stat": "Super 10s",
  "stat_id": "100",
  "minimum_criteria": "More than 0 Super_10s",
  "data": [
    {
      "player_id": 197,
      "player_name": "Pardeep Narwal",
      "team": "PAT",
      "match_played": 102,
      "value": 55,
      "team_id": 6,
      "team_name": "PAT",
      "rank": "1",
      "position_id": 8,
      "position_name": "Raider",
      "team_full_name": "Patna Pirates"
    },
    {
      "player_id": 81,
      "player_name": "Rahul Chaudhari",
      "team": "TT",
      "match_played": 118,
      "value": 40,
      "team_id": 29,
      "team_name": "TT",
      "rank": "2",
      "position_id": 8,
      "position_name": "Raider",
      "team_full_name": "Tamil Thalaivas"
    },
    {
      "player_id": 143,
      "player_name": "Maninder Singh",
      "team": "KOL",
      "match_played": 76,
      "value": 30,
      "team_id": 4,
      "team_name": "KOL",
      "rank": "3",
      "position_id": 8,
      "position_name": "Raider",
      "team_full_name": "Bengal Warriors"
    },
    {
      "player_id": 26,
      "player_name": "Ajay Thakur",
      "team": "TT",
      "match_played": 115,
      "value": 29,
      "team_id": 29,
      "team_name": "TT",
      "rank": "4",
      "position_id": 8,
      "position_name": "Raider",
      "team_full_name": "Tamil Thalaivas"
    },
    {
      "player_id": 41,
      "player_name": "Deepak Niwas Hooda",
      "team": "JAI",
      "match_played": 120,
      "value": 29,
      "team_id": 3,
      "team_name": "JAI",
      "rank": "4",
      "position_id": 1,
      "position_name": "All Rounder",
      "team_full_name": "Jaipur Pink Panthers"
    },
    {
      "player_id": 326,
      "player_name": "Rohit Kumar",
      "team": "BEN",
      "match_played": 89,
      "value": 26,
      "team_id": 1,
      "team_name": "BEN",
      "rank": "6",
      "position_id": 8,
      "position_name": "Raider",
      "team_full_name": "Bengaluru Bulls"
    },
    {
      "player_id": 318,
      "player_name": "Pawan Kumar Sehrawat",
      "team": "BEN",
      "match_played": 73,
      "value": 24,
      "team_id": 1,
      "team_name": "BEN",
      "rank": "7",
      "position_id": 8,
      "position_name": "Raider",
      "team_full_name": "Bengaluru Bulls"
    },
    {
      "player_id": 2296,
      "player_name": "Naveen Kumar",
      "team": "DEL",
      "match_played": 38,
      "value": 23,
      "team_id": 2,
      "team_name": "DEL",
      "rank": "8",
      "position_id": 8,
      "position_name": "Raider",
      "team_full_name": "Dabang Delhi K.C."
    },
    {
      "player_id": 388,
      "player_name": "Monu Goyat",
      "team": "UPY",
      "match_played": 68,
      "value": 20,
      "team_id": 30,
      "team_name": "UPY",
      "rank": "9",
      "position_id": 8,
      "position_name": "Raider",
      "team_full_name": "U.P. Yoddha"
    },
    {
      "player_id": 2026,
      "player_name": "Siddharth Sirish Desai",
      "team": "HYD",
      "match_played": 37,
      "value": 17,
      "team_id": 8,
      "team_name": "HYD",
      "rank": "10",
      "position_id": 8,
      "position_name": "Raider",
      "team_full_name": "Telugu Titans"
    },
    {
      "player_id": 757,
      "player_name": "Sachin Tanwar",
      "team": "GFG",
      "match_played": 62,
      "value": 16,
      "team_id": 31,
      "team_name": "GFG",
      "rank": "11",
      "position_id": 8,
      "position_name": "Raider",
      "team_full_name": "Gujarat Fortunegiants"
    },
    {
      "player_id": 58,
      "player_name": "Kashiling Adake",
      "team": "BEN",
      "match_played": 92,
      "value": 15,
      "team_id": 1,
      "team_name": "BEN",
      "rank": "12",
      "position_id": 8,
      "position_name": "Raider",
      "team_full_name": "Bengaluru Bulls"
    },
    {
      "player_id": 320,
      "player_name": "Nitin Tomar",
      "team": "PUN",
      "match_played": 64,
      "value": 14,
      "team_id": 7,
      "team_name": "PUN",
      "rank": "13",
      "position_id": 8,
      "position_name": "Raider",
      "team_full_name": "Puneri Paltan"
    },
    {
      "player_id": 366,
      "player_name": "Vikash Kandola",
      "team": "HS",
      "match_played": 48,
      "value": 13,
      "team_id": 28,
      "team_name": "HS",
      "rank": "14",
      "position_id": 8,
      "position_name": "Raider",
      "team_full_name": "Haryana Steelers"
    },
    {
      "player_id": 29,
      "player_name": "Anup Kumar",
      "team": "JAI",
      "match_played": 91,
      "value": 13,
      "team_id": 3,
      "team_name": "JAI",
      "rank": "14",
      "position_id": 8,
      "position_name": "Raider",
      "team_full_name": "Jaipur Pink Panthers"
    },
    {
      "player_id": 155,
      "player_name": "Prashanth Kumar Rai",
      "team": "HS",
      "match_played": 91,
      "value": 11,
      "team_id": 28,
      "team_name": "HS",
      "rank": "16",
      "position_id": 8,
      "position_name": "Raider",
      "team_full_name": "Haryana Steelers"
    },
    {
      "player_id": 94,
      "player_name": "Rishank Devadiga",
      "team": "UPY",
      "match_played": 116,
      "value": 10,
      "team_id": 30,
      "team_name": "UPY",
      "rank": "17",
      "position_id": 8,
      "position_name": "Raider",
      "team_full_name": "U.P. Yoddha"
    },
    {
      "player_id": 219,
      "player_name": "K. Prapanjan",
      "team": "KOL",
      "match_played": 80,
      "value": 10,
      "team_id": 4,
      "team_name": "KOL",
      "rank": "17",
      "position_id": 8,
      "position_name": "Raider",
      "team_full_name": "Bengal Warriors"
    },
    {
      "player_id": 12,
      "player_name": "Jang Kun Lee",
      "team": "PAT",
      "match_played": 101,
      "value": 9,
      "team_id": 6,
      "team_name": "PAT",
      "rank": "19",
      "position_id": 8,
      "position_name": "Raider",
      "team_full_name": "Patna Pirates"
    },
    {
      "player_id": 106,
      "player_name": "Shrikant Jadhav",
      "team": "UPY",
      "match_played": 71,
      "value": 9,
      "team_id": 30,
      "team_name": "UPY",
      "rank": "19",
      "position_id": 8,
      "position_name": "Raider",
      "team_full_name": "U.P. Yoddha"
    },
    {
      "player_id": 124,
      "player_name": "Wazir Singh",
      "team": "HS",
      "match_played": 47,
      "value": 9,
      "team_id": 28,
      "team_name": "HS",
      "rank": "19",
      "position_id": 8,
      "position_name": "Raider",
      "team_full_name": "Haryana Steelers"
    },
    {
      "player_id": 211,
      "player_name": "Deepak Narwal",
      "team": "JAI",
      "match_played": 78,
      "value": 8,
      "team_id": 3,
      "team_name": "JAI",
      "rank": "22",
      "position_id": 8,
      "position_name": "Raider",
      "team_full_name": "Jaipur Pink Panthers"
    },
    {
      "player_id": 118,
      "player_name": "Surjeet Narwal",
      "team": "KOL",
      "match_played": 31,
      "value": 7,
      "team_id": 4,
      "team_name": "KOL",
      "rank": "23",
      "position_id": 8,
      "position_name": "Raider",
      "team_full_name": "Bengal Warriors"
    },
    {
      "player_id": 52,
      "player_name": "Jasvir Singh",
      "team": "TT",
      "match_played": 77,
      "value": 7,
      "team_id": 29,
      "team_name": "TT",
      "rank": "23",
      "position_id": 8,
      "position_name": "Raider",
      "team_full_name": "Tamil Thalaivas"
    },
    {
      "player_id": 75,
      "player_name": "Nitin Madane",
      "team": "MUM",
      "match_played": 37,
      "value": 6,
      "team_id": 5,
      "team_name": "MUM",
      "rank": "25",
      "position_id": 8,
      "position_name": "Raider",
      "team_full_name": "U Mumba"
    },
    {
      "player_id": 119,
      "player_name": "CPO Surjeet Singh",
      "team": "TT",
      "match_played": 48,
      "value": 6,
      "team_id": 29,
      "team_name": "TT",
      "rank": "25",
      "position_id": 8,
      "position_name": "Raider",
      "team_full_name": "Tamil Thalaivas"
    },
    {
      "player_id": 251,
      "player_name": "Meraj Sheykh",
      "team": "DEL",
      "match_played": 94,
      "value": 6,
      "team_id": 2,
      "team_name": "DEL",
      "rank": "25",
      "position_id": 1,
      "position_name": "All Rounder",
      "team_full_name": "Dabang Delhi K.C."
    },
    {
      "player_id": 2028,
      "player_name": "Abhishek Singh",
      "team": "MUM",
      "match_played": 29,
      "value": 6,
      "team_id": 5,
      "team_name": "MUM",
      "rank": "25",
      "position_id": 8,
      "position_name": "Raider",
      "team_full_name": "U Mumba"
    },
    {
      "player_id": 156,
      "player_name": "Pawan Kumar Kadian",
      "team": "PUN",
      "match_played": 74,
      "value": 5,
      "team_id": 7,
      "team_name": "PUN",
      "rank": "29",
      "position_id": 8,
      "position_name": "Raider",
      "team_full_name": "Puneri Paltan"
    },
    {
      "player_id": 105,
      "player_name": "Shabeer Bappu",
      "team": "TT",
      "match_played": 74,
      "value": 5,
      "team_id": 29,
      "team_name": "TT",
      "rank": "29",
      "position_id": 8,
      "position_name": "Raider",
      "team_full_name": "Tamil Thalaivas"
    },
    {
      "player_id": 36,
      "player_name": "Chandran Ranjit",
      "team": "DEL",
      "match_played": 57,
      "value": 5,
      "team_id": 2,
      "team_name": "DEL",
      "rank": "29",
      "position_id": 8,
      "position_name": "Raider",
      "team_full_name": "Dabang Delhi K.C."
    },
    {
      "player_id": 86,
      "player_name": "Rajesh Narwal",
      "team": "DEL",
      "match_played": 92,
      "value": 4,
      "team_id": 2,
      "team_name": "DEL",
      "rank": "32",
      "position_id": 1,
      "position_name": "All Rounder",
      "team_full_name": "Dabang Delhi K.C."
    },
    {
      "player_id": 763,
      "player_name": "Manjeet",
      "team": "PUN",
      "match_played": 40,
      "value": 4,
      "team_id": 7,
      "team_name": "PUN",
      "rank": "32",
      "position_id": 8,
      "position_name": "Raider",
      "team_full_name": "Puneri Paltan"
    },
    {
      "player_id": 293,
      "player_name": "Nilesh Salunke",
      "team": "JAI",
      "match_played": 76,
      "value": 4,
      "team_id": 3,
      "team_name": "JAI",
      "rank": "32",
      "position_id": 8,
      "position_name": "Raider",
      "team_full_name": "Jaipur Pink Panthers"
    },
    {
      "player_id": 389,
      "player_name": "Ajay Kumar",
      "team": "GFG",
      "match_played": 50,
      "value": 4,
      "team_id": 31,
      "team_name": "GFG",
      "rank": "32",
      "position_id": 8,
      "position_name": "Raider",
      "team_full_name": "Gujarat Fortunegiants"
    },
    {
      "player_id": 261,
      "player_name": "Rohit Baliyan",
      "team": "MUM",
      "match_played": 65,
      "value": 3,
      "team_id": 5,
      "team_name": "MUM",
      "rank": "36",
      "position_id": 8,
      "position_name": "Raider",
      "team_full_name": "U Mumba"
    },
    {
      "player_id": 2508,
      "player_name": "V. Ajith Kumar",
      "team": "TT",
      "match_played": 15,
      "value": 3,
      "team_id": 29,
      "team_name": "TT",
      "rank": "36",
      "position_id": 8,
      "position_name": "Raider",
      "team_full_name": "Tamil Thalaivas"
    },
    {
      "player_id": 686,
      "player_name": "Rohit Gulia",
      "team": "GFG",
      "match_played": 55,
      "value": 3,
      "team_id": 31,
      "team_name": "GFG",
      "rank": "36",
      "position_id": 1,
      "position_name": "All Rounder",
      "team_full_name": "Gujarat Fortunegiants"
    },
    {
      "player_id": 88,
      "player_name": "Rakesh Kumar",
      "team": "HYD",
      "match_played": 55,
      "value": 3,
      "team_id": 8,
      "team_name": "HYD",
      "rank": "36",
      "position_id": 1,
      "position_name": "All Rounder",
      "team_full_name": "Telugu Titans"
    },
    {
      "player_id": 92,
      "player_name": "Ravi Dalal",
      "team": "DEL",
      "match_played": 38,
      "value": 3,
      "team_id": 2,
      "team_name": "DEL",
      "rank": "36",
      "position_id": 8,
      "position_name": "Raider",
      "team_full_name": "Dabang Delhi K.C."
    },
    {
      "player_id": 163,
      "player_name": "Mahendra Ganesh Rajput",
      "team": "GFG",
      "match_played": 62,
      "value": 2,
      "team_id": 31,
      "team_name": "GFG",
      "rank": "41",
      "position_id": 8,
      "position_name": "Raider",
      "team_full_name": "Gujarat Fortunegiants"
    },
    {
      "player_id": 174,
      "player_name": "Deepak Kumar Dahiya",
      "team": "PUN",
      "match_played": 53,
      "value": 2,
      "team_id": 7,
      "team_name": "PUN",
      "rank": "41",
      "position_id": 8,
      "position_name": "Raider",
      "team_full_name": "Puneri Paltan"
    },
    {
      "player_id": 2661,
      "player_name": "Pankaj Mohite",
      "team": "PUN",
      "match_played": 15,
      "value": 2,
      "team_id": 7,
      "team_name": "PUN",
      "rank": "41",
      "position_id": 8,
      "position_name": "Raider",
      "team_full_name": "Puneri Paltan"
    },
    {
      "player_id": 2357,
      "player_name": "Naveen",
      "team": "HS",
      "match_played": 34,
      "value": 2,
      "team_id": 28,
      "team_name": "HS",
      "rank": "41",
      "position_id": 8,
      "position_name": "Raider",
      "team_full_name": "Haryana Steelers"
    },
    {
      "player_id": 2488,
      "player_name": "Vinay",
      "team": "HS",
      "match_played": 16,
      "value": 2,
      "team_id": 28,
      "team_name": "HS",
      "rank": "41",
      "position_id": 8,
      "position_name": "Raider",
      "team_full_name": "Haryana Steelers"
    },
    {
      "player_id": 772,
      "player_name": "More GB",
      "team": "GFG",
      "match_played": 43,
      "value": 2,
      "team_id": 31,
      "team_name": "GFG",
      "rank": "41",
      "position_id": 8,
      "position_name": "Raider",
      "team_full_name": "Gujarat Fortunegiants"
    },
    {
      "player_id": 791,
      "player_name": "Nitin Rawal",
      "team": "JAI",
      "match_played": 43,
      "value": 2,
      "team_id": 3,
      "team_name": "JAI",
      "rank": "41",
      "position_id": 1,
      "position_name": "All Rounder",
      "team_full_name": "Jaipur Pink Panthers"
    },
    {
      "player_id": 2024,
      "player_name": "Arjun Deshwal",
      "team": "MUM",
      "match_played": 18,
      "value": 2,
      "team_id": 5,
      "team_name": "MUM",
      "rank": "41",
      "position_id": 8,
      "position_name": "Raider",
      "team_full_name": "U Mumba"
    },
    {
      "player_id": 264,
      "player_name": "Selvamani K",
      "team": "HS",
      "match_played": 55,
      "value": 2,
      "team_id": 28,
      "team_name": "HS",
      "rank": "41",
      "position_id": 8,
      "position_name": "Raider",
      "team_full_name": "Haryana Steelers"
    },
    {
      "player_id": 69,
      "player_name": "Manjeet Chhillar",
      "team": "TT",
      "match_played": 108,
      "value": 2,
      "team_id": 29,
      "team_name": "TT",
      "rank": "41",
      "position_id": 1,
      "position_name": "All Rounder",
      "team_full_name": "Tamil Thalaivas"
    },
    {
      "player_id": 234,
      "player_name": "Surender Singh",
      "team": "UPY",
      "match_played": 48,
      "value": 2,
      "team_id": 30,
      "team_name": "UPY",
      "rank": "41",
      "position_id": 8,
      "position_name": "Raider",
      "team_full_name": "U.P. Yoddha"
    },
    {
      "player_id": 277,
      "player_name": "Anil Shriram Nimbolkar",
      "team": "DEL",
      "match_played": 6,
      "value": 1,
      "team_id": 2,
      "team_name": "DEL",
      "rank": "52",
      "position_id": 8,
      "position_name": "Raider",
      "team_full_name": "Dabang Delhi K.C."
    },
    {
      "player_id": 484,
      "player_name": "Mohammad Esmaeil Nabibakhsh",
      "team": "KOL",
      "match_played": 17,
      "value": 1,
      "team_id": 4,
      "team_name": "KOL",
      "rank": "52",
      "position_id": 1,
      "position_name": "All Rounder",
      "team_full_name": "Bengal Warriors"
    },
    {
      "player_id": 522,
      "player_name": "Dong Geon Lee",
      "team": "MUM",
      "match_played": 32,
      "value": 1,
      "team_id": 5,
      "team_name": "MUM",
      "rank": "52",
      "position_id": 8,
      "position_name": "Raider",
      "team_full_name": "U Mumba"
    },
    {
      "player_id": 567,
      "player_name": "Mohsen Maghsoudloujafari",
      "team": "UPY",
      "match_played": 45,
      "value": 1,
      "team_id": 30,
      "team_name": "UPY",
      "rank": "52",
      "position_id": 1,
      "position_name": "All Rounder",
      "team_full_name": "U.P. Yoddha"
    },
    {
      "player_id": 372,
      "player_name": "Harish Naik",
      "team": "BEN",
      "match_played": 21,
      "value": 1,
      "team_id": 1,
      "team_name": "BEN",
      "rank": "52",
      "position_id": 8,
      "position_name": "Raider",
      "team_full_name": "Bengaluru Bulls"
    },
    {
      "player_id": 324,
      "player_name": "Darshan Kadian",
      "team": "PUN",
      "match_played": 37,
      "value": 1,
      "team_id": 7,
      "team_name": "PUN",
      "rank": "52",
      "position_id": 8,
      "position_name": "Raider",
      "team_full_name": "Puneri Paltan"
    },
    {
      "player_id": 2290,
      "player_name": "Rajnish",
      "team": "HYD",
      "match_played": 12,
      "value": 1,
      "team_id": 8,
      "team_name": "HYD",
      "rank": "52",
      "position_id": 8,
      "position_name": "Raider",
      "team_full_name": "Telugu Titans"
    },
    {
      "player_id": 2298,
      "player_name": "Armaan",
      "team": "HYD",
      "match_played": 10,
      "value": 1,
      "team_id": 8,
      "team_name": "HYD",
      "rank": "52",
      "position_id": 1,
      "position_name": "All Rounder",
      "team_full_name": "Telugu Titans"
    },
    {
      "player_id": 190,
      "player_name": "Sonu Narwal",
      "team": "PUN",
      "match_played": 33,
      "value": 1,
      "team_id": 7,
      "team_name": "PUN",
      "rank": "52",
      "position_id": 8,
      "position_name": "Raider",
      "team_full_name": "Puneri Paltan"
    },
    {
      "player_id": 217,
      "player_name": "Rohit Kumar Choudary",
      "team": "UPY",
      "match_played": 38,
      "value": 1,
      "team_id": 30,
      "team_name": "UPY",
      "rank": "52",
      "position_id": 8,
      "position_name": "Raider",
      "team_full_name": "U.P. Yoddha"
    },
    {
      "player_id": 171,
      "player_name": "Pradeep Kumar",
      "team": "MUM",
      "match_played": 10,
      "value": 1,
      "team_id": 5,
      "team_name": "MUM",
      "rank": "52",
      "position_id": 8,
      "position_name": "Raider",
      "team_full_name": "U Mumba"
    },
    {
      "player_id": 142,
      "player_name": "Sandeep Narwal",
      "team": "MUM",
      "match_played": 117,
      "value": 1,
      "team_id": 5,
      "team_name": "MUM",
      "rank": "52",
      "position_id": 1,
      "position_name": "All Rounder",
      "team_full_name": "U Mumba"
    },
    {
      "player_id": 107,
      "player_name": "Shrikant Tewthia",
      "team": "KOL",
      "match_played": 71,
      "value": 1,
      "team_id": 4,
      "team_name": "KOL",
      "rank": "52",
      "position_id": 1,
      "position_name": "All Rounder",
      "team_full_name": "Bengal Warriors"
    },
    {
      "player_id": 111,
      "player_name": "Sukesh Hegde",
      "team": "KOL",
      "match_played": 94,
      "value": 1,
      "team_id": 4,
      "team_name": "KOL",
      "rank": "52",
      "position_id": 8,
      "position_name": "Raider",
      "team_full_name": "Bengal Warriors"
    },
    {
      "player_id": 115,
      "player_name": "Suraj Desai",
      "team": "HYD",
      "match_played": 12,
      "value": 1,
      "team_id": 8,
      "team_name": "HYD",
      "rank": "52",
      "position_id": 8,
      "position_name": "Raider",
      "team_full_name": "Telugu Titans"
    },
    {
      "player_id": 79,
      "player_name": "Pravin Niwale",
      "team": "DEL",
      "match_played": 17,
      "value": 1,
      "team_id": 2,
      "team_name": "DEL",
      "rank": "52",
      "position_id": 8,
      "position_name": "Raider",
      "team_full_name": "Dabang Delhi K.C."
    },
    {
      "player_id": 85,
      "player_name": "Rajesh Mondal",
      "team": "PUN",
      "match_played": 89,
      "value": 1,
      "team_id": 7,
      "team_name": "PUN",
      "rank": "52",
      "position_id": 8,
      "position_name": "Raider",
      "team_full_name": "Puneri Paltan"
    },
    {
      "player_id": 46,
      "player_name": "Gurvinder Singh",
      "team": "GFG",
      "match_played": 45,
      "value": 1,
      "team_id": 31,
      "team_name": "GFG",
      "rank": "52",
      "position_id": 8,
      "position_name": "Raider",
      "team_full_name": "Gujarat Fortunegiants"
    },
    {
      "player_id": 67,
      "player_name": "Mahipal Narwal",
      "team": "GFG",
      "match_played": 34,
      "value": 1,
      "team_id": 31,
      "team_name": "GFG",
      "rank": "52",
      "position_id": 1,
      "position_name": "All Rounder",
      "team_full_name": "Gujarat Fortunegiants"
    }
  ],
  "language_lookup": {
    "stat": "Stat",
    "stat_id": "Stat Id",
    "minimum_criteria": "Minimum Criteria",
    "team_id": "Team Id",
    "team_name": "Team Name",
    "player_id": "Player Id",
    "player_name": "Player Name",
    "value": "Value",
    "match_played": "Match Played",
    "team": "Team",
    "tackles": "Tackles"
  }
}