{
  "stat": "Player Super Tackles",
  "stat_id": "28",
  "minimum_criteria": "More than 0 Super Tackles",
  "data": [
    {
      "player_id": 358,
      "player_name": "Vishal Bhardwaj",
      "team": " Hyd",
      "match_played": 16,
      "match played": 16,
      "tackles": 95,
      "value": 9,
      "team_id": 8,
      "team_name": " Hyd",
      "rank": "1",
      "position_id": 9,
      "position_name": "Defender",
      "team_full_name": "Telugu Titans"
    },
    {
      "player_id": 290,
      "player_name": "Sandeep Kumar Dhull",
      "team": " Jai",
      "match_played": 17,
      "match played": 17,
      "tackles": 104,
      "value": 7,
      "team_id": 3,
      "team_name": " Jai",
      "rank": "2",
      "position_id": 3,
      "position_name": "Defender, left corner",
      "team_full_name": "Jaipur Pink Panthers"
    },
    {
      "player_id": 795,
      "player_name": "Monu",
      "team": " Pat",
      "match_played": 17,
      "match played": 17,
      "tackles": 37,
      "value": 7,
      "team_id": 6,
      "team_name": " Pat",
      "rank": "2",
      "position_id": 8,
      "position_name": "Raider",
      "team_full_name": "Patna Pirates"
    },
    {
      "player_id": 735,
      "player_name": "Vishal",
      "team": " Jai",
      "match_played": 11,
      "match played": 11,
      "tackles": 56,
      "value": 7,
      "team_id": 3,
      "team_name": " Jai",
      "rank": "2",
      "position_id": 1,
      "position_name": "All Rounder",
      "team_full_name": "Jaipur Pink Panthers"
    },
    {
      "player_id": 769,
      "player_name": "Mahender Singh",
      "team": " Ben",
      "match_played": 15,
      "match played": 15,
      "tackles": 87,
      "value": 7,
      "team_id": 1,
      "team_name": " Ben",
      "rank": "2",
      "position_id": 4,
      "position_name": "Defender, left cover",
      "team_full_name": "Bengaluru Bulls"
    },
    {
      "player_id": 249,
      "player_name": "Hadi Oshtorak",
      "team": " Pat",
      "match_played": 17,
      "match played": 17,
      "tackles": 68,
      "value": 6,
      "team_id": 6,
      "team_name": " Pat",
      "rank": "6",
      "position_id": 1,
      "position_name": "All Rounder",
      "team_full_name": "Patna Pirates"
    },
    {
      "player_id": 368,
      "player_name": "Sunil Kumar",
      "team": " GFG",
      "match_played": 17,
      "match played": 17,
      "tackles": 84,
      "value": 6,
      "team_id": 31,
      "team_name": " GFG",
      "rank": "6",
      "position_id": 9,
      "position_name": "Defender",
      "team_full_name": "Gujarat Fortunegiants"
    },
    {
      "player_id": 322,
      "player_name": "PO Surjeet Singh",
      "team": " Pun",
      "match_played": 18,
      "match played": 18,
      "tackles": 100,
      "value": 5,
      "team_id": 7,
      "team_name": " Pun",
      "rank": "8",
      "position_id": 7,
      "position_name": "Defender, right cover",
      "team_full_name": "Puneri Paltan"
    },
    {
      "player_id": 142,
      "player_name": "Sandeep Narwal",
      "team": " Mum",
      "match_played": 16,
      "match played": 16,
      "tackles": 60,
      "value": 5,
      "team_id": 5,
      "team_name": " Mum",
      "rank": "8",
      "position_id": 1,
      "position_name": "All Rounder",
      "team_full_name": "U Mumba"
    },
    {
      "player_id": 2492,
      "player_name": "Jadhav Balasaheb Shahaji",
      "team": " Pun",
      "match_played": 16,
      "match played": 16,
      "tackles": 50,
      "value": 5,
      "team_id": 7,
      "team_name": " Pun",
      "rank": "8",
      "position_id": 7,
      "position_name": "Defender, right cover",
      "team_full_name": "Puneri Paltan"
    },
    {
      "player_id": 2670,
      "player_name": "Saurabh Nandal",
      "team": " Ben",
      "match_played": 16,
      "match played": 16,
      "tackles": 74,
      "value": 5,
      "team_id": 1,
      "team_name": " Ben",
      "rank": "8",
      "position_id": 3,
      "position_name": "Defender, left corner",
      "team_full_name": "Bengaluru Bulls"
    },
    {
      "player_id": 621,
      "player_name": "Baldev Singh",
      "team": " Kol",
      "match_played": 17,
      "match played": 17,
      "tackles": 87,
      "value": 5,
      "team_id": 4,
      "team_name": " Kol",
      "rank": "8",
      "position_id": 6,
      "position_name": "Defender, right corner",
      "team_full_name": "Bengal Warriors"
    },
    {
      "player_id": 725,
      "player_name": "Nitesh Kumar",
      "team": " UPY",
      "match_played": 17,
      "match played": 17,
      "tackles": 75,
      "value": 5,
      "team_id": 30,
      "team_name": " UPY",
      "rank": "8",
      "position_id": 9,
      "position_name": "Defender",
      "team_full_name": "U.P. Yoddha"
    },
    {
      "player_id": 791,
      "player_name": "Nitin Rawal",
      "team": " Jai",
      "match_played": 13,
      "match played": 13,
      "tackles": 30,
      "value": 4,
      "team_id": 3,
      "team_name": " Jai",
      "rank": "14",
      "position_id": 1,
      "position_name": "All Rounder",
      "team_full_name": "Jaipur Pink Panthers"
    },
    {
      "player_id": 194,
      "player_name": "Joginder Singh Narwal",
      "team": " Del",
      "match_played": 16,
      "match played": 16,
      "tackles": 74,
      "value": 4,
      "team_id": 2,
      "team_name": " Del",
      "rank": "14",
      "position_id": 3,
      "position_name": "Defender, left corner",
      "team_full_name": "Dabang Delhi K.C."
    },
    {
      "player_id": 240,
      "player_name": "Ravi Kumar",
      "team": " HS",
      "match_played": 14,
      "match played": 14,
      "tackles": 64,
      "value": 4,
      "team_id": 28,
      "team_name": " HS",
      "rank": "14",
      "position_id": 7,
      "position_name": "Defender, right cover",
      "team_full_name": "Haryana Steelers"
    },
    {
      "player_id": 489,
      "player_name": "Abozar Mohajermighani",
      "team": " Hyd",
      "match_played": 16,
      "match played": 16,
      "tackles": 75,
      "value": 3,
      "team_id": 8,
      "team_name": " Hyd",
      "rank": "17",
      "position_id": 9,
      "position_name": "Defender",
      "team_full_name": "Telugu Titans"
    },
    {
      "player_id": 347,
      "player_name": "Sagar B Krishna",
      "team": " Pun",
      "match_played": 10,
      "match played": 10,
      "tackles": 23,
      "value": 3,
      "team_id": 7,
      "team_name": " Pun",
      "rank": "17",
      "position_id": 1,
      "position_name": "All Rounder",
      "team_full_name": "Puneri Paltan"
    },
    {
      "player_id": 259,
      "player_name": "Fazel Atrachali",
      "team": " Mum",
      "match_played": 16,
      "match played": 16,
      "tackles": 88,
      "value": 3,
      "team_id": 5,
      "team_name": " Mum",
      "rank": "17",
      "position_id": 3,
      "position_name": "Defender, left corner",
      "team_full_name": "U Mumba"
    },
    {
      "player_id": 212,
      "player_name": "Amit Hooda",
      "team": " Jai",
      "match_played": 12,
      "match played": 12,
      "tackles": 61,
      "value": 3,
      "team_id": 3,
      "team_name": " Jai",
      "rank": "17",
      "position_id": 6,
      "position_name": "Defender, right corner",
      "team_full_name": "Jaipur Pink Panthers"
    },
    {
      "player_id": 161,
      "player_name": "Girish Maruti Ernak",
      "team": " Pun",
      "match_played": 13,
      "match played": 13,
      "tackles": 72,
      "value": 3,
      "team_id": 7,
      "team_name": " Pun",
      "rank": "17",
      "position_id": 3,
      "position_name": "Defender, left corner",
      "team_full_name": "Puneri Paltan"
    },
    {
      "player_id": 191,
      "player_name": "C. Arun",
      "team": " Hyd",
      "match_played": 16,
      "match played": 16,
      "tackles": 52,
      "value": 3,
      "team_id": 8,
      "team_name": " Hyd",
      "rank": "17",
      "position_id": 4,
      "position_name": "Defender, left cover",
      "team_full_name": "Telugu Titans"
    },
    {
      "player_id": 71,
      "player_name": "Mohit Chhillar",
      "team": " TT",
      "match_played": 17,
      "match played": 17,
      "tackles": 78,
      "value": 3,
      "team_id": 29,
      "team_name": " TT",
      "rank": "17",
      "position_id": 6,
      "position_name": "Defender, right corner",
      "team_full_name": "Tamil Thalaivas"
    },
    {
      "player_id": 42,
      "player_name": "Dharmaraj Cheralathan",
      "team": " HS",
      "match_played": 15,
      "match played": 15,
      "tackles": 75,
      "value": 3,
      "team_id": 28,
      "team_name": " HS",
      "rank": "17",
      "position_id": 10,
      "position_name": "Defender, right and left corner",
      "team_full_name": "Haryana Steelers"
    },
    {
      "player_id": 794,
      "player_name": "Amit Sheoran",
      "team": " Ben",
      "match_played": 17,
      "match played": 17,
      "tackles": 72,
      "value": 3,
      "team_id": 1,
      "team_name": " Ben",
      "rank": "17",
      "position_id": 9,
      "position_name": "Defender",
      "team_full_name": "Bengaluru Bulls"
    },
    {
      "player_id": 684,
      "player_name": "Rakesh Gowda",
      "team": " Hyd",
      "match_played": 7,
      "match played": 7,
      "tackles": 14,
      "value": 3,
      "team_id": 8,
      "team_name": " Hyd",
      "rank": "17",
      "position_id": 8,
      "position_name": "Raider",
      "team_full_name": "Telugu Titans"
    },
    {
      "player_id": 637,
      "player_name": "Neeraj Kumar",
      "team": " Pat",
      "match_played": 17,
      "match played": 17,
      "tackles": 94,
      "value": 3,
      "team_id": 6,
      "team_name": " Pat",
      "rank": "17",
      "position_id": 7,
      "position_name": "Defender, right cover",
      "team_full_name": "Patna Pirates"
    },
    {
      "player_id": 579,
      "player_name": "Jaideep",
      "team": " Pat",
      "match_played": 17,
      "match played": 17,
      "tackles": 94,
      "value": 3,
      "team_id": 6,
      "team_name": " Pat",
      "rank": "17",
      "position_id": 3,
      "position_name": "Defender, left corner",
      "team_full_name": "Patna Pirates"
    },
    {
      "player_id": 613,
      "player_name": "Sunil Siddhgavali",
      "team": " Jai",
      "match_played": 12,
      "match played": 12,
      "tackles": 34,
      "value": 3,
      "team_id": 3,
      "team_name": " Jai",
      "rank": "17",
      "position_id": 9,
      "position_name": "Defender",
      "team_full_name": "Jaipur Pink Panthers"
    },
    {
      "player_id": 571,
      "player_name": "Mohammad Esmaeil Maghsoudlou Mahalli",
      "team": " Pat",
      "match_played": 16,
      "match played": 16,
      "tackles": 19,
      "value": 2,
      "team_id": 6,
      "team_name": " Pat",
      "rank": "30",
      "position_id": 8,
      "position_name": "Raider",
      "team_full_name": "Patna Pirates"
    },
    {
      "player_id": 733,
      "player_name": "Surinder Singh",
      "team": " Mum",
      "match_played": 16,
      "match played": 16,
      "tackles": 90,
      "value": 2,
      "team_id": 5,
      "team_name": " Mum",
      "rank": "30",
      "position_id": 9,
      "position_name": "Defender",
      "team_full_name": "U Mumba"
    },
    {
      "player_id": 796,
      "player_name": "Rinku Narwal",
      "team": " Kol",
      "match_played": 17,
      "match played": 17,
      "tackles": 94,
      "value": 2,
      "team_id": 4,
      "team_name": " Kol",
      "rank": "30",
      "position_id": 9,
      "position_name": "Defender",
      "team_full_name": "Bengal Warriors"
    },
    {
      "player_id": 2020,
      "player_name": "Amit",
      "team": " UPY",
      "match_played": 17,
      "match played": 17,
      "tackles": 61,
      "value": 2,
      "team_id": 30,
      "team_name": " UPY",
      "rank": "30",
      "position_id": 4,
      "position_name": "Defender, left cover",
      "team_full_name": "U.P. Yoddha"
    },
    {
      "player_id": 2479,
      "player_name": "Shubham Shinde",
      "team": " Pun",
      "match_played": 13,
      "match played": 13,
      "tackles": 44,
      "value": 2,
      "team_id": 7,
      "team_name": " Pun",
      "rank": "30",
      "position_id": 6,
      "position_name": "Defender, right corner",
      "team_full_name": "Puneri Paltan"
    },
    {
      "player_id": 2657,
      "player_name": "Ashu Singh",
      "team": " UPY",
      "match_played": 17,
      "match played": 17,
      "tackles": 74,
      "value": 2,
      "team_id": 30,
      "team_name": " UPY",
      "rank": "30",
      "position_id": 7,
      "position_name": "Defender, right cover",
      "team_full_name": "U.P. Yoddha"
    },
    {
      "player_id": 2496,
      "player_name": "Pavan T. R.",
      "team": " Jai",
      "match_played": 12,
      "match played": 12,
      "tackles": 29,
      "value": 2,
      "team_id": 3,
      "team_name": " Jai",
      "rank": "30",
      "position_id": 7,
      "position_name": "Defender, right cover",
      "team_full_name": "Jaipur Pink Panthers"
    },
    {
      "player_id": 2502,
      "player_name": "Mohit Sehrawat",
      "team": " Ben",
      "match_played": 11,
      "match played": 11,
      "tackles": 31,
      "value": 2,
      "team_id": 1,
      "team_name": " Ben",
      "rank": "30",
      "position_id": 7,
      "position_name": "Defender, right cover",
      "team_full_name": "Bengaluru Bulls"
    },
    {
      "player_id": 41,
      "player_name": "Deepak Niwas Hooda",
      "team": " Jai",
      "match_played": 17,
      "match played": 17,
      "tackles": 25,
      "value": 2,
      "team_id": 3,
      "team_name": " Jai",
      "rank": "30",
      "position_id": 1,
      "position_name": "All Rounder",
      "team_full_name": "Jaipur Pink Panthers"
    },
    {
      "player_id": 69,
      "player_name": "Manjeet Chhillar",
      "team": " TT",
      "match_played": 15,
      "match played": 15,
      "tackles": 81,
      "value": 2,
      "team_id": 29,
      "team_name": " TT",
      "rank": "30",
      "position_id": 1,
      "position_name": "All Rounder",
      "team_full_name": "Tamil Thalaivas"
    },
    {
      "player_id": 214,
      "player_name": "Amit Kumar",
      "team": " Hyd",
      "match_played": 9,
      "match played": 9,
      "tackles": 21,
      "value": 2,
      "team_id": 8,
      "team_name": " Hyd",
      "rank": "30",
      "position_id": 8,
      "position_name": "Raider",
      "team_full_name": "Telugu Titans"
    },
    {
      "player_id": 202,
      "player_name": "Ashish Kumar",
      "team": " Ben",
      "match_played": 6,
      "match played": 6,
      "tackles": 19,
      "value": 2,
      "team_id": 1,
      "team_name": " Ben",
      "rank": "30",
      "position_id": 1,
      "position_name": "All Rounder",
      "team_full_name": "Bengaluru Bulls"
    },
    {
      "player_id": 357,
      "player_name": "Parvesh Bhainswal",
      "team": " GFG",
      "match_played": 17,
      "match played": 17,
      "tackles": 74,
      "value": 2,
      "team_id": 31,
      "team_name": " GFG",
      "rank": "30",
      "position_id": 4,
      "position_name": "Defender, left cover",
      "team_full_name": "Gujarat Fortunegiants"
    },
    {
      "player_id": 519,
      "player_name": "Young Chang Ko",
      "team": " Mum",
      "match_played": 9,
      "match played": 9,
      "tackles": 12,
      "value": 2,
      "team_id": 5,
      "team_name": " Mum",
      "rank": "30",
      "position_id": 4,
      "position_name": "Defender, left cover",
      "team_full_name": "U Mumba"
    },
    {
      "player_id": 484,
      "player_name": "Mohammad Esmaeil Nabibakhsh",
      "team": " Kol",
      "match_played": 17,
      "match played": 17,
      "tackles": 47,
      "value": 2,
      "team_id": 4,
      "team_name": " Kol",
      "rank": "30",
      "position_id": 1,
      "position_name": "All Rounder",
      "team_full_name": "Bengal Warriors"
    },
    {
      "player_id": 2667,
      "player_name": "Ankit",
      "team": " GFG",
      "match_played": 12,
      "match played": 12,
      "tackles": 31,
      "value": 2,
      "team_id": 31,
      "team_name": " GFG",
      "rank": "30",
      "position_id": 6,
      "position_name": "Defender, right corner",
      "team_full_name": "Gujarat Fortunegiants"
    },
    {
      "player_id": 567,
      "player_name": "Mohsen Maghsoudloujafari",
      "team": " UPY",
      "match_played": 10,
      "match played": 10,
      "tackles": 8,
      "value": 1,
      "team_id": 30,
      "team_name": " UPY",
      "rank": "46",
      "position_id": 1,
      "position_name": "All Rounder",
      "team_full_name": "U.P. Yoddha"
    },
    {
      "player_id": 388,
      "player_name": "Monu Goyat",
      "team": " UPY",
      "match_played": 9,
      "match played": 9,
      "tackles": 10,
      "value": 1,
      "team_id": 30,
      "team_name": " UPY",
      "rank": "46",
      "position_id": 8,
      "position_name": "Raider",
      "team_full_name": "U.P. Yoddha"
    },
    {
      "player_id": 363,
      "player_name": "Sumit Singh",
      "team": " Ben",
      "match_played": 13,
      "match played": 13,
      "tackles": 8,
      "value": 1,
      "team_id": 1,
      "team_name": " Ben",
      "rank": "46",
      "position_id": 8,
      "position_name": "Raider",
      "team_full_name": "Bengaluru Bulls"
    },
    {
      "player_id": 301,
      "player_name": "Hadi Tajik",
      "team": " Pun",
      "match_played": 11,
      "match played": 11,
      "tackles": 37,
      "value": 1,
      "team_id": 7,
      "team_name": " Pun",
      "rank": "46",
      "position_id": 6,
      "position_name": "Defender, right corner",
      "team_full_name": "Puneri Paltan"
    },
    {
      "player_id": 318,
      "player_name": "Pawan Kumar Sehrawat",
      "team": " Ben",
      "match_played": 17,
      "match played": 17,
      "tackles": 24,
      "value": 1,
      "team_id": 1,
      "team_name": " Ben",
      "rank": "46",
      "position_id": 8,
      "position_name": "Raider",
      "team_full_name": "Bengaluru Bulls"
    },
    {
      "player_id": 261,
      "player_name": "Rohit Baliyan",
      "team": " Mum",
      "match_played": 13,
      "match played": 13,
      "tackles": 9,
      "value": 1,
      "team_id": 5,
      "team_name": " Mum",
      "rank": "46",
      "position_id": 8,
      "position_name": "Raider",
      "team_full_name": "U Mumba"
    },
    {
      "player_id": 268,
      "player_name": "Vineet Sharma",
      "team": " TT",
      "match_played": 10,
      "match played": 10,
      "tackles": 14,
      "value": 1,
      "team_id": 29,
      "team_name": " TT",
      "rank": "46",
      "position_id": 8,
      "position_name": "Raider",
      "team_full_name": "Tamil Thalaivas"
    },
    {
      "player_id": 218,
      "player_name": "Sachin Kumar",
      "team": " UPY",
      "match_played": 12,
      "match played": 12,
      "tackles": 11,
      "value": 1,
      "team_id": 30,
      "team_name": " UPY",
      "rank": "46",
      "position_id": 1,
      "position_name": "All Rounder",
      "team_full_name": "U.P. Yoddha"
    },
    {
      "player_id": 179,
      "player_name": "Vikas Kale",
      "team": " HS",
      "match_played": 15,
      "match played": 15,
      "tackles": 87,
      "value": 1,
      "team_id": 28,
      "team_name": " HS",
      "rank": "46",
      "position_id": 7,
      "position_name": "Defender, right cover",
      "team_full_name": "Haryana Steelers"
    },
    {
      "player_id": 36,
      "player_name": "Chandran Ranjit",
      "team": " Del",
      "match_played": 15,
      "match played": 15,
      "tackles": 14,
      "value": 1,
      "team_id": 2,
      "team_name": " Del",
      "rank": "46",
      "position_id": 8,
      "position_name": "Raider",
      "team_full_name": "Dabang Delhi K.C."
    },
    {
      "player_id": 54,
      "player_name": "Jeeva Kumar",
      "team": " Kol",
      "match_played": 16,
      "match played": 16,
      "tackles": 72,
      "value": 1,
      "team_id": 4,
      "team_name": " Kol",
      "rank": "46",
      "position_id": 5,
      "position_name": "Defender, right and left cover",
      "team_full_name": "Bengal Warriors"
    },
    {
      "player_id": 105,
      "player_name": "Shabeer Bappu",
      "team": " TT",
      "match_played": 14,
      "match played": 14,
      "tackles": 22,
      "value": 1,
      "team_id": 29,
      "team_name": " TT",
      "rank": "46",
      "position_id": 8,
      "position_name": "Raider",
      "team_full_name": "Tamil Thalaivas"
    },
    {
      "player_id": 160,
      "player_name": "Ran Singh",
      "team": " TT",
      "match_played": 17,
      "match played": 17,
      "tackles": 61,
      "value": 1,
      "team_id": 29,
      "team_name": " TT",
      "rank": "46",
      "position_id": 1,
      "position_name": "All Rounder",
      "team_full_name": "Tamil Thalaivas"
    },
    {
      "player_id": 2512,
      "player_name": "Ajeet",
      "team": " TT",
      "match_played": 14,
      "match played": 14,
      "tackles": 51,
      "value": 1,
      "team_id": 29,
      "team_name": " TT",
      "rank": "46",
      "position_id": 7,
      "position_name": "Defender, right cover",
      "team_full_name": "Tamil Thalaivas"
    },
    {
      "player_id": 2514,
      "player_name": "Chand Singh",
      "team": " HS",
      "match_played": 6,
      "match played": 6,
      "tackles": 14,
      "value": 1,
      "team_id": 28,
      "team_name": " HS",
      "rank": "46",
      "position_id": 3,
      "position_name": "Defender, left corner",
      "team_full_name": "Haryana Steelers"
    },
    {
      "player_id": 2644,
      "player_name": "Ravinder",
      "team": " Pat",
      "match_played": 4,
      "match played": 4,
      "tackles": 7,
      "value": 1,
      "team_id": 6,
      "team_name": " Pat",
      "rank": "46",
      "position_id": 1,
      "position_name": "All Rounder",
      "team_full_name": "Patna Pirates"
    },
    {
      "player_id": 2659,
      "player_name": "Sagar",
      "team": " TT",
      "match_played": 9,
      "match played": 9,
      "tackles": 18,
      "value": 1,
      "team_id": 29,
      "team_name": " TT",
      "rank": "46",
      "position_id": 6,
      "position_name": "Defender, right corner",
      "team_full_name": "Tamil Thalaivas"
    },
    {
      "player_id": 2665,
      "player_name": "Elavarasan A",
      "team": " Jai",
      "match_played": 3,
      "match played": 3,
      "tackles": 10,
      "value": 1,
      "team_id": 3,
      "team_name": " Jai",
      "rank": "46",
      "position_id": 4,
      "position_name": "Defender, left cover",
      "team_full_name": "Jaipur Pink Panthers"
    },
    {
      "player_id": 2672,
      "player_name": "Sumit Malik",
      "team": " GFG",
      "match_played": 14,
      "match played": 14,
      "tackles": 32,
      "value": 1,
      "team_id": 31,
      "team_name": " GFG",
      "rank": "46",
      "position_id": 3,
      "position_name": "Defender, left corner",
      "team_full_name": "Gujarat Fortunegiants"
    },
    {
      "player_id": 2682,
      "player_name": "Amit Kumar",
      "team": " Pun",
      "match_played": 5,
      "match played": 5,
      "tackles": 2,
      "value": 1,
      "team_id": 7,
      "team_name": " Pun",
      "rank": "46",
      "position_id": 1,
      "position_name": "All Rounder",
      "team_full_name": "Puneri Paltan"
    },
    {
      "player_id": 2485,
      "player_name": "Sonu Jaglan",
      "team": " GFG",
      "match_played": 12,
      "match played": 12,
      "tackles": 4,
      "value": 1,
      "team_id": 31,
      "team_name": " GFG",
      "rank": "46",
      "position_id": 8,
      "position_name": "Raider",
      "team_full_name": "Gujarat Fortunegiants"
    },
    {
      "player_id": 2486,
      "player_name": "Harendra Kumar",
      "team": " Mum",
      "match_played": 14,
      "match played": 14,
      "tackles": 46,
      "value": 1,
      "team_id": 5,
      "team_name": " Mum",
      "rank": "46",
      "position_id": 4,
      "position_name": "Defender, left cover",
      "team_full_name": "U Mumba"
    },
    {
      "player_id": 772,
      "player_name": "More GB",
      "team": " GFG",
      "match_played": 15,
      "match played": 15,
      "tackles": 33,
      "value": 1,
      "team_id": 31,
      "team_name": " GFG",
      "rank": "46",
      "position_id": 8,
      "position_name": "Raider",
      "team_full_name": "Gujarat Fortunegiants"
    },
    {
      "player_id": 763,
      "player_name": "Manjeet",
      "team": " Pun",
      "match_played": 18,
      "match played": 18,
      "tackles": 52,
      "value": 1,
      "team_id": 7,
      "team_name": " Pun",
      "rank": "46",
      "position_id": 8,
      "position_name": "Raider",
      "team_full_name": "Puneri Paltan"
    },
    {
      "player_id": 768,
      "player_name": "Vijay Kumar",
      "team": " Ben",
      "match_played": 9,
      "match played": 9,
      "tackles": 16,
      "value": 1,
      "team_id": 1,
      "team_name": " Ben",
      "rank": "46",
      "position_id": 6,
      "position_name": "Defender, right corner",
      "team_full_name": "Bengaluru Bulls"
    },
    {
      "player_id": 2257,
      "player_name": "Victor Onyango Obiero",
      "team": " TT",
      "match_played": 3,
      "match played": 3,
      "tackles": 5,
      "value": 1,
      "team_id": 29,
      "team_name": " TT",
      "rank": "46",
      "position_id": 1,
      "position_name": "All Rounder",
      "team_full_name": "Tamil Thalaivas"
    },
    {
      "player_id": 2286,
      "player_name": "Surender Gill",
      "team": " UPY",
      "match_played": 14,
      "match played": 14,
      "tackles": 12,
      "value": 1,
      "team_id": 30,
      "team_name": " UPY",
      "rank": "46",
      "position_id": 8,
      "position_name": "Raider",
      "team_full_name": "U.P. Yoddha"
    },
    {
      "player_id": 2291,
      "player_name": "Amit Kumar",
      "team": " Pun",
      "match_played": 12,
      "match played": 12,
      "tackles": 37,
      "value": 1,
      "team_id": 7,
      "team_name": " Pun",
      "rank": "46",
      "position_id": 8,
      "position_name": "Raider",
      "team_full_name": "Puneri Paltan"
    },
    {
      "player_id": 2306,
      "player_name": "Lalit Chaudhary",
      "team": " GFG",
      "match_played": 4,
      "match played": 4,
      "tackles": 2,
      "value": 1,
      "team_id": 31,
      "team_name": " GFG",
      "rank": "46",
      "position_id": 8,
      "position_name": "Raider",
      "team_full_name": "Gujarat Fortunegiants"
    },
    {
      "player_id": 2462,
      "player_name": "Sunil",
      "team": " HS",
      "match_played": 14,
      "match played": 14,
      "tackles": 84,
      "value": 1,
      "team_id": 28,
      "team_name": " HS",
      "rank": "46",
      "position_id": 6,
      "position_name": "Defender, right corner",
      "team_full_name": "Haryana Steelers"
    },
    {
      "player_id": 2463,
      "player_name": "Parveen",
      "team": " HS",
      "match_played": 6,
      "match played": 6,
      "tackles": 15,
      "value": 1,
      "team_id": 28,
      "team_name": " HS",
      "rank": "46",
      "position_id": 4,
      "position_name": "Defender, left cover",
      "team_full_name": "Haryana Steelers"
    },
    {
      "player_id": 2471,
      "player_name": "Ankit",
      "team": " Ben",
      "match_played": 5,
      "match played": 5,
      "tackles": 13,
      "value": 1,
      "team_id": 1,
      "team_name": " Ben",
      "rank": "46",
      "position_id": 9,
      "position_name": "Defender",
      "team_full_name": "Bengaluru Bulls"
    },
    {
      "player_id": 676,
      "player_name": "Santhapanaselvam",
      "team": " Jai",
      "match_played": 5,
      "match played": 5,
      "tackles": 21,
      "value": 1,
      "team_id": 3,
      "team_name": " Jai",
      "rank": "46",
      "position_id": 1,
      "position_name": "All Rounder",
      "team_full_name": "Jaipur Pink Panthers"
    }
  ],
  "language_lookup": {
    "stat": "Stat",
    "stat_id": "Stat Id",
    "minimum_criteria": "Minimum Criteria",
    "team_id": "Team Id",
    "team_name": "Team Name",
    "player_id": "Player Id",
    "player_name": "Player Name",
    "value": "Value",
    "match_played": "Match Played",
    "team": "Team",
    "tackles": "Tackles"
  }
}