{
  "stat": "Player Avg Tackle Points",
  "stat_id": "139",
  "minimum_criteria": "More than 5 Tackles",
  "data": [
    {
      "player_id": 146,
      "player_name": "Surender Nada",
      "match_played": 21,
      "value": 3.81,
      "team_id": 28,
      "team_name": " HS",
      "rank": "1",
      "position_id": 3,
      "position_name": "Defender, left corner"
    },
    {
      "player_id": 358,
      "player_name": "Vishal Bhardwaj",
      "match_played": 22,
      "value": 3.23,
      "team_id": 8,
      "team_name": " Hyd",
      "rank": "2",
      "position_id": 1,
      "position_name": "All Rounder"
    },
    {
      "player_id": 322,
      "player_name": "PO Surjeet Singh",
      "match_played": 24,
      "value": 3.17,
      "team_id": 4,
      "team_name": " Kol",
      "rank": "3",
      "position_id": 7,
      "position_name": "Defender, right cover"
    },
    {
      "player_id": 69,
      "player_name": "Manjeet Chhillar",
      "match_played": 15,
      "value": 3.13,
      "team_id": 3,
      "team_name": " Jai",
      "rank": "4",
      "position_id": 1,
      "position_name": "All Rounder"
    },
    {
      "player_id": 161,
      "player_name": "Girish Maruti Ernak",
      "match_played": 21,
      "value": 3.05,
      "team_id": 7,
      "team_name": " Pun",
      "rank": "5",
      "position_id": 3,
      "position_name": "Defender, left corner"
    },
    {
      "player_id": 212,
      "player_name": "Amit Hooda",
      "match_played": 22,
      "value": 2.77,
      "team_id": 29,
      "team_name": " TT",
      "rank": "6",
      "position_id": 6,
      "position_name": "Defender, right corner"
    },
    {
      "player_id": 157,
      "player_name": "Ravinder Pahal",
      "match_played": 19,
      "value": 2.74,
      "team_id": 1,
      "team_name": " Ben",
      "rank": "7",
      "position_id": 6,
      "position_name": "Defender, right corner"
    },
    {
      "player_id": 579,
      "player_name": "Jaideep",
      "match_played": 26,
      "value": 2.73,
      "team_id": 6,
      "team_name": " Pat",
      "rank": "8",
      "position_id": 3,
      "position_name": "Defender, left corner"
    },
    {
      "player_id": 489,
      "player_name": "Abozar Mohajermighani",
      "match_played": 24,
      "value": 2.71,
      "team_id": 31,
      "team_name": " GFG",
      "rank": "9",
      "position_id": 9,
      "position_name": "Defender"
    },
    {
      "player_id": 733,
      "player_name": "Surender Singh",
      "match_played": 22,
      "value": 2.64,
      "team_id": 5,
      "team_name": " Mum",
      "rank": "10",
      "position_id": 7,
      "position_name": "Defender, right cover"
    },
    {
      "player_id": 769,
      "player_name": "Mahender Singh",
      "match_played": 22,
      "value": 2.59,
      "team_id": 1,
      "team_name": " Ben",
      "rank": "11",
      "position_id": 4,
      "position_name": "Defender, left cover"
    },
    {
      "player_id": 142,
      "player_name": "Sandeep Narwal",
      "match_played": 21,
      "value": 2.48,
      "team_id": 7,
      "team_name": " Pun",
      "rank": "12",
      "position_id": 1,
      "position_name": "All Rounder"
    },
    {
      "player_id": 725,
      "player_name": "Nitesh Kumar",
      "match_played": 19,
      "value": 2.47,
      "team_id": 30,
      "team_name": " UPY",
      "rank": "13",
      "position_id": 6,
      "position_name": "Defender, right corner"
    },
    {
      "player_id": 773,
      "player_name": "Satpal",
      "match_played": 10,
      "value": 2.4,
      "team_id": 2,
      "team_name": " Del",
      "rank": "14",
      "position_id": 6,
      "position_name": "Defender, right corner"
    },
    {
      "player_id": 368,
      "player_name": "Sunil Kumar",
      "match_played": 24,
      "value": 2.38,
      "team_id": 31,
      "team_name": " GFG",
      "rank": "15",
      "position_id": 7,
      "position_name": "Defender, right cover"
    },
    {
      "player_id": 259,
      "player_name": "Fazel Atrachali",
      "match_played": 24,
      "value": 2.38,
      "team_id": 31,
      "team_name": " GFG",
      "rank": "15",
      "position_id": 3,
      "position_name": "Defender, left corner"
    },
    {
      "player_id": 361,
      "player_name": "Sombir",
      "match_played": 17,
      "value": 2.29,
      "team_id": 8,
      "team_name": " Hyd",
      "rank": "17",
      "position_id": 6,
      "position_name": "Defender, right corner"
    },
    {
      "player_id": 160,
      "player_name": "Ran Singh",
      "match_played": 23,
      "value": 2.26,
      "team_id": 4,
      "team_name": " Kol",
      "rank": "18",
      "position_id": 1,
      "position_name": "All Rounder"
    },
    {
      "player_id": 54,
      "player_name": "Jeeva Kumar",
      "match_played": 22,
      "value": 2.0,
      "team_id": 30,
      "team_name": " UPY",
      "rank": "19",
      "position_id": 5,
      "position_name": "Defender, right and left cover"
    },
    {
      "player_id": 61,
      "player_name": "Kuldeep Singh",
      "match_played": 16,
      "value": 2.0,
      "team_id": 1,
      "team_name": " Ben",
      "rank": "19",
      "position_id": 3,
      "position_name": "Defender, left corner"
    },
    {
      "player_id": 357,
      "player_name": "Parvesh Bhainswal",
      "match_played": 24,
      "value": 2.0,
      "team_id": 31,
      "team_name": " GFG",
      "rank": "19",
      "position_id": 4,
      "position_name": "Defender, left cover"
    },
    {
      "player_id": 724,
      "player_name": "Darshan J.",
      "match_played": 20,
      "value": 2.0,
      "team_id": 29,
      "team_name": " TT",
      "rank": "19",
      "position_id": 7,
      "position_name": "Defender, right cover"
    },
    {
      "player_id": 694,
      "player_name": "Deepak Yadav",
      "match_played": 4,
      "value": 2.0,
      "team_id": 5,
      "team_name": " Mum",
      "rank": "19",
      "position_id": 7,
      "position_name": "Defender, right cover"
    },
    {
      "player_id": 745,
      "player_name": "Vijay",
      "match_played": 19,
      "value": 1.95,
      "team_id": 6,
      "team_name": " Pat",
      "rank": "24",
      "position_id": 8,
      "position_name": "Raider"
    },
    {
      "player_id": 71,
      "player_name": "Mohit Chhillar",
      "match_played": 20,
      "value": 1.95,
      "team_id": 28,
      "team_name": " HS",
      "rank": "24",
      "position_id": 6,
      "position_name": "Defender, right corner"
    },
    {
      "player_id": 347,
      "player_name": "Sagar B Krishna",
      "match_played": 17,
      "value": 1.88,
      "team_id": 30,
      "team_name": " UPY",
      "rank": "26",
      "position_id": 1,
      "position_name": "All Rounder"
    },
    {
      "player_id": 736,
      "player_name": "Yatharth Deshwal",
      "match_played": 6,
      "value": 1.83,
      "team_id": 2,
      "team_name": " Del",
      "rank": "27",
      "position_id": 1,
      "position_name": "All Rounder"
    },
    {
      "player_id": 735,
      "player_name": "Vishal",
      "match_played": 5,
      "value": 1.8,
      "team_id": 2,
      "team_name": " Del",
      "rank": "28",
      "position_id": 1,
      "position_name": "All Rounder"
    },
    {
      "player_id": 661,
      "player_name": "Tapas Pal",
      "match_played": 5,
      "value": 1.8,
      "team_id": 2,
      "team_name": " Del",
      "rank": "28",
      "position_id": 1,
      "position_name": "All Rounder"
    },
    {
      "player_id": 191,
      "player_name": "C. Arun",
      "match_played": 20,
      "value": 1.75,
      "team_id": 29,
      "team_name": " TT",
      "rank": "30",
      "position_id": 4,
      "position_name": "Defender, left cover"
    },
    {
      "player_id": 796,
      "player_name": "Rinku Narwal",
      "match_played": 13,
      "value": 1.62,
      "team_id": 7,
      "team_name": " Pun",
      "rank": "31",
      "position_id": 3,
      "position_name": "Defender, left corner"
    },
    {
      "player_id": 390,
      "player_name": "Jawahar Dagar",
      "match_played": 18,
      "value": 1.61,
      "team_id": 6,
      "team_name": " Pat",
      "rank": "32",
      "position_id": 8,
      "position_name": "Raider"
    },
    {
      "player_id": 162,
      "player_name": "D. Suresh Kumar",
      "match_played": 5,
      "value": 1.6,
      "team_id": 5,
      "team_name": " Mum",
      "rank": "33",
      "position_id": 7,
      "position_name": "Defender, right cover"
    },
    {
      "player_id": 88,
      "player_name": "Rakesh Kumar",
      "match_played": 10,
      "value": 1.6,
      "team_id": 8,
      "team_name": " Hyd",
      "rank": "33",
      "position_id": 1,
      "position_name": "All Rounder"
    },
    {
      "player_id": 795,
      "player_name": "Monu",
      "match_played": 19,
      "value": 1.58,
      "team_id": 7,
      "team_name": " Pun",
      "rank": "35",
      "position_id": 8,
      "position_name": "Raider"
    },
    {
      "player_id": 107,
      "player_name": "Shrikant Tewthia",
      "match_played": 23,
      "value": 1.57,
      "team_id": 4,
      "team_name": " Kol",
      "rank": "36",
      "position_id": 1,
      "position_name": "All Rounder"
    },
    {
      "player_id": 252,
      "player_name": "Kuldeep Singh",
      "match_played": 20,
      "value": 1.55,
      "team_id": 5,
      "team_name": " Mum",
      "rank": "37",
      "position_id": 1,
      "position_name": "All Rounder"
    },
    {
      "player_id": 676,
      "player_name": "Santhapanaselvam",
      "match_played": 10,
      "value": 1.5,
      "team_id": 3,
      "team_name": " Jai",
      "rank": "38",
      "position_id": 1,
      "position_name": "All Rounder"
    },
    {
      "player_id": 690,
      "player_name": "E Subash",
      "match_played": 2,
      "value": 1.5,
      "team_id": 5,
      "team_name": " Mum",
      "rank": "38",
      "position_id": 1,
      "position_name": "All Rounder"
    },
    {
      "player_id": 123,
      "player_name": "Vishal Mane",
      "match_played": 26,
      "value": 1.5,
      "team_id": 6,
      "team_name": " Pat",
      "rank": "38",
      "position_id": 7,
      "position_name": "Defender, right cover"
    },
    {
      "player_id": 732,
      "player_name": "Kuldeep Singh",
      "match_played": 5,
      "value": 1.4,
      "team_id": 28,
      "team_name": " HS",
      "rank": "41",
      "position_id": 1,
      "position_name": "All Rounder"
    },
    {
      "player_id": 42,
      "player_name": "Dharmaraj Cheralathan",
      "match_played": 18,
      "value": 1.39,
      "team_id": 7,
      "team_name": " Pun",
      "rank": "42",
      "position_id": 10,
      "position_name": "Defender, right and left corner"
    },
    {
      "player_id": 207,
      "player_name": "Sunil",
      "match_played": 18,
      "value": 1.39,
      "team_id": 2,
      "team_name": " Del",
      "rank": "42",
      "position_id": 3,
      "position_name": "Defender, left corner"
    },
    {
      "player_id": 734,
      "player_name": "Vikash",
      "match_played": 19,
      "value": 1.37,
      "team_id": 28,
      "team_name": " HS",
      "rank": "44",
      "position_id": 6,
      "position_name": "Defender, right corner"
    },
    {
      "player_id": 109,
      "player_name": "Somvir Shekhar",
      "match_played": 22,
      "value": 1.36,
      "team_id": 3,
      "team_name": " Jai",
      "rank": "45",
      "position_id": 7,
      "position_name": "Defender, right cover"
    },
    {
      "player_id": 73,
      "player_name": "Nilesh Shinde",
      "match_played": 15,
      "value": 1.33,
      "team_id": 2,
      "team_name": " Del",
      "rank": "46",
      "position_id": 6,
      "position_name": "Defender, right corner"
    },
    {
      "player_id": 613,
      "player_name": "Sunil Siddhgavali",
      "match_played": 12,
      "value": 1.33,
      "team_id": 3,
      "team_name": " Jai",
      "rank": "46",
      "position_id": 8,
      "position_name": "Raider"
    },
    {
      "player_id": 240,
      "player_name": "Ravi Kumar",
      "match_played": 23,
      "value": 1.3,
      "team_id": 7,
      "team_name": " Pun",
      "rank": "48",
      "position_id": 7,
      "position_name": "Defender, right cover"
    },
    {
      "player_id": 611,
      "player_name": "Sidharth",
      "match_played": 21,
      "value": 1.29,
      "team_id": 3,
      "team_name": " Jai",
      "rank": "49",
      "position_id": 1,
      "position_name": "All Rounder"
    },
    {
      "player_id": 158,
      "player_name": "Rakesh Singh Kumar",
      "match_played": 19,
      "value": 1.26,
      "team_id": 28,
      "team_name": " HS",
      "rank": "50",
      "position_id": 4,
      "position_name": "Defender, left cover"
    },
    {
      "player_id": 249,
      "player_name": "Hadi Oshtorak",
      "match_played": 16,
      "value": 1.25,
      "team_id": 5,
      "team_name": " Mum",
      "rank": "51",
      "position_id": 1,
      "position_name": "All Rounder"
    },
    {
      "player_id": 536,
      "player_name": "Ziaur Rahman",
      "match_played": 16,
      "value": 1.25,
      "team_id": 7,
      "team_name": " Pun",
      "rank": "51",
      "position_id": 4,
      "position_name": "Defender, left cover"
    },
    {
      "player_id": 722,
      "player_name": "D. Pradap",
      "match_played": 16,
      "value": 1.25,
      "team_id": 29,
      "team_name": " TT",
      "rank": "51",
      "position_id": 1,
      "position_name": "All Rounder"
    },
    {
      "player_id": 741,
      "player_name": "Vikash",
      "match_played": 4,
      "value": 1.25,
      "team_id": 4,
      "team_name": " Kol",
      "rank": "51",
      "position_id": 1,
      "position_name": "All Rounder"
    },
    {
      "player_id": 665,
      "player_name": "Pankaj",
      "match_played": 13,
      "value": 1.23,
      "team_id": 30,
      "team_name": " UPY",
      "rank": "55",
      "position_id": 1,
      "position_name": "All Rounder"
    },
    {
      "player_id": 482,
      "player_name": "Farhad Rahimi Milaghardan",
      "match_played": 18,
      "value": 1.22,
      "team_id": 8,
      "team_name": " Hyd",
      "rank": "56",
      "position_id": 7,
      "position_name": "Defender, right cover"
    },
    {
      "player_id": 365,
      "player_name": "Akshay Jadhav",
      "match_played": 10,
      "value": 1.2,
      "team_id": 7,
      "team_name": " Pun",
      "rank": "57",
      "position_id": 8,
      "position_name": "Raider"
    },
    {
      "player_id": 141,
      "player_name": "Sunil Jaipal",
      "match_played": 13,
      "value": 1.15,
      "team_id": 1,
      "team_name": " Ben",
      "rank": "58",
      "position_id": 8,
      "position_name": "Raider"
    },
    {
      "player_id": 96,
      "player_name": "Rohit Rana",
      "match_played": 21,
      "value": 1.14,
      "team_id": 8,
      "team_name": " Hyd",
      "rank": "59",
      "position_id": 4,
      "position_name": "Defender, left cover"
    },
    {
      "player_id": 194,
      "player_name": "Joginder Singh Narwal",
      "match_played": 8,
      "value": 1.13,
      "team_id": 5,
      "team_name": " Mum",
      "rank": "60",
      "position_id": 3,
      "position_name": "Defender, left corner"
    },
    {
      "player_id": 29,
      "player_name": "Anup Kumar",
      "match_played": 21,
      "value": 1.1,
      "team_id": 5,
      "team_name": " Mum",
      "rank": "61",
      "position_id": 8,
      "position_name": "Raider"
    },
    {
      "player_id": 710,
      "player_name": "N. Renjith",
      "match_played": 11,
      "value": 1.09,
      "team_id": 5,
      "team_name": " Mum",
      "rank": "62",
      "position_id": 3,
      "position_name": "Defender, left corner"
    },
    {
      "player_id": 726,
      "player_name": "Babu M",
      "match_played": 2,
      "value": 1.0,
      "team_id": 28,
      "team_name": " HS",
      "rank": "63",
      "position_id": 4,
      "position_name": "Defender, left cover"
    },
    {
      "player_id": 751,
      "player_name": "Gurvinder Singh",
      "match_played": 5,
      "value": 1.0,
      "team_id": 30,
      "team_name": " UPY",
      "rank": "63",
      "position_id": 4,
      "position_name": "Defender, left cover"
    },
    {
      "player_id": 776,
      "player_name": "Muruthu M",
      "match_played": 3,
      "value": 1.0,
      "team_id": 29,
      "team_name": " TT",
      "rank": "63",
      "position_id": 7,
      "position_name": "Defender, right cover"
    },
    {
      "player_id": 101,
      "player_name": "Santhosh B.S",
      "match_played": 9,
      "value": 1.0,
      "team_id": 30,
      "team_name": " UPY",
      "rank": "63",
      "position_id": 3,
      "position_name": "Defender, left corner"
    },
    {
      "player_id": 86,
      "player_name": "Rajesh Narwal",
      "match_played": 16,
      "value": 1.0,
      "team_id": 30,
      "team_name": " UPY",
      "rank": "63",
      "position_id": 1,
      "position_name": "All Rounder"
    },
    {
      "player_id": 170,
      "player_name": "Swapnil Dilip Shinde",
      "match_played": 13,
      "value": 1.0,
      "team_id": 2,
      "team_name": " Del",
      "rank": "63",
      "position_id": 7,
      "position_name": "Defender, right cover"
    },
    {
      "player_id": 728,
      "player_name": "Manish",
      "match_played": 23,
      "value": 0.96,
      "team_id": 6,
      "team_name": " Pat",
      "rank": "69",
      "position_id": 7,
      "position_name": "Defender, right cover"
    },
    {
      "player_id": 791,
      "player_name": "Nitin Rawal",
      "match_played": 21,
      "value": 0.95,
      "team_id": 3,
      "team_name": " Jai",
      "rank": "70",
      "position_id": 9,
      "position_name": "Defender"
    },
    {
      "player_id": 164,
      "player_name": "Bajirao Hodage",
      "match_played": 12,
      "value": 0.92,
      "team_id": 2,
      "team_name": " Del",
      "rank": "71",
      "position_id": 7,
      "position_name": "Defender, right cover"
    },
    {
      "player_id": 165,
      "player_name": "Sachin Shingade",
      "match_played": 26,
      "value": 0.85,
      "team_id": 6,
      "team_name": " Pat",
      "rank": "72",
      "position_id": 4,
      "position_name": "Defender, left cover"
    },
    {
      "player_id": 784,
      "player_name": "Viraj Vishnu Landge",
      "match_played": 19,
      "value": 0.84,
      "team_id": 2,
      "team_name": " Del",
      "rank": "73",
      "position_id": 4,
      "position_name": "Defender, left cover"
    },
    {
      "player_id": 53,
      "player_name": "Jeeva Gopal",
      "match_played": 6,
      "value": 0.83,
      "team_id": 28,
      "team_name": " HS",
      "rank": "74",
      "position_id": 4,
      "position_name": "Defender, left cover"
    },
    {
      "player_id": 667,
      "player_name": "Elangeshwaran R",
      "match_played": 5,
      "value": 0.8,
      "team_id": 8,
      "team_name": " Hyd",
      "rank": "75",
      "position_id": 1,
      "position_name": "All Rounder"
    },
    {
      "player_id": 268,
      "player_name": "Vineet Sharma",
      "match_played": 18,
      "value": 0.78,
      "team_id": 29,
      "team_name": " TT",
      "rank": "76",
      "position_id": 8,
      "position_name": "Raider"
    },
    {
      "player_id": 46,
      "player_name": "Gurvinder Singh",
      "match_played": 9,
      "value": 0.78,
      "team_id": 1,
      "team_name": " Ben",
      "rank": "76",
      "position_id": 8,
      "position_name": "Raider"
    },
    {
      "player_id": 637,
      "player_name": "Neeraj Kumar",
      "match_played": 17,
      "value": 0.76,
      "team_id": 28,
      "team_name": " HS",
      "rank": "78",
      "position_id": 7,
      "position_name": "Defender, right cover"
    },
    {
      "player_id": 202,
      "player_name": "Ashish Kumar",
      "match_played": 20,
      "value": 0.75,
      "team_id": 1,
      "team_name": " Ben",
      "rank": "79",
      "position_id": 7,
      "position_name": "Defender, right cover"
    },
    {
      "player_id": 218,
      "player_name": "Sachin Kumar",
      "match_played": 9,
      "value": 0.67,
      "team_id": 1,
      "team_name": " Ben",
      "rank": "80",
      "position_id": 3,
      "position_name": "Defender, left corner"
    },
    {
      "player_id": 233,
      "player_name": "Manoj Dhull",
      "match_played": 9,
      "value": 0.67,
      "team_id": 3,
      "team_name": " Jai",
      "rank": "80",
      "position_id": 6,
      "position_name": "Defender, right corner"
    },
    {
      "player_id": 275,
      "player_name": "Deepak Kumar Rathee",
      "match_played": 6,
      "value": 0.67,
      "team_id": 28,
      "team_name": " HS",
      "rank": "80",
      "position_id": 1,
      "position_name": "All Rounder"
    },
    {
      "player_id": 279,
      "player_name": "Shashank Wankhede",
      "match_played": 3,
      "value": 0.67,
      "team_id": 4,
      "team_name": " Kol",
      "rank": "80",
      "position_id": 4,
      "position_name": "Defender, left cover"
    },
    {
      "player_id": 764,
      "player_name": "Vinod Kumar",
      "match_played": 21,
      "value": 0.67,
      "team_id": 6,
      "team_name": " Pat",
      "rank": "80",
      "position_id": 8,
      "position_name": "Raider"
    },
    {
      "player_id": 768,
      "player_name": "Vijay Kumar",
      "match_played": 8,
      "value": 0.63,
      "team_id": 29,
      "team_name": " TT",
      "rank": "85",
      "position_id": 3,
      "position_name": "Defender, left corner"
    },
    {
      "player_id": 106,
      "player_name": "Shrikant Jadhav",
      "match_played": 19,
      "value": 0.63,
      "team_id": 5,
      "team_name": " Mum",
      "rank": "85",
      "position_id": 8,
      "position_name": "Raider"
    },
    {
      "player_id": 124,
      "player_name": "Wazir Singh",
      "match_played": 21,
      "value": 0.62,
      "team_id": 28,
      "team_name": " HS",
      "rank": "87",
      "position_id": 8,
      "position_name": "Raider"
    },
    {
      "player_id": 92,
      "player_name": "Ravi Dalal",
      "match_played": 5,
      "value": 0.6,
      "team_id": 2,
      "team_name": " Del",
      "rank": "88",
      "position_id": 8,
      "position_name": "Raider"
    },
    {
      "player_id": 195,
      "player_name": "Ashish Chhokar",
      "match_played": 5,
      "value": 0.6,
      "team_id": 28,
      "team_name": " HS",
      "rank": "88",
      "position_id": 8,
      "position_name": "Raider"
    },
    {
      "player_id": 288,
      "player_name": "Rahul Kumar",
      "match_played": 10,
      "value": 0.6,
      "team_id": 4,
      "team_name": " Kol",
      "rank": "88",
      "position_id": 7,
      "position_name": "Defender, right cover"
    },
    {
      "player_id": 757,
      "player_name": "Sachin",
      "match_played": 24,
      "value": 0.58,
      "team_id": 31,
      "team_name": " GFG",
      "rank": "91",
      "position_id": 8,
      "position_name": "Raider"
    },
    {
      "player_id": 41,
      "player_name": "Deepak Niwas Hooda",
      "match_played": 24,
      "value": 0.58,
      "team_id": 7,
      "team_name": " Pun",
      "rank": "91",
      "position_id": 1,
      "position_name": "All Rounder"
    },
    {
      "player_id": 360,
      "player_name": "Sanket Chavan",
      "match_played": 7,
      "value": 0.57,
      "team_id": 29,
      "team_name": " TT",
      "rank": "93",
      "position_id": 3,
      "position_name": "Defender, left corner"
    },
    {
      "player_id": 301,
      "player_name": "Hadi Tajik",
      "match_played": 9,
      "value": 0.56,
      "team_id": 30,
      "team_name": " UPY",
      "rank": "94",
      "position_id": 6,
      "position_name": "Defender, right corner"
    },
    {
      "player_id": 326,
      "player_name": "Rohit Kumar",
      "match_played": 22,
      "value": 0.55,
      "team_id": 1,
      "team_name": " Ben",
      "rank": "95",
      "position_id": 8,
      "position_name": "Raider"
    },
    {
      "player_id": 261,
      "player_name": "Rohit Baliyan",
      "match_played": 17,
      "value": 0.53,
      "team_id": 2,
      "team_name": " Del",
      "rank": "96",
      "position_id": 8,
      "position_name": "Raider"
    },
    {
      "player_id": 320,
      "player_name": "Nitin Tomar",
      "match_played": 20,
      "value": 0.5,
      "team_id": 30,
      "team_name": " UPY",
      "rank": "97",
      "position_id": 8,
      "position_name": "Raider"
    },
    {
      "player_id": 640,
      "player_name": "Sanoj Kumar",
      "match_played": 2,
      "value": 0.5,
      "team_id": 30,
      "team_name": " UPY",
      "rank": "97",
      "position_id": 4,
      "position_name": "Defender, left cover"
    },
    {
      "player_id": 215,
      "player_name": "Vinod Kumar",
      "match_played": 4,
      "value": 0.5,
      "team_id": 8,
      "team_name": " Hyd",
      "rank": "97",
      "position_id": 4,
      "position_name": "Defender, left cover"
    },
    {
      "player_id": 324,
      "player_name": "Darshan Kadian",
      "match_played": 16,
      "value": 0.44,
      "team_id": 5,
      "team_name": " Mum",
      "rank": "100",
      "position_id": 8,
      "position_name": "Raider"
    },
    {
      "player_id": 387,
      "player_name": "Vinod Kumar",
      "match_played": 19,
      "value": 0.42,
      "team_id": 4,
      "team_name": " Kol",
      "rank": "101",
      "position_id": 8,
      "position_name": "Raider"
    },
    {
      "player_id": 388,
      "player_name": "Monu Goyat",
      "match_played": 26,
      "value": 0.42,
      "team_id": 6,
      "team_name": " Pat",
      "rank": "101",
      "position_id": 8,
      "position_name": "Raider"
    },
    {
      "player_id": 26,
      "player_name": "Ajay Thakur",
      "match_played": 22,
      "value": 0.41,
      "team_id": 29,
      "team_name": " TT",
      "rank": "103",
      "position_id": 8,
      "position_name": "Raider"
    },
    {
      "player_id": 81,
      "player_name": "Rahul Chaudhari",
      "match_played": 22,
      "value": 0.41,
      "team_id": 8,
      "team_name": " Hyd",
      "rank": "103",
      "position_id": 8,
      "position_name": "Raider"
    },
    {
      "player_id": 58,
      "player_name": "Kashiling Adake",
      "match_played": 20,
      "value": 0.4,
      "team_id": 5,
      "team_name": " Ben, Mum",
      "rank": "105",
      "position_id": 8,
      "position_name": "Raider"
    },
    {
      "player_id": 251,
      "player_name": "Meraj Sheykh",
      "match_played": 20,
      "value": 0.4,
      "team_id": 2,
      "team_name": " Del",
      "rank": "105",
      "position_id": 1,
      "position_name": "All Rounder"
    },
    {
      "player_id": 386,
      "player_name": "Anil Kumar",
      "match_played": 5,
      "value": 0.4,
      "team_id": 29,
      "team_name": " TT",
      "rank": "105",
      "position_id": 3,
      "position_name": "Defender, left corner"
    },
    {
      "player_id": 567,
      "player_name": "Mohsen Maghsoudloujafari",
      "match_played": 16,
      "value": 0.38,
      "team_id": 8,
      "team_name": " Hyd",
      "rank": "108",
      "position_id": 8,
      "position_name": "Raider"
    },
    {
      "player_id": 792,
      "player_name": "Tushar Balaram Bhoir",
      "match_played": 8,
      "value": 0.38,
      "team_id": 2,
      "team_name": " Del",
      "rank": "108",
      "position_id": 7,
      "position_name": "Defender, right cover"
    },
    {
      "player_id": 762,
      "player_name": "Vikas Kumar",
      "match_played": 14,
      "value": 0.36,
      "team_id": 8,
      "team_name": " Hyd",
      "rank": "110",
      "position_id": 8,
      "position_name": "Raider"
    },
    {
      "player_id": 293,
      "player_name": "Nilesh Salunke",
      "match_played": 21,
      "value": 0.33,
      "team_id": 8,
      "team_name": " Hyd",
      "rank": "111",
      "position_id": 8,
      "position_name": "Raider"
    },
    {
      "player_id": 185,
      "player_name": "Vijin Thangadurai",
      "match_played": 12,
      "value": 0.33,
      "team_id": 29,
      "team_name": " TT",
      "rank": "111",
      "position_id": 7,
      "position_name": "Defender, right cover"
    },
    {
      "player_id": 150,
      "player_name": "Parmod Narwal",
      "match_played": 6,
      "value": 0.33,
      "team_id": 28,
      "team_name": " HS",
      "rank": "111",
      "position_id": 1,
      "position_name": "All Rounder"
    },
    {
      "player_id": 66,
      "player_name": "Mahesh Goud",
      "match_played": 21,
      "value": 0.33,
      "team_id": 30,
      "team_name": " UPY",
      "rank": "111",
      "position_id": 8,
      "position_name": "Raider"
    },
    {
      "player_id": 52,
      "player_name": "Jasvir Singh",
      "match_played": 15,
      "value": 0.33,
      "team_id": 3,
      "team_name": " Jai",
      "rank": "111",
      "position_id": 8,
      "position_name": "Raider"
    },
    {
      "player_id": 300,
      "player_name": "Abolfazl Maghsodloumahali",
      "match_played": 19,
      "value": 0.32,
      "team_id": 2,
      "team_name": " Del",
      "rank": "116",
      "position_id": 8,
      "position_name": "Raider"
    },
    {
      "player_id": 790,
      "player_name": "Satish",
      "match_played": 10,
      "value": 0.3,
      "team_id": 6,
      "team_name": " Pat",
      "rank": "117",
      "position_id": 6,
      "position_name": "Defender, right corner"
    },
    {
      "player_id": 163,
      "player_name": "Mahendra Ganesh Rajput",
      "match_played": 17,
      "value": 0.29,
      "team_id": 31,
      "team_name": " GFG",
      "rank": "118",
      "position_id": 8,
      "position_name": "Raider"
    },
    {
      "player_id": 167,
      "player_name": "Preetam Chhillar",
      "match_played": 16,
      "value": 0.25,
      "team_id": 1,
      "team_name": " Ben",
      "rank": "119",
      "position_id": 1,
      "position_name": "All Rounder"
    },
    {
      "player_id": 105,
      "player_name": "Shabeer Bappu",
      "match_played": 12,
      "value": 0.25,
      "team_id": 5,
      "team_name": " Mum",
      "rank": "119",
      "position_id": 8,
      "position_name": "Raider"
    },
    {
      "player_id": 94,
      "player_name": "Rishank Devadiga",
      "match_played": 21,
      "value": 0.24,
      "team_id": 30,
      "team_name": " UPY",
      "rank": "121",
      "position_id": 8,
      "position_name": "Raider"
    },
    {
      "player_id": 119,
      "player_name": "CPO Surjeet Singh",
      "match_played": 17,
      "value": 0.24,
      "team_id": 28,
      "team_name": " HS",
      "rank": "121",
      "position_id": 8,
      "position_name": "Raider"
    },
    {
      "player_id": 121,
      "player_name": "Vikas Jaglan",
      "match_played": 13,
      "value": 0.23,
      "team_id": 6,
      "team_name": " Pat",
      "rank": "123",
      "position_id": 8,
      "position_name": "Raider"
    },
    {
      "player_id": 242,
      "player_name": "Tushar Patil",
      "match_played": 17,
      "value": 0.18,
      "team_id": 3,
      "team_name": " Jai",
      "rank": "124",
      "position_id": 8,
      "position_name": "Raider"
    },
    {
      "player_id": 686,
      "player_name": "Rohit Gulia",
      "match_played": 19,
      "value": 0.16,
      "team_id": 31,
      "team_name": " GFG",
      "rank": "125",
      "position_id": 1,
      "position_name": "All Rounder"
    },
    {
      "player_id": 712,
      "player_name": "Rohit Kumar",
      "match_played": 7,
      "value": 0.14,
      "team_id": 30,
      "team_name": " UPY",
      "rank": "126",
      "position_id": 7,
      "position_name": "Defender, right cover"
    },
    {
      "player_id": 519,
      "player_name": "Young Chang Ko",
      "match_played": 14,
      "value": 0.14,
      "team_id": 4,
      "team_name": " Kol",
      "rank": "126",
      "position_id": 4,
      "position_name": "Defender, left cover"
    },
    {
      "player_id": 174,
      "player_name": "Deepak Kumar Dahiya",
      "match_played": 16,
      "value": 0.13,
      "team_id": 28,
      "team_name": " HS",
      "rank": "128",
      "position_id": 8,
      "position_name": "Raider"
    },
    {
      "player_id": 211,
      "player_name": "Deepak Narwal",
      "match_played": 16,
      "value": 0.13,
      "team_id": 4,
      "team_name": " Kol",
      "rank": "128",
      "position_id": 8,
      "position_name": "Raider"
    },
    {
      "player_id": 155,
      "player_name": "Prashanth Kumar Rai",
      "match_played": 16,
      "value": 0.13,
      "team_id": 28,
      "team_name": " HS",
      "rank": "128",
      "position_id": 8,
      "position_name": "Raider"
    },
    {
      "player_id": 234,
      "player_name": "Surender Singh",
      "match_played": 18,
      "value": 0.11,
      "team_id": 30,
      "team_name": " UPY",
      "rank": "131",
      "position_id": 8,
      "position_name": "Raider"
    },
    {
      "player_id": 111,
      "player_name": "Sukesh Hegde",
      "match_played": 18,
      "value": 0.11,
      "team_id": 31,
      "team_name": " GFG",
      "rank": "131",
      "position_id": 8,
      "position_name": "Raider"
    },
    {
      "player_id": 143,
      "player_name": "Maninder Singh",
      "match_played": 21,
      "value": 0.1,
      "team_id": 4,
      "team_name": " Kol",
      "rank": "133",
      "position_id": 8,
      "position_name": "Raider"
    },
    {
      "player_id": 718,
      "player_name": "R. Sriram",
      "match_played": 11,
      "value": 0.09,
      "team_id": 2,
      "team_name": " Del",
      "rank": "134",
      "position_id": 8,
      "position_name": "Raider"
    },
    {
      "player_id": 219,
      "player_name": "K. Prapanjan",
      "match_played": 22,
      "value": 0.05,
      "team_id": 29,
      "team_name": " TT",
      "rank": "135",
      "position_id": 8,
      "position_name": "Raider"
    },
    {
      "player_id": 85,
      "player_name": "Rajesh Mondal",
      "match_played": 24,
      "value": 0.04,
      "team_id": 7,
      "team_name": " Pun",
      "rank": "136",
      "position_id": 8,
      "position_name": "Raider"
    },
    {
      "player_id": 12,
      "player_name": "Jang Kun Lee",
      "match_played": 21,
      "value": 0.0,
      "team_id": 4,
      "team_name": " Kol",
      "rank": "137",
      "position_id": 8,
      "position_name": "Raider"
    },
    {
      "player_id": 34,
      "player_name": "Bhupender Singh",
      "match_played": 17,
      "value": 0.0,
      "team_id": 4,
      "team_name": " Kol",
      "rank": "137",
      "position_id": 1,
      "position_name": "All Rounder"
    },
    {
      "player_id": 75,
      "player_name": "Nitin Madane",
      "match_played": 12,
      "value": 0.0,
      "team_id": 5,
      "team_name": " Mum",
      "rank": "137",
      "position_id": 8,
      "position_name": "Raider"
    },
    {
      "player_id": 72,
      "player_name": "Navneet Gautam",
      "match_played": 3,
      "value": 0.0,
      "team_id": 3,
      "team_name": " Jai",
      "rank": "137",
      "position_id": 3,
      "position_name": "Defender, left corner"
    },
    {
      "player_id": 156,
      "player_name": "Pawan Kumar Kadian",
      "match_played": 21,
      "value": 0.0,
      "team_id": 3,
      "team_name": " Jai",
      "rank": "137",
      "position_id": 8,
      "position_name": "Raider"
    },
    {
      "player_id": 197,
      "player_name": "Pardeep Narwal",
      "match_played": 26,
      "value": 0.0,
      "team_id": 6,
      "team_name": " Pat",
      "rank": "137",
      "position_id": 8,
      "position_name": "Raider"
    },
    {
      "player_id": 777,
      "player_name": "Pardeep Kandola",
      "match_played": 3,
      "value": 0.0,
      "team_id": 1,
      "team_name": " Ben",
      "rank": "137",
      "position_id": 6,
      "position_name": "Defender, right corner"
    },
    {
      "player_id": 576,
      "player_name": "Anand Patil",
      "match_played": 19,
      "value": 0.0,
      "team_id": 2,
      "team_name": " Del",
      "rank": "137",
      "position_id": 8,
      "position_name": "Raider"
    },
    {
      "player_id": 372,
      "player_name": "Harish Naik",
      "match_played": 14,
      "value": 0.0,
      "team_id": 1,
      "team_name": " Ben",
      "rank": "137",
      "position_id": 8,
      "position_name": "Raider"
    },
    {
      "player_id": 794,
      "player_name": "Amit Sheoran",
      "match_played": 4,
      "value": 0.0,
      "team_id": 1,
      "team_name": " Ben",
      "rank": "137",
      "position_id": 9,
      "position_name": "Defender"
    }
  ],
  "language_lookup": {
    "stat": "Stat",
    "stat_id": "Stat Id",
    "minimum_criteria": "Minimum Criteria",
    "team_id": "Team Id",
    "team_name": "Team Name",
    "player_id": "Player Id",
    "player_name": "Player Name",
    "value": "Value",
    "match_played": "Match Played",
    "team": "Team",
    "tackles": "Tackles"
  }
}