{
  "stat": "Player Total Points",
  "stat_id": "102",
  "minimum_criteria": "More than 0 Total Points",
  "data": [
    {
      "player_id": 197,
      "player_name": "Pardeep Narwal",
      "match_played": 26,
      "value": 369,
      "team_id": 6,
      "team": " Pat",
      "team_name": " Pat",
      "rank": "1",
      "position_id": 8,
      "position_name": "Raider"
    },
    {
      "player_id": 326,
      "player_name": "Rohit Kumar",
      "match_played": 22,
      "value": 231,
      "team_id": 1,
      "team": " Ben",
      "team_name": " Ben",
      "rank": "2",
      "position_id": 8,
      "position_name": "Raider"
    },
    {
      "player_id": 26,
      "player_name": "Ajay Thakur",
      "match_played": 22,
      "value": 222,
      "team_id": 29,
      "team": " TT",
      "team_name": " TT",
      "rank": "3",
      "position_id": 8,
      "position_name": "Raider"
    },
    {
      "player_id": 388,
      "player_name": "Monu Goyat",
      "match_played": 26,
      "value": 202,
      "team_id": 6,
      "team": " Pat",
      "team_name": " Pat",
      "rank": "4",
      "position_id": 8,
      "position_name": "Raider"
    },
    {
      "player_id": 81,
      "player_name": "Rahul Chaudhari",
      "match_played": 22,
      "value": 193,
      "team_id": 8,
      "team": " Hyd",
      "team_name": " Hyd",
      "rank": "5",
      "position_id": 8,
      "position_name": "Raider"
    },
    {
      "player_id": 143,
      "player_name": "Maninder Singh",
      "match_played": 21,
      "value": 192,
      "team_id": 4,
      "team": " Kol",
      "team_name": " Kol",
      "rank": "6",
      "position_id": 8,
      "position_name": "Raider"
    },
    {
      "player_id": 41,
      "player_name": "Deepak Niwas Hooda",
      "match_played": 24,
      "value": 186,
      "team_id": 7,
      "team": " Pun",
      "team_name": " Pun",
      "rank": "7",
      "position_id": 1,
      "position_name": "All Rounder"
    },
    {
      "player_id": 320,
      "player_name": "Nitin Tomar",
      "match_played": 20,
      "value": 177,
      "team_id": 30,
      "team": " UPY",
      "team_name": " UPY",
      "rank": "8",
      "position_id": 8,
      "position_name": "Raider"
    },
    {
      "player_id": 757,
      "player_name": "Sachin",
      "match_played": 24,
      "value": 173,
      "team_id": 31,
      "team": " GFG",
      "team_name": " GFG",
      "rank": "9",
      "position_id": 8,
      "position_name": "Raider"
    },
    {
      "player_id": 94,
      "player_name": "Rishank Devadiga",
      "match_played": 21,
      "value": 170,
      "team_id": 30,
      "team": " UPY",
      "team_name": " UPY",
      "rank": "10",
      "position_id": 8,
      "position_name": "Raider"
    },
    {
      "player_id": 29,
      "player_name": "Anup Kumar",
      "match_played": 21,
      "value": 135,
      "team_id": 5,
      "team": " Mum",
      "team_name": " Mum",
      "rank": "11",
      "position_id": 8,
      "position_name": "Raider"
    },
    {
      "player_id": 219,
      "player_name": "K. Prapanjan",
      "match_played": 22,
      "value": 124,
      "team_id": 29,
      "team": " TT",
      "team_name": " TT",
      "rank": "12",
      "position_id": 8,
      "position_name": "Raider"
    },
    {
      "player_id": 156,
      "player_name": "Pawan Kumar Kadian",
      "match_played": 21,
      "value": 122,
      "team_id": 3,
      "team": " Jai",
      "team_name": " Jai",
      "rank": "13",
      "position_id": 8,
      "position_name": "Raider"
    },
    {
      "player_id": 58,
      "player_name": "Kashiling Adake",
      "match_played": 20,
      "value": 122,
      "team_id": 5,
      "team": " Ben, Mum",
      "team_name": " Ben, Mum",
      "rank": "13",
      "position_id": 8,
      "position_name": "Raider"
    },
    {
      "player_id": 124,
      "player_name": "Wazir Singh",
      "match_played": 21,
      "value": 120,
      "team_id": 28,
      "team": " HS",
      "team_name": " HS",
      "rank": "15",
      "position_id": 8,
      "position_name": "Raider"
    },
    {
      "player_id": 293,
      "player_name": "Nilesh Salunke",
      "match_played": 21,
      "value": 105,
      "team_id": 8,
      "team": " Hyd",
      "team_name": " Hyd",
      "rank": "16",
      "position_id": 8,
      "position_name": "Raider"
    },
    {
      "player_id": 251,
      "player_name": "Meraj Sheykh",
      "match_played": 20,
      "value": 104,
      "team_id": 2,
      "team": " Del",
      "team_name": " Del",
      "rank": "17",
      "position_id": 1,
      "position_name": "All Rounder"
    },
    {
      "player_id": 106,
      "player_name": "Shrikant Jadhav",
      "match_played": 19,
      "value": 98,
      "team_id": 5,
      "team": " Mum",
      "team_name": " Mum",
      "rank": "18",
      "position_id": 8,
      "position_name": "Raider"
    },
    {
      "player_id": 300,
      "player_name": "Abolfazl Maghsodloumahali",
      "match_played": 19,
      "value": 97,
      "team_id": 2,
      "team": " Del",
      "team_name": " Del",
      "rank": "19",
      "position_id": 8,
      "position_name": "Raider"
    },
    {
      "player_id": 85,
      "player_name": "Rajesh Mondal",
      "match_played": 24,
      "value": 91,
      "team_id": 7,
      "team": " Pun",
      "team_name": " Pun",
      "rank": "20",
      "position_id": 8,
      "position_name": "Raider"
    },
    {
      "player_id": 12,
      "player_name": "Jang Kun Lee",
      "match_played": 21,
      "value": 89,
      "team_id": 4,
      "team": " Kol",
      "team_name": " Kol",
      "rank": "21",
      "position_id": 8,
      "position_name": "Raider"
    },
    {
      "player_id": 389,
      "player_name": "Ajay Kumar",
      "match_played": 22,
      "value": 89,
      "team_id": 1,
      "team": " Ben",
      "team_name": " Ben",
      "rank": "21",
      "position_id": 8,
      "position_name": "Raider"
    },
    {
      "player_id": 211,
      "player_name": "Deepak Narwal",
      "match_played": 16,
      "value": 87,
      "team_id": 4,
      "team": " Kol",
      "team_name": " Kol",
      "rank": "23",
      "position_id": 8,
      "position_name": "Raider"
    },
    {
      "player_id": 142,
      "player_name": "Sandeep Narwal",
      "match_played": 21,
      "value": 85,
      "team_id": 7,
      "team": " Pun",
      "team_name": " Pun",
      "rank": "24",
      "position_id": 1,
      "position_name": "All Rounder"
    },
    {
      "player_id": 791,
      "player_name": "Nitin Rawal",
      "match_played": 21,
      "value": 85,
      "team_id": 3,
      "team": " Jai",
      "team_name": " Jai",
      "rank": "24",
      "position_id": 9,
      "position_name": "Defender"
    },
    {
      "player_id": 146,
      "player_name": "Surender Nada",
      "match_played": 21,
      "value": 83,
      "team_id": 28,
      "team": " HS",
      "team_name": " HS",
      "rank": "26",
      "position_id": 3,
      "position_name": "Defender, left corner"
    },
    {
      "player_id": 155,
      "player_name": "Prashanth Kumar Rai",
      "match_played": 16,
      "value": 80,
      "team_id": 28,
      "team": " HS",
      "team_name": " HS",
      "rank": "27",
      "position_id": 8,
      "position_name": "Raider"
    },
    {
      "player_id": 322,
      "player_name": "PO Surjeet Singh",
      "match_played": 24,
      "value": 79,
      "team_id": 4,
      "team": " Kol",
      "team_name": " Kol",
      "rank": "28",
      "position_id": 7,
      "position_name": "Defender, right cover"
    },
    {
      "player_id": 174,
      "player_name": "Deepak Kumar Dahiya",
      "match_played": 16,
      "value": 78,
      "team_id": 28,
      "team": " HS",
      "team_name": " HS",
      "rank": "29",
      "position_id": 8,
      "position_name": "Raider"
    },
    {
      "player_id": 111,
      "player_name": "Sukesh Hegde",
      "match_played": 18,
      "value": 77,
      "team_id": 31,
      "team": " GFG",
      "team_name": " GFG",
      "rank": "30",
      "position_id": 8,
      "position_name": "Raider"
    },
    {
      "player_id": 261,
      "player_name": "Rohit Baliyan",
      "match_played": 17,
      "value": 74,
      "team_id": 2,
      "team": " Del",
      "team_name": " Del",
      "rank": "31",
      "position_id": 8,
      "position_name": "Raider"
    },
    {
      "player_id": 358,
      "player_name": "Vishal Bhardwaj",
      "match_played": 22,
      "value": 71,
      "team_id": 8,
      "team": " Hyd",
      "team_name": " Hyd",
      "rank": "32",
      "position_id": 1,
      "position_name": "All Rounder"
    },
    {
      "player_id": 579,
      "player_name": "Jaideep",
      "match_played": 26,
      "value": 71,
      "team_id": 6,
      "team": " Pat",
      "team_name": " Pat",
      "rank": "32",
      "position_id": 3,
      "position_name": "Defender, left corner"
    },
    {
      "player_id": 234,
      "player_name": "Surender Singh",
      "match_played": 18,
      "value": 70,
      "team_id": 30,
      "team": " UPY",
      "team_name": " UPY",
      "rank": "34",
      "position_id": 8,
      "position_name": "Raider"
    },
    {
      "player_id": 161,
      "player_name": "Girish Maruti Ernak",
      "match_played": 21,
      "value": 69,
      "team_id": 7,
      "team": " Pun",
      "team_name": " Pun",
      "rank": "35",
      "position_id": 3,
      "position_name": "Defender, left corner"
    },
    {
      "player_id": 242,
      "player_name": "Tushar Patil",
      "match_played": 17,
      "value": 67,
      "team_id": 3,
      "team": " Jai",
      "team_name": " Jai",
      "rank": "36",
      "position_id": 8,
      "position_name": "Raider"
    },
    {
      "player_id": 52,
      "player_name": "Jasvir Singh",
      "match_played": 15,
      "value": 66,
      "team_id": 3,
      "team": " Jai",
      "team_name": " Jai",
      "rank": "37",
      "position_id": 8,
      "position_name": "Raider"
    },
    {
      "player_id": 489,
      "player_name": "Abozar Mohajermighani",
      "match_played": 24,
      "value": 66,
      "team_id": 31,
      "team": " GFG",
      "team_name": " GFG",
      "rank": "37",
      "position_id": 9,
      "position_name": "Defender"
    },
    {
      "player_id": 160,
      "player_name": "Ran Singh",
      "match_played": 23,
      "value": 64,
      "team_id": 4,
      "team": " Kol",
      "team_name": " Kol",
      "rank": "39",
      "position_id": 1,
      "position_name": "All Rounder"
    },
    {
      "player_id": 745,
      "player_name": "Vijay",
      "match_played": 19,
      "value": 64,
      "team_id": 6,
      "team": " Pat",
      "team_name": " Pat",
      "rank": "39",
      "position_id": 8,
      "position_name": "Raider"
    },
    {
      "player_id": 119,
      "player_name": "CPO Surjeet Singh",
      "match_played": 17,
      "value": 63,
      "team_id": 28,
      "team": " HS",
      "team_name": " HS",
      "rank": "41",
      "position_id": 8,
      "position_name": "Raider"
    },
    {
      "player_id": 163,
      "player_name": "Mahendra Ganesh Rajput",
      "match_played": 17,
      "value": 62,
      "team_id": 31,
      "team": " GFG",
      "team_name": " GFG",
      "rank": "42",
      "position_id": 8,
      "position_name": "Raider"
    },
    {
      "player_id": 212,
      "player_name": "Amit Hooda",
      "match_played": 22,
      "value": 61,
      "team_id": 29,
      "team": " TT",
      "team_name": " TT",
      "rank": "43",
      "position_id": 6,
      "position_name": "Defender, right corner"
    },
    {
      "player_id": 366,
      "player_name": "Vikash Khandola",
      "match_played": 9,
      "value": 58,
      "team_id": 28,
      "team": " HS",
      "team_name": " HS",
      "rank": "44",
      "position_id": 8,
      "position_name": "Raider"
    },
    {
      "player_id": 368,
      "player_name": "Sunil Kumar",
      "match_played": 24,
      "value": 58,
      "team_id": 31,
      "team": " GFG",
      "team_name": " GFG",
      "rank": "44",
      "position_id": 7,
      "position_name": "Defender, right cover"
    },
    {
      "player_id": 733,
      "player_name": "Surender Singh",
      "match_played": 22,
      "value": 58,
      "team_id": 5,
      "team": " Mum",
      "team_name": " Mum",
      "rank": "44",
      "position_id": 7,
      "position_name": "Defender, right cover"
    },
    {
      "player_id": 769,
      "player_name": "Mahender Singh",
      "match_played": 22,
      "value": 58,
      "team_id": 1,
      "team": " Ben",
      "team_name": " Ben",
      "rank": "44",
      "position_id": 4,
      "position_name": "Defender, left cover"
    },
    {
      "player_id": 259,
      "player_name": "Fazel Atrachali",
      "match_played": 24,
      "value": 57,
      "team_id": 31,
      "team": " GFG",
      "team_name": " GFG",
      "rank": "48",
      "position_id": 3,
      "position_name": "Defender, left corner"
    },
    {
      "player_id": 157,
      "player_name": "Ravinder Pahal",
      "match_played": 19,
      "value": 54,
      "team_id": 1,
      "team": " Ben",
      "team_name": " Ben",
      "rank": "49",
      "position_id": 6,
      "position_name": "Defender, right corner"
    },
    {
      "player_id": 69,
      "player_name": "Manjeet Chhillar",
      "match_played": 15,
      "value": 52,
      "team_id": 3,
      "team": " Jai",
      "team_name": " Jai",
      "rank": "50",
      "position_id": 1,
      "position_name": "All Rounder"
    },
    {
      "player_id": 36,
      "player_name": "Chandran Ranjit",
      "match_played": 11,
      "value": 51,
      "team_id": 31,
      "team": " GFG",
      "team_name": " GFG",
      "rank": "51",
      "position_id": 8,
      "position_name": "Raider"
    },
    {
      "player_id": 795,
      "player_name": "Monu",
      "match_played": 19,
      "value": 49,
      "team_id": 7,
      "team": " Pun",
      "team_name": " Pun",
      "rank": "52",
      "position_id": 8,
      "position_name": "Raider"
    },
    {
      "player_id": 764,
      "player_name": "Vinod Kumar",
      "match_played": 21,
      "value": 48,
      "team_id": 6,
      "team": " Pat",
      "team_name": " Pat",
      "rank": "53",
      "position_id": 8,
      "position_name": "Raider"
    },
    {
      "player_id": 357,
      "player_name": "Parvesh Bhainswal",
      "match_played": 24,
      "value": 48,
      "team_id": 31,
      "team": " GFG",
      "team_name": " GFG",
      "rank": "53",
      "position_id": 4,
      "position_name": "Defender, left cover"
    },
    {
      "player_id": 252,
      "player_name": "Kuldeep Singh",
      "match_played": 20,
      "value": 47,
      "team_id": 5,
      "team": " Mum",
      "team_name": " Mum",
      "rank": "55",
      "position_id": 1,
      "position_name": "All Rounder"
    },
    {
      "player_id": 567,
      "player_name": "Mohsen Maghsoudloujafari",
      "match_played": 16,
      "value": 47,
      "team_id": 8,
      "team": " Hyd",
      "team_name": " Hyd",
      "rank": "55",
      "position_id": 8,
      "position_name": "Raider"
    },
    {
      "player_id": 725,
      "player_name": "Nitesh Kumar",
      "match_played": 19,
      "value": 47,
      "team_id": 30,
      "team": " UPY",
      "team_name": " UPY",
      "rank": "55",
      "position_id": 6,
      "position_name": "Defender, right corner"
    },
    {
      "player_id": 54,
      "player_name": "Jeeva Kumar",
      "match_played": 22,
      "value": 44,
      "team_id": 30,
      "team": " UPY",
      "team_name": " UPY",
      "rank": "58",
      "position_id": 5,
      "position_name": "Defender, right and left cover"
    },
    {
      "player_id": 71,
      "player_name": "Mohit Chhillar",
      "match_played": 20,
      "value": 42,
      "team_id": 28,
      "team": " HS",
      "team_name": " HS",
      "rank": "59",
      "position_id": 6,
      "position_name": "Defender, right corner"
    },
    {
      "player_id": 66,
      "player_name": "Mahesh Goud",
      "match_played": 21,
      "value": 42,
      "team_id": 30,
      "team": " UPY",
      "team_name": " UPY",
      "rank": "59",
      "position_id": 8,
      "position_name": "Raider"
    },
    {
      "player_id": 387,
      "player_name": "Vinod Kumar",
      "match_played": 19,
      "value": 41,
      "team_id": 4,
      "team": " Kol",
      "team_name": " Kol",
      "rank": "61",
      "position_id": 8,
      "position_name": "Raider"
    },
    {
      "player_id": 724,
      "player_name": "Darshan J.",
      "match_played": 20,
      "value": 41,
      "team_id": 29,
      "team": " TT",
      "team_name": " TT",
      "rank": "61",
      "position_id": 7,
      "position_name": "Defender, right cover"
    },
    {
      "player_id": 324,
      "player_name": "Darshan Kadian",
      "match_played": 16,
      "value": 40,
      "team_id": 5,
      "team": " Mum",
      "team_name": " Mum",
      "rank": "63",
      "position_id": 8,
      "position_name": "Raider"
    },
    {
      "player_id": 107,
      "player_name": "Shrikant Tewthia",
      "match_played": 23,
      "value": 40,
      "team_id": 4,
      "team": " Kol",
      "team_name": " Kol",
      "rank": "63",
      "position_id": 1,
      "position_name": "All Rounder"
    },
    {
      "player_id": 123,
      "player_name": "Vishal Mane",
      "match_played": 26,
      "value": 39,
      "team_id": 6,
      "team": " Pat",
      "team_name": " Pat",
      "rank": "65",
      "position_id": 7,
      "position_name": "Defender, right cover"
    },
    {
      "player_id": 361,
      "player_name": "Sombir",
      "match_played": 17,
      "value": 39,
      "team_id": 8,
      "team": " Hyd",
      "team_name": " Hyd",
      "rank": "65",
      "position_id": 6,
      "position_name": "Defender, right corner"
    },
    {
      "player_id": 686,
      "player_name": "Rohit Gulia",
      "match_played": 19,
      "value": 38,
      "team_id": 31,
      "team": " GFG",
      "team_name": " GFG",
      "rank": "67",
      "position_id": 1,
      "position_name": "All Rounder"
    },
    {
      "player_id": 105,
      "player_name": "Shabeer Bappu",
      "match_played": 12,
      "value": 38,
      "team_id": 5,
      "team": " Mum",
      "team_name": " Mum",
      "rank": "67",
      "position_id": 8,
      "position_name": "Raider"
    },
    {
      "player_id": 191,
      "player_name": "C. Arun",
      "match_played": 20,
      "value": 36,
      "team_id": 29,
      "team": " TT",
      "team_name": " TT",
      "rank": "69",
      "position_id": 4,
      "position_name": "Defender, left cover"
    },
    {
      "player_id": 718,
      "player_name": "R. Sriram",
      "match_played": 11,
      "value": 36,
      "team_id": 2,
      "team": " Del",
      "team_name": " Del",
      "rank": "69",
      "position_id": 8,
      "position_name": "Raider"
    },
    {
      "player_id": 390,
      "player_name": "Jawahar Dagar",
      "match_played": 18,
      "value": 35,
      "team_id": 6,
      "team": " Pat",
      "team_name": " Pat",
      "rank": "71",
      "position_id": 8,
      "position_name": "Raider"
    },
    {
      "player_id": 762,
      "player_name": "Vikas Kumar",
      "match_played": 14,
      "value": 35,
      "team_id": 8,
      "team": " Hyd",
      "team_name": " Hyd",
      "rank": "71",
      "position_id": 8,
      "position_name": "Raider"
    },
    {
      "player_id": 576,
      "player_name": "Anand Patil",
      "match_played": 19,
      "value": 33,
      "team_id": 2,
      "team": " Del",
      "team_name": " Del",
      "rank": "73",
      "position_id": 8,
      "position_name": "Raider"
    },
    {
      "player_id": 347,
      "player_name": "Sagar B Krishna",
      "match_played": 17,
      "value": 33,
      "team_id": 30,
      "team": " UPY",
      "team_name": " UPY",
      "rank": "73",
      "position_id": 1,
      "position_name": "All Rounder"
    },
    {
      "player_id": 202,
      "player_name": "Ashish Kumar",
      "match_played": 20,
      "value": 32,
      "team_id": 1,
      "team": " Ben",
      "team_name": " Ben",
      "rank": "75",
      "position_id": 7,
      "position_name": "Defender, right cover"
    },
    {
      "player_id": 61,
      "player_name": "Kuldeep Singh",
      "match_played": 16,
      "value": 32,
      "team_id": 1,
      "team": " Ben",
      "team_name": " Ben",
      "rank": "75",
      "position_id": 3,
      "position_name": "Defender, left corner"
    },
    {
      "player_id": 141,
      "player_name": "Sunil Jaipal",
      "match_played": 13,
      "value": 31,
      "team_id": 1,
      "team": " Ben",
      "team_name": " Ben",
      "rank": "77",
      "position_id": 8,
      "position_name": "Raider"
    },
    {
      "player_id": 611,
      "player_name": "Sidharth",
      "match_played": 21,
      "value": 31,
      "team_id": 3,
      "team": " Jai",
      "team_name": " Jai",
      "rank": "77",
      "position_id": 1,
      "position_name": "All Rounder"
    },
    {
      "player_id": 268,
      "player_name": "Vineet Sharma",
      "match_played": 18,
      "value": 30,
      "team_id": 29,
      "team": " TT",
      "team_name": " TT",
      "rank": "79",
      "position_id": 8,
      "position_name": "Raider"
    },
    {
      "player_id": 109,
      "player_name": "Somvir Shekhar",
      "match_played": 22,
      "value": 30,
      "team_id": 3,
      "team": " Jai",
      "team_name": " Jai",
      "rank": "79",
      "position_id": 7,
      "position_name": "Defender, right cover"
    },
    {
      "player_id": 240,
      "player_name": "Ravi Kumar",
      "match_played": 23,
      "value": 30,
      "team_id": 7,
      "team": " Pun",
      "team_name": " Pun",
      "rank": "79",
      "position_id": 7,
      "position_name": "Defender, right cover"
    },
    {
      "player_id": 522,
      "player_name": "Dong Geon Lee",
      "match_played": 17,
      "value": 29,
      "team_id": 29,
      "team": " TT",
      "team_name": " TT",
      "rank": "82",
      "position_id": 8,
      "position_name": "Raider"
    },
    {
      "player_id": 722,
      "player_name": "D. Pradap",
      "match_played": 16,
      "value": 29,
      "team_id": 29,
      "team": " TT",
      "team_name": " TT",
      "rank": "82",
      "position_id": 1,
      "position_name": "All Rounder"
    },
    {
      "player_id": 482,
      "player_name": "Farhad Rahimi Milaghardan",
      "match_played": 18,
      "value": 28,
      "team_id": 8,
      "team": " Hyd",
      "team_name": " Hyd",
      "rank": "84",
      "position_id": 7,
      "position_name": "Defender, right cover"
    },
    {
      "player_id": 34,
      "player_name": "Bhupender Singh",
      "match_played": 17,
      "value": 28,
      "team_id": 4,
      "team": " Kol",
      "team_name": " Kol",
      "rank": "84",
      "position_id": 1,
      "position_name": "All Rounder"
    },
    {
      "player_id": 773,
      "player_name": "Satpal",
      "match_played": 10,
      "value": 28,
      "team_id": 2,
      "team": " Del",
      "team_name": " Del",
      "rank": "84",
      "position_id": 6,
      "position_name": "Defender, right corner"
    },
    {
      "player_id": 86,
      "player_name": "Rajesh Narwal",
      "match_played": 16,
      "value": 27,
      "team_id": 30,
      "team": " UPY",
      "team_name": " UPY",
      "rank": "87",
      "position_id": 1,
      "position_name": "All Rounder"
    },
    {
      "player_id": 734,
      "player_name": "Vikash",
      "match_played": 19,
      "value": 26,
      "team_id": 28,
      "team": " HS",
      "team_name": " HS",
      "rank": "88",
      "position_id": 6,
      "position_name": "Defender, right corner"
    },
    {
      "player_id": 42,
      "player_name": "Dharmaraj Cheralathan",
      "match_played": 18,
      "value": 25,
      "team_id": 7,
      "team": " Pun",
      "team_name": " Pun",
      "rank": "89",
      "position_id": 10,
      "position_name": "Defender, right and left corner"
    },
    {
      "player_id": 207,
      "player_name": "Sunil",
      "match_played": 18,
      "value": 25,
      "team_id": 2,
      "team": " Del",
      "team_name": " Del",
      "rank": "89",
      "position_id": 3,
      "position_name": "Defender, left corner"
    },
    {
      "player_id": 372,
      "player_name": "Harish Naik",
      "match_played": 14,
      "value": 24,
      "team_id": 1,
      "team": " Ben",
      "team_name": " Ben",
      "rank": "91",
      "position_id": 8,
      "position_name": "Raider"
    },
    {
      "player_id": 46,
      "player_name": "Gurvinder Singh",
      "match_played": 9,
      "value": 24,
      "team_id": 1,
      "team": " Ben",
      "team_name": " Ben",
      "rank": "91",
      "position_id": 8,
      "position_name": "Raider"
    },
    {
      "player_id": 73,
      "player_name": "Nilesh Shinde",
      "match_played": 15,
      "value": 24,
      "team_id": 2,
      "team": " Del",
      "team_name": " Del",
      "rank": "91",
      "position_id": 6,
      "position_name": "Defender, right corner"
    },
    {
      "player_id": 96,
      "player_name": "Rohit Rana",
      "match_played": 21,
      "value": 24,
      "team_id": 8,
      "team": " Hyd",
      "team_name": " Hyd",
      "rank": "91",
      "position_id": 4,
      "position_name": "Defender, left cover"
    },
    {
      "player_id": 158,
      "player_name": "Rakesh Singh Kumar",
      "match_played": 19,
      "value": 24,
      "team_id": 28,
      "team": " HS",
      "team_name": " HS",
      "rank": "91",
      "position_id": 4,
      "position_name": "Defender, left cover"
    },
    {
      "player_id": 88,
      "player_name": "Rakesh Kumar",
      "match_played": 10,
      "value": 23,
      "team_id": 8,
      "team": " Hyd",
      "team_name": " Hyd",
      "rank": "96",
      "position_id": 1,
      "position_name": "All Rounder"
    },
    {
      "player_id": 648,
      "player_name": "Ajit Singh",
      "match_played": 11,
      "value": 23,
      "team_id": 3,
      "team": " Jai",
      "team_name": " Jai",
      "rank": "96",
      "position_id": 8,
      "position_name": "Raider"
    },
    {
      "player_id": 165,
      "player_name": "Sachin Shingade",
      "match_played": 26,
      "value": 22,
      "team_id": 6,
      "team": " Pat",
      "team_name": " Pat",
      "rank": "98",
      "position_id": 4,
      "position_name": "Defender, left cover"
    },
    {
      "player_id": 728,
      "player_name": "Manish",
      "match_played": 23,
      "value": 22,
      "team_id": 6,
      "team": " Pat",
      "team_name": " Pat",
      "rank": "98",
      "position_id": 7,
      "position_name": "Defender, right cover"
    },
    {
      "player_id": 771,
      "player_name": "Suresh Kumar",
      "match_played": 11,
      "value": 22,
      "team_id": 7,
      "team": " Pun",
      "team_name": " Pun",
      "rank": "98",
      "position_id": 8,
      "position_name": "Raider"
    },
    {
      "player_id": 796,
      "player_name": "Rinku Narwal",
      "match_played": 13,
      "value": 22,
      "team_id": 7,
      "team": " Pun",
      "team_name": " Pun",
      "rank": "98",
      "position_id": 3,
      "position_name": "Defender, left corner"
    },
    {
      "player_id": 365,
      "player_name": "Akshay Jadhav",
      "match_played": 10,
      "value": 21,
      "team_id": 7,
      "team": " Pun",
      "team_name": " Pun",
      "rank": "102",
      "position_id": 8,
      "position_name": "Raider"
    },
    {
      "player_id": 536,
      "player_name": "Ziaur Rahman",
      "match_played": 16,
      "value": 20,
      "team_id": 7,
      "team": " Pun",
      "team_name": " Pun",
      "rank": "103",
      "position_id": 4,
      "position_name": "Defender, left cover"
    },
    {
      "player_id": 249,
      "player_name": "Hadi Oshtorak",
      "match_played": 16,
      "value": 20,
      "team_id": 5,
      "team": " Mum",
      "team_name": " Mum",
      "rank": "103",
      "position_id": 1,
      "position_name": "All Rounder"
    },
    {
      "player_id": 204,
      "player_name": "Rakesh Narwal",
      "match_played": 6,
      "value": 18,
      "team_id": 31,
      "team": " GFG",
      "team_name": " GFG",
      "rank": "105",
      "position_id": 8,
      "position_name": "Raider"
    },
    {
      "player_id": 613,
      "player_name": "Sunil Siddhgavali",
      "match_played": 12,
      "value": 16,
      "team_id": 3,
      "team": " Jai",
      "team_name": " Jai",
      "rank": "106",
      "position_id": 8,
      "position_name": "Raider"
    },
    {
      "player_id": 665,
      "player_name": "Pankaj",
      "match_played": 13,
      "value": 16,
      "team_id": 30,
      "team": " UPY",
      "team_name": " UPY",
      "rank": "106",
      "position_id": 1,
      "position_name": "All Rounder"
    },
    {
      "player_id": 667,
      "player_name": "Elangeshwaran R",
      "match_played": 5,
      "value": 16,
      "team_id": 8,
      "team": " Hyd",
      "team_name": " Hyd",
      "rank": "106",
      "position_id": 1,
      "position_name": "All Rounder"
    },
    {
      "player_id": 696,
      "player_name": "M. Thivakaran",
      "match_played": 9,
      "value": 16,
      "team_id": 29,
      "team": " TT",
      "team_name": " TT",
      "rank": "106",
      "position_id": 8,
      "position_name": "Raider"
    },
    {
      "player_id": 784,
      "player_name": "Viraj Vishnu Landge",
      "match_played": 19,
      "value": 16,
      "team_id": 2,
      "team": " Del",
      "team_name": " Del",
      "rank": "106",
      "position_id": 4,
      "position_name": "Defender, left cover"
    },
    {
      "player_id": 772,
      "player_name": "More GB",
      "match_played": 6,
      "value": 16,
      "team_id": 7,
      "team": " Pun",
      "team_name": " Pun",
      "rank": "106",
      "position_id": 8,
      "position_name": "Raider"
    },
    {
      "player_id": 676,
      "player_name": "Santhapanaselvam",
      "match_played": 10,
      "value": 15,
      "team_id": 3,
      "team": " Jai",
      "team_name": " Jai",
      "rank": "112",
      "position_id": 1,
      "position_name": "All Rounder"
    },
    {
      "player_id": 837,
      "player_name": "Rakshith",
      "match_played": 6,
      "value": 14,
      "team_id": 8,
      "team": " Hyd",
      "team_name": " Hyd",
      "rank": "113",
      "position_id": 8,
      "position_name": "Raider"
    },
    {
      "player_id": 637,
      "player_name": "Neeraj Kumar",
      "match_played": 17,
      "value": 13,
      "team_id": 28,
      "team": " HS",
      "team_name": " HS",
      "rank": "114",
      "position_id": 7,
      "position_name": "Defender, right cover"
    },
    {
      "player_id": 217,
      "player_name": "Rohit Kumar Choudary",
      "match_played": 11,
      "value": 13,
      "team_id": 7,
      "team": " Pun",
      "team_name": " Pun",
      "rank": "114",
      "position_id": 8,
      "position_name": "Raider"
    },
    {
      "player_id": 170,
      "player_name": "Swapnil Dilip Shinde",
      "match_played": 13,
      "value": 13,
      "team_id": 2,
      "team": " Del",
      "team_name": " Del",
      "rank": "114",
      "position_id": 7,
      "position_name": "Defender, right cover"
    },
    {
      "player_id": 121,
      "player_name": "Vikas Jaglan",
      "match_played": 13,
      "value": 13,
      "team_id": 6,
      "team": " Pat",
      "team_name": " Pat",
      "rank": "114",
      "position_id": 8,
      "position_name": "Raider"
    },
    {
      "player_id": 75,
      "player_name": "Nitin Madane",
      "match_played": 12,
      "value": 13,
      "team_id": 5,
      "team": " Mum",
      "team_name": " Mum",
      "rank": "114",
      "position_id": 8,
      "position_name": "Raider"
    },
    {
      "player_id": 101,
      "player_name": "Santhosh B.S",
      "match_played": 9,
      "value": 12,
      "team_id": 30,
      "team": " UPY",
      "team_name": " UPY",
      "rank": "119",
      "position_id": 3,
      "position_name": "Defender, left corner"
    },
    {
      "player_id": 195,
      "player_name": "Ashish Chhokar",
      "match_played": 5,
      "value": 12,
      "team_id": 28,
      "team": " HS",
      "team_name": " HS",
      "rank": "119",
      "position_id": 8,
      "position_name": "Raider"
    },
    {
      "player_id": 710,
      "player_name": "N. Renjith",
      "match_played": 11,
      "value": 12,
      "team_id": 5,
      "team": " Mum",
      "team_name": " Mum",
      "rank": "119",
      "position_id": 3,
      "position_name": "Defender, left corner"
    },
    {
      "player_id": 164,
      "player_name": "Bajirao Hodage",
      "match_played": 12,
      "value": 11,
      "team_id": 2,
      "team": " Del",
      "team_name": " Del",
      "rank": "122",
      "position_id": 7,
      "position_name": "Defender, right cover"
    },
    {
      "player_id": 735,
      "player_name": "Vishal",
      "match_played": 5,
      "value": 11,
      "team_id": 2,
      "team": " Del",
      "team_name": " Del",
      "rank": "122",
      "position_id": 1,
      "position_name": "All Rounder"
    },
    {
      "player_id": 736,
      "player_name": "Yatharth Deshwal",
      "match_played": 6,
      "value": 11,
      "team_id": 2,
      "team": " Del",
      "team_name": " Del",
      "rank": "122",
      "position_id": 1,
      "position_name": "All Rounder"
    },
    {
      "player_id": 318,
      "player_name": "Pawan Kumar Sehrawat",
      "match_played": 9,
      "value": 10,
      "team_id": 31,
      "team": " Ben, GFG",
      "team_name": " Ben, GFG",
      "rank": "125",
      "position_id": 8,
      "position_name": "Raider"
    },
    {
      "player_id": 301,
      "player_name": "Hadi Tajik",
      "match_played": 9,
      "value": 9,
      "team_id": 30,
      "team": " UPY",
      "team_name": " UPY",
      "rank": "126",
      "position_id": 6,
      "position_name": "Defender, right corner"
    },
    {
      "player_id": 661,
      "player_name": "Tapas Pal",
      "match_played": 5,
      "value": 9,
      "team_id": 2,
      "team": " Del",
      "team_name": " Del",
      "rank": "126",
      "position_id": 1,
      "position_name": "All Rounder"
    },
    {
      "player_id": 194,
      "player_name": "Joginder Singh Narwal",
      "match_played": 8,
      "value": 9,
      "team_id": 5,
      "team": " Mum",
      "team_name": " Mum",
      "rank": "126",
      "position_id": 3,
      "position_name": "Defender, left corner"
    },
    {
      "player_id": 162,
      "player_name": "D. Suresh Kumar",
      "match_played": 5,
      "value": 8,
      "team_id": 5,
      "team": " Mum",
      "team_name": " Mum",
      "rank": "129",
      "position_id": 7,
      "position_name": "Defender, right cover"
    },
    {
      "player_id": 92,
      "player_name": "Ravi Dalal",
      "match_played": 5,
      "value": 8,
      "team_id": 2,
      "team": " Del",
      "team_name": " Del",
      "rank": "129",
      "position_id": 8,
      "position_name": "Raider"
    },
    {
      "player_id": 689,
      "player_name": "Mohan Raman G",
      "match_played": 4,
      "value": 8,
      "team_id": 5,
      "team": " Mum",
      "team_name": " Mum",
      "rank": "129",
      "position_id": 8,
      "position_name": "Raider"
    },
    {
      "player_id": 313,
      "player_name": "Virender Wazir Singh",
      "match_played": 3,
      "value": 8,
      "team_id": 4,
      "team": " Kol",
      "team_name": " Kol",
      "rank": "129",
      "position_id": 8,
      "position_name": "Raider"
    },
    {
      "player_id": 694,
      "player_name": "Deepak Yadav",
      "match_played": 4,
      "value": 8,
      "team_id": 5,
      "team": " Mum",
      "team_name": " Mum",
      "rank": "129",
      "position_id": 7,
      "position_name": "Defender, right cover"
    },
    {
      "player_id": 732,
      "player_name": "Kuldeep Singh",
      "match_played": 5,
      "value": 8,
      "team_id": 28,
      "team": " HS",
      "team_name": " HS",
      "rank": "129",
      "position_id": 1,
      "position_name": "All Rounder"
    },
    {
      "player_id": 275,
      "player_name": "Deepak Kumar Rathee",
      "match_played": 6,
      "value": 7,
      "team_id": 28,
      "team": " HS",
      "team_name": " HS",
      "rank": "135",
      "position_id": 1,
      "position_name": "All Rounder"
    },
    {
      "player_id": 605,
      "player_name": "Shubham Ashok Palkar",
      "match_played": 8,
      "value": 7,
      "team_id": 2,
      "team": " Del",
      "team_name": " Del",
      "rank": "135",
      "position_id": 8,
      "position_name": "Raider"
    },
    {
      "player_id": 167,
      "player_name": "Preetam Chhillar",
      "match_played": 16,
      "value": 7,
      "team_id": 1,
      "team": " Ben",
      "team_name": " Ben",
      "rank": "135",
      "position_id": 1,
      "position_name": "All Rounder"
    },
    {
      "player_id": 218,
      "player_name": "Sachin Kumar",
      "match_played": 9,
      "value": 7,
      "team_id": 1,
      "team": " Ben",
      "team_name": " Ben",
      "rank": "135",
      "position_id": 3,
      "position_name": "Defender, left corner"
    },
    {
      "player_id": 233,
      "player_name": "Manoj Dhull",
      "match_played": 9,
      "value": 6,
      "team_id": 3,
      "team": " Jai",
      "team_name": " Jai",
      "rank": "139",
      "position_id": 6,
      "position_name": "Defender, right corner"
    },
    {
      "player_id": 172,
      "player_name": "Vinoth Kumar",
      "match_played": 4,
      "value": 6,
      "team_id": 8,
      "team": " Hyd",
      "team_name": " Hyd",
      "rank": "139",
      "position_id": 8,
      "position_name": "Raider"
    },
    {
      "player_id": 578,
      "player_name": "Mayur Shivtarkar",
      "match_played": 5,
      "value": 6,
      "team_id": 28,
      "team": " HS",
      "team_name": " HS",
      "rank": "139",
      "position_id": 1,
      "position_name": "All Rounder"
    },
    {
      "player_id": 288,
      "player_name": "Rahul Kumar",
      "match_played": 10,
      "value": 6,
      "team_id": 4,
      "team": " Kol",
      "team_name": " Kol",
      "rank": "139",
      "position_id": 7,
      "position_name": "Defender, right cover"
    },
    {
      "player_id": 738,
      "player_name": "Rahul Choudhary",
      "match_played": 5,
      "value": 6,
      "team_id": 3,
      "team": " Jai",
      "team_name": " Jai",
      "rank": "139",
      "position_id": 8,
      "position_name": "Raider"
    },
    {
      "player_id": 768,
      "player_name": "Vijay Kumar",
      "match_played": 8,
      "value": 6,
      "team_id": 29,
      "team": " TT",
      "team_name": " TT",
      "rank": "139",
      "position_id": 3,
      "position_name": "Defender, left corner"
    },
    {
      "player_id": 741,
      "player_name": "Vikash",
      "match_played": 4,
      "value": 5,
      "team_id": 4,
      "team": " Kol",
      "team_name": " Kol",
      "rank": "145",
      "position_id": 1,
      "position_name": "All Rounder"
    },
    {
      "player_id": 751,
      "player_name": "Gurvinder Singh",
      "match_played": 5,
      "value": 5,
      "team_id": 30,
      "team": " UPY",
      "team_name": " UPY",
      "rank": "145",
      "position_id": 4,
      "position_name": "Defender, left cover"
    },
    {
      "player_id": 53,
      "player_name": "Jeeva Gopal",
      "match_played": 6,
      "value": 5,
      "team_id": 28,
      "team": " HS",
      "team_name": " HS",
      "rank": "145",
      "position_id": 4,
      "position_name": "Defender, left cover"
    },
    {
      "player_id": 185,
      "player_name": "Vijin Thangadurai",
      "match_played": 12,
      "value": 4,
      "team_id": 29,
      "team": " TT",
      "team_name": " TT",
      "rank": "148",
      "position_id": 7,
      "position_name": "Defender, right cover"
    },
    {
      "player_id": 264,
      "player_name": "Selvamani K",
      "match_played": 3,
      "value": 4,
      "team_id": 3,
      "team": " Jai",
      "team_name": " Jai",
      "rank": "148",
      "position_id": 8,
      "position_name": "Raider"
    },
    {
      "player_id": 360,
      "player_name": "Sanket Chavan",
      "match_played": 7,
      "value": 4,
      "team_id": 29,
      "team": " TT",
      "team_name": " TT",
      "rank": "148",
      "position_id": 3,
      "position_name": "Defender, left corner"
    },
    {
      "player_id": 730,
      "player_name": "Rohit",
      "match_played": 2,
      "value": 4,
      "team_id": 1,
      "team": " Ben",
      "team_name": " Ben",
      "rank": "148",
      "position_id": 8,
      "position_name": "Raider"
    },
    {
      "player_id": 746,
      "player_name": "Vikrant",
      "match_played": 3,
      "value": 3,
      "team_id": 8,
      "team": " Hyd",
      "team_name": " Hyd",
      "rank": "152",
      "position_id": 8,
      "position_name": "Raider"
    },
    {
      "player_id": 776,
      "player_name": "Muruthu M",
      "match_played": 3,
      "value": 3,
      "team_id": 29,
      "team": " TT",
      "team_name": " TT",
      "rank": "152",
      "position_id": 7,
      "position_name": "Defender, right cover"
    },
    {
      "player_id": 790,
      "player_name": "Satish",
      "match_played": 10,
      "value": 3,
      "team_id": 6,
      "team": " Pat",
      "team_name": " Pat",
      "rank": "152",
      "position_id": 6,
      "position_name": "Defender, right corner"
    },
    {
      "player_id": 792,
      "player_name": "Tushar Balaram Bhoir",
      "match_played": 8,
      "value": 3,
      "team_id": 2,
      "team": " Del",
      "team_name": " Del",
      "rank": "152",
      "position_id": 7,
      "position_name": "Defender, right cover"
    },
    {
      "player_id": 640,
      "player_name": "Sanoj Kumar",
      "match_played": 2,
      "value": 3,
      "team_id": 30,
      "team": " UPY",
      "team_name": " UPY",
      "rank": "152",
      "position_id": 4,
      "position_name": "Defender, left cover"
    },
    {
      "player_id": 647,
      "player_name": "Gulveer Singh",
      "match_played": 4,
      "value": 3,
      "team_id": 30,
      "team": " UPY",
      "team_name": " UPY",
      "rank": "152",
      "position_id": 8,
      "position_name": "Raider"
    },
    {
      "player_id": 660,
      "player_name": "Bhavani Rajput",
      "match_played": 4,
      "value": 3,
      "team_id": 29,
      "team": " TT",
      "team_name": " TT",
      "rank": "152",
      "position_id": 8,
      "position_name": "Raider"
    },
    {
      "player_id": 690,
      "player_name": "E Subash",
      "match_played": 2,
      "value": 3,
      "team_id": 5,
      "team": " Mum",
      "team_name": " Mum",
      "rank": "152",
      "position_id": 1,
      "position_name": "All Rounder"
    },
    {
      "player_id": 712,
      "player_name": "Rohit Kumar",
      "match_played": 7,
      "value": 3,
      "team_id": 30,
      "team": " UPY",
      "team_name": " UPY",
      "rank": "152",
      "position_id": 7,
      "position_name": "Defender, right cover"
    },
    {
      "player_id": 519,
      "player_name": "Young Chang Ko",
      "match_played": 14,
      "value": 2,
      "team_id": 4,
      "team": " Kol",
      "team_name": " Kol",
      "rank": "161",
      "position_id": 4,
      "position_name": "Defender, left cover"
    },
    {
      "player_id": 392,
      "player_name": "Kuldeep",
      "match_played": 5,
      "value": 2,
      "team_id": 4,
      "team": " Kol",
      "team_name": " Kol",
      "rank": "161",
      "position_id": 8,
      "position_name": "Raider"
    },
    {
      "player_id": 370,
      "player_name": "Ravindra Ramesh Kumawat",
      "match_played": 2,
      "value": 2,
      "team_id": 4,
      "team": " Kol",
      "team_name": " Kol",
      "rank": "161",
      "position_id": 1,
      "position_name": "All Rounder"
    },
    {
      "player_id": 386,
      "player_name": "Anil Kumar",
      "match_played": 5,
      "value": 2,
      "team_id": 29,
      "team": " TT",
      "team_name": " TT",
      "rank": "161",
      "position_id": 3,
      "position_name": "Defender, left corner"
    },
    {
      "player_id": 266,
      "player_name": "David Shilisia J Mosambayi",
      "match_played": 2,
      "value": 2,
      "team_id": 28,
      "team": " HS",
      "team_name": " HS",
      "rank": "161",
      "position_id": 8,
      "position_name": "Raider"
    },
    {
      "player_id": 279,
      "player_name": "Shashank Wankhede",
      "match_played": 3,
      "value": 2,
      "team_id": 4,
      "team": " Kol",
      "team_name": " Kol",
      "rank": "161",
      "position_id": 4,
      "position_name": "Defender, left cover"
    },
    {
      "player_id": 173,
      "player_name": "Suresu Kumar",
      "match_played": 3,
      "value": 2,
      "team_id": 2,
      "team": " Del",
      "team_name": " Del",
      "rank": "161",
      "position_id": 8,
      "position_name": "Raider"
    },
    {
      "player_id": 150,
      "player_name": "Parmod Narwal",
      "match_played": 6,
      "value": 2,
      "team_id": 28,
      "team": " HS",
      "team_name": " HS",
      "rank": "161",
      "position_id": 1,
      "position_name": "All Rounder"
    },
    {
      "player_id": 215,
      "player_name": "Vinod Kumar",
      "match_played": 4,
      "value": 2,
      "team_id": 8,
      "team": " Hyd",
      "team_name": " Hyd",
      "rank": "161",
      "position_id": 4,
      "position_name": "Defender, left cover"
    },
    {
      "player_id": 726,
      "player_name": "Babu M",
      "match_played": 2,
      "value": 2,
      "team_id": 28,
      "team": " HS",
      "team_name": " HS",
      "rank": "161",
      "position_id": 4,
      "position_name": "Defender, left cover"
    },
    {
      "player_id": 774,
      "player_name": "Munish",
      "match_played": 3,
      "value": 1,
      "team_id": 8,
      "team": " Hyd",
      "team_name": " Hyd",
      "rank": "171",
      "position_id": 8,
      "position_name": "Raider"
    },
    {
      "player_id": 765,
      "player_name": "Anil Kumar",
      "match_played": 2,
      "value": 1,
      "team_id": 4,
      "team": " Kol",
      "team_name": " Kol",
      "rank": "171",
      "position_id": 8,
      "position_name": "Raider"
    },
    {
      "player_id": 11,
      "player_name": "Dong Ju Hong",
      "match_played": 3,
      "value": 1,
      "team_id": 5,
      "team": " Ben, Mum",
      "team_name": " Ben, Mum",
      "rank": "171",
      "position_id": 1,
      "position_name": "All Rounder"
    },
    {
      "player_id": 70,
      "player_name": "Manoj Kumar",
      "match_played": 5,
      "value": 1,
      "team_id": 31,
      "team": " GFG",
      "team_name": " GFG",
      "rank": "171",
      "position_id": 4,
      "position_name": "Defender, left cover"
    },
    {
      "player_id": 97,
      "player_name": "Rupesh Tomar",
      "match_played": 1,
      "value": 1,
      "team_id": 2,
      "team": " Del",
      "team_name": " Del",
      "rank": "171",
      "position_id": 1,
      "position_name": "All Rounder"
    },
    {
      "player_id": 311,
      "player_name": "Anil Kumar",
      "match_played": 5,
      "value": 1,
      "team_id": 29,
      "team": " TT",
      "team_name": " TT",
      "rank": "171",
      "position_id": 4,
      "position_name": "Defender, left cover"
    },
    {
      "player_id": 272,
      "player_name": "Umesh Mhatre",
      "match_played": 5,
      "value": 1,
      "team_id": 7,
      "team": " Pun",
      "team_name": " Pun",
      "rank": "171",
      "position_id": 8,
      "position_name": "Raider"
    },
    {
      "player_id": 384,
      "player_name": "Ravinder Kumar",
      "match_played": 1,
      "value": 1,
      "team_id": 3,
      "team": " Jai",
      "team_name": " Jai",
      "rank": "171",
      "position_id": 6,
      "position_name": "Defender, right corner"
    },
    {
      "player_id": 513,
      "player_name": "Yong Joo Ok",
      "match_played": 1,
      "value": 1,
      "team_id": 5,
      "team": " Mum",
      "team_name": " Mum",
      "rank": "171",
      "position_id": 1,
      "position_name": "All Rounder"
    },
    {
      "player_id": 705,
      "player_name": "Ajvender Singh",
      "match_played": 2,
      "value": 1,
      "team_id": 30,
      "team": " UPY",
      "team_name": " UPY",
      "rank": "171",
      "position_id": 8,
      "position_name": "Raider"
    },
    {
      "player_id": 580,
      "player_name": "Vishnu Uthaman",
      "match_played": 3,
      "value": 1,
      "team_id": 6,
      "team": " Pat",
      "team_name": " Pat",
      "rank": "171",
      "position_id": 8,
      "position_name": "Raider"
    }
  ],
  "language_lookup": {
    "stat": "Stat",
    "stat_id": "Stat Id",
    "minimum_criteria": "Minimum Criteria",
    "team_id": "Team Id",
    "team_name": "Team Name",
    "player_id": "Player Id",
    "player_name": "Player Name",
    "value": "Value",
    "match_played": "Match Played",
    "team": "Team",
    "tackles": "Tackles"
  }
}