{
  "stat": "Super 10s",
  "stat_id": "100",
  "minimum_criteria": "More than 0 Super_10s",
  "data": [
    {
      "player_id": 81,
      "player_name": "Rahul Chaudhari",
      "team": " Hyd",
      "match_played": 14,
      "value": 5,
      "team_id": 8,
      "team_name": " Hyd",
      "rank": "1",
      "position_id": 8,
      "position_name": "Raider"
    },
    {
      "player_id": 58,
      "player_name": "Kashiling Adake",
      "team": " Del",
      "match_played": 14,
      "value": 3,
      "team_id": 2,
      "team_name": " Del",
      "rank": "2",
      "position_id": 8,
      "position_name": "Raider"
    },
    {
      "player_id": 86,
      "player_name": "Rajesh Narwal",
      "team": " Jai",
      "match_played": 14,
      "value": 2,
      "team_id": 3,
      "team_name": " Jai",
      "rank": "3",
      "position_id": 1,
      "position_name": "All Rounder"
    },
    {
      "player_id": 26,
      "player_name": "Ajay Thakur",
      "team": " Ben",
      "match_played": 13,
      "value": 2,
      "team_id": 1,
      "team_name": " Ben",
      "rank": "3",
      "position_id": 8,
      "position_name": "Raider"
    },
    {
      "player_id": 163,
      "player_name": "Mahendra Ganesh Rajput",
      "team": " Kol",
      "match_played": 12,
      "value": 2,
      "team_id": 4,
      "team_name": " Kol",
      "rank": "3",
      "position_id": 8,
      "position_name": "Raider"
    },
    {
      "player_id": 124,
      "player_name": "Wazir Singh",
      "team": " Pun",
      "match_played": 11,
      "value": 2,
      "team_id": 7,
      "team_name": " Pun",
      "rank": "3",
      "position_id": 8,
      "position_name": "Raider"
    },
    {
      "player_id": 155,
      "player_name": "Prashanth Kumar Rai",
      "team": " Hyd",
      "match_played": 15,
      "value": 1,
      "team_id": 8,
      "team_name": " Hyd",
      "rank": "7",
      "position_id": 8,
      "position_name": "Raider"
    },
    {
      "player_id": 171,
      "player_name": "Pradeep Kumar",
      "team": " Mum",
      "match_played": 6,
      "value": 1,
      "team_id": 5,
      "team_name": " Mum",
      "rank": "7",
      "position_id": 8,
      "position_name": "Raider"
    },
    {
      "player_id": 190,
      "player_name": "Sonu Narwal",
      "team": " Jai",
      "match_played": 11,
      "value": 1,
      "team_id": 3,
      "team_name": " Jai",
      "rank": "7",
      "position_id": 8,
      "position_name": "Raider"
    },
    {
      "player_id": 217,
      "player_name": "Rohit Kumar Choudary",
      "team": " Del",
      "match_played": 14,
      "value": 1,
      "team_id": 2,
      "team_name": " Del",
      "rank": "7",
      "position_id": 8,
      "position_name": "Raider"
    },
    {
      "player_id": 251,
      "player_name": "Meraj Sheykh",
      "team": " Hyd",
      "match_played": 15,
      "value": 1,
      "team_id": 8,
      "team_name": " Hyd",
      "rank": "7",
      "position_id": 1,
      "position_name": "All Rounder"
    },
    {
      "player_id": 29,
      "player_name": "Anup Kumar",
      "team": " Mum",
      "match_played": 14,
      "value": 1,
      "team_id": 5,
      "team_name": " Mum",
      "rank": "7",
      "position_id": 8,
      "position_name": "Raider"
    },
    {
      "player_id": 41,
      "player_name": "Deepak Niwas Hooda",
      "team": " Hyd",
      "match_played": 15,
      "value": 1,
      "team_id": 8,
      "team_name": " Hyd",
      "rank": "7",
      "position_id": 1,
      "position_name": "All Rounder"
    },
    {
      "player_id": 46,
      "player_name": "Gurvinder Singh",
      "team": " Pat",
      "match_played": 16,
      "value": 1,
      "team_id": 6,
      "team_name": " Pat",
      "rank": "7",
      "position_id": 8,
      "position_name": "Raider"
    },
    {
      "player_id": 105,
      "player_name": "Shabeer Bappu",
      "team": " Mum",
      "match_played": 10,
      "value": 1,
      "team_id": 5,
      "team_name": " Mum",
      "rank": "7",
      "position_id": 8,
      "position_name": "Raider"
    },
    {
      "player_id": 12,
      "player_name": "Jang Kun Lee",
      "team": " Kol",
      "match_played": 14,
      "value": 1,
      "team_id": 4,
      "team_name": " Kol",
      "rank": "7",
      "position_id": 8,
      "position_name": "Raider"
    }
  ],
  "language_lookup": {
    "stat": "Stat",
    "stat_id": "Stat Id",
    "minimum_criteria": "Minimum Criteria",
    "team_id": "Team Id",
    "team_name": "Team Name",
    "player_id": "Player Id",
    "player_name": "Player Name",
    "value": "Value",
    "match_played": "Match Played",
    "team": "Team",
    "tackles": "Tackles"
  }
}