{
  "stat": "Player Tackle Points",
  "stat_id": "103",
  "minimum_criteria": "More than 0 Total Tackle Points",
  "data": [
    {
      "player_id": 290,
      "player_name": "Sandeep Kumar Dhull",
      "match_played": 17,
      "value": 59,
      "team_id": 3,
      "team": " Jai",
      "team_name": " Jai",
      "rank": "1",
      "position_id": 3,
      "position_name": "Defender, left corner",
      "team_full_name": "Jaipur Pink Panthers"
    },
    {
      "player_id": 358,
      "player_name": "Vishal Bhardwaj",
      "match_played": 16,
      "value": 58,
      "team_id": 8,
      "team": " Hyd",
      "team_name": " Hyd",
      "rank": "2",
      "position_id": 9,
      "position_name": "Defender",
      "team_full_name": "Telugu Titans"
    },
    {
      "player_id": 2330,
      "player_name": "Sumit",
      "match_played": 17,
      "value": 58,
      "team_id": 30,
      "team": " UPY",
      "team_name": " UPY",
      "rank": "2",
      "position_id": 3,
      "position_name": "Defender, left corner",
      "team_full_name": "U.P. Yoddha"
    },
    {
      "player_id": 259,
      "player_name": "Fazel Atrachali",
      "match_played": 16,
      "value": 53,
      "team_id": 5,
      "team": " Mum",
      "team_name": " Mum",
      "rank": "4",
      "position_id": 3,
      "position_name": "Defender, left corner",
      "team_full_name": "U Mumba"
    },
    {
      "player_id": 322,
      "player_name": "PO Surjeet Singh",
      "match_played": 18,
      "value": 51,
      "team_id": 7,
      "team": " Pun",
      "team_name": " Pun",
      "rank": "5",
      "position_id": 7,
      "position_name": "Defender, right cover",
      "team_full_name": "Puneri Paltan"
    },
    {
      "player_id": 621,
      "player_name": "Baldev Singh",
      "match_played": 17,
      "value": 50,
      "team_id": 4,
      "team": " Kol",
      "team_name": " Kol",
      "rank": "6",
      "position_id": 6,
      "position_name": "Defender, right corner",
      "team_full_name": "Bengal Warriors"
    },
    {
      "player_id": 637,
      "player_name": "Neeraj Kumar",
      "match_played": 17,
      "value": 47,
      "team_id": 6,
      "team": " Pat",
      "team_name": " Pat",
      "rank": "7",
      "position_id": 7,
      "position_name": "Defender, right cover",
      "team_full_name": "Patna Pirates"
    },
    {
      "player_id": 368,
      "player_name": "Sunil Kumar",
      "match_played": 17,
      "value": 46,
      "team_id": 31,
      "team": " GFG",
      "team_name": " GFG",
      "rank": "8",
      "position_id": 9,
      "position_name": "Defender",
      "team_full_name": "Gujarat Fortunegiants"
    },
    {
      "player_id": 769,
      "player_name": "Mahender Singh",
      "match_played": 15,
      "value": 46,
      "team_id": 1,
      "team": " Ben",
      "team_name": " Ben",
      "rank": "8",
      "position_id": 4,
      "position_name": "Defender, left cover",
      "team_full_name": "Bengaluru Bulls"
    },
    {
      "player_id": 579,
      "player_name": "Jaideep",
      "match_played": 17,
      "value": 45,
      "team_id": 6,
      "team": " Pat",
      "team_name": " Pat",
      "rank": "10",
      "position_id": 3,
      "position_name": "Defender, left corner",
      "team_full_name": "Patna Pirates"
    },
    {
      "player_id": 796,
      "player_name": "Rinku Narwal",
      "match_played": 17,
      "value": 45,
      "team_id": 4,
      "team": " Kol",
      "team_name": " Kol",
      "rank": "10",
      "position_id": 9,
      "position_name": "Defender",
      "team_full_name": "Bengal Warriors"
    },
    {
      "player_id": 157,
      "player_name": "Ravinder Pahal",
      "match_played": 16,
      "value": 44,
      "team_id": 2,
      "team": " Del",
      "team_name": " Del",
      "rank": "12",
      "position_id": 6,
      "position_name": "Defender, right corner",
      "team_full_name": "Dabang Delhi K.C."
    },
    {
      "player_id": 725,
      "player_name": "Nitesh Kumar",
      "match_played": 17,
      "value": 43,
      "team_id": 30,
      "team": " UPY",
      "team_name": " UPY",
      "rank": "13",
      "position_id": 9,
      "position_name": "Defender",
      "team_full_name": "U.P. Yoddha"
    },
    {
      "player_id": 2670,
      "player_name": "Saurabh Nandal",
      "match_played": 16,
      "value": 41,
      "team_id": 1,
      "team": " Ben",
      "team_name": " Ben",
      "rank": "14",
      "position_id": 3,
      "position_name": "Defender, left corner",
      "team_full_name": "Bengaluru Bulls"
    },
    {
      "player_id": 194,
      "player_name": "Joginder Singh Narwal",
      "match_played": 16,
      "value": 41,
      "team_id": 2,
      "team": " Del",
      "team_name": " Del",
      "rank": "14",
      "position_id": 3,
      "position_name": "Defender, left corner",
      "team_full_name": "Dabang Delhi K.C."
    },
    {
      "player_id": 142,
      "player_name": "Sandeep Narwal",
      "match_played": 16,
      "value": 39,
      "team_id": 5,
      "team": " Mum",
      "team_name": " Mum",
      "rank": "16",
      "position_id": 1,
      "position_name": "All Rounder",
      "team_full_name": "U Mumba"
    },
    {
      "player_id": 357,
      "player_name": "Parvesh Bhainswal",
      "match_played": 17,
      "value": 39,
      "team_id": 31,
      "team": " GFG",
      "team_name": " GFG",
      "rank": "16",
      "position_id": 4,
      "position_name": "Defender, left cover",
      "team_full_name": "Gujarat Fortunegiants"
    },
    {
      "player_id": 2462,
      "player_name": "Sunil",
      "match_played": 14,
      "value": 39,
      "team_id": 28,
      "team": " HS",
      "team_name": " HS",
      "rank": "16",
      "position_id": 6,
      "position_name": "Defender, right corner",
      "team_full_name": "Haryana Steelers"
    },
    {
      "player_id": 733,
      "player_name": "Surinder Singh",
      "match_played": 16,
      "value": 38,
      "team_id": 5,
      "team": " Mum",
      "team_name": " Mum",
      "rank": "19",
      "position_id": 9,
      "position_name": "Defender",
      "team_full_name": "U Mumba"
    },
    {
      "player_id": 69,
      "player_name": "Manjeet Chhillar",
      "match_played": 15,
      "value": 37,
      "team_id": 29,
      "team": " TT",
      "team_name": " TT",
      "rank": "20",
      "position_id": 1,
      "position_name": "All Rounder",
      "team_full_name": "Tamil Thalaivas"
    },
    {
      "player_id": 71,
      "player_name": "Mohit Chhillar",
      "match_played": 17,
      "value": 37,
      "team_id": 29,
      "team": " TT",
      "team_name": " TT",
      "rank": "20",
      "position_id": 6,
      "position_name": "Defender, right corner",
      "team_full_name": "Tamil Thalaivas"
    },
    {
      "player_id": 42,
      "player_name": "Dharmaraj Cheralathan",
      "match_played": 15,
      "value": 36,
      "team_id": 28,
      "team": " HS",
      "team_name": " HS",
      "rank": "22",
      "position_id": 10,
      "position_name": "Defender, right and left corner",
      "team_full_name": "Haryana Steelers"
    },
    {
      "player_id": 735,
      "player_name": "Vishal",
      "match_played": 11,
      "value": 36,
      "team_id": 3,
      "team": " Jai",
      "team_name": " Jai",
      "rank": "22",
      "position_id": 1,
      "position_name": "All Rounder",
      "team_full_name": "Jaipur Pink Panthers"
    },
    {
      "player_id": 179,
      "player_name": "Vikas Kale",
      "match_played": 15,
      "value": 35,
      "team_id": 28,
      "team": " HS",
      "team_name": " HS",
      "rank": "24",
      "position_id": 7,
      "position_name": "Defender, right cover",
      "team_full_name": "Haryana Steelers"
    },
    {
      "player_id": 794,
      "player_name": "Amit Sheoran",
      "match_played": 17,
      "value": 34,
      "team_id": 1,
      "team": " Ben",
      "team_name": " Ben",
      "rank": "25",
      "position_id": 9,
      "position_name": "Defender",
      "team_full_name": "Bengaluru Bulls"
    },
    {
      "player_id": 249,
      "player_name": "Hadi Oshtorak",
      "match_played": 17,
      "value": 33,
      "team_id": 6,
      "team": " Pat",
      "team_name": " Pat",
      "rank": "26",
      "position_id": 1,
      "position_name": "All Rounder",
      "team_full_name": "Patna Pirates"
    },
    {
      "player_id": 489,
      "player_name": "Abozar Mohajermighani",
      "match_played": 16,
      "value": 33,
      "team_id": 8,
      "team": " Hyd",
      "team_name": " Hyd",
      "rank": "26",
      "position_id": 9,
      "position_name": "Defender",
      "team_full_name": "Telugu Titans"
    },
    {
      "player_id": 240,
      "player_name": "Ravi Kumar",
      "match_played": 14,
      "value": 31,
      "team_id": 28,
      "team": " HS",
      "team_name": " HS",
      "rank": "28",
      "position_id": 7,
      "position_name": "Defender, right cover",
      "team_full_name": "Haryana Steelers"
    },
    {
      "player_id": 212,
      "player_name": "Amit Hooda",
      "match_played": 12,
      "value": 31,
      "team_id": 3,
      "team": " Jai",
      "team_name": " Jai",
      "rank": "28",
      "position_id": 6,
      "position_name": "Defender, right corner",
      "team_full_name": "Jaipur Pink Panthers"
    },
    {
      "player_id": 2657,
      "player_name": "Ashu Singh",
      "match_played": 17,
      "value": 31,
      "team_id": 30,
      "team": " UPY",
      "team_name": " UPY",
      "rank": "28",
      "position_id": 7,
      "position_name": "Defender, right cover",
      "team_full_name": "U.P. Yoddha"
    },
    {
      "player_id": 161,
      "player_name": "Girish Maruti Ernak",
      "match_played": 13,
      "value": 29,
      "team_id": 7,
      "team": " Pun",
      "team_name": " Pun",
      "rank": "31",
      "position_id": 3,
      "position_name": "Defender, left corner",
      "team_full_name": "Puneri Paltan"
    },
    {
      "player_id": 54,
      "player_name": "Jeeva Kumar",
      "match_played": 16,
      "value": 28,
      "team_id": 4,
      "team": " Kol",
      "team_name": " Kol",
      "rank": "32",
      "position_id": 5,
      "position_name": "Defender, right and left cover",
      "team_full_name": "Bengal Warriors"
    },
    {
      "player_id": 160,
      "player_name": "Ran Singh",
      "match_played": 17,
      "value": 27,
      "team_id": 29,
      "team": " TT",
      "team_name": " TT",
      "rank": "33",
      "position_id": 1,
      "position_name": "All Rounder",
      "team_full_name": "Tamil Thalaivas"
    },
    {
      "player_id": 2492,
      "player_name": "Jadhav Balasaheb Shahaji",
      "match_played": 16,
      "value": 27,
      "team_id": 7,
      "team": " Pun",
      "team_name": " Pun",
      "rank": "33",
      "position_id": 7,
      "position_name": "Defender, right cover",
      "team_full_name": "Puneri Paltan"
    },
    {
      "player_id": 763,
      "player_name": "Manjeet",
      "match_played": 18,
      "value": 26,
      "team_id": 7,
      "team": " Pun",
      "team_name": " Pun",
      "rank": "35",
      "position_id": 8,
      "position_name": "Raider",
      "team_full_name": "Puneri Paltan"
    },
    {
      "player_id": 795,
      "player_name": "Monu",
      "match_played": 17,
      "value": 25,
      "team_id": 6,
      "team": " Pat",
      "team_name": " Pat",
      "rank": "36",
      "position_id": 8,
      "position_name": "Raider",
      "team_full_name": "Patna Pirates"
    },
    {
      "player_id": 484,
      "player_name": "Mohammad Esmaeil Nabibakhsh",
      "match_played": 17,
      "value": 24,
      "team_id": 4,
      "team": " Kol",
      "team_name": " Kol",
      "rank": "37",
      "position_id": 1,
      "position_name": "All Rounder",
      "team_full_name": "Bengal Warriors"
    },
    {
      "player_id": 482,
      "player_name": "Farhad Rahimi Milaghardan",
      "match_played": 16,
      "value": 23,
      "team_id": 8,
      "team": " Hyd",
      "team_name": " Hyd",
      "rank": "38",
      "position_id": 1,
      "position_name": "All Rounder",
      "team_full_name": "Telugu Titans"
    },
    {
      "player_id": 2020,
      "player_name": "Amit",
      "match_played": 17,
      "value": 22,
      "team_id": 30,
      "team": " UPY",
      "team_name": " UPY",
      "rank": "39",
      "position_id": 4,
      "position_name": "Defender, left cover",
      "team_full_name": "U.P. Yoddha"
    },
    {
      "player_id": 123,
      "player_name": "Vishal Mane",
      "match_played": 16,
      "value": 21,
      "team_id": 2,
      "team": " Del",
      "team_name": " Del",
      "rank": "40",
      "position_id": 7,
      "position_name": "Defender, right cover",
      "team_full_name": "Dabang Delhi K.C."
    },
    {
      "player_id": 772,
      "player_name": "More GB",
      "match_played": 15,
      "value": 20,
      "team_id": 31,
      "team": " GFG",
      "team_name": " GFG",
      "rank": "41",
      "position_id": 8,
      "position_name": "Raider",
      "team_full_name": "Gujarat Fortunegiants"
    },
    {
      "player_id": 791,
      "player_name": "Nitin Rawal",
      "match_played": 13,
      "value": 19,
      "team_id": 3,
      "team": " Jai",
      "team_name": " Jai",
      "rank": "42",
      "position_id": 1,
      "position_name": "All Rounder",
      "team_full_name": "Jaipur Pink Panthers"
    },
    {
      "player_id": 191,
      "player_name": "C. Arun",
      "match_played": 16,
      "value": 19,
      "team_id": 8,
      "team": " Hyd",
      "team_name": " Hyd",
      "rank": "42",
      "position_id": 4,
      "position_name": "Defender, left cover",
      "team_full_name": "Telugu Titans"
    },
    {
      "player_id": 2291,
      "player_name": "Amit Kumar",
      "match_played": 12,
      "value": 18,
      "team_id": 7,
      "team": " Pun",
      "team_name": " Pun",
      "rank": "44",
      "position_id": 8,
      "position_name": "Raider",
      "team_full_name": "Puneri Paltan"
    },
    {
      "player_id": 2479,
      "player_name": "Shubham Shinde",
      "match_played": 13,
      "value": 17,
      "team_id": 7,
      "team": " Pun",
      "team_name": " Pun",
      "rank": "45",
      "position_id": 6,
      "position_name": "Defender, right corner",
      "team_full_name": "Puneri Paltan"
    },
    {
      "player_id": 301,
      "player_name": "Hadi Tajik",
      "match_played": 11,
      "value": 16,
      "team_id": 7,
      "team": " Pun",
      "team_name": " Pun",
      "rank": "46",
      "position_id": 6,
      "position_name": "Defender, right corner",
      "team_full_name": "Puneri Paltan"
    },
    {
      "player_id": 311,
      "player_name": "Anil Kumar",
      "match_played": 12,
      "value": 16,
      "team_id": 2,
      "team": " Del",
      "team_name": " Del",
      "rank": "46",
      "position_id": 4,
      "position_name": "Defender, left cover",
      "team_full_name": "Dabang Delhi K.C."
    },
    {
      "player_id": 665,
      "player_name": "Pankaj",
      "match_played": 6,
      "value": 15,
      "team_id": 31,
      "team": " GFG",
      "team_name": " GFG",
      "rank": "48",
      "position_id": 1,
      "position_name": "All Rounder",
      "team_full_name": "Gujarat Fortunegiants"
    },
    {
      "player_id": 2672,
      "player_name": "Sumit Malik",
      "match_played": 14,
      "value": 15,
      "team_id": 31,
      "team": " GFG",
      "team_name": " GFG",
      "rank": "48",
      "position_id": 3,
      "position_name": "Defender, left corner",
      "team_full_name": "Gujarat Fortunegiants"
    },
    {
      "player_id": 2512,
      "player_name": "Ajeet",
      "match_played": 14,
      "value": 14,
      "team_id": 29,
      "team": " TT",
      "team_name": " TT",
      "rank": "50",
      "position_id": 7,
      "position_name": "Defender, right cover",
      "team_full_name": "Tamil Thalaivas"
    },
    {
      "player_id": 2486,
      "player_name": "Harendra Kumar",
      "match_played": 14,
      "value": 14,
      "team_id": 5,
      "team": " Mum",
      "team_name": " Mum",
      "rank": "50",
      "position_id": 4,
      "position_name": "Defender, left cover",
      "team_full_name": "U Mumba"
    },
    {
      "player_id": 121,
      "player_name": "Vikas Jaglan",
      "match_played": 17,
      "value": 14,
      "team_id": 6,
      "team": " Pat",
      "team_name": " Pat",
      "rank": "50",
      "position_id": 1,
      "position_name": "All Rounder",
      "team_full_name": "Patna Pirates"
    },
    {
      "player_id": 347,
      "player_name": "Sagar B Krishna",
      "match_played": 10,
      "value": 13,
      "team_id": 7,
      "team": " Pun",
      "team_name": " Pun",
      "rank": "53",
      "position_id": 1,
      "position_name": "All Rounder",
      "team_full_name": "Puneri Paltan"
    },
    {
      "player_id": 2667,
      "player_name": "Ankit",
      "match_played": 12,
      "value": 13,
      "team_id": 31,
      "team": " GFG",
      "team_name": " GFG",
      "rank": "53",
      "position_id": 6,
      "position_name": "Defender, right corner",
      "team_full_name": "Gujarat Fortunegiants"
    },
    {
      "player_id": 2502,
      "player_name": "Mohit Sehrawat",
      "match_played": 11,
      "value": 12,
      "team_id": 1,
      "team": " Ben",
      "team_name": " Ben",
      "rank": "55",
      "position_id": 7,
      "position_name": "Defender, right cover",
      "team_full_name": "Bengaluru Bulls"
    },
    {
      "player_id": 2496,
      "player_name": "Pavan T. R.",
      "match_played": 12,
      "value": 11,
      "team_id": 3,
      "team": " Jai",
      "team_name": " Jai",
      "rank": "56",
      "position_id": 7,
      "position_name": "Defender, right cover",
      "team_full_name": "Jaipur Pink Panthers"
    },
    {
      "player_id": 318,
      "player_name": "Pawan Kumar Sehrawat",
      "match_played": 17,
      "value": 11,
      "team_id": 1,
      "team": " Ben",
      "team_name": " Ben",
      "rank": "56",
      "position_id": 8,
      "position_name": "Raider",
      "team_full_name": "Bengaluru Bulls"
    },
    {
      "player_id": 676,
      "player_name": "Santhapanaselvam",
      "match_played": 5,
      "value": 11,
      "team_id": 3,
      "team": " Jai",
      "team_name": " Jai",
      "rank": "56",
      "position_id": 1,
      "position_name": "All Rounder",
      "team_full_name": "Jaipur Pink Panthers"
    },
    {
      "player_id": 41,
      "player_name": "Deepak Niwas Hooda",
      "match_played": 17,
      "value": 10,
      "team_id": 3,
      "team": " Jai",
      "team_name": " Jai",
      "rank": "59",
      "position_id": 1,
      "position_name": "All Rounder",
      "team_full_name": "Jaipur Pink Panthers"
    },
    {
      "player_id": 214,
      "player_name": "Amit Kumar",
      "match_played": 9,
      "value": 10,
      "team_id": 8,
      "team": " Hyd",
      "team_name": " Hyd",
      "rank": "59",
      "position_id": 8,
      "position_name": "Raider",
      "team_full_name": "Telugu Titans"
    },
    {
      "player_id": 745,
      "player_name": "Vijay",
      "match_played": 15,
      "value": 10,
      "team_id": 2,
      "team": " Del",
      "team_name": " Del",
      "rank": "59",
      "position_id": 1,
      "position_name": "All Rounder",
      "team_full_name": "Dabang Delhi K.C."
    },
    {
      "player_id": 613,
      "player_name": "Sunil Siddhgavali",
      "match_played": 12,
      "value": 9,
      "team_id": 3,
      "team": " Jai",
      "team_name": " Jai",
      "rank": "62",
      "position_id": 9,
      "position_name": "Defender",
      "team_full_name": "Jaipur Pink Panthers"
    },
    {
      "player_id": 2659,
      "player_name": "Sagar",
      "match_played": 9,
      "value": 9,
      "team_id": 29,
      "team": " TT",
      "team_name": " TT",
      "rank": "62",
      "position_id": 6,
      "position_name": "Defender, right corner",
      "team_full_name": "Tamil Thalaivas"
    },
    {
      "player_id": 2286,
      "player_name": "Surender Gill",
      "match_played": 14,
      "value": 8,
      "team_id": 30,
      "team": " UPY",
      "team_name": " UPY",
      "rank": "64",
      "position_id": 8,
      "position_name": "Raider",
      "team_full_name": "U.P. Yoddha"
    },
    {
      "player_id": 2023,
      "player_name": "Ruturaj Shivaji Koravi",
      "match_played": 12,
      "value": 8,
      "team_id": 31,
      "team": " GFG",
      "team_name": " GFG",
      "rank": "64",
      "position_id": 9,
      "position_name": "Defender",
      "team_full_name": "Gujarat Fortunegiants"
    },
    {
      "player_id": 684,
      "player_name": "Rakesh Gowda",
      "match_played": 7,
      "value": 8,
      "team_id": 8,
      "team": " Hyd",
      "team_name": " Hyd",
      "rank": "64",
      "position_id": 8,
      "position_name": "Raider",
      "team_full_name": "Telugu Titans"
    },
    {
      "player_id": 481,
      "player_name": "Saeid Ghaffari",
      "match_played": 9,
      "value": 8,
      "team_id": 2,
      "team": " Del",
      "team_name": " Del",
      "rank": "64",
      "position_id": 4,
      "position_name": "Defender, left cover",
      "team_full_name": "Dabang Delhi K.C."
    },
    {
      "player_id": 571,
      "player_name": "Mohammad Esmaeil Maghsoudlou Mahalli",
      "match_played": 16,
      "value": 7,
      "team_id": 6,
      "team": " Pat",
      "team_name": " Pat",
      "rank": "68",
      "position_id": 8,
      "position_name": "Raider",
      "team_full_name": "Patna Pirates"
    },
    {
      "player_id": 268,
      "player_name": "Vineet Sharma",
      "match_played": 10,
      "value": 7,
      "team_id": 29,
      "team": " TT",
      "team_name": " TT",
      "rank": "68",
      "position_id": 8,
      "position_name": "Raider",
      "team_full_name": "Tamil Thalaivas"
    },
    {
      "player_id": 105,
      "player_name": "Shabeer Bappu",
      "match_played": 14,
      "value": 7,
      "team_id": 29,
      "team": " TT",
      "team_name": " TT",
      "rank": "68",
      "position_id": 8,
      "position_name": "Raider",
      "team_full_name": "Tamil Thalaivas"
    },
    {
      "player_id": 81,
      "player_name": "Rahul Chaudhari",
      "match_played": 18,
      "value": 7,
      "team_id": 29,
      "team": " TT",
      "team_name": " TT",
      "rank": "68",
      "position_id": 8,
      "position_name": "Raider",
      "team_full_name": "Tamil Thalaivas"
    },
    {
      "player_id": 2662,
      "player_name": "Sanket Sawant",
      "match_played": 5,
      "value": 7,
      "team_id": 7,
      "team": " Pun",
      "team_name": " Pun",
      "rank": "68",
      "position_id": 4,
      "position_name": "Defender, left cover",
      "team_full_name": "Puneri Paltan"
    },
    {
      "player_id": 2506,
      "player_name": "M. Abishek",
      "match_played": 5,
      "value": 6,
      "team_id": 29,
      "team": " TT",
      "team_name": " TT",
      "rank": "73",
      "position_id": 7,
      "position_name": "Defender, right cover",
      "team_full_name": "Tamil Thalaivas"
    },
    {
      "player_id": 732,
      "player_name": "Kuldeep Singh",
      "match_played": 8,
      "value": 6,
      "team_id": 28,
      "team": " HS",
      "team_name": " HS",
      "rank": "73",
      "position_id": 9,
      "position_name": "Defender",
      "team_full_name": "Haryana Steelers"
    },
    {
      "player_id": 784,
      "player_name": "Viraj Vishnu Landge",
      "match_played": 7,
      "value": 6,
      "team_id": 4,
      "team": " Kol",
      "team_name": " Kol",
      "rank": "73",
      "position_id": 4,
      "position_name": "Defender, left cover",
      "team_full_name": "Bengal Warriors"
    },
    {
      "player_id": 519,
      "player_name": "Young Chang Ko",
      "match_played": 9,
      "value": 6,
      "team_id": 5,
      "team": " Mum",
      "team_name": " Mum",
      "rank": "73",
      "position_id": 4,
      "position_name": "Defender, left cover",
      "team_full_name": "U Mumba"
    },
    {
      "player_id": 202,
      "player_name": "Ashish Kumar",
      "match_played": 6,
      "value": 5,
      "team_id": 1,
      "team": " Ben",
      "team_name": " Ben",
      "rank": "77",
      "position_id": 1,
      "position_name": "All Rounder",
      "team_full_name": "Bengaluru Bulls"
    },
    {
      "player_id": 768,
      "player_name": "Vijay Kumar",
      "match_played": 9,
      "value": 5,
      "team_id": 1,
      "team": " Ben",
      "team_name": " Ben",
      "rank": "77",
      "position_id": 6,
      "position_name": "Defender, right corner",
      "team_full_name": "Bengaluru Bulls"
    },
    {
      "player_id": 2514,
      "player_name": "Chand Singh",
      "match_played": 6,
      "value": 5,
      "team_id": 28,
      "team": " HS",
      "team_name": " HS",
      "rank": "77",
      "position_id": 3,
      "position_name": "Defender, left corner",
      "team_full_name": "Haryana Steelers"
    },
    {
      "player_id": 2471,
      "player_name": "Ankit",
      "match_played": 5,
      "value": 5,
      "team_id": 1,
      "team": " Ben",
      "team_name": " Ben",
      "rank": "77",
      "position_id": 9,
      "position_name": "Defender",
      "team_full_name": "Bengaluru Bulls"
    },
    {
      "player_id": 2485,
      "player_name": "Sonu Jaglan",
      "match_played": 12,
      "value": 4,
      "team_id": 31,
      "team": " GFG",
      "team_name": " GFG",
      "rank": "81",
      "position_id": 8,
      "position_name": "Raider",
      "team_full_name": "Gujarat Fortunegiants"
    },
    {
      "player_id": 2463,
      "player_name": "Parveen",
      "match_played": 6,
      "value": 4,
      "team_id": 28,
      "team": " HS",
      "team_name": " HS",
      "rank": "81",
      "position_id": 4,
      "position_name": "Defender, left cover",
      "team_full_name": "Haryana Steelers"
    },
    {
      "player_id": 2488,
      "player_name": "Vinay",
      "match_played": 16,
      "value": 4,
      "team_id": 28,
      "team": " HS",
      "team_name": " HS",
      "rank": "81",
      "position_id": 8,
      "position_name": "Raider",
      "team_full_name": "Haryana Steelers"
    },
    {
      "player_id": 2665,
      "player_name": "Elavarasan A",
      "match_played": 3,
      "value": 4,
      "team_id": 3,
      "team": " Jai",
      "team_name": " Jai",
      "rank": "81",
      "position_id": 4,
      "position_name": "Defender, left cover",
      "team_full_name": "Jaipur Pink Panthers"
    },
    {
      "player_id": 261,
      "player_name": "Rohit Baliyan",
      "match_played": 13,
      "value": 4,
      "team_id": 5,
      "team": " Mum",
      "team_name": " Mum",
      "rank": "81",
      "position_id": 8,
      "position_name": "Raider",
      "team_full_name": "U Mumba"
    },
    {
      "player_id": 218,
      "player_name": "Sachin Kumar",
      "match_played": 12,
      "value": 4,
      "team_id": 30,
      "team": " UPY",
      "team_name": " UPY",
      "rank": "81",
      "position_id": 1,
      "position_name": "All Rounder",
      "team_full_name": "U.P. Yoddha"
    },
    {
      "player_id": 36,
      "player_name": "Chandran Ranjit",
      "match_played": 15,
      "value": 4,
      "team_id": 2,
      "team": " Del",
      "team_name": " Del",
      "rank": "81",
      "position_id": 8,
      "position_name": "Raider",
      "team_full_name": "Dabang Delhi K.C."
    },
    {
      "player_id": 578,
      "player_name": "Mayur Shivtarkar",
      "match_played": 6,
      "value": 4,
      "team_id": 4,
      "team": " Kol",
      "team_name": " Kol",
      "rank": "81",
      "position_id": 1,
      "position_name": "All Rounder",
      "team_full_name": "Bengal Warriors"
    },
    {
      "player_id": 686,
      "player_name": "Rohit Gulia",
      "match_played": 17,
      "value": 4,
      "team_id": 31,
      "team": " GFG",
      "team_name": " GFG",
      "rank": "81",
      "position_id": 1,
      "position_name": "All Rounder",
      "team_full_name": "Gujarat Fortunegiants"
    },
    {
      "player_id": 390,
      "player_name": "Jawahar Dagar",
      "match_played": 5,
      "value": 4,
      "team_id": 6,
      "team": " Pat",
      "team_name": " Pat",
      "rank": "81",
      "position_id": 9,
      "position_name": "Defender",
      "team_full_name": "Patna Pirates"
    },
    {
      "player_id": 274,
      "player_name": "Krushna Madane",
      "match_played": 7,
      "value": 4,
      "team_id": 8,
      "team": " Hyd",
      "team_name": " Hyd",
      "rank": "81",
      "position_id": 9,
      "position_name": "Defender",
      "team_full_name": "Telugu Titans"
    },
    {
      "player_id": 326,
      "player_name": "Rohit Kumar",
      "match_played": 17,
      "value": 4,
      "team_id": 1,
      "team": " Ben",
      "team_name": " Ben",
      "rank": "81",
      "position_id": 8,
      "position_name": "Raider",
      "team_full_name": "Bengaluru Bulls"
    },
    {
      "player_id": 366,
      "player_name": "Vikash Kandola",
      "match_played": 13,
      "value": 4,
      "team_id": 28,
      "team": " HS",
      "team_name": " HS",
      "rank": "81",
      "position_id": 8,
      "position_name": "Raider",
      "team_full_name": "Haryana Steelers"
    },
    {
      "player_id": 363,
      "player_name": "Sumit Singh",
      "match_played": 13,
      "value": 3,
      "team_id": 1,
      "team": " Ben",
      "team_name": " Ben",
      "rank": "94",
      "position_id": 8,
      "position_name": "Raider",
      "team_full_name": "Bengaluru Bulls"
    },
    {
      "player_id": 320,
      "player_name": "Nitin Tomar",
      "match_played": 11,
      "value": 3,
      "team_id": 7,
      "team": " Pun",
      "team_name": " Pun",
      "rank": "94",
      "position_id": 8,
      "position_name": "Raider",
      "team_full_name": "Puneri Paltan"
    },
    {
      "player_id": 388,
      "player_name": "Monu Goyat",
      "match_played": 9,
      "value": 3,
      "team_id": 30,
      "team": " UPY",
      "team_name": " UPY",
      "rank": "94",
      "position_id": 8,
      "position_name": "Raider",
      "team_full_name": "U.P. Yoddha"
    },
    {
      "player_id": 567,
      "player_name": "Mohsen Maghsoudloujafari",
      "match_played": 10,
      "value": 3,
      "team_id": 30,
      "team": " UPY",
      "team_name": " UPY",
      "rank": "94",
      "position_id": 1,
      "position_name": "All Rounder",
      "team_full_name": "U.P. Yoddha"
    },
    {
      "player_id": 106,
      "player_name": "Shrikant Jadhav",
      "match_played": 17,
      "value": 3,
      "team_id": 30,
      "team": " UPY",
      "team_name": " UPY",
      "rank": "94",
      "position_id": 8,
      "position_name": "Raider",
      "team_full_name": "U.P. Yoddha"
    },
    {
      "player_id": 2644,
      "player_name": "Ravinder",
      "match_played": 4,
      "value": 3,
      "team_id": 6,
      "team": " Pat",
      "team_name": " Pat",
      "rank": "94",
      "position_id": 1,
      "position_name": "All Rounder",
      "team_full_name": "Patna Pirates"
    },
    {
      "player_id": 2470,
      "player_name": "Adarsh T",
      "match_played": 9,
      "value": 3,
      "team_id": 4,
      "team": " Kol",
      "team_name": " Kol",
      "rank": "94",
      "position_id": 3,
      "position_name": "Defender, left corner",
      "team_full_name": "Bengal Warriors"
    },
    {
      "player_id": 2026,
      "player_name": "Siddharth Sirish Desai",
      "match_played": 16,
      "value": 3,
      "team_id": 8,
      "team": " Hyd",
      "team_name": " Hyd",
      "rank": "94",
      "position_id": 8,
      "position_name": "Raider",
      "team_full_name": "Telugu Titans"
    },
    {
      "player_id": 2306,
      "player_name": "Lalit Chaudhary",
      "match_played": 4,
      "value": 3,
      "team_id": 31,
      "team": " GFG",
      "team_name": " GFG",
      "rank": "94",
      "position_id": 8,
      "position_name": "Raider",
      "team_full_name": "Gujarat Fortunegiants"
    },
    {
      "player_id": 2307,
      "player_name": "Kamal Singh",
      "match_played": 3,
      "value": 2,
      "team_id": 8,
      "team": " Hyd",
      "team_name": " Hyd",
      "rank": "103",
      "position_id": 8,
      "position_name": "Raider",
      "team_full_name": "Telugu Titans"
    },
    {
      "player_id": 2296,
      "player_name": "Naveen Kumar",
      "match_played": 16,
      "value": 2,
      "team_id": 2,
      "team": " Del",
      "team_name": " Del",
      "rank": "103",
      "position_id": 8,
      "position_name": "Raider",
      "team_full_name": "Dabang Delhi K.C."
    },
    {
      "player_id": 2041,
      "player_name": "Gurdeep",
      "match_played": 2,
      "value": 2,
      "team_id": 30,
      "team": " UPY",
      "team_name": " UPY",
      "rank": "103",
      "position_id": 1,
      "position_name": "All Rounder",
      "team_full_name": "U.P. Yoddha"
    },
    {
      "player_id": 2257,
      "player_name": "Victor Onyango Obiero",
      "match_played": 3,
      "value": 2,
      "team_id": 29,
      "team": " TT",
      "team_name": " TT",
      "rank": "103",
      "position_id": 1,
      "position_name": "All Rounder",
      "team_full_name": "Tamil Thalaivas"
    },
    {
      "player_id": 2024,
      "player_name": "Arjun Deshwal",
      "match_played": 15,
      "value": 2,
      "team_id": 5,
      "team": " Mum",
      "team_name": " Mum",
      "rank": "103",
      "position_id": 8,
      "position_name": "Raider",
      "team_full_name": "U Mumba"
    },
    {
      "player_id": 2353,
      "player_name": "Ajay",
      "match_played": 7,
      "value": 2,
      "team_id": 1,
      "team": " Ben",
      "team_name": " Ben",
      "rank": "103",
      "position_id": 9,
      "position_name": "Defender",
      "team_full_name": "Bengaluru Bulls"
    },
    {
      "player_id": 2357,
      "player_name": "Naveen",
      "match_played": 13,
      "value": 2,
      "team_id": 28,
      "team": " HS",
      "team_name": " HS",
      "rank": "103",
      "position_id": 8,
      "position_name": "Raider",
      "team_full_name": "Haryana Steelers"
    },
    {
      "player_id": 2481,
      "player_name": "Ponparthiban Subramanian",
      "match_played": 5,
      "value": 2,
      "team_id": 29,
      "team": " TT",
      "team_name": " TT",
      "rank": "103",
      "position_id": 7,
      "position_name": "Defender, right cover",
      "team_full_name": "Tamil Thalaivas"
    },
    {
      "player_id": 2503,
      "player_name": "Banty",
      "match_played": 9,
      "value": 2,
      "team_id": 1,
      "team": " Ben",
      "team_name": " Ben",
      "rank": "103",
      "position_id": 8,
      "position_name": "Raider",
      "team_full_name": "Bengaluru Bulls"
    },
    {
      "player_id": 2682,
      "player_name": "Amit Kumar",
      "match_played": 5,
      "value": 2,
      "team_id": 7,
      "team": " Pun",
      "team_name": " Pun",
      "rank": "103",
      "position_id": 1,
      "position_name": "All Rounder",
      "team_full_name": "Puneri Paltan"
    },
    {
      "player_id": 84,
      "player_name": "Rajaguru Subramanian",
      "match_played": 4,
      "value": 2,
      "team_id": 5,
      "team": " Mum",
      "team_name": " Mum",
      "rank": "103",
      "position_id": 7,
      "position_name": "Defender, right cover",
      "team_full_name": "U Mumba"
    },
    {
      "player_id": 219,
      "player_name": "K. Prapanjan",
      "match_played": 17,
      "value": 2,
      "team_id": 4,
      "team": " Kol",
      "team_name": " Kol",
      "rank": "103",
      "position_id": 8,
      "position_name": "Raider",
      "team_full_name": "Bengal Warriors"
    },
    {
      "player_id": 264,
      "player_name": "Selvamani K",
      "match_played": 6,
      "value": 2,
      "team_id": 28,
      "team": " HS",
      "team_name": " HS",
      "rank": "103",
      "position_id": 8,
      "position_name": "Raider",
      "team_full_name": "Haryana Steelers"
    },
    {
      "player_id": 293,
      "player_name": "Nilesh Salunke",
      "match_played": 14,
      "value": 2,
      "team_id": 3,
      "team": " Jai",
      "team_name": " Jai",
      "rank": "103",
      "position_id": 8,
      "position_name": "Raider",
      "team_full_name": "Jaipur Pink Panthers"
    },
    {
      "player_id": 324,
      "player_name": "Darshan Kadian",
      "match_played": 5,
      "value": 1,
      "team_id": 7,
      "team": " Pun",
      "team_name": " Pun",
      "rank": "117",
      "position_id": 8,
      "position_name": "Raider",
      "team_full_name": "Puneri Paltan"
    },
    {
      "player_id": 509,
      "player_name": "Mohammad Taghi Paein Mahali",
      "match_played": 3,
      "value": 1,
      "team_id": 4,
      "team": " Kol",
      "team_name": " Kol",
      "rank": "117",
      "position_id": 8,
      "position_name": "Raider",
      "team_full_name": "Bengal Warriors"
    },
    {
      "player_id": 251,
      "player_name": "Meraj Sheykh",
      "match_played": 12,
      "value": 1,
      "team_id": 2,
      "team": " Del",
      "team_name": " Del",
      "rank": "117",
      "position_id": 1,
      "position_name": "All Rounder",
      "team_full_name": "Dabang Delhi K.C."
    },
    {
      "player_id": 211,
      "player_name": "Deepak Narwal",
      "match_played": 14,
      "value": 1,
      "team_id": 3,
      "team": " Jai",
      "team_name": " Jai",
      "rank": "117",
      "position_id": 8,
      "position_name": "Raider",
      "team_full_name": "Jaipur Pink Panthers"
    },
    {
      "player_id": 234,
      "player_name": "Surender Singh",
      "match_played": 4,
      "value": 1,
      "team_id": 30,
      "team": " UPY",
      "team_name": " UPY",
      "rank": "117",
      "position_id": 8,
      "position_name": "Raider",
      "team_full_name": "U.P. Yoddha"
    },
    {
      "player_id": 94,
      "player_name": "Rishank Devadiga",
      "match_played": 13,
      "value": 1,
      "team_id": 30,
      "team": " UPY",
      "team_name": " UPY",
      "rank": "117",
      "position_id": 8,
      "position_name": "Raider",
      "team_full_name": "U.P. Yoddha"
    },
    {
      "player_id": 12,
      "player_name": "Jang Kun Lee",
      "match_played": 11,
      "value": 1,
      "team_id": 6,
      "team": " Pat",
      "team_name": " Pat",
      "rank": "117",
      "position_id": 8,
      "position_name": "Raider",
      "team_full_name": "Patna Pirates"
    },
    {
      "player_id": 111,
      "player_name": "Sukesh Hegde",
      "match_played": 10,
      "value": 1,
      "team_id": 4,
      "team": " Kol",
      "team_name": " Kol",
      "rank": "117",
      "position_id": 8,
      "position_name": "Raider",
      "team_full_name": "Bengal Warriors"
    },
    {
      "player_id": 115,
      "player_name": "Suraj Desai",
      "match_played": 12,
      "value": 1,
      "team_id": 8,
      "team": " Hyd",
      "team_name": " Hyd",
      "rank": "117",
      "position_id": 8,
      "position_name": "Raider",
      "team_full_name": "Telugu Titans"
    },
    {
      "player_id": 2671,
      "player_name": "Naveen Narwal",
      "match_played": 3,
      "value": 1,
      "team_id": 4,
      "team": " Kol",
      "team_name": " Kol",
      "rank": "117",
      "position_id": 7,
      "position_name": "Defender, right cover",
      "team_full_name": "Bengal Warriors"
    },
    {
      "player_id": 2661,
      "player_name": "Pankaj Mohite",
      "match_played": 15,
      "value": 1,
      "team_id": 7,
      "team": " Pun",
      "team_name": " Pun",
      "rank": "117",
      "position_id": 8,
      "position_name": "Raider",
      "team_full_name": "Puneri Paltan"
    },
    {
      "player_id": 2498,
      "player_name": "Sushil Gulia",
      "match_played": 7,
      "value": 1,
      "team_id": 3,
      "team": " Jai",
      "team_name": " Jai",
      "rank": "117",
      "position_id": 8,
      "position_name": "Raider",
      "team_full_name": "Jaipur Pink Panthers"
    },
    {
      "player_id": 2501,
      "player_name": "Aman",
      "match_played": 2,
      "value": 1,
      "team_id": 1,
      "team": " Ben",
      "team_name": " Ben",
      "rank": "117",
      "position_id": 3,
      "position_name": "Defender, left corner",
      "team_full_name": "Bengaluru Bulls"
    },
    {
      "player_id": 2489,
      "player_name": "Satywan",
      "match_played": 1,
      "value": 1,
      "team_id": 2,
      "team": " Del",
      "team_name": " Del",
      "rank": "117",
      "position_id": 4,
      "position_name": "Defender, left cover",
      "team_full_name": "Dabang Delhi K.C."
    },
    {
      "player_id": 2494,
      "player_name": "Sachin Narwal",
      "match_played": 11,
      "value": 1,
      "team_id": 3,
      "team": " Jai",
      "team_name": " Jai",
      "rank": "117",
      "position_id": 1,
      "position_name": "All Rounder",
      "team_full_name": "Jaipur Pink Panthers"
    },
    {
      "player_id": 2028,
      "player_name": "Abhishek Singh",
      "match_played": 14,
      "value": 1,
      "team_id": 5,
      "team": " Mum",
      "team_name": " Mum",
      "rank": "117",
      "position_id": 8,
      "position_name": "Raider",
      "team_full_name": "U Mumba"
    },
    {
      "player_id": 2290,
      "player_name": "Rajnish",
      "match_played": 8,
      "value": 1,
      "team_id": 8,
      "team": " Hyd",
      "team_name": " Hyd",
      "rank": "117",
      "position_id": 8,
      "position_name": "Raider",
      "team_full_name": "Telugu Titans"
    },
    {
      "player_id": 2321,
      "player_name": "Ankush",
      "match_played": 3,
      "value": 1,
      "team_id": 30,
      "team": " UPY",
      "team_name": " UPY",
      "rank": "117",
      "position_id": 8,
      "position_name": "Raider",
      "team_full_name": "U.P. Yoddha"
    },
    {
      "player_id": 2322,
      "player_name": "Ankit Beniwal",
      "match_played": 5,
      "value": 1,
      "team_id": 8,
      "team": " Hyd",
      "team_name": " Hyd",
      "rank": "117",
      "position_id": 8,
      "position_name": "Raider",
      "team_full_name": "Telugu Titans"
    },
    {
      "player_id": 764,
      "player_name": "Vinod Kumar",
      "match_played": 6,
      "value": 1,
      "team_id": 31,
      "team": " GFG",
      "team_name": " GFG",
      "rank": "117",
      "position_id": 1,
      "position_name": "All Rounder",
      "team_full_name": "Gujarat Fortunegiants"
    },
    {
      "player_id": 757,
      "player_name": "Sachin Tanwar",
      "match_played": 15,
      "value": 1,
      "team_id": 31,
      "team": " GFG",
      "team_name": " GFG",
      "rank": "117",
      "position_id": 8,
      "position_name": "Raider",
      "team_full_name": "Gujarat Fortunegiants"
    }
  ],
  "language_lookup": {
    "stat": "Stat",
    "stat_id": "Stat Id",
    "minimum_criteria": "Minimum Criteria",
    "team_id": "Team Id",
    "team_name": "Team Name",
    "player_id": "Player Id",
    "player_name": "Player Name",
    "value": "Value",
    "match_played": "Match Played",
    "team": "Team",
    "tackles": "Tackles"
  }
}