{
  "stat": "Player Super Tackles",
  "stat_id": "28",
  "minimum_criteria": "More than 0 Super Tackles",
  "data": [
    {
      "player_id": 56,
      "player_name": "Kalimuthu Balamahendran",
      "team": " Pun",
      "match_played": 14,
      "match played": 14,
      "tackles": 60,
      "value": 6,
      "team_id": 7,
      "team_name": " Pun",
      "rank": "1",
      "position_id": 3,
      "position_name": "Defender, left corner"
    },
    {
      "player_id": 142,
      "player_name": "Sandeep Narwal",
      "team": " Pat",
      "match_played": 16,
      "match played": 16,
      "tackles": 41,
      "value": 6,
      "team_id": 6,
      "team_name": " Pat",
      "rank": "1",
      "position_id": 1,
      "position_name": "All Rounder"
    },
    {
      "player_id": 71,
      "player_name": "Mohit Chhillar",
      "team": " Mum",
      "match_played": 16,
      "match played": 16,
      "tackles": 89,
      "value": 5,
      "team_id": 5,
      "team_name": " Mum",
      "rank": "3",
      "position_id": 6,
      "position_name": "Defender, right corner"
    },
    {
      "player_id": 42,
      "player_name": "Dharmaraj Cheralathan",
      "team": " Ben",
      "match_played": 16,
      "match played": 16,
      "tackles": 69,
      "value": 5,
      "team_id": 1,
      "team_name": " Ben",
      "rank": "3",
      "position_id": 10,
      "position_name": "Defender, right and left corner"
    },
    {
      "player_id": 141,
      "player_name": "Sunil Jaipal",
      "team": " Kol",
      "match_played": 13,
      "match played": 13,
      "tackles": 27,
      "value": 4,
      "team_id": 4,
      "team_name": " Kol",
      "rank": "5",
      "position_id": 8,
      "position_name": "Raider"
    },
    {
      "player_id": 146,
      "player_name": "Surender Nada",
      "team": " Mum",
      "match_played": 15,
      "match played": 15,
      "tackles": 92,
      "value": 4,
      "team_id": 5,
      "team_name": " Mum",
      "rank": "5",
      "position_id": 3,
      "position_name": "Defender, left corner"
    },
    {
      "player_id": 147,
      "player_name": "Prashant Chavan",
      "team": " Jai",
      "match_played": 15,
      "match played": 15,
      "tackles": 75,
      "value": 4,
      "team_id": 3,
      "team_name": " Jai",
      "rank": "5",
      "position_id": 6,
      "position_name": "Defender, right corner"
    },
    {
      "player_id": 162,
      "player_name": "D. Suresh Kumar",
      "team": " Pat",
      "match_played": 12,
      "match played": 12,
      "tackles": 58,
      "value": 4,
      "team_id": 6,
      "team_name": " Pat",
      "rank": "5",
      "position_id": 7,
      "position_name": "Defender, right cover"
    },
    {
      "player_id": 150,
      "player_name": "Parmod Narwal",
      "team": " Ben",
      "match_played": 16,
      "match played": 16,
      "tackles": 60,
      "value": 3,
      "team_id": 1,
      "team_name": " Ben",
      "rank": "9",
      "position_id": 1,
      "position_name": "All Rounder"
    },
    {
      "player_id": 152,
      "player_name": "D. Gopu",
      "team": " Hyd",
      "match_played": 15,
      "match played": 15,
      "tackles": 60,
      "value": 3,
      "team_id": 8,
      "team_name": " Hyd",
      "rank": "9",
      "position_id": 10,
      "position_name": "Defender, right and left corner"
    },
    {
      "player_id": 73,
      "player_name": "Nilesh Shinde",
      "team": " Kol",
      "match_played": 14,
      "match played": 14,
      "tackles": 73,
      "value": 3,
      "team_id": 4,
      "team_name": " Kol",
      "rank": "9",
      "position_id": 6,
      "position_name": "Defender, right corner"
    },
    {
      "player_id": 20,
      "player_name": "Wasim Sajjad",
      "team": " Pat",
      "match_played": 15,
      "match played": 15,
      "tackles": 58,
      "value": 3,
      "team_id": 6,
      "team_name": " Pat",
      "rank": "9",
      "position_id": 6,
      "position_name": "Defender, right corner"
    },
    {
      "player_id": 28,
      "player_name": "Amit Singh Chhillar",
      "team": " Del",
      "match_played": 14,
      "match played": 14,
      "tackles": 81,
      "value": 3,
      "team_id": 2,
      "team_name": " Del",
      "rank": "9",
      "position_id": 3,
      "position_name": "Defender, left corner"
    },
    {
      "player_id": 70,
      "player_name": "Manoj Kumar",
      "team": " Pun",
      "match_played": 14,
      "match played": 14,
      "tackles": 63,
      "value": 3,
      "team_id": 7,
      "team_name": " Pun",
      "rank": "9",
      "position_id": 4,
      "position_name": "Defender, left cover"
    },
    {
      "player_id": 55,
      "player_name": "Jitesh Joshi",
      "team": " Pun",
      "match_played": 14,
      "match played": 14,
      "tackles": 47,
      "value": 2,
      "team_id": 7,
      "team_name": " Pun",
      "rank": "15",
      "position_id": 1,
      "position_name": "All Rounder"
    },
    {
      "player_id": 51,
      "player_name": "Jasmer Singh Gulia",
      "team": " Ben, Del",
      "match_played": 14,
      "match played": 14,
      "tackles": 84,
      "value": 2,
      "team_id": 2,
      "team_name": " Ben, Del",
      "rank": "15",
      "position_id": 1,
      "position_name": "All Rounder"
    },
    {
      "player_id": 29,
      "player_name": "Anup Kumar",
      "team": " Mum",
      "match_played": 16,
      "match played": 16,
      "tackles": 35,
      "value": 2,
      "team_id": 5,
      "team_name": " Mum",
      "rank": "15",
      "position_id": 8,
      "position_name": "Raider"
    },
    {
      "player_id": 75,
      "player_name": "Nitin Madane",
      "team": " Kol",
      "match_played": 12,
      "match played": 12,
      "tackles": 22,
      "value": 2,
      "team_id": 4,
      "team_name": " Kol",
      "rank": "15",
      "position_id": 8,
      "position_name": "Raider"
    },
    {
      "player_id": 124,
      "player_name": "Wazir Singh",
      "team": " Pun",
      "match_played": 12,
      "match played": 12,
      "tackles": 15,
      "value": 2,
      "team_id": 7,
      "team_name": " Pun",
      "rank": "15",
      "position_id": 8,
      "position_name": "Raider"
    },
    {
      "player_id": 98,
      "player_name": "Sachin Khambe",
      "team": " Kol",
      "match_played": 14,
      "match played": 14,
      "tackles": 73,
      "value": 2,
      "team_id": 4,
      "team_name": " Kol",
      "rank": "15",
      "position_id": 3,
      "position_name": "Defender, left corner"
    },
    {
      "player_id": 118,
      "player_name": "Surjeet Narwal",
      "team": " Del",
      "match_played": 14,
      "match played": 14,
      "tackles": 13,
      "value": 2,
      "team_id": 2,
      "team_name": " Del",
      "rank": "15",
      "position_id": 8,
      "position_name": "Raider"
    },
    {
      "player_id": 160,
      "player_name": "Ran Singh",
      "team": " Jai",
      "match_played": 10,
      "match played": 10,
      "tackles": 41,
      "value": 2,
      "team_id": 3,
      "team_name": " Jai",
      "rank": "15",
      "position_id": 1,
      "position_name": "All Rounder"
    },
    {
      "player_id": 164,
      "player_name": "Bajirao Hodage",
      "team": " Kol",
      "match_played": 6,
      "match played": 6,
      "tackles": 32,
      "value": 2,
      "team_id": 4,
      "team_name": " Kol",
      "rank": "15",
      "position_id": 7,
      "position_name": "Defender, right cover"
    },
    {
      "player_id": 165,
      "player_name": "Sachin Shingade",
      "team": " Hyd",
      "match_played": 10,
      "match played": 10,
      "tackles": 43,
      "value": 1,
      "team_id": 8,
      "team_name": " Hyd",
      "rank": "24",
      "position_id": 4,
      "position_name": "Defender, left cover"
    },
    {
      "player_id": 166,
      "player_name": "Vijendar Singh",
      "team": " Hyd",
      "match_played": 8,
      "match played": 8,
      "tackles": 44,
      "value": 1,
      "team_id": 8,
      "team_name": " Hyd",
      "rank": "24",
      "position_id": null,
      "position_name": null
    },
    {
      "player_id": 161,
      "player_name": "Girish Maruti Ernak",
      "team": " Pat",
      "match_played": 12,
      "match played": 12,
      "tackles": 70,
      "value": 1,
      "team_id": 6,
      "team_name": " Pat",
      "rank": "24",
      "position_id": 3,
      "position_name": "Defender, left corner"
    },
    {
      "player_id": 159,
      "player_name": "Samarjeet Singh",
      "team": " Jai",
      "match_played": 12,
      "match played": 12,
      "tackles": 27,
      "value": 1,
      "team_id": 3,
      "team_name": " Jai",
      "rank": "24",
      "position_id": 1,
      "position_name": "All Rounder"
    },
    {
      "player_id": 151,
      "player_name": "Vikas Tomar",
      "team": " Pun",
      "match_played": 8,
      "match played": 8,
      "tackles": 30,
      "value": 1,
      "team_id": 7,
      "team_name": " Pun",
      "rank": "24",
      "position_id": 6,
      "position_name": "Defender, right corner"
    },
    {
      "player_id": 123,
      "player_name": "Vishal Mane",
      "team": " Mum",
      "match_played": 16,
      "match played": 16,
      "tackles": 65,
      "value": 1,
      "team_id": 5,
      "team_name": " Mum",
      "rank": "24",
      "position_id": 7,
      "position_name": "Defender, right cover"
    },
    {
      "player_id": 107,
      "player_name": "Shrikant Tewthia",
      "team": " Del",
      "match_played": 14,
      "match played": 14,
      "tackles": 37,
      "value": 1,
      "team_id": 2,
      "team_name": " Del",
      "rank": "24",
      "position_id": 1,
      "position_name": "All Rounder"
    },
    {
      "player_id": 108,
      "player_name": "Shyam Kumar Sah",
      "team": " Kol",
      "match_played": 13,
      "match played": 13,
      "tackles": 71,
      "value": 1,
      "team_id": 4,
      "team_name": " Kol",
      "rank": "24",
      "position_id": 4,
      "position_name": "Defender, left cover"
    },
    {
      "player_id": 143,
      "player_name": "Maninder Singh",
      "team": " Jai",
      "match_played": 16,
      "match played": 16,
      "tackles": 19,
      "value": 1,
      "team_id": 3,
      "team_name": " Jai",
      "rank": "24",
      "position_id": 8,
      "position_name": "Raider"
    },
    {
      "player_id": 77,
      "player_name": "Parveen Kumar",
      "team": " Kol",
      "match_played": 8,
      "match played": 8,
      "tackles": 35,
      "value": 1,
      "team_id": 4,
      "team_name": " Kol",
      "rank": "24",
      "position_id": 7,
      "position_name": "Defender, right cover"
    },
    {
      "player_id": 81,
      "player_name": "Rahul Chaudhari",
      "team": " Hyd",
      "match_played": 14,
      "match played": 14,
      "tackles": 31,
      "value": 1,
      "team_id": 8,
      "team_name": " Hyd",
      "rank": "24",
      "position_id": 8,
      "position_name": "Raider"
    },
    {
      "player_id": 84,
      "player_name": "Rajaguru Subramanian",
      "team": " Hyd",
      "match_played": 14,
      "match played": 14,
      "tackles": 55,
      "value": 1,
      "team_id": 8,
      "team_name": " Hyd",
      "rank": "24",
      "position_id": 7,
      "position_name": "Defender, right cover"
    },
    {
      "player_id": 85,
      "player_name": "Rajesh Mondal",
      "team": " Ben",
      "match_played": 15,
      "match played": 15,
      "tackles": 13,
      "value": 1,
      "team_id": 1,
      "team_name": " Ben",
      "rank": "24",
      "position_id": 8,
      "position_name": "Raider"
    },
    {
      "player_id": 86,
      "player_name": "Rajesh Narwal",
      "team": " Jai",
      "match_played": 16,
      "match played": 16,
      "tackles": 51,
      "value": 1,
      "team_id": 3,
      "team_name": " Jai",
      "rank": "24",
      "position_id": 1,
      "position_name": "All Rounder"
    },
    {
      "player_id": 89,
      "player_name": "Ram Kumar Sah",
      "team": " Pat",
      "match_played": 9,
      "match played": 9,
      "tackles": 30,
      "value": 1,
      "team_id": 6,
      "team_name": " Pat",
      "rank": "24",
      "position_id": 4,
      "position_name": "Defender, left cover"
    },
    {
      "player_id": 96,
      "player_name": "Rohit Rana",
      "team": " Jai",
      "match_played": 15,
      "match played": 15,
      "tackles": 79,
      "value": 1,
      "team_id": 3,
      "team_name": " Jai",
      "rank": "24",
      "position_id": 4,
      "position_name": "Defender, left cover"
    },
    {
      "player_id": 97,
      "player_name": "Rupesh Tomar",
      "team": " Hyd",
      "match_played": 5,
      "match played": 5,
      "tackles": 16,
      "value": 1,
      "team_id": 8,
      "team_name": " Hyd",
      "rank": "24",
      "position_id": 1,
      "position_name": "All Rounder"
    },
    {
      "player_id": 38,
      "player_name": "Dadaso Balaso Awad",
      "team": " Del",
      "match_played": 5,
      "match played": 5,
      "tackles": 21,
      "value": 1,
      "team_id": 2,
      "team_name": " Del",
      "rank": "24",
      "position_id": 1,
      "position_name": "All Rounder"
    },
    {
      "player_id": 45,
      "player_name": "Gurpreet Singh",
      "team": " Ben",
      "match_played": 16,
      "match played": 16,
      "tackles": 64,
      "value": 1,
      "team_id": 1,
      "team_name": " Ben",
      "rank": "24",
      "position_id": 6,
      "position_name": "Defender, right corner"
    },
    {
      "player_id": 46,
      "player_name": "Gurvinder Singh",
      "team": " Ben, Pat",
      "match_played": 7,
      "match played": 7,
      "tackles": 13,
      "value": 1,
      "team_id": 6,
      "team_name": " Ben, Pat",
      "rank": "24",
      "position_id": 8,
      "position_name": "Raider"
    },
    {
      "player_id": 5,
      "player_name": "Farhad Kamal Gharibi",
      "team": " Kol",
      "match_played": 2,
      "match played": 2,
      "tackles": 1,
      "value": 1,
      "team_id": 4,
      "team_name": " Kol",
      "rank": "24",
      "position_id": 3,
      "position_name": "Defender, left corner"
    },
    {
      "player_id": 14,
      "player_name": "Tae Deok Eom",
      "team": " Pat",
      "match_played": 9,
      "match played": 9,
      "tackles": 9,
      "value": 1,
      "team_id": 6,
      "team_name": " Pat",
      "rank": "24",
      "position_id": 1,
      "position_name": "All Rounder"
    },
    {
      "player_id": 52,
      "player_name": "Jasvir Singh",
      "team": " Jai",
      "match_played": 15,
      "match played": 15,
      "tackles": 18,
      "value": 1,
      "team_id": 3,
      "team_name": " Jai",
      "rank": "24",
      "position_id": 8,
      "position_name": "Raider"
    },
    {
      "player_id": 58,
      "player_name": "Kashiling Adake",
      "team": " Ben, Del",
      "match_played": 14,
      "match played": 14,
      "tackles": 25,
      "value": 1,
      "team_id": 2,
      "team_name": " Ben, Del",
      "rank": "24",
      "position_id": 8,
      "position_name": "Raider"
    },
    {
      "player_id": 61,
      "player_name": "Kuldeep Singh",
      "team": " Ben, Pat",
      "match_played": 3,
      "match played": 3,
      "tackles": 14,
      "value": 1,
      "team_id": 6,
      "team_name": " Ben, Pat",
      "rank": "24",
      "position_id": 3,
      "position_name": "Defender, left corner"
    },
    {
      "player_id": 72,
      "player_name": "Navneet Gautam",
      "team": " Jai",
      "match_played": 14,
      "match played": 14,
      "tackles": 50,
      "value": 1,
      "team_id": 3,
      "team_name": " Jai",
      "rank": "24",
      "position_id": 3,
      "position_name": "Defender, left corner"
    }
  ],
  "language_lookup": {
    "stat": "Stat",
    "stat_id": "Stat Id",
    "minimum_criteria": "Minimum Criteria",
    "team_id": "Team Id",
    "team_name": "Team Name",
    "player_id": "Player Id",
    "player_name": "Player Name",
    "value": "Value",
    "match_played": "Match Played",
    "team": "Team",
    "tackles": "Tackles"
  }
}