{
  "stat": "Super 10s",
  "stat_id": "100",
  "minimum_criteria": "More than 0 Super_10s",
  "data": [
    {
      "player_id": 119,
      "player_name": "CPO Surjeet Singh",
      "team": " Del",
      "match_played": 12,
      "value": 5,
      "team_id": 2,
      "team_name": " Del",
      "rank": "1",
      "position_id": 8,
      "position_name": "Raider"
    },
    {
      "player_id": 197,
      "player_name": "Pardeep Narwal",
      "team": " Pat",
      "match_played": 16,
      "value": 5,
      "team_id": 6,
      "team_name": " Pat",
      "rank": "1",
      "position_id": 8,
      "position_name": "Raider"
    },
    {
      "player_id": 326,
      "player_name": "Rohit Kumar",
      "team": " Pat",
      "match_played": 12,
      "value": 5,
      "team_id": 6,
      "team_name": " Pat",
      "rank": "1",
      "position_id": 8,
      "position_name": "Raider"
    },
    {
      "player_id": 81,
      "player_name": "Rahul Chaudhari",
      "team": " Hyd",
      "match_played": 13,
      "value": 4,
      "team_id": 8,
      "team_name": " Hyd",
      "rank": "4",
      "position_id": 8,
      "position_name": "Raider"
    },
    {
      "player_id": 94,
      "player_name": "Rishank Devadiga",
      "team": " Mum",
      "match_played": 16,
      "value": 2,
      "team_id": 5,
      "team_name": " Mum",
      "rank": "5",
      "position_id": 8,
      "position_name": "Raider"
    },
    {
      "player_id": 12,
      "player_name": "Jang Kun Lee",
      "team": " Kol",
      "match_played": 15,
      "value": 2,
      "team_id": 4,
      "team_name": " Kol",
      "rank": "5",
      "position_id": 8,
      "position_name": "Raider"
    },
    {
      "player_id": 320,
      "player_name": "Nitin Tomar",
      "team": " Kol",
      "match_played": 10,
      "value": 2,
      "team_id": 4,
      "team_name": " Kol",
      "rank": "5",
      "position_id": 8,
      "position_name": "Raider"
    },
    {
      "player_id": 261,
      "player_name": "Rohit Baliyan",
      "team": " Hyd",
      "match_played": 11,
      "value": 2,
      "team_id": 8,
      "team_name": " Hyd",
      "rank": "5",
      "position_id": 8,
      "position_name": "Raider"
    },
    {
      "player_id": 264,
      "player_name": "Selvamani K",
      "team": " Del",
      "match_played": 8,
      "value": 1,
      "team_id": 2,
      "team_name": " Del",
      "rank": "9",
      "position_id": 8,
      "position_name": "Raider"
    },
    {
      "player_id": 277,
      "player_name": "Anil Shriram Nimbolkar",
      "team": " Del",
      "match_played": 6,
      "value": 1,
      "team_id": 2,
      "team_name": " Del",
      "rank": "9",
      "position_id": 8,
      "position_name": "Raider"
    },
    {
      "player_id": 211,
      "player_name": "Deepak Narwal",
      "team": " Pat",
      "match_played": 9,
      "value": 1,
      "team_id": 6,
      "team_name": " Pat",
      "rank": "9",
      "position_id": 8,
      "position_name": "Raider"
    },
    {
      "player_id": 26,
      "player_name": "Ajay Thakur",
      "team": " Pun",
      "match_played": 14,
      "value": 1,
      "team_id": 7,
      "team_name": " Pun",
      "rank": "9",
      "position_id": 8,
      "position_name": "Raider"
    },
    {
      "player_id": 41,
      "player_name": "Deepak Niwas Hooda",
      "team": " Pun",
      "match_played": 12,
      "value": 1,
      "team_id": 7,
      "team_name": " Pun",
      "rank": "9",
      "position_id": 1,
      "position_name": "All Rounder"
    },
    {
      "player_id": 52,
      "player_name": "Jasvir Singh",
      "team": " Jai",
      "match_played": 4,
      "value": 1,
      "team_id": 3,
      "team_name": " Jai",
      "rank": "9",
      "position_id": 8,
      "position_name": "Raider"
    },
    {
      "player_id": 58,
      "player_name": "Kashiling Adake",
      "team": " Del",
      "match_played": 11,
      "value": 1,
      "team_id": 2,
      "team_name": " Del",
      "rank": "9",
      "position_id": 8,
      "position_name": "Raider"
    },
    {
      "player_id": 118,
      "player_name": "Surjeet Narwal",
      "team": " Ben",
      "match_played": 12,
      "value": 1,
      "team_id": 1,
      "team_name": " Ben",
      "rank": "9",
      "position_id": 8,
      "position_name": "Raider"
    },
    {
      "player_id": 86,
      "player_name": "Rajesh Narwal",
      "team": " Jai",
      "match_played": 14,
      "value": 1,
      "team_id": 3,
      "team_name": " Jai",
      "rank": "9",
      "position_id": 1,
      "position_name": "All Rounder"
    }
  ],
  "language_lookup": {
    "stat": "Stat",
    "stat_id": "Stat Id",
    "minimum_criteria": "Minimum Criteria",
    "team_id": "Team Id",
    "team_name": "Team Name",
    "player_id": "Player Id",
    "player_name": "Player Name",
    "value": "Value",
    "match_played": "Match Played",
    "team": "Team",
    "tackles": "Tackles"
  }
}