{
  "stat": "Player DOD Raid Points",
  "stat_id": "132",
  "minimum_criteria": "More than 0 DOD Raid Points",
  "data": [
    {
      "player_id": 143,
      "player": "Maninder Singh",
      "player_name": "Maninder Singh",
      "team_id": 3,
      "team_name": " Jai",
      "match_played": 16,
      "value": 22,
      "rank": "1",
      "position_id": 8,
      "position_name": "Raider"
    },
    {
      "player_id": 92,
      "player": "Ravi Dalal",
      "player_name": "Ravi Dalal",
      "team_id": 6,
      "team_name": " Pat",
      "match_played": 16,
      "value": 20,
      "rank": "2",
      "position_id": 8,
      "position_name": "Raider"
    },
    {
      "player_id": 124,
      "player": "Wazir Singh",
      "player_name": "Wazir Singh",
      "team_id": 7,
      "team_name": " Pun",
      "match_played": 12,
      "value": 20,
      "rank": "2",
      "position_id": 8,
      "position_name": "Raider"
    },
    {
      "player_id": 58,
      "player": "Kashiling Adake",
      "player_name": "Kashiling Adake",
      "team_id": 2,
      "team_name": " Ben, Del",
      "match_played": 14,
      "value": 18,
      "rank": "4",
      "position_id": 8,
      "position_name": "Raider"
    },
    {
      "player_id": 111,
      "player": "Sukesh Hegde",
      "player_name": "Sukesh Hegde",
      "team_id": 8,
      "team_name": " Hyd",
      "match_played": 14,
      "value": 15,
      "rank": "5",
      "position_id": 8,
      "position_name": "Raider"
    },
    {
      "player_id": 86,
      "player": "Rajesh Narwal",
      "player_name": "Rajesh Narwal",
      "team_id": 3,
      "team_name": " Jai",
      "match_played": 16,
      "value": 14,
      "rank": "6",
      "position_id": 1,
      "position_name": "All Rounder"
    },
    {
      "player_id": 29,
      "player": "Anup Kumar",
      "player_name": "Anup Kumar",
      "team_id": 5,
      "team_name": " Mum",
      "match_played": 16,
      "value": 13,
      "rank": "7",
      "position_id": 8,
      "position_name": "Raider"
    },
    {
      "player_id": 105,
      "player": "Shabeer Bappu",
      "player_name": "Shabeer Bappu",
      "team_id": 5,
      "team_name": " Mum",
      "match_played": 10,
      "value": 11,
      "rank": "8",
      "position_id": 8,
      "position_name": "Raider"
    },
    {
      "player_id": 85,
      "player": "Rajesh Mondal",
      "player_name": "Rajesh Mondal",
      "team_id": 1,
      "team_name": " Ben",
      "match_played": 15,
      "value": 11,
      "rank": "8",
      "position_id": 8,
      "position_name": "Raider"
    },
    {
      "player_id": 142,
      "player": "Sandeep Narwal",
      "player_name": "Sandeep Narwal",
      "team_id": 6,
      "team_name": " Pat",
      "match_played": 16,
      "value": 11,
      "rank": "8",
      "position_id": 1,
      "position_name": "All Rounder"
    },
    {
      "player_id": 12,
      "player": "Jang Kun Lee",
      "player_name": "Jang Kun Lee",
      "team_id": 4,
      "team_name": " Kol",
      "match_played": 11,
      "value": 10,
      "rank": "11",
      "position_id": 8,
      "position_name": "Raider"
    },
    {
      "player_id": 55,
      "player": "Jitesh Joshi",
      "player_name": "Jitesh Joshi",
      "team_id": 7,
      "team_name": " Pun",
      "match_played": 14,
      "value": 10,
      "rank": "11",
      "position_id": 1,
      "position_name": "All Rounder"
    },
    {
      "player_id": 52,
      "player": "Jasvir Singh",
      "player_name": "Jasvir Singh",
      "team_id": 3,
      "team_name": " Jai",
      "match_played": 15,
      "value": 9,
      "rank": "13",
      "position_id": 8,
      "position_name": "Raider"
    },
    {
      "player_id": 174,
      "player": "Deepak Kumar Dahiya",
      "player_name": "Deepak Kumar Dahiya",
      "team_id": 1,
      "team_name": " Ben",
      "match_played": 7,
      "value": 9,
      "rank": "13",
      "position_id": 8,
      "position_name": "Raider"
    },
    {
      "player_id": 41,
      "player": "Deepak Niwas Hooda",
      "player_name": "Deepak Niwas Hooda",
      "team_id": 8,
      "team_name": " Hyd",
      "match_played": 14,
      "value": 8,
      "rank": "15",
      "position_id": 1,
      "position_name": "All Rounder"
    },
    {
      "player_id": 26,
      "player": "Ajay Thakur",
      "player_name": "Ajay Thakur",
      "team_id": 1,
      "team_name": " Ben",
      "match_played": 15,
      "value": 8,
      "rank": "15",
      "position_id": 8,
      "position_name": "Raider"
    },
    {
      "player_id": 94,
      "player": "Rishank Devadiga",
      "player_name": "Rishank Devadiga",
      "team_id": 5,
      "team_name": " Mum",
      "match_played": 16,
      "value": 8,
      "rank": "15",
      "position_id": 8,
      "position_name": "Raider"
    },
    {
      "player_id": 118,
      "player": "Surjeet Narwal",
      "player_name": "Surjeet Narwal",
      "team_id": 2,
      "team_name": " Del",
      "match_played": 14,
      "value": 8,
      "rank": "15",
      "position_id": 8,
      "position_name": "Raider"
    },
    {
      "player_id": 81,
      "player": "Rahul Chaudhari",
      "player_name": "Rahul Chaudhari",
      "team_id": 8,
      "team_name": " Hyd",
      "match_played": 14,
      "value": 8,
      "rank": "15",
      "position_id": 8,
      "position_name": "Raider"
    },
    {
      "player_id": 75,
      "player": "Nitin Madane",
      "player_name": "Nitin Madane",
      "team_id": 4,
      "team_name": " Kol",
      "match_played": 12,
      "value": 8,
      "rank": "15",
      "position_id": 8,
      "position_name": "Raider"
    },
    {
      "player_id": 69,
      "player": "Manjeet Chhillar",
      "player_name": "Manjeet Chhillar",
      "team_id": 1,
      "team_name": " Ben",
      "match_played": 16,
      "value": 7,
      "rank": "21",
      "position_id": 1,
      "position_name": "All Rounder"
    },
    {
      "player_id": 88,
      "player": "Rakesh Kumar",
      "player_name": "Rakesh Kumar",
      "team_id": 6,
      "team_name": " Pat",
      "match_played": 12,
      "value": 6,
      "rank": "22",
      "position_id": 1,
      "position_name": "All Rounder"
    },
    {
      "player_id": 156,
      "player": "Pawan Kumar Kadian",
      "player_name": "Pawan Kumar Kadian",
      "team_id": 5,
      "team_name": " Mum",
      "match_played": 10,
      "value": 6,
      "rank": "22",
      "position_id": 8,
      "position_name": "Raider"
    },
    {
      "player_id": 168,
      "player": "Mangesh Bhagat",
      "player_name": "Mangesh Bhagat",
      "team_id": 7,
      "team_name": " Pun",
      "match_played": 8,
      "value": 6,
      "rank": "22",
      "position_id": 8,
      "position_name": "Raider"
    },
    {
      "player_id": 79,
      "player": "Pravin Niwale",
      "player_name": "Pravin Niwale",
      "team_id": 7,
      "team_name": " Pun",
      "match_played": 7,
      "value": 5,
      "rank": "25",
      "position_id": 8,
      "position_name": "Raider"
    },
    {
      "player_id": 66,
      "player": "Mahesh Goud",
      "player_name": "Mahesh Goud",
      "team_id": 4,
      "team_name": " Kol",
      "match_played": 13,
      "value": 5,
      "rank": "25",
      "position_id": 8,
      "position_name": "Raider"
    },
    {
      "player_id": 67,
      "player": "Mahipal Narwal",
      "player_name": "Mahipal Narwal",
      "team_id": 7,
      "team_name": " Pun",
      "match_played": 5,
      "value": 5,
      "rank": "25",
      "position_id": 1,
      "position_name": "All Rounder"
    },
    {
      "player_id": 141,
      "player": "Sunil Jaipal",
      "player_name": "Sunil Jaipal",
      "team_id": 4,
      "team_name": " Kol",
      "match_played": 13,
      "value": 3,
      "rank": "28",
      "position_id": 8,
      "position_name": "Raider"
    },
    {
      "player_id": 107,
      "player": "Shrikant Tewthia",
      "player_name": "Shrikant Tewthia",
      "team_id": 2,
      "team_name": " Del",
      "match_played": 14,
      "value": 3,
      "rank": "28",
      "position_id": 1,
      "position_name": "All Rounder"
    },
    {
      "player_id": 42,
      "player": "Dharmaraj Cheralathan",
      "player_name": "Dharmaraj Cheralathan",
      "team_id": 1,
      "team_name": " Ben",
      "match_played": 16,
      "value": 3,
      "rank": "28",
      "position_id": 10,
      "position_name": "Defender, right and left corner"
    },
    {
      "player_id": 46,
      "player": "Gurvinder Singh",
      "player_name": "Gurvinder Singh",
      "team_id": 6,
      "team_name": " Ben, Pat",
      "match_played": 7,
      "value": 3,
      "rank": "28",
      "position_id": 8,
      "position_name": "Raider"
    },
    {
      "player_id": 51,
      "player": "Jasmer Singh Gulia",
      "player_name": "Jasmer Singh Gulia",
      "team_id": 2,
      "team_name": " Ben, Del",
      "match_played": 14,
      "value": 2,
      "rank": "32",
      "position_id": 1,
      "position_name": "All Rounder"
    },
    {
      "player_id": 32,
      "player": "Balbir Singh",
      "player_name": "Balbir Singh",
      "team_id": 3,
      "team_name": " Jai",
      "match_played": 8,
      "value": 2,
      "rank": "32",
      "position_id": 1,
      "position_name": "All Rounder"
    },
    {
      "player_id": 160,
      "player": "Ran Singh",
      "player_name": "Ran Singh",
      "team_id": 3,
      "team_name": " Jai",
      "match_played": 10,
      "value": 2,
      "rank": "32",
      "position_id": 1,
      "position_name": "All Rounder"
    },
    {
      "player_id": 163,
      "player": "Mahendra Ganesh Rajput",
      "player_name": "Mahendra Ganesh Rajput",
      "team_id": 4,
      "team_name": " Kol",
      "match_played": 8,
      "value": 2,
      "rank": "32",
      "position_id": 8,
      "position_name": "Raider"
    },
    {
      "player_id": 173,
      "player": "Suresu Kumar",
      "player_name": "Suresu Kumar",
      "team_id": 5,
      "team_name": " Mum",
      "match_played": 3,
      "value": 1,
      "rank": "36",
      "position_id": 8,
      "position_name": "Raider"
    },
    {
      "player_id": 146,
      "player": "Surender Nada",
      "player_name": "Surender Nada",
      "team_id": 5,
      "team_name": " Mum",
      "match_played": 15,
      "value": 1,
      "rank": "36",
      "position_id": 3,
      "position_name": "Defender, left corner"
    },
    {
      "player_id": 150,
      "player": "Parmod Narwal",
      "player_name": "Parmod Narwal",
      "team_id": 1,
      "team_name": " Ben",
      "match_played": 16,
      "value": 1,
      "rank": "36",
      "position_id": 1,
      "position_name": "All Rounder"
    },
    {
      "player_id": 10,
      "player": "Simon Kibura",
      "player_name": "Simon Kibura",
      "team_id": 7,
      "team_name": " Pun",
      "match_played": 4,
      "value": 1,
      "rank": "36",
      "position_id": 8,
      "position_name": "Raider"
    },
    {
      "player_id": 14,
      "player": "Tae Deok Eom",
      "player_name": "Tae Deok Eom",
      "team_id": 6,
      "team_name": " Pat",
      "match_played": 9,
      "value": 1,
      "rank": "36",
      "position_id": 1,
      "position_name": "All Rounder"
    },
    {
      "player_id": 16,
      "player": "Waleed Al Hasani",
      "player_name": "Waleed Al Hasani",
      "team_id": 7,
      "team_name": " Pun",
      "match_played": 6,
      "value": 1,
      "rank": "36",
      "position_id": 8,
      "position_name": "Raider"
    },
    {
      "player_id": 23,
      "player": "Dovlet Boshimov",
      "player_name": "Dovlet Boshimov",
      "team_id": 6,
      "team_name": " Pat",
      "match_played": 2,
      "value": 1,
      "rank": "36",
      "position_id": 8,
      "position_name": "Raider"
    },
    {
      "player_id": 44,
      "player": "Gangadhari Mallesh",
      "player_name": "Gangadhari Mallesh",
      "team_id": 3,
      "team_name": " Jai",
      "match_played": 10,
      "value": 1,
      "rank": "36",
      "position_id": 8,
      "position_name": "Raider"
    },
    {
      "player_id": 45,
      "player": "Gurpreet Singh",
      "player_name": "Gurpreet Singh",
      "team_id": 1,
      "team_name": " Ben",
      "match_played": 16,
      "value": 1,
      "rank": "36",
      "position_id": 6,
      "position_name": "Defender, right corner"
    },
    {
      "player_id": 108,
      "player": "Shyam Kumar Sah",
      "player_name": "Shyam Kumar Sah",
      "team_id": 4,
      "team_name": " Kol",
      "match_played": 13,
      "value": 1,
      "rank": "36",
      "position_id": 4,
      "position_name": "Defender, left cover"
    },
    {
      "player_id": 98,
      "player": "Sachin Khambe",
      "player_name": "Sachin Khambe",
      "team_id": 4,
      "team_name": " Kol",
      "match_played": 14,
      "value": 1,
      "rank": "36",
      "position_id": 3,
      "position_name": "Defender, left corner"
    }
  ],
  "language_lookup": {
    "stat": "Stat",
    "stat_id": "Stat Id",
    "minimum_criteria": "Minimum Criteria",
    "team_id": "Team Id",
    "team_name": "Team Name",
    "player_id": "Player Id",
    "player_name": "Player Name",
    "value": "Value",
    "match_played": "Match Played",
    "team": "Team",
    "tackles": "Tackles"
  }
}