{
  "stat": "Team All-outs Conceded",
  "stat_id": "137",
  "minimum_criteria": "",
  "data": [
    {
      "team_id": 7,
      "team_name": "Puneri Paltan",
      "match_played": 14,
      "value": 26,
      "rank": "1"
    },
    {
      "team_id": 4,
      "team_name": "Bengal Warriors",
      "match_played": 14,
      "value": 25,
      "rank": "2"
    },
    {
      "team_id": 2,
      "team_name": "Dabang Delhi K.C.",
      "match_played": 14,
      "value": 23,
      "rank": "3"
    },
    {
      "team_id": 5,
      "team_name": "U Mumba",
      "match_played": 16,
      "value": 19,
      "rank": "4"
    },
    {
      "team_id": 6,
      "team_name": "Patna Pirates",
      "match_played": 16,
      "value": 17,
      "rank": "5"
    },
    {
      "team_id": 3,
      "team_name": "Jaipur Pink Panthers",
      "match_played": 16,
      "value": 15,
      "rank": "6"
    },
    {
      "team_id": 1,
      "team_name": "Bengaluru Bulls",
      "match_played": 16,
      "value": 15,
      "rank": "6"
    },
    {
      "team_id": 8,
      "team_name": "Telugu Titans",
      "match_played": 14,
      "value": 14,
      "rank": "8"
    }
  ],
  "language_lookup": {
    "stat": "Stat",
    "stat_id": "Stat Id",
    "minimum_criteria": "Minimum Criteria",
    "team_id": "Team Id",
    "team_name": "Team Name",
    "player_id": "Player Id",
    "player_name": "Player Name",
    "value": "Value",
    "match_played": "Match Played",
    "team": "Team",
    "tackles": "Tackles"
  }
}