{
  "stat": "Player Super Raids",
  "stat_id": "104",
  "minimum_criteria": "More than 0 Super Raid",
  "data": [
    {
      "player_id": 197,
      "player_name": "Pardeep Narwal",
      "match_played": 102,
      "value": 48,
      "team_id": 6,
      "team": "PAT",
      "team_name": "PAT",
      "rank": "1",
      "position_id": 8,
      "position_name": "Raider",
      "team_full_name": "Patna Pirates"
    },
    {
      "player_id": 94,
      "player_name": "Rishank Devadiga",
      "match_played": 116,
      "value": 25,
      "team_id": 30,
      "team": "UPY",
      "team_name": "UPY",
      "rank": "2",
      "position_id": 8,
      "position_name": "Raider",
      "team_full_name": "U.P. Yoddha"
    },
    {
      "player_id": 81,
      "player_name": "Rahul Chaudhari",
      "match_played": 118,
      "value": 24,
      "team_id": 29,
      "team": "TT",
      "team_name": "TT",
      "rank": "3",
      "position_id": 8,
      "position_name": "Raider",
      "team_full_name": "Tamil Thalaivas"
    },
    {
      "player_id": 26,
      "player_name": "Ajay Thakur",
      "match_played": 115,
      "value": 23,
      "team_id": 29,
      "team": "TT",
      "team_name": "TT",
      "rank": "4",
      "position_id": 8,
      "position_name": "Raider",
      "team_full_name": "Tamil Thalaivas"
    },
    {
      "player_id": 58,
      "player_name": "Kashiling Adake",
      "match_played": 92,
      "value": 23,
      "team_id": 1,
      "team": "BEN",
      "team_name": "BEN",
      "rank": "4",
      "position_id": 8,
      "position_name": "Raider",
      "team_full_name": "Bengaluru Bulls"
    },
    {
      "player_id": 41,
      "player_name": "Deepak Niwas Hooda",
      "match_played": 120,
      "value": 20,
      "team_id": 3,
      "team": "JAI",
      "team_name": "JAI",
      "rank": "6",
      "position_id": 1,
      "position_name": "All Rounder",
      "team_full_name": "Jaipur Pink Panthers"
    },
    {
      "player_id": 143,
      "player_name": "Maninder Singh",
      "match_played": 76,
      "value": 20,
      "team_id": 4,
      "team": "KOL",
      "team_name": "KOL",
      "rank": "6",
      "position_id": 8,
      "position_name": "Raider",
      "team_full_name": "Bengal Warriors"
    },
    {
      "player_id": 318,
      "player_name": "Pawan Kumar Sehrawat",
      "match_played": 73,
      "value": 18,
      "team_id": 1,
      "team": "BEN",
      "team_name": "BEN",
      "rank": "8",
      "position_id": 8,
      "position_name": "Raider",
      "team_full_name": "Bengaluru Bulls"
    },
    {
      "player_id": 251,
      "player_name": "Meraj Sheykh",
      "match_played": 94,
      "value": 17,
      "team_id": 2,
      "team": "DEL",
      "team_name": "DEL",
      "rank": "9",
      "position_id": 1,
      "position_name": "All Rounder",
      "team_full_name": "Dabang Delhi K.C."
    },
    {
      "player_id": 29,
      "player_name": "Anup Kumar",
      "match_played": 91,
      "value": 17,
      "team_id": 3,
      "team": "JAI",
      "team_name": "JAI",
      "rank": "9",
      "position_id": 8,
      "position_name": "Raider",
      "team_full_name": "Jaipur Pink Panthers"
    },
    {
      "player_id": 111,
      "player_name": "Sukesh Hegde",
      "match_played": 94,
      "value": 15,
      "team_id": 4,
      "team": "KOL",
      "team_name": "KOL",
      "rank": "11",
      "position_id": 8,
      "position_name": "Raider",
      "team_full_name": "Bengal Warriors"
    },
    {
      "player_id": 326,
      "player_name": "Rohit Kumar",
      "match_played": 89,
      "value": 15,
      "team_id": 1,
      "team": "BEN",
      "team_name": "BEN",
      "rank": "11",
      "position_id": 8,
      "position_name": "Raider",
      "team_full_name": "Bengaluru Bulls"
    },
    {
      "player_id": 12,
      "player_name": "Jang Kun Lee",
      "match_played": 101,
      "value": 14,
      "team_id": 6,
      "team": "PAT",
      "team_name": "PAT",
      "rank": "13",
      "position_id": 8,
      "position_name": "Raider",
      "team_full_name": "Patna Pirates"
    },
    {
      "player_id": 86,
      "player_name": "Rajesh Narwal",
      "match_played": 92,
      "value": 12,
      "team_id": 2,
      "team": "DEL",
      "team_name": "DEL",
      "rank": "14",
      "position_id": 1,
      "position_name": "All Rounder",
      "team_full_name": "Dabang Delhi K.C."
    },
    {
      "player_id": 2026,
      "player_name": "Siddharth Sirish Desai",
      "match_played": 37,
      "value": 12,
      "team_id": 8,
      "team": "HYD",
      "team_name": "HYD",
      "rank": "14",
      "position_id": 8,
      "position_name": "Raider",
      "team_full_name": "Telugu Titans"
    },
    {
      "player_id": 366,
      "player_name": "Vikash Kandola",
      "match_played": 48,
      "value": 11,
      "team_id": 28,
      "team": "HS",
      "team_name": "HS",
      "rank": "16",
      "position_id": 8,
      "position_name": "Raider",
      "team_full_name": "Haryana Steelers"
    },
    {
      "player_id": 142,
      "player_name": "Sandeep Narwal",
      "match_played": 117,
      "value": 11,
      "team_id": 5,
      "team": "MUM",
      "team_name": "MUM",
      "rank": "16",
      "position_id": 1,
      "position_name": "All Rounder",
      "team_full_name": "U Mumba"
    },
    {
      "player_id": 320,
      "player_name": "Nitin Tomar",
      "match_played": 64,
      "value": 10,
      "team_id": 7,
      "team": "PUN",
      "team_name": "PUN",
      "rank": "18",
      "position_id": 8,
      "position_name": "Raider",
      "team_full_name": "Puneri Paltan"
    },
    {
      "player_id": 163,
      "player_name": "Mahendra Ganesh Rajput",
      "match_played": 62,
      "value": 9,
      "team_id": 31,
      "team": "GFG",
      "team_name": "GFG",
      "rank": "19",
      "position_id": 8,
      "position_name": "Raider",
      "team_full_name": "Gujarat Fortunegiants"
    },
    {
      "player_id": 36,
      "player_name": "Chandran Ranjit",
      "match_played": 57,
      "value": 9,
      "team_id": 2,
      "team": "DEL",
      "team_name": "DEL",
      "rank": "19",
      "position_id": 8,
      "position_name": "Raider",
      "team_full_name": "Dabang Delhi K.C."
    },
    {
      "player_id": 106,
      "player_name": "Shrikant Jadhav",
      "match_played": 71,
      "value": 8,
      "team_id": 30,
      "team": "UPY",
      "team_name": "UPY",
      "rank": "21",
      "position_id": 8,
      "position_name": "Raider",
      "team_full_name": "U.P. Yoddha"
    },
    {
      "player_id": 174,
      "player_name": "Deepak Kumar Dahiya",
      "match_played": 53,
      "value": 8,
      "team_id": 7,
      "team": "PUN",
      "team_name": "PUN",
      "rank": "21",
      "position_id": 8,
      "position_name": "Raider",
      "team_full_name": "Puneri Paltan"
    },
    {
      "player_id": 155,
      "player_name": "Prashanth Kumar Rai",
      "match_played": 91,
      "value": 8,
      "team_id": 28,
      "team": "HS",
      "team_name": "HS",
      "rank": "21",
      "position_id": 8,
      "position_name": "Raider",
      "team_full_name": "Haryana Steelers"
    },
    {
      "player_id": 293,
      "player_name": "Nilesh Salunke",
      "match_played": 76,
      "value": 8,
      "team_id": 3,
      "team": "JAI",
      "team_name": "JAI",
      "rank": "21",
      "position_id": 8,
      "position_name": "Raider",
      "team_full_name": "Jaipur Pink Panthers"
    },
    {
      "player_id": 264,
      "player_name": "Selvamani K",
      "match_played": 55,
      "value": 7,
      "team_id": 28,
      "team": "HS",
      "team_name": "HS",
      "rank": "25",
      "position_id": 8,
      "position_name": "Raider",
      "team_full_name": "Haryana Steelers"
    },
    {
      "player_id": 124,
      "player_name": "Wazir Singh",
      "match_played": 47,
      "value": 7,
      "team_id": 28,
      "team": "HS",
      "team_name": "HS",
      "rank": "25",
      "position_id": 8,
      "position_name": "Raider",
      "team_full_name": "Haryana Steelers"
    },
    {
      "player_id": 85,
      "player_name": "Rajesh Mondal",
      "match_played": 89,
      "value": 7,
      "team_id": 7,
      "team": "PUN",
      "team_name": "PUN",
      "rank": "25",
      "position_id": 8,
      "position_name": "Raider",
      "team_full_name": "Puneri Paltan"
    },
    {
      "player_id": 52,
      "player_name": "Jasvir Singh",
      "match_played": 77,
      "value": 7,
      "team_id": 29,
      "team": "TT",
      "team_name": "TT",
      "rank": "25",
      "position_id": 8,
      "position_name": "Raider",
      "team_full_name": "Tamil Thalaivas"
    },
    {
      "player_id": 388,
      "player_name": "Monu Goyat",
      "match_played": 68,
      "value": 7,
      "team_id": 30,
      "team": "UPY",
      "team_name": "UPY",
      "rank": "25",
      "position_id": 8,
      "position_name": "Raider",
      "team_full_name": "U.P. Yoddha"
    },
    {
      "player_id": 261,
      "player_name": "Rohit Baliyan",
      "match_played": 65,
      "value": 6,
      "team_id": 5,
      "team": "MUM",
      "team_name": "MUM",
      "rank": "30",
      "position_id": 8,
      "position_name": "Raider",
      "team_full_name": "U Mumba"
    },
    {
      "player_id": 791,
      "player_name": "Nitin Rawal",
      "match_played": 43,
      "value": 6,
      "team_id": 3,
      "team": "JAI",
      "team_name": "JAI",
      "rank": "30",
      "position_id": 1,
      "position_name": "All Rounder",
      "team_full_name": "Jaipur Pink Panthers"
    },
    {
      "player_id": 92,
      "player_name": "Ravi Dalal",
      "match_played": 38,
      "value": 6,
      "team_id": 2,
      "team": "DEL",
      "team_name": "DEL",
      "rank": "30",
      "position_id": 8,
      "position_name": "Raider",
      "team_full_name": "Dabang Delhi K.C."
    },
    {
      "player_id": 217,
      "player_name": "Rohit Kumar Choudary",
      "match_played": 38,
      "value": 6,
      "team_id": 30,
      "team": "UPY",
      "team_name": "UPY",
      "rank": "30",
      "position_id": 8,
      "position_name": "Raider",
      "team_full_name": "U.P. Yoddha"
    },
    {
      "player_id": 219,
      "player_name": "K. Prapanjan",
      "match_played": 80,
      "value": 6,
      "team_id": 4,
      "team": "KOL",
      "team_name": "KOL",
      "rank": "30",
      "position_id": 8,
      "position_name": "Raider",
      "team_full_name": "Bengal Warriors"
    },
    {
      "player_id": 242,
      "player_name": "Tushar Patil",
      "match_played": 53,
      "value": 5,
      "team_id": 6,
      "team": "PAT",
      "team_name": "PAT",
      "rank": "35",
      "position_id": 8,
      "position_name": "Raider",
      "team_full_name": "Patna Pirates"
    },
    {
      "player_id": 105,
      "player_name": "Shabeer Bappu",
      "match_played": 74,
      "value": 5,
      "team_id": 29,
      "team": "TT",
      "team_name": "TT",
      "rank": "35",
      "position_id": 8,
      "position_name": "Raider",
      "team_full_name": "Tamil Thalaivas"
    },
    {
      "player_id": 79,
      "player_name": "Pravin Niwale",
      "match_played": 17,
      "value": 5,
      "team_id": 2,
      "team": "DEL",
      "team_name": "DEL",
      "rank": "35",
      "position_id": 8,
      "position_name": "Raider",
      "team_full_name": "Dabang Delhi K.C."
    },
    {
      "player_id": 69,
      "player_name": "Manjeet Chhillar",
      "match_played": 108,
      "value": 5,
      "team_id": 29,
      "team": "TT",
      "team_name": "TT",
      "rank": "35",
      "position_id": 1,
      "position_name": "All Rounder",
      "team_full_name": "Tamil Thalaivas"
    },
    {
      "player_id": 763,
      "player_name": "Manjeet",
      "match_played": 40,
      "value": 5,
      "team_id": 7,
      "team": "PUN",
      "team_name": "PUN",
      "rank": "35",
      "position_id": 8,
      "position_name": "Raider",
      "team_full_name": "Puneri Paltan"
    },
    {
      "player_id": 2296,
      "player_name": "Naveen Kumar",
      "match_played": 38,
      "value": 5,
      "team_id": 2,
      "team": "DEL",
      "team_name": "DEL",
      "rank": "35",
      "position_id": 8,
      "position_name": "Raider",
      "team_full_name": "Dabang Delhi K.C."
    },
    {
      "player_id": 2357,
      "player_name": "Naveen",
      "match_played": 34,
      "value": 5,
      "team_id": 28,
      "team": "HS",
      "team_name": "HS",
      "rank": "35",
      "position_id": 8,
      "position_name": "Raider",
      "team_full_name": "Haryana Steelers"
    },
    {
      "player_id": 2488,
      "player_name": "Vinay",
      "match_played": 16,
      "value": 5,
      "team_id": 28,
      "team": "HS",
      "team_name": "HS",
      "rank": "35",
      "position_id": 8,
      "position_name": "Raider",
      "team_full_name": "Haryana Steelers"
    },
    {
      "player_id": 757,
      "player_name": "Sachin Tanwar",
      "match_played": 62,
      "value": 4,
      "team_id": 31,
      "team": "GFG",
      "team_name": "GFG",
      "rank": "43",
      "position_id": 8,
      "position_name": "Raider",
      "team_full_name": "Gujarat Fortunegiants"
    },
    {
      "player_id": 389,
      "player_name": "Ajay Kumar",
      "match_played": 50,
      "value": 4,
      "team_id": 31,
      "team": "GFG",
      "team_name": "GFG",
      "rank": "43",
      "position_id": 8,
      "position_name": "Raider",
      "team_full_name": "Gujarat Fortunegiants"
    },
    {
      "player_id": 2661,
      "player_name": "Pankaj Mohite",
      "match_played": 15,
      "value": 4,
      "team_id": 7,
      "team": "PUN",
      "team_name": "PUN",
      "rank": "43",
      "position_id": 8,
      "position_name": "Raider",
      "team_full_name": "Puneri Paltan"
    },
    {
      "player_id": 75,
      "player_name": "Nitin Madane",
      "match_played": 37,
      "value": 4,
      "team_id": 5,
      "team": "MUM",
      "team_name": "MUM",
      "rank": "43",
      "position_id": 8,
      "position_name": "Raider",
      "team_full_name": "U Mumba"
    },
    {
      "player_id": 66,
      "player_name": "Mahesh Goud",
      "match_played": 65,
      "value": 4,
      "team_id": 4,
      "team": "KOL",
      "team_name": "KOL",
      "rank": "43",
      "position_id": 8,
      "position_name": "Raider",
      "team_full_name": "Bengal Warriors"
    },
    {
      "player_id": 34,
      "player_name": "Bhupender Singh",
      "match_played": 47,
      "value": 4,
      "team_id": 4,
      "team": "KOL",
      "team_name": "KOL",
      "rank": "43",
      "position_id": 1,
      "position_name": "All Rounder",
      "team_full_name": "Bengal Warriors"
    },
    {
      "player_id": 141,
      "player_name": "Sunil Jaipal",
      "match_played": 38,
      "value": 4,
      "team_id": 1,
      "team": "BEN",
      "team_name": "BEN",
      "rank": "43",
      "position_id": 8,
      "position_name": "Raider",
      "team_full_name": "Bengaluru Bulls"
    },
    {
      "player_id": 118,
      "player_name": "Surjeet Narwal",
      "match_played": 31,
      "value": 4,
      "team_id": 4,
      "team": "KOL",
      "team_name": "KOL",
      "rank": "43",
      "position_id": 8,
      "position_name": "Raider",
      "team_full_name": "Bengal Warriors"
    },
    {
      "player_id": 156,
      "player_name": "Pawan Kumar Kadian",
      "match_played": 74,
      "value": 4,
      "team_id": 7,
      "team": "PUN",
      "team_name": "PUN",
      "rank": "43",
      "position_id": 8,
      "position_name": "Raider",
      "team_full_name": "Puneri Paltan"
    },
    {
      "player_id": 160,
      "player_name": "Ran Singh",
      "match_played": 116,
      "value": 4,
      "team_id": 29,
      "team": "TT",
      "team_name": "TT",
      "rank": "43",
      "position_id": 1,
      "position_name": "All Rounder",
      "team_full_name": "Tamil Thalaivas"
    },
    {
      "player_id": 204,
      "player_name": "Rakesh Narwal",
      "match_played": 25,
      "value": 4,
      "team_id": 4,
      "team": "KOL",
      "team_name": "KOL",
      "rank": "43",
      "position_id": 8,
      "position_name": "Raider",
      "team_full_name": "Bengal Warriors"
    },
    {
      "player_id": 211,
      "player_name": "Deepak Narwal",
      "match_played": 78,
      "value": 4,
      "team_id": 3,
      "team": "JAI",
      "team_name": "JAI",
      "rank": "43",
      "position_id": 8,
      "position_name": "Raider",
      "team_full_name": "Jaipur Pink Panthers"
    },
    {
      "player_id": 234,
      "player_name": "Surender Singh",
      "match_played": 48,
      "value": 4,
      "team_id": 30,
      "team": "UPY",
      "team_name": "UPY",
      "rank": "43",
      "position_id": 8,
      "position_name": "Raider",
      "team_full_name": "U.P. Yoddha"
    },
    {
      "player_id": 300,
      "player_name": "Abolfazl Maghsodloumahali",
      "match_played": 47,
      "value": 4,
      "team_id": 31,
      "team": "GFG",
      "team_name": "GFG",
      "rank": "43",
      "position_id": 8,
      "position_name": "Raider",
      "team_full_name": "Gujarat Fortunegiants"
    },
    {
      "player_id": 190,
      "player_name": "Sonu Narwal",
      "match_played": 33,
      "value": 3,
      "team_id": 7,
      "team": "PUN",
      "team_name": "PUN",
      "rank": "57",
      "position_id": 8,
      "position_name": "Raider",
      "team_full_name": "Puneri Paltan"
    },
    {
      "player_id": 119,
      "player_name": "CPO Surjeet Singh",
      "match_played": 48,
      "value": 3,
      "team_id": 29,
      "team": "TT",
      "team_name": "TT",
      "rank": "57",
      "position_id": 8,
      "position_name": "Raider",
      "team_full_name": "Tamil Thalaivas"
    },
    {
      "player_id": 67,
      "player_name": "Mahipal Narwal",
      "match_played": 34,
      "value": 3,
      "team_id": 31,
      "team": "GFG",
      "team_name": "GFG",
      "rank": "57",
      "position_id": 1,
      "position_name": "All Rounder",
      "team_full_name": "Gujarat Fortunegiants"
    },
    {
      "player_id": 2485,
      "player_name": "Sonu Jaglan",
      "match_played": 12,
      "value": 3,
      "team_id": 31,
      "team": "GFG",
      "team_name": "GFG",
      "rank": "57",
      "position_id": 8,
      "position_name": "Raider",
      "team_full_name": "Gujarat Fortunegiants"
    },
    {
      "player_id": 484,
      "player_name": "Mohammad Esmaeil Nabibakhsh",
      "match_played": 17,
      "value": 3,
      "team_id": 4,
      "team": "KOL",
      "team_name": "KOL",
      "rank": "57",
      "position_id": 1,
      "position_name": "All Rounder",
      "team_full_name": "Bengal Warriors"
    },
    {
      "player_id": 576,
      "player_name": "Anand Patil",
      "match_played": 26,
      "value": 3,
      "team_id": 3,
      "team": "JAI",
      "team_name": "JAI",
      "rank": "57",
      "position_id": 8,
      "position_name": "Raider",
      "team_full_name": "Jaipur Pink Panthers"
    },
    {
      "player_id": 2028,
      "player_name": "Abhishek Singh",
      "match_played": 29,
      "value": 3,
      "team_id": 5,
      "team": "MUM",
      "team_name": "MUM",
      "rank": "57",
      "position_id": 8,
      "position_name": "Raider",
      "team_full_name": "U Mumba"
    },
    {
      "player_id": 764,
      "player_name": "Vinod Kumar",
      "match_played": 44,
      "value": 2,
      "team_id": 31,
      "team": "GFG",
      "team_name": "GFG",
      "rank": "64",
      "position_id": 1,
      "position_name": "All Rounder",
      "team_full_name": "Gujarat Fortunegiants"
    },
    {
      "player_id": 795,
      "player_name": "Monu",
      "match_played": 50,
      "value": 2,
      "team_id": 6,
      "team": "PAT",
      "team_name": "PAT",
      "rank": "64",
      "position_id": 8,
      "position_name": "Raider",
      "team_full_name": "Patna Pirates"
    },
    {
      "player_id": 2024,
      "player_name": "Arjun Deshwal",
      "match_played": 18,
      "value": 2,
      "team_id": 5,
      "team": "MUM",
      "team_name": "MUM",
      "rank": "64",
      "position_id": 8,
      "position_name": "Raider",
      "team_full_name": "U Mumba"
    },
    {
      "player_id": 2298,
      "player_name": "Armaan",
      "match_played": 10,
      "value": 2,
      "team_id": 8,
      "team": "HYD",
      "team_name": "HYD",
      "rank": "64",
      "position_id": 1,
      "position_name": "All Rounder",
      "team_full_name": "Telugu Titans"
    },
    {
      "player_id": 567,
      "player_name": "Mohsen Maghsoudloujafari",
      "match_played": 45,
      "value": 2,
      "team_id": 30,
      "team": "UPY",
      "team_name": "UPY",
      "rank": "64",
      "position_id": 1,
      "position_name": "All Rounder",
      "team_full_name": "U.P. Yoddha"
    },
    {
      "player_id": 745,
      "player_name": "Vijay",
      "match_played": 55,
      "value": 2,
      "team_id": 2,
      "team": "DEL",
      "team_name": "DEL",
      "rank": "64",
      "position_id": 1,
      "position_name": "All Rounder",
      "team_full_name": "Dabang Delhi K.C."
    },
    {
      "player_id": 686,
      "player_name": "Rohit Gulia",
      "match_played": 55,
      "value": 2,
      "team_id": 31,
      "team": "GFG",
      "team_name": "GFG",
      "rank": "64",
      "position_id": 1,
      "position_name": "All Rounder",
      "team_full_name": "Gujarat Fortunegiants"
    },
    {
      "player_id": 370,
      "player_name": "Ravindra Ramesh Kumawat",
      "match_played": 17,
      "value": 2,
      "team_id": 4,
      "team": "KOL",
      "team_name": "KOL",
      "rank": "64",
      "position_id": 8,
      "position_name": "Raider",
      "team_full_name": "Bengal Warriors"
    },
    {
      "player_id": 2498,
      "player_name": "Sushil Gulia",
      "match_played": 7,
      "value": 2,
      "team_id": 3,
      "team": "JAI",
      "team_name": "JAI",
      "rank": "64",
      "position_id": 8,
      "position_name": "Raider",
      "team_full_name": "Jaipur Pink Panthers"
    },
    {
      "player_id": 70,
      "player_name": "Manoj Kumar",
      "match_played": 52,
      "value": 2,
      "team_id": 31,
      "team": "GFG",
      "team_name": "GFG",
      "rank": "64",
      "position_id": 4,
      "position_name": "Defender, left cover",
      "team_full_name": "Gujarat Fortunegiants"
    },
    {
      "player_id": 56,
      "player_name": "Kalimuthu Balamahendran",
      "match_played": 23,
      "value": 2,
      "team_id": 8,
      "team": "HYD",
      "team_name": "HYD",
      "rank": "64",
      "position_id": 3,
      "position_name": "Defender, left corner",
      "team_full_name": "Telugu Titans"
    },
    {
      "player_id": 46,
      "player_name": "Gurvinder Singh",
      "match_played": 45,
      "value": 2,
      "team_id": 31,
      "team": "GFG",
      "team_name": "GFG",
      "rank": "64",
      "position_id": 8,
      "position_name": "Raider",
      "team_full_name": "Gujarat Fortunegiants"
    },
    {
      "player_id": 121,
      "player_name": "Vikas Jaglan",
      "match_played": 44,
      "value": 2,
      "team_id": 6,
      "team": "PAT",
      "team_name": "PAT",
      "rank": "64",
      "position_id": 1,
      "position_name": "All Rounder",
      "team_full_name": "Patna Pirates"
    },
    {
      "player_id": 107,
      "player_name": "Shrikant Tewthia",
      "match_played": 71,
      "value": 2,
      "team_id": 4,
      "team": "KOL",
      "team_name": "KOL",
      "rank": "64",
      "position_id": 1,
      "position_name": "All Rounder",
      "team_full_name": "Bengal Warriors"
    },
    {
      "player_id": 324,
      "player_name": "Darshan Kadian",
      "match_played": 37,
      "value": 2,
      "team_id": 7,
      "team": "PUN",
      "team_name": "PUN",
      "rank": "64",
      "position_id": 8,
      "position_name": "Raider",
      "team_full_name": "Puneri Paltan"
    },
    {
      "player_id": 252,
      "player_name": "Kuldeep Singh",
      "match_played": 66,
      "value": 2,
      "team_id": 6,
      "team": "PAT",
      "team_name": "PAT",
      "rank": "64",
      "position_id": 1,
      "position_name": "All Rounder",
      "team_full_name": "Patna Pirates"
    },
    {
      "player_id": 171,
      "player_name": "Pradeep Kumar",
      "match_played": 10,
      "value": 2,
      "team_id": 5,
      "team": "MUM",
      "team_name": "MUM",
      "rank": "64",
      "position_id": 8,
      "position_name": "Raider",
      "team_full_name": "U Mumba"
    },
    {
      "player_id": 243,
      "player_name": "Sanjay Kumar",
      "match_played": 8,
      "value": 2,
      "team_id": 6,
      "team": "PAT",
      "team_name": "PAT",
      "rank": "64",
      "position_id": 1,
      "position_name": "All Rounder",
      "team_full_name": "Patna Pirates"
    },
    {
      "player_id": 231,
      "player_name": "Amit Om Prakash Rathi",
      "match_played": 16,
      "value": 1,
      "team_id": 31,
      "team": "GFG",
      "team_name": "GFG",
      "rank": "82",
      "position_id": 8,
      "position_name": "Raider",
      "team_full_name": "Gujarat Fortunegiants"
    },
    {
      "player_id": 232,
      "player_name": "Sachin Vittala",
      "match_played": 26,
      "value": 1,
      "team_id": 31,
      "team": "GFG",
      "team_name": "GFG",
      "rank": "82",
      "position_id": 3,
      "position_name": "Defender, left corner",
      "team_full_name": "Gujarat Fortunegiants"
    },
    {
      "player_id": 275,
      "player_name": "Deepak Kumar Rathee",
      "match_played": 20,
      "value": 1,
      "team_id": 28,
      "team": "HS",
      "team_name": "HS",
      "rank": "82",
      "position_id": 1,
      "position_name": "All Rounder",
      "team_full_name": "Haryana Steelers"
    },
    {
      "player_id": 277,
      "player_name": "Anil Shriram Nimbolkar",
      "match_played": 6,
      "value": 1,
      "team_id": 2,
      "team": "DEL",
      "team_name": "DEL",
      "rank": "82",
      "position_id": 8,
      "position_name": "Raider",
      "team_full_name": "Dabang Delhi K.C."
    },
    {
      "player_id": 313,
      "player_name": "Virender Wazir Singh",
      "match_played": 7,
      "value": 1,
      "team_id": 4,
      "team": "KOL",
      "team_name": "KOL",
      "rank": "82",
      "position_id": 8,
      "position_name": "Raider",
      "team_full_name": "Bengal Warriors"
    },
    {
      "player_id": 195,
      "player_name": "Ashish Chhokar",
      "match_played": 12,
      "value": 1,
      "team_id": 4,
      "team": "KOL",
      "team_name": "KOL",
      "rank": "82",
      "position_id": 8,
      "position_name": "Raider",
      "team_full_name": "Bengal Warriors"
    },
    {
      "player_id": 180,
      "player_name": "Kedar Lal",
      "match_played": 10,
      "value": 1,
      "team_id": 4,
      "team": "KOL",
      "team_name": "KOL",
      "rank": "82",
      "position_id": 8,
      "position_name": "Raider",
      "team_full_name": "Bengal Warriors"
    },
    {
      "player_id": 167,
      "player_name": "Preetam Chhillar",
      "match_played": 58,
      "value": 1,
      "team_id": 1,
      "team": "BEN",
      "team_name": "BEN",
      "rank": "82",
      "position_id": 1,
      "position_name": "All Rounder",
      "team_full_name": "Bengaluru Bulls"
    },
    {
      "player_id": 161,
      "player_name": "Girish Maruti Ernak",
      "match_played": 102,
      "value": 1,
      "team_id": 7,
      "team": "PUN",
      "team_name": "PUN",
      "rank": "82",
      "position_id": 3,
      "position_name": "Defender, left corner",
      "team_full_name": "Puneri Paltan"
    },
    {
      "player_id": 150,
      "player_name": "Parmod Narwal",
      "match_played": 35,
      "value": 1,
      "team_id": 28,
      "team": "HS",
      "team_name": "HS",
      "rank": "82",
      "position_id": 1,
      "position_name": "All Rounder",
      "team_full_name": "Haryana Steelers"
    },
    {
      "player_id": 108,
      "player_name": "Shyam Kumar Sah",
      "match_played": 27,
      "value": 1,
      "team_id": 4,
      "team": "KOL",
      "team_name": "KOL",
      "rank": "82",
      "position_id": 4,
      "position_name": "Defender, left cover",
      "team_full_name": "Bengal Warriors"
    },
    {
      "player_id": 115,
      "player_name": "Suraj Desai",
      "match_played": 12,
      "value": 1,
      "team_id": 8,
      "team": "HYD",
      "team_name": "HYD",
      "rank": "82",
      "position_id": 8,
      "position_name": "Raider",
      "team_full_name": "Telugu Titans"
    },
    {
      "player_id": 101,
      "player_name": "Santhosh B.S",
      "match_played": 9,
      "value": 1,
      "team_id": 30,
      "team": "UPY",
      "team_name": "UPY",
      "rank": "82",
      "position_id": 3,
      "position_name": "Defender, left corner",
      "team_full_name": "U.P. Yoddha"
    },
    {
      "player_id": 88,
      "player_name": "Rakesh Kumar",
      "match_played": 55,
      "value": 1,
      "team_id": 8,
      "team": "HYD",
      "team_name": "HYD",
      "rank": "82",
      "position_id": 1,
      "position_name": "All Rounder",
      "team_full_name": "Telugu Titans"
    },
    {
      "player_id": 16,
      "player_name": "Waleed Al Hasani",
      "match_played": 6,
      "value": 1,
      "team_id": 7,
      "team": "PUN",
      "team_name": "PUN",
      "rank": "82",
      "position_id": 8,
      "position_name": "Raider",
      "team_full_name": "Puneri Paltan"
    },
    {
      "player_id": 21,
      "player_name": "Sinotharan Kanesharajah",
      "match_played": 3,
      "value": 1,
      "team_id": 1,
      "team": "BEN",
      "team_name": "BEN",
      "rank": "82",
      "position_id": 8,
      "position_name": "Raider",
      "team_full_name": "Bengaluru Bulls"
    },
    {
      "player_id": 68,
      "player_name": "Mandeep Kumar",
      "match_played": 7,
      "value": 1,
      "team_id": 6,
      "team": "PAT",
      "team_name": "PAT",
      "rank": "82",
      "position_id": 8,
      "position_name": "Raider",
      "team_full_name": "Patna Pirates"
    },
    {
      "player_id": 2507,
      "player_name": "Amit Kumar",
      "match_played": 3,
      "value": 1,
      "team_id": 6,
      "team": "PAT",
      "team_name": "PAT",
      "rank": "82",
      "position_id": 1,
      "position_name": "All Rounder",
      "team_full_name": "Patna Pirates"
    },
    {
      "player_id": 2508,
      "player_name": "V. Ajith Kumar",
      "match_played": 15,
      "value": 1,
      "team_id": 29,
      "team": "TT",
      "team_name": "TT",
      "rank": "82",
      "position_id": 8,
      "position_name": "Raider",
      "team_full_name": "Tamil Thalaivas"
    },
    {
      "player_id": 365,
      "player_name": "Akshay Jadhav",
      "match_played": 29,
      "value": 1,
      "team_id": 7,
      "team": "PUN",
      "team_name": "PUN",
      "rank": "82",
      "position_id": 8,
      "position_name": "Raider",
      "team_full_name": "Puneri Paltan"
    },
    {
      "player_id": 522,
      "player_name": "Dong Geon Lee",
      "match_played": 32,
      "value": 1,
      "team_id": 5,
      "team": "MUM",
      "team_name": "MUM",
      "rank": "82",
      "position_id": 8,
      "position_name": "Raider",
      "team_full_name": "U Mumba"
    },
    {
      "player_id": 733,
      "player_name": "Surinder Singh",
      "match_played": 60,
      "value": 1,
      "team_id": 5,
      "team": "MUM",
      "team_name": "MUM",
      "rank": "82",
      "position_id": 9,
      "position_name": "Defender",
      "team_full_name": "U Mumba"
    },
    {
      "player_id": 648,
      "player_name": "Ajit Singh",
      "match_played": 17,
      "value": 1,
      "team_id": 3,
      "team": "JAI",
      "team_name": "JAI",
      "rank": "82",
      "position_id": 8,
      "position_name": "Raider",
      "team_full_name": "Jaipur Pink Panthers"
    },
    {
      "player_id": 667,
      "player_name": "Elangeshwaran R",
      "match_played": 5,
      "value": 1,
      "team_id": 8,
      "team": "HYD",
      "team_name": "HYD",
      "rank": "82",
      "position_id": 1,
      "position_name": "All Rounder",
      "team_full_name": "Telugu Titans"
    },
    {
      "player_id": 2314,
      "player_name": "Dharmender",
      "match_played": 4,
      "value": 1,
      "team_id": 31,
      "team": "GFG",
      "team_name": "GFG",
      "rank": "82",
      "position_id": 8,
      "position_name": "Raider",
      "team_full_name": "Gujarat Fortunegiants"
    },
    {
      "player_id": 2316,
      "player_name": "Azad Singh",
      "match_played": 13,
      "value": 1,
      "team_id": 30,
      "team": "UPY",
      "team_name": "UPY",
      "rank": "82",
      "position_id": 8,
      "position_name": "Raider",
      "team_full_name": "U.P. Yoddha"
    },
    {
      "player_id": 2325,
      "player_name": "Anand",
      "match_played": 8,
      "value": 1,
      "team_id": 29,
      "team": "TT",
      "team_name": "TT",
      "rank": "82",
      "position_id": 8,
      "position_name": "Raider",
      "team_full_name": "Tamil Thalaivas"
    },
    {
      "player_id": 2494,
      "player_name": "Sachin Narwal",
      "match_played": 11,
      "value": 1,
      "team_id": 3,
      "team": "JAI",
      "team_name": "JAI",
      "rank": "82",
      "position_id": 1,
      "position_name": "All Rounder",
      "team_full_name": "Jaipur Pink Panthers"
    },
    {
      "player_id": 2475,
      "player_name": "Ajinkya Ashok Pawar",
      "match_played": 31,
      "value": 1,
      "team_id": 3,
      "team": "JAI",
      "team_name": "JAI",
      "rank": "82",
      "position_id": 8,
      "position_name": "Raider",
      "team_full_name": "Jaipur Pink Panthers"
    },
    {
      "player_id": 2476,
      "player_name": "Amit Kumar",
      "match_played": 17,
      "value": 1,
      "team_id": 3,
      "team": "JAI",
      "team_name": "JAI",
      "rank": "82",
      "position_id": 8,
      "position_name": "Raider",
      "team_full_name": "Jaipur Pink Panthers"
    },
    {
      "player_id": 772,
      "player_name": "More GB",
      "match_played": 43,
      "value": 1,
      "team_id": 31,
      "team": "GFG",
      "team_name": "GFG",
      "rank": "82",
      "position_id": 8,
      "position_name": "Raider",
      "team_full_name": "Gujarat Fortunegiants"
    },
    {
      "player_id": 2290,
      "player_name": "Rajnish",
      "match_played": 12,
      "value": 1,
      "team_id": 8,
      "team": "HYD",
      "team_name": "HYD",
      "rank": "82",
      "position_id": 8,
      "position_name": "Raider",
      "team_full_name": "Telugu Titans"
    },
    {
      "player_id": 2291,
      "player_name": "Amit Kumar",
      "match_played": 18,
      "value": 1,
      "team_id": 7,
      "team": "PUN",
      "team_name": "PUN",
      "rank": "82",
      "position_id": 8,
      "position_name": "Raider",
      "team_full_name": "Puneri Paltan"
    }
  ],
  "language_lookup": {
    "stat": "Stat",
    "stat_id": "Stat Id",
    "minimum_criteria": "Minimum Criteria",
    "team_id": "Team Id",
    "team_name": "Team Name",
    "player_id": "Player Id",
    "player_name": "Player Name",
    "value": "Value",
    "match_played": "Match Played",
    "team": "Team",
    "tackles": "Tackles"
  }
}