{
  "stat": "Player Super Tackles",
  "stat_id": "28",
  "minimum_criteria": "More than 0 Super Tackles",
  "data": [
    {
      "player_id": 358,
      "player_name": "Vishal Bhardwaj",
      "team": " Hyd",
      "match_played": 17,
      "match played": 17,
      "tackles": 95,
      "value": 9,
      "team_id": 8,
      "team_name": " Hyd",
      "rank": "1",
      "position_id": 9,
      "position_name": "Defender",
      "team_full_name": "Telugu Titans"
    },
    {
      "player_id": 489,
      "player_name": "Abozar Mohajermighani",
      "team": " Hyd",
      "match_played": 21,
      "match played": 21,
      "tackles": 98,
      "value": 8,
      "team_id": 8,
      "team_name": " Hyd",
      "rank": "2",
      "position_id": 9,
      "position_name": "Defender",
      "team_full_name": "Telugu Titans"
    },
    {
      "player_id": 725,
      "player_name": "Nitesh Kumar",
      "team": " UPY",
      "match_played": 25,
      "match played": 25,
      "tackles": 154,
      "value": 8,
      "team_id": 30,
      "team_name": " UPY",
      "rank": "2",
      "position_id": 9,
      "position_name": "Defender",
      "team_full_name": "U.P. Yoddha"
    },
    {
      "player_id": 142,
      "player_name": "Sandeep Narwal",
      "team": " Pun",
      "match_played": 18,
      "match played": 18,
      "tackles": 81,
      "value": 7,
      "team_id": 7,
      "team_name": " Pun",
      "rank": "4",
      "position_id": 1,
      "position_name": "All Rounder",
      "team_full_name": "Puneri Paltan"
    },
    {
      "player_id": 240,
      "player_name": "Ravi Kumar",
      "team": " Pun",
      "match_played": 22,
      "match played": 22,
      "tackles": 96,
      "value": 7,
      "team_id": 7,
      "team_name": " Pun",
      "rank": "4",
      "position_id": 7,
      "position_name": "Defender, right cover",
      "team_full_name": "Puneri Paltan"
    },
    {
      "player_id": 290,
      "player_name": "Sandeep Kumar Dhull",
      "team": " Jai",
      "match_played": 22,
      "match played": 22,
      "tackles": 128,
      "value": 5,
      "team_id": 3,
      "team_name": " Jai",
      "rank": "6",
      "position_id": 3,
      "position_name": "Defender, left corner",
      "team_full_name": "Jaipur Pink Panthers"
    },
    {
      "player_id": 69,
      "player_name": "Manjeet Chhillar",
      "team": " TT",
      "match_played": 19,
      "match played": 19,
      "tackles": 121,
      "value": 5,
      "team_id": 29,
      "team_name": " TT",
      "rank": "6",
      "position_id": 1,
      "position_name": "All Rounder",
      "team_full_name": "Tamil Thalaivas"
    },
    {
      "player_id": 778,
      "player_name": "Narender",
      "team": " UPY",
      "match_played": 25,
      "match played": 25,
      "tackles": 119,
      "value": 5,
      "team_id": 30,
      "team_name": " UPY",
      "rank": "6",
      "position_id": 1,
      "position_name": "All Rounder",
      "team_full_name": "U.P. Yoddha"
    },
    {
      "player_id": 2463,
      "player_name": "Parveen",
      "team": " HS",
      "match_played": 19,
      "match played": 19,
      "tackles": 60,
      "value": 5,
      "team_id": 28,
      "team_name": " HS",
      "rank": "6",
      "position_id": 4,
      "position_name": "Defender, left cover",
      "team_full_name": "Haryana Steelers"
    },
    {
      "player_id": 773,
      "player_name": "Satpal",
      "team": " Del",
      "match_played": 12,
      "match played": 12,
      "tackles": 26,
      "value": 4,
      "team_id": 2,
      "team_name": " Del",
      "rank": "10",
      "position_id": 6,
      "position_name": "Defender, right corner",
      "team_full_name": "Dabang Delhi K.C."
    },
    {
      "player_id": 764,
      "player_name": "Vinod Kumar",
      "team": " Mum",
      "match_played": 17,
      "match played": 17,
      "tackles": 43,
      "value": 4,
      "team_id": 5,
      "team_name": " Mum",
      "rank": "10",
      "position_id": 1,
      "position_name": "All Rounder",
      "team_full_name": "U Mumba"
    },
    {
      "player_id": 482,
      "player_name": "Farhad Rahimi Milaghardan",
      "team": " Hyd",
      "match_played": 22,
      "match played": 22,
      "tackles": 69,
      "value": 4,
      "team_id": 8,
      "team_name": " Hyd",
      "rank": "10",
      "position_id": 1,
      "position_name": "All Rounder",
      "team_full_name": "Telugu Titans"
    },
    {
      "player_id": 732,
      "player_name": "Kuldeep Singh",
      "team": " HS",
      "match_played": 22,
      "match played": 22,
      "tackles": 105,
      "value": 4,
      "team_id": 28,
      "team_name": " HS",
      "rank": "10",
      "position_id": 9,
      "position_name": "Defender",
      "team_full_name": "Haryana Steelers"
    },
    {
      "player_id": 519,
      "player_name": "Young Chang Ko",
      "team": " Jai",
      "match_played": 13,
      "match played": 13,
      "tackles": 34,
      "value": 4,
      "team_id": 3,
      "team_name": " Jai",
      "rank": "10",
      "position_id": 4,
      "position_name": "Defender, left cover",
      "team_full_name": "Jaipur Pink Panthers"
    },
    {
      "player_id": 368,
      "player_name": "Sunil Kumar",
      "team": " GFG",
      "match_played": 25,
      "match played": 25,
      "tackles": 140,
      "value": 4,
      "team_id": 31,
      "team_name": " GFG",
      "rank": "10",
      "position_id": 9,
      "position_name": "Defender",
      "team_full_name": "Gujarat Fortunegiants"
    },
    {
      "player_id": 311,
      "player_name": "Anil Kumar",
      "team": " Hyd",
      "match_played": 18,
      "match played": 18,
      "tackles": 60,
      "value": 4,
      "team_id": 8,
      "team_name": " Hyd",
      "rank": "10",
      "position_id": 4,
      "position_name": "Defender, left cover",
      "team_full_name": "Telugu Titans"
    },
    {
      "player_id": 357,
      "player_name": "Parvesh Bhainswal",
      "team": " GFG",
      "match_played": 25,
      "match played": 25,
      "tackles": 138,
      "value": 4,
      "team_id": 31,
      "team_name": " GFG",
      "rank": "10",
      "position_id": 4,
      "position_name": "Defender, left cover",
      "team_full_name": "Gujarat Fortunegiants"
    },
    {
      "player_id": 54,
      "player_name": "Jeeva Kumar",
      "team": " UPY",
      "match_played": 19,
      "match played": 19,
      "tackles": 90,
      "value": 4,
      "team_id": 30,
      "team_name": " UPY",
      "rank": "10",
      "position_id": 5,
      "position_name": "Defender, right and left cover",
      "team_full_name": "U.P. Yoddha"
    },
    {
      "player_id": 194,
      "player_name": "Joginder Singh Narwal",
      "team": " Del",
      "match_played": 22,
      "match played": 22,
      "tackles": 111,
      "value": 4,
      "team_id": 2,
      "team_name": " Del",
      "rank": "10",
      "position_id": 3,
      "position_name": "Defender, left corner",
      "team_full_name": "Dabang Delhi K.C."
    },
    {
      "player_id": 161,
      "player_name": "Girish Maruti Ernak",
      "team": " Pun",
      "match_played": 20,
      "match played": 20,
      "tackles": 113,
      "value": 4,
      "team_id": 7,
      "team_name": " Pun",
      "rank": "10",
      "position_id": 3,
      "position_name": "Defender, left corner",
      "team_full_name": "Puneri Paltan"
    },
    {
      "player_id": 212,
      "player_name": "Amit Hooda",
      "team": " TT",
      "match_played": 18,
      "match played": 18,
      "tackles": 85,
      "value": 4,
      "team_id": 29,
      "team_name": " TT",
      "rank": "10",
      "position_id": 6,
      "position_name": "Defender, right corner",
      "team_full_name": "Tamil Thalaivas"
    },
    {
      "player_id": 218,
      "player_name": "Sachin Kumar",
      "team": " UPY",
      "match_played": 25,
      "match played": 25,
      "tackles": 101,
      "value": 4,
      "team_id": 30,
      "team_name": " UPY",
      "rank": "10",
      "position_id": 1,
      "position_name": "All Rounder",
      "team_full_name": "U.P. Yoddha"
    },
    {
      "player_id": 179,
      "player_name": "Vikas Kale",
      "team": " Pat",
      "match_played": 22,
      "match played": 22,
      "tackles": 118,
      "value": 3,
      "team_id": 6,
      "team_name": " Pat",
      "rank": "23",
      "position_id": 7,
      "position_name": "Defender, right cover",
      "team_full_name": "Patna Pirates"
    },
    {
      "player_id": 202,
      "player_name": "Ashish Kumar",
      "team": " Ben",
      "match_played": 24,
      "match played": 24,
      "tackles": 87,
      "value": 3,
      "team_id": 1,
      "team_name": " Ben",
      "rank": "23",
      "position_id": 1,
      "position_name": "All Rounder",
      "team_full_name": "Bengaluru Bulls"
    },
    {
      "player_id": 299,
      "player_name": "Sandeep",
      "team": " Ben",
      "match_played": 10,
      "match played": 10,
      "tackles": 34,
      "value": 3,
      "team_id": 1,
      "team_name": " Ben",
      "rank": "23",
      "position_id": 3,
      "position_name": "Defender, left corner",
      "team_full_name": "Bengaluru Bulls"
    },
    {
      "player_id": 259,
      "player_name": "Fazel Atrachali",
      "team": " Mum",
      "match_played": 23,
      "match played": 23,
      "tackles": 130,
      "value": 3,
      "team_id": 5,
      "team_name": " Mum",
      "rank": "23",
      "position_id": 3,
      "position_name": "Defender, left corner",
      "team_full_name": "U Mumba"
    },
    {
      "player_id": 42,
      "player_name": "Dharmaraj Cheralathan",
      "team": " Mum",
      "match_played": 22,
      "match played": 22,
      "tackles": 69,
      "value": 3,
      "team_id": 5,
      "team_name": " Mum",
      "rank": "23",
      "position_id": 10,
      "position_name": "Defender, right and left corner",
      "team_full_name": "U Mumba"
    },
    {
      "player_id": 71,
      "player_name": "Mohit Chhillar",
      "team": " Jai",
      "match_played": 14,
      "match played": 14,
      "tackles": 69,
      "value": 3,
      "team_id": 3,
      "team_name": " Jai",
      "rank": "23",
      "position_id": 6,
      "position_name": "Defender, right corner",
      "team_full_name": "Jaipur Pink Panthers"
    },
    {
      "player_id": 157,
      "player_name": "Ravinder Pahal",
      "team": " Del",
      "match_played": 22,
      "match played": 22,
      "tackles": 125,
      "value": 3,
      "team_id": 2,
      "team_name": " Del",
      "rank": "23",
      "position_id": 6,
      "position_name": "Defender, right corner",
      "team_full_name": "Dabang Delhi K.C."
    },
    {
      "player_id": 613,
      "player_name": "Sunil Siddhgavali",
      "team": " Jai",
      "match_played": 16,
      "match played": 16,
      "tackles": 81,
      "value": 3,
      "team_id": 3,
      "team_name": " Jai",
      "rank": "23",
      "position_id": 9,
      "position_name": "Defender",
      "team_full_name": "Jaipur Pink Panthers"
    },
    {
      "player_id": 621,
      "player_name": "Baldev Singh",
      "team": " Kol",
      "match_played": 18,
      "match played": 18,
      "tackles": 70,
      "value": 3,
      "team_id": 4,
      "team_name": " Kol",
      "rank": "23",
      "position_id": 6,
      "position_name": "Defender, right corner",
      "team_full_name": "Bengal Warriors"
    },
    {
      "player_id": 733,
      "player_name": "Surender Singh",
      "team": " Mum",
      "match_played": 22,
      "match played": 22,
      "tackles": 127,
      "value": 3,
      "team_id": 5,
      "team_name": " Mum",
      "rank": "23",
      "position_id": 9,
      "position_name": "Defender",
      "team_full_name": "U Mumba"
    },
    {
      "player_id": 390,
      "player_name": "Jawahar Dagar",
      "team": " Pat",
      "match_played": 15,
      "match played": 15,
      "tackles": 59,
      "value": 3,
      "team_id": 6,
      "team_name": " Pat",
      "rank": "23",
      "position_id": 9,
      "position_name": "Defender",
      "team_full_name": "Patna Pirates"
    },
    {
      "player_id": 2479,
      "player_name": "Shubham Shinde",
      "team": " Pun",
      "match_played": 10,
      "match played": 10,
      "tackles": 38,
      "value": 3,
      "team_id": 7,
      "team_name": " Pun",
      "rank": "23",
      "position_id": 6,
      "position_name": "Defender, right corner",
      "team_full_name": "Puneri Paltan"
    },
    {
      "player_id": 2470,
      "player_name": "Adarsh T",
      "team": " Kol",
      "match_played": 10,
      "match played": 10,
      "tackles": 23,
      "value": 3,
      "team_id": 4,
      "team_name": " Kol",
      "rank": "23",
      "position_id": 3,
      "position_name": "Defender, left corner",
      "team_full_name": "Bengal Warriors"
    },
    {
      "player_id": 2023,
      "player_name": "Ruturaj Shivaji Koravi",
      "team": " GFG",
      "match_played": 23,
      "match played": 23,
      "tackles": 121,
      "value": 3,
      "team_id": 31,
      "team_name": " GFG",
      "rank": "23",
      "position_id": 9,
      "position_name": "Defender",
      "team_full_name": "Gujarat Fortunegiants"
    },
    {
      "player_id": 794,
      "player_name": "Amit Sheoran",
      "team": " Ben",
      "match_played": 15,
      "match played": 15,
      "tackles": 71,
      "value": 2,
      "team_id": 1,
      "team_name": " Ben",
      "rank": "37",
      "position_id": 9,
      "position_name": "Defender",
      "team_full_name": "Bengaluru Bulls"
    },
    {
      "player_id": 795,
      "player_name": "Monu",
      "team": " Pun",
      "match_played": 14,
      "match played": 14,
      "tackles": 23,
      "value": 2,
      "team_id": 7,
      "team_name": " Pun",
      "rank": "37",
      "position_id": 8,
      "position_name": "Raider",
      "team_full_name": "Puneri Paltan"
    },
    {
      "player_id": 772,
      "player_name": "More GB",
      "team": " Pun",
      "match_played": 22,
      "match played": 22,
      "tackles": 21,
      "value": 2,
      "team_id": 7,
      "team_name": " Pun",
      "rank": "37",
      "position_id": 8,
      "position_name": "Raider",
      "team_full_name": "Puneri Paltan"
    },
    {
      "player_id": 2357,
      "player_name": "Naveen",
      "team": " HS",
      "match_played": 21,
      "match played": 21,
      "tackles": 43,
      "value": 2,
      "team_id": 28,
      "team_name": " HS",
      "rank": "37",
      "position_id": 8,
      "position_name": "Raider",
      "team_full_name": "Haryana Steelers"
    },
    {
      "player_id": 728,
      "player_name": "Manish",
      "team": " Pat",
      "match_played": 17,
      "match played": 17,
      "tackles": 26,
      "value": 2,
      "team_id": 6,
      "team_name": " Pat",
      "rank": "37",
      "position_id": 7,
      "position_name": "Defender, right cover",
      "team_full_name": "Patna Pirates"
    },
    {
      "player_id": 735,
      "player_name": "Vishal",
      "team": " Del",
      "match_played": 6,
      "match played": 6,
      "tackles": 26,
      "value": 2,
      "team_id": 2,
      "team_name": " Del",
      "rank": "37",
      "position_id": 1,
      "position_name": "All Rounder",
      "team_full_name": "Dabang Delhi K.C."
    },
    {
      "player_id": 757,
      "player_name": "Sachin Tanwar",
      "team": " GFG",
      "match_played": 23,
      "match played": 23,
      "tackles": 22,
      "value": 2,
      "team_id": 31,
      "team_name": " GFG",
      "rank": "37",
      "position_id": 8,
      "position_name": "Raider",
      "team_full_name": "Gujarat Fortunegiants"
    },
    {
      "player_id": 676,
      "player_name": "Santhapanaselvam",
      "team": " Jai",
      "match_played": 14,
      "match played": 14,
      "tackles": 46,
      "value": 2,
      "team_id": 3,
      "team_name": " Jai",
      "rank": "37",
      "position_id": 1,
      "position_name": "All Rounder",
      "team_full_name": "Jaipur Pink Panthers"
    },
    {
      "player_id": 567,
      "player_name": "Mohsen Maghsoudloujafari",
      "team": " Hyd",
      "match_played": 19,
      "match played": 19,
      "tackles": 52,
      "value": 2,
      "team_id": 8,
      "team_name": " Hyd",
      "rank": "37",
      "position_id": 1,
      "position_name": "All Rounder",
      "team_full_name": "Telugu Titans"
    },
    {
      "player_id": 579,
      "player_name": "Jaideep",
      "team": " Pat",
      "match_played": 22,
      "match played": 22,
      "tackles": 134,
      "value": 2,
      "team_id": 6,
      "team_name": " Pat",
      "rank": "37",
      "position_id": 3,
      "position_name": "Defender, left corner",
      "team_full_name": "Patna Pirates"
    },
    {
      "player_id": 123,
      "player_name": "Vishal Mane",
      "team": " Del",
      "match_played": 22,
      "match played": 22,
      "tackles": 95,
      "value": 2,
      "team_id": 2,
      "team_name": " Del",
      "rank": "37",
      "position_id": 7,
      "position_name": "Defender, right cover",
      "team_full_name": "Dabang Delhi K.C."
    },
    {
      "player_id": 322,
      "player_name": "PO Surjeet Singh",
      "team": " Kol",
      "match_played": 23,
      "match played": 23,
      "tackles": 129,
      "value": 2,
      "team_id": 4,
      "team_name": " Kol",
      "rank": "37",
      "position_id": 7,
      "position_name": "Defender, right cover",
      "team_full_name": "Bengal Warriors"
    },
    {
      "player_id": 152,
      "player_name": "D. Gopu",
      "team": " TT",
      "match_played": 5,
      "match played": 5,
      "tackles": 14,
      "value": 2,
      "team_id": 29,
      "team_name": " TT",
      "rank": "37",
      "position_id": 10,
      "position_name": "Defender, right and left corner",
      "team_full_name": "Tamil Thalaivas"
    },
    {
      "player_id": 58,
      "player_name": "Kashiling Adake",
      "team": " Ben",
      "match_played": 20,
      "match played": 20,
      "tackles": 46,
      "value": 2,
      "team_id": 1,
      "team_name": " Ben",
      "rank": "37",
      "position_id": 8,
      "position_name": "Raider",
      "team_full_name": "Bengaluru Bulls"
    },
    {
      "player_id": 252,
      "player_name": "Kuldeep Singh",
      "team": " Pat",
      "match_played": 7,
      "match played": 7,
      "tackles": 27,
      "value": 2,
      "team_id": 6,
      "team_name": " Pat",
      "rank": "37",
      "position_id": 1,
      "position_name": "All Rounder",
      "team_full_name": "Patna Pirates"
    },
    {
      "player_id": 185,
      "player_name": "Vijin Thangadurai",
      "team": " Kol",
      "match_played": 16,
      "match played": 16,
      "tackles": 25,
      "value": 2,
      "team_id": 4,
      "team_name": " Kol",
      "rank": "37",
      "position_id": 7,
      "position_name": "Defender, right cover",
      "team_full_name": "Bengal Warriors"
    },
    {
      "player_id": 165,
      "player_name": "Sachin Shingade",
      "team": " HS",
      "match_played": 19,
      "match played": 19,
      "tackles": 71,
      "value": 2,
      "team_id": 28,
      "team_name": " HS",
      "rank": "37",
      "position_id": 4,
      "position_name": "Defender, left cover",
      "team_full_name": "Haryana Steelers"
    },
    {
      "player_id": 174,
      "player_name": "Deepak Kumar Dahiya",
      "team": " Pun",
      "match_played": 11,
      "match played": 11,
      "tackles": 7,
      "value": 1,
      "team_id": 7,
      "team_name": " Pun",
      "rank": "54",
      "position_id": 8,
      "position_name": "Raider",
      "team_full_name": "Puneri Paltan"
    },
    {
      "player_id": 232,
      "player_name": "Sachin Vittala",
      "team": " GFG",
      "match_played": 22,
      "match played": 22,
      "tackles": 61,
      "value": 1,
      "team_id": 31,
      "team_name": " GFG",
      "rank": "54",
      "position_id": 3,
      "position_name": "Defender, left corner",
      "team_full_name": "Gujarat Fortunegiants"
    },
    {
      "player_id": 233,
      "player_name": "Manoj Dhull",
      "team": " Kol",
      "match_played": 8,
      "match played": 8,
      "tackles": 18,
      "value": 1,
      "team_id": 4,
      "team_name": " Kol",
      "rank": "54",
      "position_id": 6,
      "position_name": "Defender, right corner",
      "team_full_name": "Bengal Warriors"
    },
    {
      "player_id": 207,
      "player_name": "Sunil",
      "team": " TT",
      "match_played": 11,
      "match played": 11,
      "tackles": 33,
      "value": 1,
      "team_id": 29,
      "team_name": " TT",
      "rank": "54",
      "position_id": 3,
      "position_name": "Defender, left corner",
      "team_full_name": "Tamil Thalaivas"
    },
    {
      "player_id": 261,
      "player_name": "Rohit Baliyan",
      "team": " Mum",
      "match_played": 19,
      "match played": 19,
      "tackles": 32,
      "value": 1,
      "team_id": 5,
      "team_name": " Mum",
      "rank": "54",
      "position_id": 8,
      "position_name": "Raider",
      "team_full_name": "U Mumba"
    },
    {
      "player_id": 44,
      "player_name": "Gangadhari Mallesh",
      "team": " Jai",
      "match_played": 6,
      "match played": 6,
      "tackles": 7,
      "value": 1,
      "team_id": 3,
      "team_name": " Jai",
      "rank": "54",
      "position_id": 8,
      "position_name": "Raider",
      "team_full_name": "Jaipur Pink Panthers"
    },
    {
      "player_id": 12,
      "player_name": "Jang Kun Lee",
      "team": " Kol",
      "match_played": 18,
      "match played": 18,
      "tackles": 11,
      "value": 1,
      "team_id": 4,
      "team_name": " Kol",
      "rank": "54",
      "position_id": 8,
      "position_name": "Raider",
      "team_full_name": "Bengal Warriors"
    },
    {
      "player_id": 34,
      "player_name": "Bhupender Singh",
      "team": " Kol",
      "match_played": 4,
      "match played": 4,
      "tackles": 5,
      "value": 1,
      "team_id": 4,
      "team_name": " Kol",
      "rank": "54",
      "position_id": 1,
      "position_name": "All Rounder",
      "team_full_name": "Bengal Warriors"
    },
    {
      "player_id": 36,
      "player_name": "Chandran Ranjit",
      "team": " Del",
      "match_played": 24,
      "match played": 24,
      "tackles": 15,
      "value": 1,
      "team_id": 2,
      "team_name": " Del",
      "rank": "54",
      "position_id": 8,
      "position_name": "Raider",
      "team_full_name": "Dabang Delhi K.C."
    },
    {
      "player_id": 41,
      "player_name": "Deepak Niwas Hooda",
      "team": " Jai",
      "match_played": 22,
      "match played": 22,
      "tackles": 38,
      "value": 1,
      "team_id": 3,
      "team_name": " Jai",
      "rank": "54",
      "position_id": 1,
      "position_name": "All Rounder",
      "team_full_name": "Jaipur Pink Panthers"
    },
    {
      "player_id": 155,
      "player_name": "Prashanth Kumar Rai",
      "team": " UPY",
      "match_played": 21,
      "match played": 21,
      "tackles": 9,
      "value": 1,
      "team_id": 30,
      "team_name": " UPY",
      "rank": "54",
      "position_id": 8,
      "position_name": "Raider",
      "team_full_name": "U.P. Yoddha"
    },
    {
      "player_id": 160,
      "player_name": "Ran Singh",
      "team": " Kol",
      "match_played": 22,
      "match played": 22,
      "tackles": 88,
      "value": 1,
      "team_id": 4,
      "team_name": " Kol",
      "rank": "54",
      "position_id": 1,
      "position_name": "All Rounder",
      "team_full_name": "Bengal Warriors"
    },
    {
      "player_id": 81,
      "player_name": "Rahul Chaudhari",
      "team": " Hyd",
      "match_played": 21,
      "match played": 21,
      "tackles": 19,
      "value": 1,
      "team_id": 8,
      "team_name": " Hyd",
      "rank": "54",
      "position_id": 8,
      "position_name": "Raider",
      "team_full_name": "Telugu Titans"
    },
    {
      "player_id": 96,
      "player_name": "Rohit Rana",
      "team": " Mum",
      "match_played": 19,
      "match played": 19,
      "tackles": 91,
      "value": 1,
      "team_id": 5,
      "team_name": " Mum",
      "rank": "54",
      "position_id": 4,
      "position_name": "Defender, left cover",
      "team_full_name": "U Mumba"
    },
    {
      "player_id": 106,
      "player_name": "Shrikant Jadhav",
      "team": " UPY",
      "match_played": 25,
      "match played": 25,
      "tackles": 11,
      "value": 1,
      "team_id": 30,
      "team_name": " UPY",
      "rank": "54",
      "position_id": 8,
      "position_name": "Raider",
      "team_full_name": "U.P. Yoddha"
    },
    {
      "player_id": 111,
      "player_name": "Sukesh Hegde",
      "team": " TT",
      "match_played": 17,
      "match played": 17,
      "tackles": 19,
      "value": 1,
      "team_id": 29,
      "team_name": " TT",
      "rank": "54",
      "position_id": 8,
      "position_name": "Raider",
      "team_full_name": "Tamil Thalaivas"
    },
    {
      "player_id": 347,
      "player_name": "Sagar B Krishna",
      "team": " UPY",
      "match_played": 20,
      "match played": 20,
      "tackles": 45,
      "value": 1,
      "team_id": 30,
      "team_name": " UPY",
      "rank": "54",
      "position_id": 1,
      "position_name": "All Rounder",
      "team_full_name": "U.P. Yoddha"
    },
    {
      "player_id": 384,
      "player_name": "Ravinder Kumar",
      "team": " Pat",
      "match_played": 8,
      "match played": 8,
      "tackles": 29,
      "value": 1,
      "team_id": 6,
      "team_name": " Pat",
      "rank": "54",
      "position_id": 1,
      "position_name": "All Rounder",
      "team_full_name": "Patna Pirates"
    },
    {
      "player_id": 386,
      "player_name": "Anil Kumar",
      "team": " Del",
      "match_played": 5,
      "match played": 5,
      "tackles": 18,
      "value": 1,
      "team_id": 2,
      "team_name": " Del",
      "rank": "54",
      "position_id": 3,
      "position_name": "Defender, left corner",
      "team_full_name": "Dabang Delhi K.C."
    },
    {
      "player_id": 365,
      "player_name": "Akshay Jadhav",
      "team": " Pun",
      "match_played": 18,
      "match played": 18,
      "tackles": 26,
      "value": 1,
      "team_id": 7,
      "team_name": " Pun",
      "rank": "54",
      "position_id": 8,
      "position_name": "Raider",
      "team_full_name": "Puneri Paltan"
    },
    {
      "player_id": 708,
      "player_name": "N. Shiva Ramakrishna",
      "team": " Jai",
      "match_played": 1,
      "match played": 1,
      "tackles": 1,
      "value": 1,
      "team_id": 3,
      "team_name": " Jai",
      "rank": "54",
      "position_id": 1,
      "position_name": "All Rounder",
      "team_full_name": "Jaipur Pink Panthers"
    },
    {
      "player_id": 722,
      "player_name": "D. Pradap",
      "team": " TT",
      "match_played": 13,
      "match played": 13,
      "tackles": 31,
      "value": 1,
      "team_id": 29,
      "team_name": " TT",
      "rank": "54",
      "position_id": 1,
      "position_name": "All Rounder",
      "team_full_name": "Tamil Thalaivas"
    },
    {
      "player_id": 763,
      "player_name": "Manjeet",
      "team": " Pat",
      "match_played": 22,
      "match played": 22,
      "tackles": 38,
      "value": 1,
      "team_id": 6,
      "team_name": " Pat",
      "rank": "54",
      "position_id": 8,
      "position_name": "Raider",
      "team_full_name": "Patna Pirates"
    },
    {
      "player_id": 769,
      "player_name": "Mahender Singh",
      "team": " Ben",
      "match_played": 24,
      "match played": 24,
      "tackles": 122,
      "value": 1,
      "team_id": 1,
      "team_name": " Ben",
      "rank": "54",
      "position_id": 4,
      "position_name": "Defender, left cover",
      "team_full_name": "Bengaluru Bulls"
    },
    {
      "player_id": 786,
      "player_name": "Parvesh",
      "team": " Pun",
      "match_played": 6,
      "match played": 6,
      "tackles": 10,
      "value": 1,
      "team_id": 7,
      "team_name": " Pun",
      "rank": "54",
      "position_id": 8,
      "position_name": "Raider",
      "team_full_name": "Puneri Paltan"
    },
    {
      "player_id": 791,
      "player_name": "Nitin Rawal",
      "team": " Jai",
      "match_played": 9,
      "match played": 9,
      "tackles": 11,
      "value": 1,
      "team_id": 3,
      "team_name": " Jai",
      "rank": "54",
      "position_id": 1,
      "position_name": "All Rounder",
      "team_full_name": "Jaipur Pink Panthers"
    },
    {
      "player_id": 793,
      "player_name": "Amit Kharb",
      "team": " GFG",
      "match_played": 6,
      "match played": 6,
      "tackles": 8,
      "value": 1,
      "team_id": 31,
      "team_name": " GFG",
      "rank": "54",
      "position_id": 7,
      "position_name": "Defender, right cover",
      "team_full_name": "Gujarat Fortunegiants"
    },
    {
      "player_id": 745,
      "player_name": "Vijay",
      "team": " Pat",
      "match_played": 21,
      "match played": 21,
      "tackles": 44,
      "value": 1,
      "team_id": 6,
      "team_name": " Pat",
      "rank": "54",
      "position_id": 1,
      "position_name": "All Rounder",
      "team_full_name": "Patna Pirates"
    },
    {
      "player_id": 731,
      "player_name": "Sandeep",
      "team": " Pun",
      "match_played": 5,
      "match played": 5,
      "tackles": 13,
      "value": 1,
      "team_id": 7,
      "team_name": " Pun",
      "rank": "54",
      "position_id": 1,
      "position_name": "All Rounder",
      "team_full_name": "Puneri Paltan"
    },
    {
      "player_id": 2481,
      "player_name": "Ponparthiban Subramanian",
      "team": " TT",
      "match_played": 12,
      "match played": 12,
      "tackles": 51,
      "value": 1,
      "team_id": 29,
      "team_name": " TT",
      "rank": "54",
      "position_id": 7,
      "position_name": "Defender, right cover",
      "team_full_name": "Tamil Thalaivas"
    },
    {
      "player_id": 2475,
      "player_name": "Ajinkya Ashok Pawar",
      "team": " Jai",
      "match_played": 17,
      "match played": 17,
      "tackles": 13,
      "value": 1,
      "team_id": 3,
      "team_name": " Jai",
      "rank": "54",
      "position_id": 8,
      "position_name": "Raider",
      "team_full_name": "Jaipur Pink Panthers"
    },
    {
      "player_id": 2476,
      "player_name": "Amit Kumar",
      "team": " Jai",
      "match_played": 17,
      "match played": 17,
      "tackles": 59,
      "value": 1,
      "team_id": 3,
      "team_name": " Jai",
      "rank": "54",
      "position_id": 8,
      "position_name": "Raider",
      "team_full_name": "Jaipur Pink Panthers"
    },
    {
      "player_id": 796,
      "player_name": "Rinku Narwal",
      "team": " Pun",
      "match_played": 15,
      "match played": 15,
      "tackles": 51,
      "value": 1,
      "team_id": 7,
      "team_name": " Pun",
      "rank": "54",
      "position_id": 9,
      "position_name": "Defender",
      "team_full_name": "Puneri Paltan"
    },
    {
      "player_id": 2020,
      "player_name": "Amit",
      "team": " UPY",
      "match_played": 14,
      "match played": 14,
      "tackles": 31,
      "value": 1,
      "team_id": 30,
      "team_name": " UPY",
      "rank": "54",
      "position_id": 4,
      "position_name": "Defender, left cover",
      "team_full_name": "U.P. Yoddha"
    },
    {
      "player_id": 2296,
      "player_name": "Naveen Kumar",
      "team": " Del",
      "match_played": 22,
      "match played": 22,
      "tackles": 12,
      "value": 1,
      "team_id": 2,
      "team_name": " Del",
      "rank": "54",
      "position_id": 8,
      "position_name": "Raider",
      "team_full_name": "Dabang Delhi K.C."
    },
    {
      "player_id": 2298,
      "player_name": "Armaan",
      "team": " Hyd",
      "match_played": 4,
      "match played": 4,
      "tackles": 1,
      "value": 1,
      "team_id": 8,
      "team_name": " Hyd",
      "rank": "54",
      "position_id": 1,
      "position_name": "All Rounder",
      "team_full_name": "Telugu Titans"
    },
    {
      "player_id": 2306,
      "player_name": "Lalit Chaudhary",
      "team": " GFG",
      "match_played": 3,
      "match played": 3,
      "tackles": 4,
      "value": 1,
      "team_id": 31,
      "team_name": " GFG",
      "rank": "54",
      "position_id": 8,
      "position_name": "Raider",
      "team_full_name": "Gujarat Fortunegiants"
    },
    {
      "player_id": 2307,
      "player_name": "Kamal Singh",
      "team": " Hyd",
      "match_played": 8,
      "match played": 8,
      "tackles": 6,
      "value": 1,
      "team_id": 8,
      "team_name": " Hyd",
      "rank": "54",
      "position_id": 8,
      "position_name": "Raider",
      "team_full_name": "Telugu Titans"
    },
    {
      "player_id": 2336,
      "player_name": "Anuj Kumar",
      "team": " Hyd",
      "match_played": 7,
      "match played": 7,
      "tackles": 11,
      "value": 1,
      "team_id": 8,
      "team_name": " Hyd",
      "rank": "54",
      "position_id": 7,
      "position_name": "Defender, right cover",
      "team_full_name": "Telugu Titans"
    }
  ],
  "language_lookup": {
    "stat": "Stat",
    "stat_id": "Stat Id",
    "minimum_criteria": "Minimum Criteria",
    "team_id": "Team Id",
    "team_name": "Team Name",
    "player_id": "Player Id",
    "player_name": "Player Name",
    "value": "Value",
    "match_played": "Match Played",
    "team": "Team",
    "tackles": "Tackles"
  }
}