{
  "stat": "Player Super Tackles",
  "stat_id": "28",
  "minimum_criteria": "More than 0 Super Tackles",
  "data": [
    {
      "player_id": 290,
      "player_name": "Sandeep Kumar Dhull",
      "team": " Del",
      "match_played": 10,
      "match played": 10,
      "tackles": 61,
      "value": 6,
      "team_id": 2,
      "team_name": " Del",
      "rank": "1",
      "position_id": 3,
      "position_name": "Defender, left corner"
    },
    {
      "player_id": 191,
      "player_name": "C. Arun",
      "team": " Jai",
      "match_played": 11,
      "match played": 11,
      "tackles": 35,
      "value": 5,
      "team_id": 3,
      "team_name": " Jai",
      "rank": "2",
      "position_id": 4,
      "position_name": "Defender, left cover"
    },
    {
      "player_id": 51,
      "player_name": "Jasmer Singh Gulia",
      "team": " Pun",
      "match_played": 16,
      "match played": 16,
      "tackles": 76,
      "value": 5,
      "team_id": 7,
      "team_name": " Pun",
      "rank": "2",
      "position_id": 1,
      "position_name": "All Rounder"
    },
    {
      "player_id": 69,
      "player_name": "Manjeet Chhillar",
      "team": " Pun",
      "match_played": 15,
      "match played": 15,
      "tackles": 99,
      "value": 5,
      "team_id": 7,
      "team_name": " Pun",
      "rank": "2",
      "position_id": 1,
      "position_name": "All Rounder"
    },
    {
      "player_id": 70,
      "player_name": "Manoj Kumar",
      "team": " Hyd",
      "match_played": 11,
      "match played": 11,
      "tackles": 49,
      "value": 4,
      "team_id": 8,
      "team_name": " Hyd",
      "rank": "5",
      "position_id": 4,
      "position_name": "Defender, left cover"
    },
    {
      "player_id": 73,
      "player_name": "Nilesh Shinde",
      "team": " Kol",
      "match_played": 16,
      "match played": 16,
      "tackles": 63,
      "value": 4,
      "team_id": 4,
      "team_name": " Kol",
      "rank": "5",
      "position_id": 6,
      "position_name": "Defender, right corner"
    },
    {
      "player_id": 157,
      "player_name": "Ravinder Pahal",
      "team": " Del",
      "match_played": 11,
      "match played": 11,
      "tackles": 58,
      "value": 4,
      "team_id": 2,
      "team_name": " Del",
      "rank": "5",
      "position_id": 6,
      "position_name": "Defender, right corner"
    },
    {
      "player_id": 251,
      "player_name": "Meraj Sheykh",
      "team": " Hyd",
      "match_played": 14,
      "match played": 14,
      "tackles": 38,
      "value": 3,
      "team_id": 8,
      "team_name": " Hyd",
      "rank": "8",
      "position_id": 1,
      "position_name": "All Rounder"
    },
    {
      "player_id": 252,
      "player_name": "Kuldeep Singh",
      "team": " Jai",
      "match_played": 10,
      "match played": 10,
      "tackles": 26,
      "value": 3,
      "team_id": 3,
      "team_name": " Jai",
      "rank": "8",
      "position_id": 1,
      "position_name": "All Rounder"
    },
    {
      "player_id": 42,
      "player_name": "Dharmaraj Cheralathan",
      "team": " Hyd",
      "match_played": 14,
      "match played": 14,
      "tackles": 58,
      "value": 3,
      "team_id": 8,
      "team_name": " Hyd",
      "rank": "8",
      "position_id": 10,
      "position_name": "Defender, right and left corner"
    },
    {
      "player_id": 96,
      "player_name": "Rohit Rana",
      "team": " Jai",
      "match_played": 12,
      "match played": 12,
      "tackles": 42,
      "value": 3,
      "team_id": 3,
      "team_name": " Jai",
      "rank": "8",
      "position_id": 4,
      "position_name": "Defender, left cover"
    },
    {
      "player_id": 86,
      "player_name": "Rajesh Narwal",
      "team": " Jai",
      "match_played": 14,
      "match played": 14,
      "tackles": 39,
      "value": 3,
      "team_id": 3,
      "team_name": " Jai",
      "rank": "8",
      "position_id": 1,
      "position_name": "All Rounder"
    },
    {
      "player_id": 88,
      "player_name": "Rakesh Kumar",
      "team": " Mum",
      "match_played": 15,
      "match played": 15,
      "tackles": 33,
      "value": 2,
      "team_id": 5,
      "team_name": " Mum",
      "rank": "13",
      "position_id": 1,
      "position_name": "All Rounder"
    },
    {
      "player_id": 12,
      "player_name": "Jang Kun Lee",
      "team": " Kol",
      "match_played": 15,
      "match played": 15,
      "tackles": 20,
      "value": 2,
      "team_id": 4,
      "team_name": " Kol",
      "rank": "13",
      "position_id": 8,
      "position_name": "Raider"
    },
    {
      "player_id": 142,
      "player_name": "Sandeep Narwal",
      "team": " Pat",
      "match_played": 14,
      "match played": 14,
      "tackles": 95,
      "value": 2,
      "team_id": 6,
      "team_name": " Pat",
      "rank": "13",
      "position_id": 1,
      "position_name": "All Rounder"
    },
    {
      "player_id": 81,
      "player_name": "Rahul Chaudhari",
      "team": " Hyd",
      "match_played": 13,
      "match played": 13,
      "tackles": 29,
      "value": 2,
      "team_id": 8,
      "team_name": " Hyd",
      "rank": "13",
      "position_id": 8,
      "position_name": "Raider"
    },
    {
      "player_id": 71,
      "player_name": "Mohit Chhillar",
      "team": " Mum",
      "match_played": 13,
      "match played": 13,
      "tackles": 74,
      "value": 2,
      "team_id": 5,
      "team_name": " Mum",
      "rank": "13",
      "position_id": 6,
      "position_name": "Defender, right corner"
    },
    {
      "player_id": 231,
      "player_name": "Amit Om Prakash Rathi",
      "team": " Ben",
      "match_played": 8,
      "match played": 8,
      "tackles": 10,
      "value": 2,
      "team_id": 1,
      "team_name": " Ben",
      "rank": "13",
      "position_id": 8,
      "position_name": "Raider"
    },
    {
      "player_id": 277,
      "player_name": "Anil Shriram Nimbolkar",
      "team": " Del",
      "match_played": 6,
      "match played": 6,
      "tackles": 9,
      "value": 2,
      "team_id": 2,
      "team_name": " Del",
      "rank": "13",
      "position_id": 8,
      "position_name": "Raider"
    },
    {
      "player_id": 162,
      "player_name": "D. Suresh Kumar",
      "team": " Pat",
      "match_played": 12,
      "match played": 12,
      "tackles": 36,
      "value": 2,
      "team_id": 6,
      "team_name": " Pat",
      "rank": "13",
      "position_id": 7,
      "position_name": "Defender, right cover"
    },
    {
      "player_id": 163,
      "player_name": "Mahendra Ganesh Rajput",
      "team": " Kol",
      "match_played": 8,
      "match played": 8,
      "tackles": 10,
      "value": 2,
      "team_id": 4,
      "team_name": " Kol",
      "rank": "13",
      "position_id": 8,
      "position_name": "Raider"
    },
    {
      "player_id": 318,
      "player_name": "Pawan Kumar Sehrawat",
      "team": " Ben",
      "match_played": 13,
      "match played": 13,
      "tackles": 17,
      "value": 2,
      "team_id": 1,
      "team_name": " Ben",
      "rank": "13",
      "position_id": 8,
      "position_name": "Raider"
    },
    {
      "player_id": 288,
      "player_name": "Rahul Kumar",
      "team": " Hyd",
      "match_played": 11,
      "match played": 11,
      "tackles": 44,
      "value": 2,
      "team_id": 8,
      "team_name": " Hyd",
      "rank": "13",
      "position_id": 7,
      "position_name": "Defender, right cover"
    },
    {
      "player_id": 320,
      "player_name": "Nitin Tomar",
      "team": " Kol",
      "match_played": 10,
      "match played": 10,
      "tackles": 11,
      "value": 1,
      "team_id": 4,
      "team_name": " Kol",
      "rank": "24",
      "position_id": 8,
      "position_name": "Raider"
    },
    {
      "player_id": 322,
      "player_name": "PO Surjeet Singh",
      "team": " Pun",
      "match_played": 12,
      "match played": 12,
      "tackles": 75,
      "value": 1,
      "team_id": 7,
      "team_name": " Pun",
      "rank": "24",
      "position_id": 7,
      "position_name": "Defender, right cover"
    },
    {
      "player_id": 164,
      "player_name": "Bajirao Hodage",
      "team": " Kol",
      "match_played": 16,
      "match played": 16,
      "tackles": 81,
      "value": 1,
      "team_id": 4,
      "team_name": " Kol",
      "rank": "24",
      "position_id": 7,
      "position_name": "Defender, right cover"
    },
    {
      "player_id": 165,
      "player_name": "Sachin Shingade",
      "team": " Pun",
      "match_played": 2,
      "match played": 2,
      "tackles": 7,
      "value": 1,
      "team_id": 7,
      "team_name": " Pun",
      "rank": "24",
      "position_id": 4,
      "position_name": "Defender, left cover"
    },
    {
      "player_id": 184,
      "player_name": "Deepak Kumar",
      "team": " Kol",
      "match_played": 3,
      "match played": 3,
      "tackles": 13,
      "value": 1,
      "team_id": 4,
      "team_name": " Kol",
      "rank": "24",
      "position_id": 3,
      "position_name": "Defender, left corner"
    },
    {
      "player_id": 159,
      "player_name": "Samarjeet Singh",
      "team": " Jai",
      "match_played": 5,
      "match played": 5,
      "tackles": 14,
      "value": 1,
      "team_id": 3,
      "team_name": " Jai",
      "rank": "24",
      "position_id": 1,
      "position_name": "All Rounder"
    },
    {
      "player_id": 207,
      "player_name": "Sunil",
      "team": " Pat",
      "match_played": 15,
      "match played": 15,
      "tackles": 69,
      "value": 1,
      "team_id": 6,
      "team_name": " Pat",
      "rank": "24",
      "position_id": 3,
      "position_name": "Defender, left corner"
    },
    {
      "player_id": 211,
      "player_name": "Deepak Narwal",
      "team": " Pat",
      "match_played": 9,
      "match played": 9,
      "tackles": 5,
      "value": 1,
      "team_id": 6,
      "team_name": " Pat",
      "rank": "24",
      "position_id": 8,
      "position_name": "Raider"
    },
    {
      "player_id": 278,
      "player_name": "Gnanasekaran M",
      "team": " Del",
      "match_played": 8,
      "match played": 8,
      "tackles": 15,
      "value": 1,
      "team_id": 2,
      "team_name": " Del",
      "rank": "24",
      "position_id": 6,
      "position_name": "Defender, right corner"
    },
    {
      "player_id": 314,
      "player_name": "Somvir",
      "team": " Ben",
      "match_played": 14,
      "match played": 14,
      "tackles": 66,
      "value": 1,
      "team_id": 1,
      "team_name": " Ben",
      "rank": "24",
      "position_id": 4,
      "position_name": "Defender, left cover"
    },
    {
      "player_id": 240,
      "player_name": "Ravi Kumar",
      "team": " Pun",
      "match_played": 12,
      "match played": 12,
      "tackles": 24,
      "value": 1,
      "team_id": 7,
      "team_name": " Pun",
      "rank": "24",
      "position_id": 7,
      "position_name": "Defender, right cover"
    },
    {
      "player_id": 249,
      "player_name": "Hadi Oshtorak",
      "team": " Pat",
      "match_played": 10,
      "match played": 10,
      "tackles": 40,
      "value": 1,
      "team_id": 6,
      "team_name": " Pat",
      "rank": "24",
      "position_id": 1,
      "position_name": "All Rounder"
    },
    {
      "player_id": 272,
      "player_name": "Umesh Mhatre",
      "team": " Kol",
      "match_played": 6,
      "match played": 6,
      "tackles": 9,
      "value": 1,
      "team_id": 4,
      "team_name": " Kol",
      "rank": "24",
      "position_id": 8,
      "position_name": "Raider"
    },
    {
      "player_id": 44,
      "player_name": "Gangadhari Mallesh",
      "team": " Jai",
      "match_played": 10,
      "match played": 10,
      "tackles": 19,
      "value": 1,
      "team_id": 3,
      "team_name": " Jai",
      "rank": "24",
      "position_id": 8,
      "position_name": "Raider"
    },
    {
      "player_id": 54,
      "player_name": "Jeeva Kumar",
      "team": " Mum",
      "match_played": 16,
      "match played": 16,
      "tackles": 62,
      "value": 1,
      "team_id": 5,
      "team_name": " Mum",
      "rank": "24",
      "position_id": 5,
      "position_name": "Defender, right and left cover"
    },
    {
      "player_id": 94,
      "player_name": "Rishank Devadiga",
      "team": " Mum",
      "match_played": 16,
      "match played": 16,
      "tackles": 22,
      "value": 1,
      "team_id": 5,
      "team_name": " Mum",
      "rank": "24",
      "position_id": 8,
      "position_name": "Raider"
    },
    {
      "player_id": 107,
      "player_name": "Shrikant Tewthia",
      "team": " Ben",
      "match_played": 13,
      "match played": 13,
      "tackles": 39,
      "value": 1,
      "team_id": 1,
      "team_name": " Ben",
      "rank": "24",
      "position_id": 1,
      "position_name": "All Rounder"
    },
    {
      "player_id": 108,
      "player_name": "Shyam Kumar Sah",
      "team": " Kol",
      "match_played": 7,
      "match played": 7,
      "tackles": 12,
      "value": 1,
      "team_id": 4,
      "team_name": " Kol",
      "rank": "24",
      "position_id": 4,
      "position_name": "Defender, left cover"
    },
    {
      "player_id": 111,
      "player_name": "Sukesh Hegde",
      "team": " Hyd",
      "match_played": 13,
      "match played": 13,
      "tackles": 16,
      "value": 1,
      "team_id": 8,
      "team_name": " Hyd",
      "rank": "24",
      "position_id": 8,
      "position_name": "Raider"
    }
  ],
  "language_lookup": {
    "stat": "Stat",
    "stat_id": "Stat Id",
    "minimum_criteria": "Minimum Criteria",
    "team_id": "Team Id",
    "team_name": "Team Name",
    "player_id": "Player Id",
    "player_name": "Player Name",
    "value": "Value",
    "match_played": "Match Played",
    "team": "Team",
    "tackles": "Tackles"
  }
}