{
  "stat": "Player Successful Raids",
  "stat_id": "21",
  "minimum_criteria": "More than 0 Successful Raids",
  "data": [
    {
      "player_id": 197,
      "player_name": "Pardeep Narwal",
      "match_played": 102,
      "value": 807,
      "team_id": 6,
      "team": "PAT",
      "team_name": "PAT",
      "rank": "1",
      "position_id": 8,
      "position_name": "Raider",
      "team_full_name": "Patna Pirates"
    },
    {
      "player_id": 81,
      "player_name": "Rahul Chaudhari",
      "match_played": 118,
      "value": 771,
      "team_id": 29,
      "team": "TT",
      "team_name": "TT",
      "rank": "2",
      "position_id": 8,
      "position_name": "Raider",
      "team_full_name": "Tamil Thalaivas"
    },
    {
      "player_id": 41,
      "player_name": "Deepak Niwas Hooda",
      "match_played": 120,
      "value": 673,
      "team_id": 3,
      "team": "JAI",
      "team_name": "JAI",
      "rank": "3",
      "position_id": 1,
      "position_name": "All Rounder",
      "team_full_name": "Jaipur Pink Panthers"
    },
    {
      "player_id": 26,
      "player_name": "Ajay Thakur",
      "match_played": 115,
      "value": 640,
      "team_id": 29,
      "team": "TT",
      "team_name": "TT",
      "rank": "4",
      "position_id": 8,
      "position_name": "Raider",
      "team_full_name": "Tamil Thalaivas"
    },
    {
      "player_id": 143,
      "player_name": "Maninder Singh",
      "match_played": 76,
      "value": 547,
      "team_id": 4,
      "team": "KOL",
      "team_name": "KOL",
      "rank": "5",
      "position_id": 8,
      "position_name": "Raider",
      "team_full_name": "Bengal Warriors"
    },
    {
      "player_id": 326,
      "player_name": "Rohit Kumar",
      "match_played": 89,
      "value": 545,
      "team_id": 1,
      "team": "BEN",
      "team_name": "BEN",
      "rank": "6",
      "position_id": 8,
      "position_name": "Raider",
      "team_full_name": "Bengaluru Bulls"
    },
    {
      "player_id": 94,
      "player_name": "Rishank Devadiga",
      "match_played": 116,
      "value": 466,
      "team_id": 30,
      "team": "UPY",
      "team_name": "UPY",
      "rank": "7",
      "position_id": 8,
      "position_name": "Raider",
      "team_full_name": "U.P. Yoddha"
    },
    {
      "player_id": 318,
      "player_name": "Pawan Kumar Sehrawat",
      "match_played": 73,
      "value": 426,
      "team_id": 1,
      "team": "BEN",
      "team_name": "BEN",
      "rank": "8",
      "position_id": 8,
      "position_name": "Raider",
      "team_full_name": "Bengaluru Bulls"
    },
    {
      "player_id": 58,
      "player_name": "Kashiling Adake",
      "match_played": 92,
      "value": 424,
      "team_id": 1,
      "team": "BEN",
      "team_name": "BEN",
      "rank": "9",
      "position_id": 8,
      "position_name": "Raider",
      "team_full_name": "Bengaluru Bulls"
    },
    {
      "player_id": 29,
      "player_name": "Anup Kumar",
      "match_played": 91,
      "value": 421,
      "team_id": 3,
      "team": "JAI",
      "team_name": "JAI",
      "rank": "10",
      "position_id": 8,
      "position_name": "Raider",
      "team_full_name": "Jaipur Pink Panthers"
    },
    {
      "player_id": 388,
      "player_name": "Monu Goyat",
      "match_played": 68,
      "value": 377,
      "team_id": 30,
      "team": "UPY",
      "team_name": "UPY",
      "rank": "11",
      "position_id": 8,
      "position_name": "Raider",
      "team_full_name": "U.P. Yoddha"
    },
    {
      "player_id": 320,
      "player_name": "Nitin Tomar",
      "match_played": 64,
      "value": 361,
      "team_id": 7,
      "team": "PUN",
      "team_name": "PUN",
      "rank": "12",
      "position_id": 8,
      "position_name": "Raider",
      "team_full_name": "Puneri Paltan"
    },
    {
      "player_id": 12,
      "player_name": "Jang Kun Lee",
      "match_played": 101,
      "value": 358,
      "team_id": 6,
      "team": "PAT",
      "team_name": "PAT",
      "rank": "13",
      "position_id": 8,
      "position_name": "Raider",
      "team_full_name": "Patna Pirates"
    },
    {
      "player_id": 757,
      "player_name": "Sachin Tanwar",
      "match_played": 62,
      "value": 355,
      "team_id": 31,
      "team": "GFG",
      "team_name": "GFG",
      "rank": "14",
      "position_id": 8,
      "position_name": "Raider",
      "team_full_name": "Gujarat Fortunegiants"
    },
    {
      "player_id": 2296,
      "player_name": "Naveen Kumar",
      "match_played": 38,
      "value": 309,
      "team_id": 2,
      "team": "DEL",
      "team_name": "DEL",
      "rank": "15",
      "position_id": 8,
      "position_name": "Raider",
      "team_full_name": "Dabang Delhi K.C."
    },
    {
      "player_id": 52,
      "player_name": "Jasvir Singh",
      "match_played": 77,
      "value": 295,
      "team_id": 29,
      "team": "TT",
      "team_name": "TT",
      "rank": "16",
      "position_id": 8,
      "position_name": "Raider",
      "team_full_name": "Tamil Thalaivas"
    },
    {
      "player_id": 111,
      "player_name": "Sukesh Hegde",
      "match_played": 94,
      "value": 286,
      "team_id": 4,
      "team": "KOL",
      "team_name": "KOL",
      "rank": "17",
      "position_id": 8,
      "position_name": "Raider",
      "team_full_name": "Bengal Warriors"
    },
    {
      "player_id": 2026,
      "player_name": "Siddharth Sirish Desai",
      "match_played": 37,
      "value": 286,
      "team_id": 8,
      "team": "HYD",
      "team_name": "HYD",
      "rank": "17",
      "position_id": 8,
      "position_name": "Raider",
      "team_full_name": "Telugu Titans"
    },
    {
      "player_id": 219,
      "player_name": "K. Prapanjan",
      "match_played": 80,
      "value": 282,
      "team_id": 4,
      "team": "KOL",
      "team_name": "KOL",
      "rank": "19",
      "position_id": 8,
      "position_name": "Raider",
      "team_full_name": "Bengal Warriors"
    },
    {
      "player_id": 366,
      "player_name": "Vikash Kandola",
      "match_played": 48,
      "value": 281,
      "team_id": 28,
      "team": "HS",
      "team_name": "HS",
      "rank": "20",
      "position_id": 8,
      "position_name": "Raider",
      "team_full_name": "Haryana Steelers"
    },
    {
      "player_id": 155,
      "player_name": "Prashanth Kumar Rai",
      "match_played": 91,
      "value": 269,
      "team_id": 28,
      "team": "HS",
      "team_name": "HS",
      "rank": "21",
      "position_id": 8,
      "position_name": "Raider",
      "team_full_name": "Haryana Steelers"
    },
    {
      "player_id": 106,
      "player_name": "Shrikant Jadhav",
      "match_played": 71,
      "value": 269,
      "team_id": 30,
      "team": "UPY",
      "team_name": "UPY",
      "rank": "21",
      "position_id": 8,
      "position_name": "Raider",
      "team_full_name": "U.P. Yoddha"
    },
    {
      "player_id": 251,
      "player_name": "Meraj Sheykh",
      "match_played": 94,
      "value": 249,
      "team_id": 2,
      "team": "DEL",
      "team_name": "DEL",
      "rank": "23",
      "position_id": 1,
      "position_name": "All Rounder",
      "team_full_name": "Dabang Delhi K.C."
    },
    {
      "player_id": 36,
      "player_name": "Chandran Ranjit",
      "match_played": 57,
      "value": 233,
      "team_id": 2,
      "team": "DEL",
      "team_name": "DEL",
      "rank": "24",
      "position_id": 8,
      "position_name": "Raider",
      "team_full_name": "Dabang Delhi K.C."
    },
    {
      "player_id": 211,
      "player_name": "Deepak Narwal",
      "match_played": 78,
      "value": 232,
      "team_id": 3,
      "team": "JAI",
      "team_name": "JAI",
      "rank": "25",
      "position_id": 8,
      "position_name": "Raider",
      "team_full_name": "Jaipur Pink Panthers"
    },
    {
      "player_id": 86,
      "player_name": "Rajesh Narwal",
      "match_played": 92,
      "value": 224,
      "team_id": 2,
      "team": "DEL",
      "team_name": "DEL",
      "rank": "26",
      "position_id": 1,
      "position_name": "All Rounder",
      "team_full_name": "Dabang Delhi K.C."
    },
    {
      "player_id": 124,
      "player_name": "Wazir Singh",
      "match_played": 47,
      "value": 221,
      "team_id": 28,
      "team": "HS",
      "team_name": "HS",
      "rank": "27",
      "position_id": 8,
      "position_name": "Raider",
      "team_full_name": "Haryana Steelers"
    },
    {
      "player_id": 261,
      "player_name": "Rohit Baliyan",
      "match_played": 65,
      "value": 218,
      "team_id": 5,
      "team": "MUM",
      "team_name": "MUM",
      "rank": "28",
      "position_id": 8,
      "position_name": "Raider",
      "team_full_name": "U Mumba"
    },
    {
      "player_id": 85,
      "player_name": "Rajesh Mondal",
      "match_played": 89,
      "value": 212,
      "team_id": 7,
      "team": "PUN",
      "team_name": "PUN",
      "rank": "29",
      "position_id": 8,
      "position_name": "Raider",
      "team_full_name": "Puneri Paltan"
    },
    {
      "player_id": 293,
      "player_name": "Nilesh Salunke",
      "match_played": 76,
      "value": 207,
      "team_id": 3,
      "team": "JAI",
      "team_name": "JAI",
      "rank": "30",
      "position_id": 8,
      "position_name": "Raider",
      "team_full_name": "Jaipur Pink Panthers"
    },
    {
      "player_id": 156,
      "player_name": "Pawan Kumar Kadian",
      "match_played": 74,
      "value": 206,
      "team_id": 7,
      "team": "PUN",
      "team_name": "PUN",
      "rank": "31",
      "position_id": 8,
      "position_name": "Raider",
      "team_full_name": "Puneri Paltan"
    },
    {
      "player_id": 142,
      "player_name": "Sandeep Narwal",
      "match_played": 117,
      "value": 186,
      "team_id": 5,
      "team": "MUM",
      "team_name": "MUM",
      "rank": "32",
      "position_id": 1,
      "position_name": "All Rounder",
      "team_full_name": "U Mumba"
    },
    {
      "player_id": 69,
      "player_name": "Manjeet Chhillar",
      "match_played": 108,
      "value": 179,
      "team_id": 29,
      "team": "TT",
      "team_name": "TT",
      "rank": "33",
      "position_id": 1,
      "position_name": "All Rounder",
      "team_full_name": "Tamil Thalaivas"
    },
    {
      "player_id": 105,
      "player_name": "Shabeer Bappu",
      "match_played": 74,
      "value": 169,
      "team_id": 29,
      "team": "TT",
      "team_name": "TT",
      "rank": "34",
      "position_id": 8,
      "position_name": "Raider",
      "team_full_name": "Tamil Thalaivas"
    },
    {
      "player_id": 88,
      "player_name": "Rakesh Kumar",
      "match_played": 55,
      "value": 164,
      "team_id": 8,
      "team": "HYD",
      "team_name": "HYD",
      "rank": "35",
      "position_id": 1,
      "position_name": "All Rounder",
      "team_full_name": "Telugu Titans"
    },
    {
      "player_id": 686,
      "player_name": "Rohit Gulia",
      "match_played": 55,
      "value": 156,
      "team_id": 31,
      "team": "GFG",
      "team_name": "GFG",
      "rank": "36",
      "position_id": 1,
      "position_name": "All Rounder",
      "team_full_name": "Gujarat Fortunegiants"
    },
    {
      "player_id": 763,
      "player_name": "Manjeet",
      "match_played": 40,
      "value": 153,
      "team_id": 7,
      "team": "PUN",
      "team_name": "PUN",
      "rank": "37",
      "position_id": 8,
      "position_name": "Raider",
      "team_full_name": "Puneri Paltan"
    },
    {
      "player_id": 174,
      "player_name": "Deepak Kumar Dahiya",
      "match_played": 53,
      "value": 142,
      "team_id": 7,
      "team": "PUN",
      "team_name": "PUN",
      "rank": "38",
      "position_id": 8,
      "position_name": "Raider",
      "team_full_name": "Puneri Paltan"
    },
    {
      "player_id": 119,
      "player_name": "CPO Surjeet Singh",
      "match_played": 48,
      "value": 138,
      "team_id": 29,
      "team": "TT",
      "team_name": "TT",
      "rank": "39",
      "position_id": 8,
      "position_name": "Raider",
      "team_full_name": "Tamil Thalaivas"
    },
    {
      "player_id": 389,
      "player_name": "Ajay Kumar",
      "match_played": 50,
      "value": 137,
      "team_id": 31,
      "team": "GFG",
      "team_name": "GFG",
      "rank": "40",
      "position_id": 8,
      "position_name": "Raider",
      "team_full_name": "Gujarat Fortunegiants"
    },
    {
      "player_id": 92,
      "player_name": "Ravi Dalal",
      "match_played": 38,
      "value": 136,
      "team_id": 2,
      "team": "DEL",
      "team_name": "DEL",
      "rank": "41",
      "position_id": 8,
      "position_name": "Raider",
      "team_full_name": "Dabang Delhi K.C."
    },
    {
      "player_id": 118,
      "player_name": "Surjeet Narwal",
      "match_played": 31,
      "value": 133,
      "team_id": 4,
      "team": "KOL",
      "team_name": "KOL",
      "rank": "42",
      "position_id": 8,
      "position_name": "Raider",
      "team_full_name": "Bengal Warriors"
    },
    {
      "player_id": 66,
      "player_name": "Mahesh Goud",
      "match_played": 65,
      "value": 133,
      "team_id": 4,
      "team": "KOL",
      "team_name": "KOL",
      "rank": "42",
      "position_id": 8,
      "position_name": "Raider",
      "team_full_name": "Bengal Warriors"
    },
    {
      "player_id": 75,
      "player_name": "Nitin Madane",
      "match_played": 37,
      "value": 132,
      "team_id": 5,
      "team": "MUM",
      "team_name": "MUM",
      "rank": "44",
      "position_id": 8,
      "position_name": "Raider",
      "team_full_name": "U Mumba"
    },
    {
      "player_id": 163,
      "player_name": "Mahendra Ganesh Rajput",
      "match_played": 62,
      "value": 132,
      "team_id": 31,
      "team": "GFG",
      "team_name": "GFG",
      "rank": "44",
      "position_id": 8,
      "position_name": "Raider",
      "team_full_name": "Gujarat Fortunegiants"
    },
    {
      "player_id": 300,
      "player_name": "Abolfazl Maghsodloumahali",
      "match_played": 47,
      "value": 117,
      "team_id": 31,
      "team": "GFG",
      "team_name": "GFG",
      "rank": "46",
      "position_id": 8,
      "position_name": "Raider",
      "team_full_name": "Gujarat Fortunegiants"
    },
    {
      "player_id": 190,
      "player_name": "Sonu Narwal",
      "match_played": 33,
      "value": 116,
      "team_id": 7,
      "team": "PUN",
      "team_name": "PUN",
      "rank": "47",
      "position_id": 8,
      "position_name": "Raider",
      "team_full_name": "Puneri Paltan"
    },
    {
      "player_id": 2357,
      "player_name": "Naveen",
      "match_played": 34,
      "value": 114,
      "team_id": 28,
      "team": "HS",
      "team_name": "HS",
      "rank": "48",
      "position_id": 8,
      "position_name": "Raider",
      "team_full_name": "Haryana Steelers"
    },
    {
      "player_id": 2028,
      "player_name": "Abhishek Singh",
      "match_played": 29,
      "value": 112,
      "team_id": 5,
      "team": "MUM",
      "team_name": "MUM",
      "rank": "49",
      "position_id": 8,
      "position_name": "Raider",
      "team_full_name": "U Mumba"
    },
    {
      "player_id": 264,
      "player_name": "Selvamani K",
      "match_played": 55,
      "value": 108,
      "team_id": 28,
      "team": "HS",
      "team_name": "HS",
      "rank": "50",
      "position_id": 8,
      "position_name": "Raider",
      "team_full_name": "Haryana Steelers"
    },
    {
      "player_id": 242,
      "player_name": "Tushar Patil",
      "match_played": 53,
      "value": 104,
      "team_id": 6,
      "team": "PAT",
      "team_name": "PAT",
      "rank": "51",
      "position_id": 8,
      "position_name": "Raider",
      "team_full_name": "Patna Pirates"
    },
    {
      "player_id": 772,
      "player_name": "More GB",
      "match_played": 43,
      "value": 101,
      "team_id": 31,
      "team": "GFG",
      "team_name": "GFG",
      "rank": "52",
      "position_id": 8,
      "position_name": "Raider",
      "team_full_name": "Gujarat Fortunegiants"
    },
    {
      "player_id": 234,
      "player_name": "Surender Singh",
      "match_played": 48,
      "value": 97,
      "team_id": 30,
      "team": "UPY",
      "team_name": "UPY",
      "rank": "53",
      "position_id": 8,
      "position_name": "Raider",
      "team_full_name": "U.P. Yoddha"
    },
    {
      "player_id": 791,
      "player_name": "Nitin Rawal",
      "match_played": 43,
      "value": 91,
      "team_id": 3,
      "team": "JAI",
      "team_name": "JAI",
      "rank": "54",
      "position_id": 1,
      "position_name": "All Rounder",
      "team_full_name": "Jaipur Pink Panthers"
    },
    {
      "player_id": 745,
      "player_name": "Vijay",
      "match_played": 55,
      "value": 88,
      "team_id": 2,
      "team": "DEL",
      "team_name": "DEL",
      "rank": "55",
      "position_id": 1,
      "position_name": "All Rounder",
      "team_full_name": "Dabang Delhi K.C."
    },
    {
      "player_id": 376,
      "player_name": "Athul MS",
      "match_played": 35,
      "value": 79,
      "team_id": 5,
      "team": "MUM",
      "team_name": "MUM",
      "rank": "56",
      "position_id": 8,
      "position_name": "Raider",
      "team_full_name": "U Mumba"
    },
    {
      "player_id": 2508,
      "player_name": "V. Ajith Kumar",
      "match_played": 15,
      "value": 74,
      "team_id": 29,
      "team": "TT",
      "team_name": "TT",
      "rank": "57",
      "position_id": 8,
      "position_name": "Raider",
      "team_full_name": "Tamil Thalaivas"
    },
    {
      "player_id": 2475,
      "player_name": "Ajinkya Ashok Pawar",
      "match_played": 31,
      "value": 73,
      "team_id": 3,
      "team": "JAI",
      "team_name": "JAI",
      "rank": "58",
      "position_id": 8,
      "position_name": "Raider",
      "team_full_name": "Jaipur Pink Panthers"
    },
    {
      "player_id": 2661,
      "player_name": "Pankaj Mohite",
      "match_played": 15,
      "value": 73,
      "team_id": 7,
      "team": "PUN",
      "team_name": "PUN",
      "rank": "58",
      "position_id": 8,
      "position_name": "Raider",
      "team_full_name": "Puneri Paltan"
    },
    {
      "player_id": 160,
      "player_name": "Ran Singh",
      "match_played": 116,
      "value": 71,
      "team_id": 29,
      "team": "TT",
      "team_name": "TT",
      "rank": "60",
      "position_id": 1,
      "position_name": "All Rounder",
      "team_full_name": "Tamil Thalaivas"
    },
    {
      "player_id": 107,
      "player_name": "Shrikant Tewthia",
      "match_played": 71,
      "value": 66,
      "team_id": 4,
      "team": "KOL",
      "team_name": "KOL",
      "rank": "61",
      "position_id": 1,
      "position_name": "All Rounder",
      "team_full_name": "Bengal Warriors"
    },
    {
      "player_id": 217,
      "player_name": "Rohit Kumar Choudary",
      "match_played": 38,
      "value": 64,
      "team_id": 30,
      "team": "UPY",
      "team_name": "UPY",
      "rank": "62",
      "position_id": 8,
      "position_name": "Raider",
      "team_full_name": "U.P. Yoddha"
    },
    {
      "player_id": 324,
      "player_name": "Darshan Kadian",
      "match_played": 37,
      "value": 64,
      "team_id": 7,
      "team": "PUN",
      "team_name": "PUN",
      "rank": "62",
      "position_id": 8,
      "position_name": "Raider",
      "team_full_name": "Puneri Paltan"
    },
    {
      "player_id": 141,
      "player_name": "Sunil Jaipal",
      "match_played": 38,
      "value": 63,
      "team_id": 1,
      "team": "BEN",
      "team_name": "BEN",
      "rank": "64",
      "position_id": 8,
      "position_name": "Raider",
      "team_full_name": "Bengaluru Bulls"
    },
    {
      "player_id": 795,
      "player_name": "Monu",
      "match_played": 50,
      "value": 62,
      "team_id": 6,
      "team": "PAT",
      "team_name": "PAT",
      "rank": "65",
      "position_id": 8,
      "position_name": "Raider",
      "team_full_name": "Patna Pirates"
    },
    {
      "player_id": 2024,
      "player_name": "Arjun Deshwal",
      "match_played": 18,
      "value": 60,
      "team_id": 5,
      "team": "MUM",
      "team_name": "MUM",
      "rank": "66",
      "position_id": 8,
      "position_name": "Raider",
      "team_full_name": "U Mumba"
    },
    {
      "player_id": 46,
      "player_name": "Gurvinder Singh",
      "match_played": 45,
      "value": 59,
      "team_id": 31,
      "team": "GFG",
      "team_name": "GFG",
      "rank": "67",
      "position_id": 8,
      "position_name": "Raider",
      "team_full_name": "Gujarat Fortunegiants"
    },
    {
      "player_id": 2488,
      "player_name": "Vinay",
      "match_played": 16,
      "value": 55,
      "team_id": 28,
      "team": "HS",
      "team_name": "HS",
      "rank": "68",
      "position_id": 8,
      "position_name": "Raider",
      "team_full_name": "Haryana Steelers"
    },
    {
      "player_id": 567,
      "player_name": "Mohsen Maghsoudloujafari",
      "match_played": 45,
      "value": 54,
      "team_id": 30,
      "team": "UPY",
      "team_name": "UPY",
      "rank": "69",
      "position_id": 1,
      "position_name": "All Rounder",
      "team_full_name": "U.P. Yoddha"
    },
    {
      "player_id": 522,
      "player_name": "Dong Geon Lee",
      "match_played": 32,
      "value": 53,
      "team_id": 5,
      "team": "MUM",
      "team_name": "MUM",
      "rank": "70",
      "position_id": 8,
      "position_name": "Raider",
      "team_full_name": "U Mumba"
    },
    {
      "player_id": 484,
      "player_name": "Mohammad Esmaeil Nabibakhsh",
      "match_played": 17,
      "value": 52,
      "team_id": 4,
      "team": "KOL",
      "team_name": "KOL",
      "rank": "71",
      "position_id": 1,
      "position_name": "All Rounder",
      "team_full_name": "Bengal Warriors"
    },
    {
      "player_id": 34,
      "player_name": "Bhupender Singh",
      "match_played": 47,
      "value": 48,
      "team_id": 4,
      "team": "KOL",
      "team_name": "KOL",
      "rank": "72",
      "position_id": 1,
      "position_name": "All Rounder",
      "team_full_name": "Bengal Warriors"
    },
    {
      "player_id": 55,
      "player_name": "Jitesh Joshi",
      "match_played": 19,
      "value": 43,
      "team_id": 7,
      "team": "PUN",
      "team_name": "PUN",
      "rank": "73",
      "position_id": 1,
      "position_name": "All Rounder",
      "team_full_name": "Puneri Paltan"
    },
    {
      "player_id": 79,
      "player_name": "Pravin Niwale",
      "match_played": 17,
      "value": 43,
      "team_id": 2,
      "team": "DEL",
      "team_name": "DEL",
      "rank": "73",
      "position_id": 8,
      "position_name": "Raider",
      "team_full_name": "Dabang Delhi K.C."
    },
    {
      "player_id": 387,
      "player_name": "Vinod Kumar",
      "match_played": 29,
      "value": 43,
      "team_id": 1,
      "team": "BEN",
      "team_name": "BEN",
      "rank": "73",
      "position_id": 8,
      "position_name": "Raider",
      "team_full_name": "Bengaluru Bulls"
    },
    {
      "player_id": 764,
      "player_name": "Vinod Kumar",
      "match_played": 44,
      "value": 41,
      "team_id": 31,
      "team": "GFG",
      "team_name": "GFG",
      "rank": "76",
      "position_id": 1,
      "position_name": "All Rounder",
      "team_full_name": "Gujarat Fortunegiants"
    },
    {
      "player_id": 482,
      "player_name": "Farhad Rahimi Milaghardan",
      "match_played": 56,
      "value": 40,
      "team_id": 8,
      "team": "HYD",
      "team_name": "HYD",
      "rank": "77",
      "position_id": 1,
      "position_name": "All Rounder",
      "team_full_name": "Telugu Titans"
    },
    {
      "player_id": 67,
      "player_name": "Mahipal Narwal",
      "match_played": 34,
      "value": 40,
      "team_id": 31,
      "team": "GFG",
      "team_name": "GFG",
      "rank": "77",
      "position_id": 1,
      "position_name": "All Rounder",
      "team_full_name": "Gujarat Fortunegiants"
    },
    {
      "player_id": 252,
      "player_name": "Kuldeep Singh",
      "match_played": 66,
      "value": 39,
      "team_id": 6,
      "team": "PAT",
      "team_name": "PAT",
      "rank": "79",
      "position_id": 1,
      "position_name": "All Rounder",
      "team_full_name": "Patna Pirates"
    },
    {
      "player_id": 202,
      "player_name": "Ashish Kumar",
      "match_played": 82,
      "value": 37,
      "team_id": 1,
      "team": "BEN",
      "team_name": "BEN",
      "rank": "80",
      "position_id": 1,
      "position_name": "All Rounder",
      "team_full_name": "Bengaluru Bulls"
    },
    {
      "player_id": 2286,
      "player_name": "Surender Gill",
      "match_played": 14,
      "value": 36,
      "team_id": 30,
      "team": "UPY",
      "team_name": "UPY",
      "rank": "81",
      "position_id": 8,
      "position_name": "Raider",
      "team_full_name": "U.P. Yoddha"
    },
    {
      "player_id": 363,
      "player_name": "Sumit Singh",
      "match_played": 30,
      "value": 35,
      "team_id": 1,
      "team": "BEN",
      "team_name": "BEN",
      "rank": "82",
      "position_id": 8,
      "position_name": "Raider",
      "team_full_name": "Bengaluru Bulls"
    },
    {
      "player_id": 204,
      "player_name": "Rakesh Narwal",
      "match_played": 25,
      "value": 35,
      "team_id": 4,
      "team": "KOL",
      "team_name": "KOL",
      "rank": "82",
      "position_id": 8,
      "position_name": "Raider",
      "team_full_name": "Bengal Warriors"
    },
    {
      "player_id": 115,
      "player_name": "Suraj Desai",
      "match_played": 12,
      "value": 35,
      "team_id": 8,
      "team": "HYD",
      "team_name": "HYD",
      "rank": "82",
      "position_id": 8,
      "position_name": "Raider",
      "team_full_name": "Telugu Titans"
    },
    {
      "player_id": 365,
      "player_name": "Akshay Jadhav",
      "match_played": 29,
      "value": 34,
      "team_id": 7,
      "team": "PUN",
      "team_name": "PUN",
      "rank": "85",
      "position_id": 8,
      "position_name": "Raider",
      "team_full_name": "Puneri Paltan"
    },
    {
      "player_id": 372,
      "player_name": "Harish Naik",
      "match_played": 21,
      "value": 34,
      "team_id": 1,
      "team": "BEN",
      "team_name": "BEN",
      "rank": "85",
      "position_id": 8,
      "position_name": "Raider",
      "team_full_name": "Bengaluru Bulls"
    },
    {
      "player_id": 370,
      "player_name": "Ravindra Ramesh Kumawat",
      "match_played": 17,
      "value": 33,
      "team_id": 4,
      "team": "KOL",
      "team_name": "KOL",
      "rank": "87",
      "position_id": 8,
      "position_name": "Raider",
      "team_full_name": "Bengal Warriors"
    },
    {
      "player_id": 576,
      "player_name": "Anand Patil",
      "match_played": 26,
      "value": 33,
      "team_id": 3,
      "team": "JAI",
      "team_name": "JAI",
      "rank": "87",
      "position_id": 8,
      "position_name": "Raider",
      "team_full_name": "Jaipur Pink Panthers"
    },
    {
      "player_id": 231,
      "player_name": "Amit Om Prakash Rathi",
      "match_played": 16,
      "value": 33,
      "team_id": 31,
      "team": "GFG",
      "team_name": "GFG",
      "rank": "87",
      "position_id": 8,
      "position_name": "Raider",
      "team_full_name": "Gujarat Fortunegiants"
    },
    {
      "player_id": 268,
      "player_name": "Vineet Sharma",
      "match_played": 40,
      "value": 33,
      "team_id": 29,
      "team": "TT",
      "team_name": "TT",
      "rank": "87",
      "position_id": 8,
      "position_name": "Raider",
      "team_full_name": "Tamil Thalaivas"
    },
    {
      "player_id": 245,
      "player_name": "Yogesh Hooda",
      "match_played": 21,
      "value": 29,
      "team_id": 2,
      "team": "DEL",
      "team_name": "DEL",
      "rank": "91",
      "position_id": 8,
      "position_name": "Raider",
      "team_full_name": "Dabang Delhi K.C."
    },
    {
      "player_id": 42,
      "player_name": "Dharmaraj Cheralathan",
      "match_played": 114,
      "value": 29,
      "team_id": 28,
      "team": "HS",
      "team_name": "HS",
      "rank": "91",
      "position_id": 10,
      "position_name": "Defender, right and left corner",
      "team_full_name": "Haryana Steelers"
    },
    {
      "player_id": 718,
      "player_name": "R. Sriram",
      "match_played": 15,
      "value": 29,
      "team_id": 7,
      "team": "PUN",
      "team_name": "PUN",
      "rank": "91",
      "position_id": 8,
      "position_name": "Raider",
      "team_full_name": "Puneri Paltan"
    },
    {
      "player_id": 2290,
      "player_name": "Rajnish",
      "match_played": 12,
      "value": 28,
      "team_id": 8,
      "team": "HYD",
      "team_name": "HYD",
      "rank": "94",
      "position_id": 8,
      "position_name": "Raider",
      "team_full_name": "Telugu Titans"
    },
    {
      "player_id": 121,
      "player_name": "Vikas Jaglan",
      "match_played": 44,
      "value": 27,
      "team_id": 6,
      "team": "PAT",
      "team_name": "PAT",
      "rank": "95",
      "position_id": 1,
      "position_name": "All Rounder",
      "team_full_name": "Patna Pirates"
    },
    {
      "player_id": 173,
      "player_name": "Suresu Kumar",
      "match_played": 21,
      "value": 26,
      "team_id": 2,
      "team": "DEL",
      "team_name": "DEL",
      "rank": "96",
      "position_id": 8,
      "position_name": "Raider",
      "team_full_name": "Dabang Delhi K.C."
    },
    {
      "player_id": 762,
      "player_name": "Vikas Kumar",
      "match_played": 14,
      "value": 26,
      "team_id": 8,
      "team": "HYD",
      "team_name": "HYD",
      "rank": "96",
      "position_id": 8,
      "position_name": "Raider",
      "team_full_name": "Telugu Titans"
    },
    {
      "player_id": 172,
      "player_name": "Vinoth Kumar",
      "match_played": 17,
      "value": 25,
      "team_id": 5,
      "team": "MUM",
      "team_name": "MUM",
      "rank": "98",
      "position_id": 8,
      "position_name": "Raider",
      "team_full_name": "U Mumba"
    },
    {
      "player_id": 648,
      "player_name": "Ajit Singh",
      "match_played": 17,
      "value": 24,
      "team_id": 3,
      "team": "JAI",
      "team_name": "JAI",
      "rank": "99",
      "position_id": 8,
      "position_name": "Raider",
      "team_full_name": "Jaipur Pink Panthers"
    },
    {
      "player_id": 571,
      "player_name": "Mohammad Esmaeil Maghsoudlou Mahalli",
      "match_played": 16,
      "value": 23,
      "team_id": 6,
      "team": "PAT",
      "team_name": "PAT",
      "rank": "100",
      "position_id": 8,
      "position_name": "Raider",
      "team_full_name": "Patna Pirates"
    },
    {
      "player_id": 837,
      "player_name": "Rakshith",
      "match_played": 17,
      "value": 23,
      "team_id": 8,
      "team": "HYD",
      "team_name": "HYD",
      "rank": "100",
      "position_id": 8,
      "position_name": "Raider",
      "team_full_name": "Telugu Titans"
    },
    {
      "player_id": 2485,
      "player_name": "Sonu Jaglan",
      "match_played": 12,
      "value": 21,
      "team_id": 31,
      "team": "GFG",
      "team_name": "GFG",
      "rank": "102",
      "position_id": 8,
      "position_name": "Raider",
      "team_full_name": "Gujarat Fortunegiants"
    },
    {
      "player_id": 218,
      "player_name": "Sachin Kumar",
      "match_played": 46,
      "value": 21,
      "team_id": 30,
      "team": "UPY",
      "team_name": "UPY",
      "rank": "102",
      "position_id": 1,
      "position_name": "All Rounder",
      "team_full_name": "U.P. Yoddha"
    },
    {
      "player_id": 309,
      "player_name": "Manpreet Singh",
      "match_played": 13,
      "value": 20,
      "team_id": 6,
      "team": "PAT",
      "team_name": "PAT",
      "rank": "104",
      "position_id": 8,
      "position_name": "Raider",
      "team_full_name": "Patna Pirates"
    },
    {
      "player_id": 168,
      "player_name": "Mangesh Bhagat",
      "match_played": 8,
      "value": 19,
      "team_id": 7,
      "team": "PUN",
      "team_name": "PUN",
      "rank": "105",
      "position_id": 8,
      "position_name": "Raider",
      "team_full_name": "Puneri Paltan"
    },
    {
      "player_id": 171,
      "player_name": "Pradeep Kumar",
      "match_played": 10,
      "value": 19,
      "team_id": 5,
      "team": "MUM",
      "team_name": "MUM",
      "rank": "105",
      "position_id": 8,
      "position_name": "Raider",
      "team_full_name": "U Mumba"
    },
    {
      "player_id": 182,
      "player_name": "Dinesh Kumar",
      "match_played": 8,
      "value": 17,
      "team_id": 4,
      "team": "KOL",
      "team_name": "KOL",
      "rank": "107",
      "position_id": 1,
      "position_name": "All Rounder",
      "team_full_name": "Bengal Warriors"
    },
    {
      "player_id": 2316,
      "player_name": "Azad Singh",
      "match_played": 13,
      "value": 17,
      "team_id": 30,
      "team": "UPY",
      "team_name": "UPY",
      "rank": "107",
      "position_id": 8,
      "position_name": "Raider",
      "team_full_name": "U.P. Yoddha"
    },
    {
      "player_id": 2291,
      "player_name": "Amit Kumar",
      "match_played": 18,
      "value": 16,
      "team_id": 7,
      "team": "PUN",
      "team_name": "PUN",
      "rank": "109",
      "position_id": 8,
      "position_name": "Raider",
      "team_full_name": "Puneri Paltan"
    },
    {
      "player_id": 272,
      "player_name": "Umesh Mhatre",
      "match_played": 13,
      "value": 16,
      "team_id": 7,
      "team": "PUN",
      "team_name": "PUN",
      "rank": "109",
      "position_id": 8,
      "position_name": "Raider",
      "team_full_name": "Puneri Paltan"
    },
    {
      "player_id": 70,
      "player_name": "Manoj Kumar",
      "match_played": 52,
      "value": 16,
      "team_id": 31,
      "team": "GFG",
      "team_name": "GFG",
      "rank": "109",
      "position_id": 4,
      "position_name": "Defender, left cover",
      "team_full_name": "Gujarat Fortunegiants"
    },
    {
      "player_id": 146,
      "player_name": "Surender Nada",
      "match_played": 71,
      "value": 15,
      "team_id": 28,
      "team": "HS",
      "team_name": "HS",
      "rank": "112",
      "position_id": 3,
      "position_name": "Defender, left corner",
      "team_full_name": "Haryana Steelers"
    },
    {
      "player_id": 2298,
      "player_name": "Armaan",
      "match_played": 10,
      "value": 15,
      "team_id": 8,
      "team": "HYD",
      "team_name": "HYD",
      "rank": "112",
      "position_id": 1,
      "position_name": "All Rounder",
      "team_full_name": "Telugu Titans"
    },
    {
      "player_id": 371,
      "player_name": "Amit Nagar",
      "match_played": 12,
      "value": 14,
      "team_id": 4,
      "team": "KOL",
      "team_name": "KOL",
      "rank": "114",
      "position_id": 8,
      "position_name": "Raider",
      "team_full_name": "Bengal Warriors"
    },
    {
      "player_id": 684,
      "player_name": "Rakesh Gowda",
      "match_played": 7,
      "value": 14,
      "team_id": 8,
      "team": "HYD",
      "team_name": "HYD",
      "rank": "114",
      "position_id": 8,
      "position_name": "Raider",
      "team_full_name": "Telugu Titans"
    },
    {
      "player_id": 44,
      "player_name": "Gangadhari Mallesh",
      "match_played": 36,
      "value": 14,
      "team_id": 3,
      "team": "JAI",
      "team_name": "JAI",
      "rank": "114",
      "position_id": 8,
      "position_name": "Raider",
      "team_full_name": "Jaipur Pink Panthers"
    },
    {
      "player_id": 195,
      "player_name": "Ashish Chhokar",
      "match_played": 12,
      "value": 13,
      "team_id": 4,
      "team": "KOL",
      "team_name": "KOL",
      "rank": "117",
      "position_id": 8,
      "position_name": "Raider",
      "team_full_name": "Bengal Warriors"
    },
    {
      "player_id": 150,
      "player_name": "Parmod Narwal",
      "match_played": 35,
      "value": 13,
      "team_id": 28,
      "team": "HS",
      "team_name": "HS",
      "rank": "117",
      "position_id": 1,
      "position_name": "All Rounder",
      "team_full_name": "Haryana Steelers"
    },
    {
      "player_id": 771,
      "player_name": "Suresh Kumar",
      "match_played": 11,
      "value": 12,
      "team_id": 7,
      "team": "PUN",
      "team_name": "PUN",
      "rank": "119",
      "position_id": 8,
      "position_name": "Raider",
      "team_full_name": "Puneri Paltan"
    },
    {
      "player_id": 2498,
      "player_name": "Sushil Gulia",
      "match_played": 7,
      "value": 12,
      "team_id": 3,
      "team": "JAI",
      "team_name": "JAI",
      "rank": "119",
      "position_id": 8,
      "position_name": "Raider",
      "team_full_name": "Jaipur Pink Panthers"
    },
    {
      "player_id": 722,
      "player_name": "D. Pradap",
      "match_played": 29,
      "value": 11,
      "team_id": 29,
      "team": "TT",
      "team_name": "TT",
      "rank": "121",
      "position_id": 1,
      "position_name": "All Rounder",
      "team_full_name": "Tamil Thalaivas"
    },
    {
      "player_id": 696,
      "player_name": "M. Thivakaran",
      "match_played": 9,
      "value": 11,
      "team_id": 29,
      "team": "TT",
      "team_name": "TT",
      "rank": "121",
      "position_id": 8,
      "position_name": "Raider",
      "team_full_name": "Tamil Thalaivas"
    },
    {
      "player_id": 232,
      "player_name": "Sachin Vittala",
      "match_played": 26,
      "value": 11,
      "team_id": 31,
      "team": "GFG",
      "team_name": "GFG",
      "rank": "121",
      "position_id": 3,
      "position_name": "Defender, left corner",
      "team_full_name": "Gujarat Fortunegiants"
    },
    {
      "player_id": 108,
      "player_name": "Shyam Kumar Sah",
      "match_played": 27,
      "value": 11,
      "team_id": 4,
      "team": "KOL",
      "team_name": "KOL",
      "rank": "121",
      "position_id": 4,
      "position_name": "Defender, left cover",
      "team_full_name": "Bengal Warriors"
    },
    {
      "player_id": 73,
      "player_name": "Nilesh Shinde",
      "match_played": 69,
      "value": 11,
      "team_id": 2,
      "team": "DEL",
      "team_name": "DEL",
      "rank": "121",
      "position_id": 6,
      "position_name": "Defender, right corner",
      "team_full_name": "Dabang Delhi K.C."
    },
    {
      "player_id": 56,
      "player_name": "Kalimuthu Balamahendran",
      "match_played": 23,
      "value": 10,
      "team_id": 8,
      "team": "HYD",
      "team_name": "HYD",
      "rank": "126",
      "position_id": 3,
      "position_name": "Defender, left corner",
      "team_full_name": "Telugu Titans"
    },
    {
      "player_id": 14,
      "player_name": "Tae Deok Eom",
      "match_played": 35,
      "value": 10,
      "team_id": 6,
      "team": "PAT",
      "team_name": "PAT",
      "rank": "126",
      "position_id": 1,
      "position_name": "All Rounder",
      "team_full_name": "Patna Pirates"
    },
    {
      "player_id": 16,
      "player_name": "Waleed Al Hasani",
      "match_played": 6,
      "value": 10,
      "team_id": 7,
      "team": "PUN",
      "team_name": "PUN",
      "rank": "126",
      "position_id": 8,
      "position_name": "Raider",
      "team_full_name": "Puneri Paltan"
    },
    {
      "player_id": 238,
      "player_name": "Isac Antony",
      "match_played": 9,
      "value": 10,
      "team_id": 8,
      "team": "HYD",
      "team_name": "HYD",
      "rank": "126",
      "position_id": 8,
      "position_name": "Raider",
      "team_full_name": "Telugu Titans"
    },
    {
      "player_id": 2476,
      "player_name": "Amit Kumar",
      "match_played": 17,
      "value": 10,
      "team_id": 3,
      "team": "JAI",
      "team_name": "JAI",
      "rank": "126",
      "position_id": 8,
      "position_name": "Raider",
      "team_full_name": "Jaipur Pink Panthers"
    },
    {
      "player_id": 2325,
      "player_name": "Anand",
      "match_played": 8,
      "value": 10,
      "team_id": 29,
      "team": "TT",
      "team_name": "TT",
      "rank": "126",
      "position_id": 8,
      "position_name": "Raider",
      "team_full_name": "Tamil Thalaivas"
    },
    {
      "player_id": 243,
      "player_name": "Sanjay Kumar",
      "match_played": 8,
      "value": 9,
      "team_id": 6,
      "team": "PAT",
      "team_name": "PAT",
      "rank": "132",
      "position_id": 1,
      "position_name": "All Rounder",
      "team_full_name": "Patna Pirates"
    },
    {
      "player_id": 200,
      "player_name": "Mohammad Maghshoudulu",
      "match_played": 18,
      "value": 9,
      "team_id": 6,
      "team": "PAT",
      "team_name": "PAT",
      "rank": "132",
      "position_id": 1,
      "position_name": "All Rounder",
      "team_full_name": "Patna Pirates"
    },
    {
      "player_id": 277,
      "player_name": "Anil Shriram Nimbolkar",
      "match_played": 6,
      "value": 9,
      "team_id": 2,
      "team": "DEL",
      "team_name": "DEL",
      "rank": "132",
      "position_id": 8,
      "position_name": "Raider",
      "team_full_name": "Dabang Delhi K.C."
    },
    {
      "player_id": 167,
      "player_name": "Preetam Chhillar",
      "match_played": 58,
      "value": 9,
      "team_id": 1,
      "team": "BEN",
      "team_name": "BEN",
      "rank": "132",
      "position_id": 1,
      "position_name": "All Rounder",
      "team_full_name": "Bengaluru Bulls"
    },
    {
      "player_id": 157,
      "player_name": "Ravinder Pahal",
      "match_played": 105,
      "value": 8,
      "team_id": 2,
      "team": "DEL",
      "team_name": "DEL",
      "rank": "136",
      "position_id": 6,
      "position_name": "Defender, right corner",
      "team_full_name": "Dabang Delhi K.C."
    },
    {
      "player_id": 249,
      "player_name": "Hadi Oshtorak",
      "match_played": 67,
      "value": 8,
      "team_id": 6,
      "team": "PAT",
      "team_name": "PAT",
      "rank": "136",
      "position_id": 1,
      "position_name": "All Rounder",
      "team_full_name": "Patna Pirates"
    },
    {
      "player_id": 10,
      "player_name": "Simon Kibura",
      "match_played": 9,
      "value": 8,
      "team_id": 4,
      "team": "KOL",
      "team_name": "KOL",
      "rank": "136",
      "position_id": 8,
      "position_name": "Raider",
      "team_full_name": "Bengal Warriors"
    },
    {
      "player_id": 2257,
      "player_name": "Victor Onyango Obiero",
      "match_played": 6,
      "value": 8,
      "team_id": 29,
      "team": "TT",
      "team_name": "TT",
      "rank": "136",
      "position_id": 1,
      "position_name": "All Rounder",
      "team_full_name": "Tamil Thalaivas"
    },
    {
      "player_id": 605,
      "player_name": "Shubham Ashok Palkar",
      "match_played": 12,
      "value": 8,
      "team_id": 31,
      "team": "GFG",
      "team_name": "GFG",
      "rank": "136",
      "position_id": 8,
      "position_name": "Raider",
      "team_full_name": "Gujarat Fortunegiants"
    },
    {
      "player_id": 322,
      "player_name": "PO Surjeet Singh",
      "match_played": 91,
      "value": 7,
      "team_id": 7,
      "team": "PUN",
      "team_name": "PUN",
      "rank": "141",
      "position_id": 7,
      "position_name": "Defender, right cover",
      "team_full_name": "Puneri Paltan"
    },
    {
      "player_id": 313,
      "player_name": "Virender Wazir Singh",
      "match_played": 7,
      "value": 7,
      "team_id": 4,
      "team": "KOL",
      "team_name": "KOL",
      "rank": "141",
      "position_id": 8,
      "position_name": "Raider",
      "team_full_name": "Bengal Warriors"
    },
    {
      "player_id": 667,
      "player_name": "Elangeshwaran R",
      "match_played": 5,
      "value": 7,
      "team_id": 8,
      "team": "HYD",
      "team_name": "HYD",
      "rank": "141",
      "position_id": 1,
      "position_name": "All Rounder",
      "team_full_name": "Telugu Titans"
    },
    {
      "player_id": 644,
      "player_name": "Anand Surendra Tomar",
      "match_played": 5,
      "value": 7,
      "team_id": 28,
      "team": "HS",
      "team_name": "HS",
      "rank": "141",
      "position_id": 8,
      "position_name": "Raider",
      "team_full_name": "Haryana Steelers"
    },
    {
      "player_id": 2274,
      "player_name": "C Manoj Kumar",
      "match_played": 12,
      "value": 7,
      "team_id": 8,
      "team": "HYD",
      "team_name": "HYD",
      "rank": "141",
      "position_id": 4,
      "position_name": "Defender, left cover",
      "team_full_name": "Telugu Titans"
    },
    {
      "player_id": 2307,
      "player_name": "Kamal Singh",
      "match_played": 11,
      "value": 7,
      "team_id": 8,
      "team": "HYD",
      "team_name": "HYD",
      "rank": "141",
      "position_id": 8,
      "position_name": "Raider",
      "team_full_name": "Telugu Titans"
    },
    {
      "player_id": 2494,
      "player_name": "Sachin Narwal",
      "match_played": 11,
      "value": 7,
      "team_id": 3,
      "team": "JAI",
      "team_name": "JAI",
      "rank": "141",
      "position_id": 1,
      "position_name": "All Rounder",
      "team_full_name": "Jaipur Pink Panthers"
    },
    {
      "player_id": 2503,
      "player_name": "Banty",
      "match_played": 9,
      "value": 7,
      "team_id": 1,
      "team": "BEN",
      "team_name": "BEN",
      "rank": "141",
      "position_id": 8,
      "position_name": "Raider",
      "team_full_name": "Bengaluru Bulls"
    },
    {
      "player_id": 2682,
      "player_name": "Amit Kumar",
      "match_played": 5,
      "value": 7,
      "team_id": 7,
      "team": "PUN",
      "team_name": "PUN",
      "rank": "141",
      "position_id": 1,
      "position_name": "All Rounder",
      "team_full_name": "Puneri Paltan"
    },
    {
      "player_id": 32,
      "player_name": "Balbir Singh",
      "match_played": 10,
      "value": 7,
      "team_id": 3,
      "team": "JAI",
      "team_name": "JAI",
      "rank": "141",
      "position_id": 1,
      "position_name": "All Rounder",
      "team_full_name": "Jaipur Pink Panthers"
    },
    {
      "player_id": 51,
      "player_name": "Jasmer Singh Gulia",
      "match_played": 52,
      "value": 7,
      "team_id": 1,
      "team": "BEN",
      "team_name": "BEN",
      "rank": "141",
      "position_id": 1,
      "position_name": "All Rounder",
      "team_full_name": "Bengaluru Bulls"
    },
    {
      "player_id": 248,
      "player_name": "Sandeep Kandola",
      "match_played": 16,
      "value": 7,
      "team_id": 8,
      "team": "HYD",
      "team_name": "HYD",
      "rank": "141",
      "position_id": 3,
      "position_name": "Defender, left corner",
      "team_full_name": "Telugu Titans"
    },
    {
      "player_id": 275,
      "player_name": "Deepak Kumar Rathee",
      "match_played": 20,
      "value": 7,
      "team_id": 28,
      "team": "HS",
      "team_name": "HS",
      "rank": "141",
      "position_id": 1,
      "position_name": "All Rounder",
      "team_full_name": "Haryana Steelers"
    },
    {
      "player_id": 180,
      "player_name": "Kedar Lal",
      "match_played": 10,
      "value": 7,
      "team_id": 4,
      "team": "KOL",
      "team_name": "KOL",
      "rank": "141",
      "position_id": 8,
      "position_name": "Raider",
      "team_full_name": "Bengal Warriors"
    },
    {
      "player_id": 2278,
      "player_name": "Bhanu Pratap Tomar",
      "match_played": 6,
      "value": 6,
      "team_id": 30,
      "team": "UPY",
      "team_name": "UPY",
      "rank": "155",
      "position_id": 8,
      "position_name": "Raider",
      "team_full_name": "U.P. Yoddha"
    },
    {
      "player_id": 285,
      "player_name": "Anil Kashinath Patil",
      "match_played": 5,
      "value": 6,
      "team_id": 3,
      "team": "JAI",
      "team_name": "JAI",
      "rank": "155",
      "position_id": 1,
      "position_name": "All Rounder",
      "team_full_name": "Jaipur Pink Panthers"
    },
    {
      "player_id": 578,
      "player_name": "Mayur Shivtarkar",
      "match_played": 29,
      "value": 6,
      "team_id": 4,
      "team": "KOL",
      "team_name": "KOL",
      "rank": "155",
      "position_id": 1,
      "position_name": "All Rounder",
      "team_full_name": "Bengal Warriors"
    },
    {
      "player_id": 786,
      "player_name": "Parvesh",
      "match_played": 6,
      "value": 5,
      "team_id": 7,
      "team": "PUN",
      "team_name": "PUN",
      "rank": "158",
      "position_id": 8,
      "position_name": "Raider",
      "team_full_name": "Puneri Paltan"
    },
    {
      "player_id": 2266,
      "player_name": "Mahesh Maruti Magdum",
      "match_played": 4,
      "value": 5,
      "team_id": 1,
      "team": "BEN",
      "team_name": "BEN",
      "rank": "158",
      "position_id": 1,
      "position_name": "All Rounder",
      "team_full_name": "Bengaluru Bulls"
    },
    {
      "player_id": 2660,
      "player_name": "Sushant Sail",
      "match_played": 7,
      "value": 5,
      "team_id": 7,
      "team": "PUN",
      "team_name": "PUN",
      "rank": "158",
      "position_id": 8,
      "position_name": "Raider",
      "team_full_name": "Puneri Paltan"
    },
    {
      "player_id": 2322,
      "player_name": "Ankit Beniwal",
      "match_played": 6,
      "value": 5,
      "team_id": 8,
      "team": "HYD",
      "team_name": "HYD",
      "rank": "158",
      "position_id": 8,
      "position_name": "Raider",
      "team_full_name": "Telugu Titans"
    },
    {
      "player_id": 244,
      "player_name": "Ravi V.",
      "match_played": 2,
      "value": 5,
      "team_id": 7,
      "team": "PUN",
      "team_name": "PUN",
      "rank": "158",
      "position_id": 8,
      "position_name": "Raider",
      "team_full_name": "Puneri Paltan"
    },
    {
      "player_id": 98,
      "player_name": "Sachin Khambe",
      "match_played": 22,
      "value": 5,
      "team_id": 7,
      "team": "PUN",
      "team_name": "PUN",
      "rank": "158",
      "position_id": 3,
      "position_name": "Defender, left corner",
      "team_full_name": "Puneri Paltan"
    },
    {
      "player_id": 97,
      "player_name": "Rupesh Tomar",
      "match_played": 15,
      "value": 4,
      "team_id": 2,
      "team": "DEL",
      "team_name": "DEL",
      "rank": "164",
      "position_id": 1,
      "position_name": "All Rounder",
      "team_full_name": "Dabang Delhi K.C."
    },
    {
      "player_id": 38,
      "player_name": "Dadaso Balaso Awad",
      "match_played": 12,
      "value": 4,
      "team_id": 2,
      "team": "DEL",
      "team_name": "DEL",
      "rank": "164",
      "position_id": 1,
      "position_name": "All Rounder",
      "team_full_name": "Dabang Delhi K.C."
    },
    {
      "player_id": 260,
      "player_name": "Vijay Malik",
      "match_played": 7,
      "value": 4,
      "team_id": 6,
      "team": "PAT",
      "team_name": "PAT",
      "rank": "164",
      "position_id": 8,
      "position_name": "Raider",
      "team_full_name": "Patna Pirates"
    },
    {
      "player_id": 212,
      "player_name": "Amit Hooda",
      "match_played": 84,
      "value": 4,
      "team_id": 3,
      "team": "JAI",
      "team_name": "JAI",
      "rank": "164",
      "position_id": 6,
      "position_name": "Defender, right corner",
      "team_full_name": "Jaipur Pink Panthers"
    },
    {
      "player_id": 152,
      "player_name": "D. Gopu",
      "match_played": 34,
      "value": 4,
      "team_id": 29,
      "team": "TT",
      "team_name": "TT",
      "rank": "164",
      "position_id": 10,
      "position_name": "Defender, right and left corner",
      "team_full_name": "Tamil Thalaivas"
    },
    {
      "player_id": 2502,
      "player_name": "Mohit Sehrawat",
      "match_played": 11,
      "value": 4,
      "team_id": 1,
      "team": "BEN",
      "team_name": "BEN",
      "rank": "164",
      "position_id": 7,
      "position_name": "Defender, right cover",
      "team_full_name": "Bengaluru Bulls"
    },
    {
      "player_id": 2666,
      "player_name": "Harmanjit Singh",
      "match_played": 3,
      "value": 4,
      "team_id": 31,
      "team": "GFG",
      "team_name": "GFG",
      "rank": "164",
      "position_id": 8,
      "position_name": "Raider",
      "team_full_name": "Gujarat Fortunegiants"
    },
    {
      "player_id": 2321,
      "player_name": "Ankush",
      "match_played": 3,
      "value": 4,
      "team_id": 30,
      "team": "UPY",
      "team_name": "UPY",
      "rank": "164",
      "position_id": 8,
      "position_name": "Raider",
      "team_full_name": "U.P. Yoddha"
    },
    {
      "player_id": 738,
      "player_name": "Rahul Choudhary",
      "match_played": 5,
      "value": 4,
      "team_id": 3,
      "team": "JAI",
      "team_name": "JAI",
      "rank": "164",
      "position_id": 8,
      "position_name": "Raider",
      "team_full_name": "Jaipur Pink Panthers"
    },
    {
      "player_id": 613,
      "player_name": "Sunil Siddhgavali",
      "match_played": 40,
      "value": 4,
      "team_id": 3,
      "team": "JAI",
      "team_name": "JAI",
      "rank": "164",
      "position_id": 9,
      "position_name": "Defender",
      "team_full_name": "Jaipur Pink Panthers"
    },
    {
      "player_id": 689,
      "player_name": "Mohan Raman G",
      "match_played": 4,
      "value": 4,
      "team_id": 5,
      "team": "MUM",
      "team_name": "MUM",
      "rank": "164",
      "position_id": 8,
      "position_name": "Raider",
      "team_full_name": "U Mumba"
    },
    {
      "player_id": 731,
      "player_name": "Sandeep",
      "match_played": 5,
      "value": 4,
      "team_id": 7,
      "team": "PUN",
      "team_name": "PUN",
      "rank": "164",
      "position_id": 1,
      "position_name": "All Rounder",
      "team_full_name": "Puneri Paltan"
    },
    {
      "player_id": 380,
      "player_name": "Vikash Kumar",
      "match_played": 6,
      "value": 4,
      "team_id": 5,
      "team": "MUM",
      "team_name": "MUM",
      "rank": "164",
      "position_id": 8,
      "position_name": "Raider",
      "team_full_name": "U Mumba"
    },
    {
      "player_id": 390,
      "player_name": "Jawahar Dagar",
      "match_played": 44,
      "value": 4,
      "team_id": 6,
      "team": "PAT",
      "team_name": "PAT",
      "rank": "164",
      "position_id": 9,
      "position_name": "Defender",
      "team_full_name": "Patna Pirates"
    },
    {
      "player_id": 368,
      "player_name": "Sunil Kumar",
      "match_played": 67,
      "value": 3,
      "team_id": 31,
      "team": "GFG",
      "team_name": "GFG",
      "rank": "178",
      "position_id": 9,
      "position_name": "Defender",
      "team_full_name": "Gujarat Fortunegiants"
    },
    {
      "player_id": 730,
      "player_name": "Rohit",
      "match_played": 2,
      "value": 3,
      "team_id": 1,
      "team": "BEN",
      "team_name": "BEN",
      "rank": "178",
      "position_id": 8,
      "position_name": "Raider",
      "team_full_name": "Bengaluru Bulls"
    },
    {
      "player_id": 611,
      "player_name": "Sidharth",
      "match_played": 21,
      "value": 3,
      "team_id": 2,
      "team": "DEL",
      "team_name": "DEL",
      "rank": "178",
      "position_id": 1,
      "position_name": "All Rounder",
      "team_full_name": "Dabang Delhi K.C."
    },
    {
      "player_id": 2315,
      "player_name": "Bhuvneshwar Gaur",
      "match_played": 6,
      "value": 3,
      "team_id": 28,
      "team": "HS",
      "team_name": "HS",
      "rank": "178",
      "position_id": 8,
      "position_name": "Raider",
      "team_full_name": "Haryana Steelers"
    },
    {
      "player_id": 2021,
      "player_name": "Anand V",
      "match_played": 3,
      "value": 3,
      "team_id": 1,
      "team": "BEN",
      "team_name": "BEN",
      "rank": "178",
      "position_id": 8,
      "position_name": "Raider",
      "team_full_name": "Bengaluru Bulls"
    },
    {
      "player_id": 2504,
      "player_name": "Ashish",
      "match_played": 7,
      "value": 3,
      "team_id": 6,
      "team": "PAT",
      "team_name": "PAT",
      "rank": "178",
      "position_id": 8,
      "position_name": "Raider",
      "team_full_name": "Patna Pirates"
    },
    {
      "player_id": 2507,
      "player_name": "Amit Kumar",
      "match_played": 3,
      "value": 3,
      "team_id": 6,
      "team": "PAT",
      "team_name": "PAT",
      "rank": "178",
      "position_id": 1,
      "position_name": "All Rounder",
      "team_full_name": "Patna Pirates"
    },
    {
      "player_id": 2478,
      "player_name": "Purna Singh",
      "match_played": 5,
      "value": 3,
      "team_id": 6,
      "team": "PAT",
      "team_name": "PAT",
      "rank": "178",
      "position_id": 8,
      "position_name": "Raider",
      "team_full_name": "Patna Pirates"
    },
    {
      "player_id": 161,
      "player_name": "Girish Maruti Ernak",
      "match_played": 102,
      "value": 3,
      "team_id": 7,
      "team": "PUN",
      "team_name": "PUN",
      "rank": "178",
      "position_id": 3,
      "position_name": "Defender, left corner",
      "team_full_name": "Puneri Paltan"
    },
    {
      "player_id": 214,
      "player_name": "Amit Kumar",
      "match_played": 11,
      "value": 3,
      "team_id": 8,
      "team": "HYD",
      "team_name": "HYD",
      "rank": "178",
      "position_id": 8,
      "position_name": "Raider",
      "team_full_name": "Telugu Titans"
    },
    {
      "player_id": 194,
      "player_name": "Joginder Singh Narwal",
      "match_played": 76,
      "value": 3,
      "team_id": 2,
      "team": "DEL",
      "team_name": "DEL",
      "rank": "178",
      "position_id": 3,
      "position_name": "Defender, left corner",
      "team_full_name": "Dabang Delhi K.C."
    },
    {
      "player_id": 267,
      "player_name": "Amit Kumar Tomar",
      "match_played": 9,
      "value": 3,
      "team_id": 2,
      "team": "DEL",
      "team_name": "DEL",
      "rank": "178",
      "position_id": 8,
      "position_name": "Raider",
      "team_full_name": "Dabang Delhi K.C."
    },
    {
      "player_id": 278,
      "player_name": "Gnanasekaran M",
      "match_played": 8,
      "value": 3,
      "team_id": 2,
      "team": "DEL",
      "team_name": "DEL",
      "rank": "178",
      "position_id": 6,
      "position_name": "Defender, right corner",
      "team_full_name": "Dabang Delhi K.C."
    },
    {
      "player_id": 301,
      "player_name": "Hadi Tajik",
      "match_played": 27,
      "value": 3,
      "team_id": 7,
      "team": "PUN",
      "team_name": "PUN",
      "rank": "178",
      "position_id": 6,
      "position_name": "Defender, right corner",
      "team_full_name": "Puneri Paltan"
    },
    {
      "player_id": 23,
      "player_name": "Dovlet Boshimov",
      "match_played": 2,
      "value": 3,
      "team_id": 6,
      "team": "PAT",
      "team_name": "PAT",
      "rank": "178",
      "position_id": 8,
      "position_name": "Raider",
      "team_full_name": "Patna Pirates"
    },
    {
      "player_id": 4,
      "player_name": "Ehsan Zamani Fard",
      "match_played": 8,
      "value": 3,
      "team_id": 2,
      "team": "DEL",
      "team_name": "DEL",
      "rank": "178",
      "position_id": 3,
      "position_name": "Defender, left corner",
      "team_full_name": "Dabang Delhi K.C."
    },
    {
      "player_id": 19,
      "player_name": "Wajid Ali",
      "match_played": 4,
      "value": 3,
      "team_id": 8,
      "team": "HYD",
      "team_name": "HYD",
      "rank": "178",
      "position_id": 1,
      "position_name": "All Rounder",
      "team_full_name": "Telugu Titans"
    },
    {
      "player_id": 71,
      "player_name": "Mohit Chhillar",
      "match_played": 108,
      "value": 3,
      "team_id": 29,
      "team": "TT",
      "team_name": "TT",
      "rank": "178",
      "position_id": 6,
      "position_name": "Defender, right corner",
      "team_full_name": "Tamil Thalaivas"
    },
    {
      "player_id": 89,
      "player_name": "Ram Kumar Sah",
      "match_played": 11,
      "value": 3,
      "team_id": 2,
      "team": "DEL",
      "team_name": "DEL",
      "rank": "178",
      "position_id": 4,
      "position_name": "Defender, left cover",
      "team_full_name": "Dabang Delhi K.C."
    },
    {
      "player_id": 80,
      "player_name": "Punit Kumar Teotia",
      "match_played": 4,
      "value": 2,
      "team_id": 2,
      "team": "DEL",
      "team_name": "DEL",
      "rank": "197",
      "position_id": 8,
      "position_name": "Raider",
      "team_full_name": "Dabang Delhi K.C."
    },
    {
      "player_id": 145,
      "player_name": "Md. Aruduzzaman Munshi",
      "match_played": 6,
      "value": 2,
      "team_id": 5,
      "team": "MUM",
      "team_name": "MUM",
      "rank": "197",
      "position_id": 8,
      "position_name": "Raider",
      "team_full_name": "U Mumba"
    },
    {
      "player_id": 21,
      "player_name": "Sinotharan Kanesharajah",
      "match_played": 3,
      "value": 2,
      "team_id": 1,
      "team": "BEN",
      "team_name": "BEN",
      "rank": "197",
      "position_id": 8,
      "position_name": "Raider",
      "team_full_name": "Bengaluru Bulls"
    },
    {
      "player_id": 13,
      "player_name": "Seong Ryeol Kim",
      "match_played": 15,
      "value": 2,
      "team_id": 31,
      "team": "GFG",
      "team_name": "GFG",
      "rank": "197",
      "position_id": 9,
      "position_name": "Defender",
      "team_full_name": "Gujarat Fortunegiants"
    },
    {
      "player_id": 68,
      "player_name": "Mandeep Kumar",
      "match_played": 7,
      "value": 2,
      "team_id": 6,
      "team": "PAT",
      "team_name": "PAT",
      "rank": "197",
      "position_id": 8,
      "position_name": "Raider",
      "team_full_name": "Patna Pirates"
    },
    {
      "player_id": 311,
      "player_name": "Anil Kumar",
      "match_played": 50,
      "value": 2,
      "team_id": 2,
      "team": "DEL",
      "team_name": "DEL",
      "rank": "197",
      "position_id": 4,
      "position_name": "Defender, left cover",
      "team_full_name": "Dabang Delhi K.C."
    },
    {
      "player_id": 266,
      "player_name": "David Shilisia J Mosambayi",
      "match_played": 7,
      "value": 2,
      "team_id": 3,
      "team": "JAI",
      "team_name": "JAI",
      "rank": "197",
      "position_id": 8,
      "position_name": "Raider",
      "team_full_name": "Jaipur Pink Panthers"
    },
    {
      "player_id": 259,
      "player_name": "Fazel Atrachali",
      "match_played": 95,
      "value": 2,
      "team_id": 5,
      "team": "MUM",
      "team_name": "MUM",
      "rank": "197",
      "position_id": 3,
      "position_name": "Defender, left corner",
      "team_full_name": "U Mumba"
    },
    {
      "player_id": 225,
      "player_name": "Sandeep Tomar",
      "match_played": 3,
      "value": 2,
      "team_id": 2,
      "team": "DEL",
      "team_name": "DEL",
      "rank": "197",
      "position_id": 8,
      "position_name": "Raider",
      "team_full_name": "Dabang Delhi K.C."
    },
    {
      "player_id": 227,
      "player_name": "Vinoth Paulyas",
      "match_played": 4,
      "value": 2,
      "team_id": 6,
      "team": "PAT",
      "team_name": "PAT",
      "rank": "197",
      "position_id": 8,
      "position_name": "Raider",
      "team_full_name": "Patna Pirates"
    },
    {
      "player_id": 191,
      "player_name": "C. Arun",
      "match_played": 85,
      "value": 2,
      "team_id": 8,
      "team": "HYD",
      "team_name": "HYD",
      "rank": "197",
      "position_id": 4,
      "position_name": "Defender, left cover",
      "team_full_name": "Telugu Titans"
    },
    {
      "player_id": 207,
      "player_name": "Sunil",
      "match_played": 63,
      "value": 2,
      "team_id": 29,
      "team": "TT",
      "team_name": "TT",
      "rank": "197",
      "position_id": 3,
      "position_name": "Defender, left corner",
      "team_full_name": "Tamil Thalaivas"
    },
    {
      "player_id": 159,
      "player_name": "Samarjeet Singh",
      "match_played": 22,
      "value": 2,
      "team_id": 3,
      "team": "JAI",
      "team_name": "JAI",
      "rank": "197",
      "position_id": 1,
      "position_name": "All Rounder",
      "team_full_name": "Jaipur Pink Panthers"
    },
    {
      "player_id": 2683,
      "player_name": "Palle Mallikarjun",
      "match_played": 3,
      "value": 2,
      "team_id": 8,
      "team": "HYD",
      "team_name": "HYD",
      "rank": "197",
      "position_id": 8,
      "position_name": "Raider",
      "team_full_name": "Telugu Titans"
    },
    {
      "player_id": 2302,
      "player_name": "Mithin Kumar",
      "match_played": 3,
      "value": 2,
      "team_id": 4,
      "team": "KOL",
      "team_name": "KOL",
      "rank": "197",
      "position_id": 8,
      "position_name": "Raider",
      "team_full_name": "Bengal Warriors"
    },
    {
      "player_id": 2306,
      "player_name": "Lalit Chaudhary",
      "match_played": 7,
      "value": 2,
      "team_id": 31,
      "team": "GFG",
      "team_name": "GFG",
      "rank": "197",
      "position_id": 8,
      "position_name": "Raider",
      "team_full_name": "Gujarat Fortunegiants"
    },
    {
      "player_id": 2262,
      "player_name": "Md. Masud Karim",
      "match_played": 3,
      "value": 2,
      "team_id": 30,
      "team": "UPY",
      "team_name": "UPY",
      "rank": "197",
      "position_id": 8,
      "position_name": "Raider",
      "team_full_name": "U.P. Yoddha"
    },
    {
      "player_id": 2318,
      "player_name": "Arun Kumar HN",
      "match_played": 4,
      "value": 2,
      "team_id": 28,
      "team": "HS",
      "team_name": "HS",
      "rank": "197",
      "position_id": 8,
      "position_name": "Raider",
      "team_full_name": "Haryana Steelers"
    },
    {
      "player_id": 2313,
      "player_name": "Gaurav Kumar",
      "match_played": 3,
      "value": 2,
      "team_id": 5,
      "team": "MUM",
      "team_name": "MUM",
      "rank": "197",
      "position_id": 8,
      "position_name": "Raider",
      "team_full_name": "U Mumba"
    },
    {
      "player_id": 2314,
      "player_name": "Dharmender",
      "match_played": 4,
      "value": 2,
      "team_id": 31,
      "team": "GFG",
      "team_name": "GFG",
      "rank": "197",
      "position_id": 8,
      "position_name": "Raider",
      "team_full_name": "Gujarat Fortunegiants"
    },
    {
      "player_id": 2335,
      "player_name": "Vimal Raj V",
      "match_played": 5,
      "value": 2,
      "team_id": 29,
      "team": "TT",
      "team_name": "TT",
      "rank": "197",
      "position_id": 1,
      "position_name": "All Rounder",
      "team_full_name": "Tamil Thalaivas"
    },
    {
      "player_id": 640,
      "player_name": "Sanoj Kumar",
      "match_played": 2,
      "value": 2,
      "team_id": 30,
      "team": "UPY",
      "team_name": "UPY",
      "rank": "197",
      "position_id": 4,
      "position_name": "Defender, left cover",
      "team_full_name": "U.P. Yoddha"
    },
    {
      "player_id": 796,
      "player_name": "Rinku Narwal",
      "match_played": 45,
      "value": 2,
      "team_id": 4,
      "team": "KOL",
      "team_name": "KOL",
      "rank": "197",
      "position_id": 9,
      "position_name": "Defender",
      "team_full_name": "Bengal Warriors"
    },
    {
      "player_id": 735,
      "player_name": "Vishal",
      "match_played": 22,
      "value": 2,
      "team_id": 3,
      "team": "JAI",
      "team_name": "JAI",
      "rank": "197",
      "position_id": 1,
      "position_name": "All Rounder",
      "team_full_name": "Jaipur Pink Panthers"
    },
    {
      "player_id": 599,
      "player_name": "Lokesh Kaushik",
      "match_played": 6,
      "value": 2,
      "team_id": 3,
      "team": "JAI",
      "team_name": "JAI",
      "rank": "197",
      "position_id": 8,
      "position_name": "Raider",
      "team_full_name": "Jaipur Pink Panthers"
    },
    {
      "player_id": 608,
      "player_name": "Prateek",
      "match_played": 6,
      "value": 1,
      "team_id": 28,
      "team": "HS",
      "team_name": "HS",
      "rank": "222",
      "position_id": 1,
      "position_name": "All Rounder",
      "team_full_name": "Haryana Steelers"
    },
    {
      "player_id": 386,
      "player_name": "Anil Kumar",
      "match_played": 19,
      "value": 1,
      "team_id": 2,
      "team": "DEL",
      "team_name": "DEL",
      "rank": "222",
      "position_id": 3,
      "position_name": "Defender, left corner",
      "team_full_name": "Dabang Delhi K.C."
    },
    {
      "player_id": 513,
      "player_name": "Yong Joo Ok",
      "match_played": 1,
      "value": 1,
      "team_id": 5,
      "team": "MUM",
      "team_name": "MUM",
      "rank": "222",
      "position_id": 1,
      "position_name": "All Rounder",
      "team_full_name": "U Mumba"
    },
    {
      "player_id": 347,
      "player_name": "Sagar B Krishna",
      "match_played": 58,
      "value": 1,
      "team_id": 7,
      "team": "PUN",
      "team_name": "PUN",
      "rank": "222",
      "position_id": 1,
      "position_name": "All Rounder",
      "team_full_name": "Puneri Paltan"
    },
    {
      "player_id": 358,
      "player_name": "Vishal Bhardwaj",
      "match_played": 57,
      "value": 1,
      "team_id": 8,
      "team": "HYD",
      "team_name": "HYD",
      "rank": "222",
      "position_id": 9,
      "position_name": "Defender",
      "team_full_name": "Telugu Titans"
    },
    {
      "player_id": 315,
      "player_name": "Parvesh Attri",
      "match_played": 1,
      "value": 1,
      "team_id": 1,
      "team": "BEN",
      "team_name": "BEN",
      "rank": "222",
      "position_id": 8,
      "position_name": "Raider",
      "team_full_name": "Bengaluru Bulls"
    },
    {
      "player_id": 316,
      "player_name": "Nirbhay Narwal",
      "match_played": 2,
      "value": 1,
      "team_id": 1,
      "team": "BEN",
      "team_name": "BEN",
      "rank": "222",
      "position_id": 3,
      "position_name": "Defender, left corner",
      "team_full_name": "Bengaluru Bulls"
    },
    {
      "player_id": 373,
      "player_name": "Parveen Narwal",
      "match_played": 1,
      "value": 1,
      "team_id": 3,
      "team": "JAI",
      "team_name": "JAI",
      "rank": "222",
      "position_id": 1,
      "position_name": "All Rounder",
      "team_full_name": "Jaipur Pink Panthers"
    },
    {
      "player_id": 367,
      "player_name": "Nitin Kumar",
      "match_played": 1,
      "value": 1,
      "team_id": 5,
      "team": "MUM",
      "team_name": "MUM",
      "rank": "222",
      "position_id": 1,
      "position_name": "All Rounder",
      "team_full_name": "U Mumba"
    },
    {
      "player_id": 746,
      "player_name": "Vikrant",
      "match_played": 3,
      "value": 1,
      "team_id": 8,
      "team": "HYD",
      "team_name": "HYD",
      "rank": "222",
      "position_id": 8,
      "position_name": "Raider",
      "team_full_name": "Telugu Titans"
    },
    {
      "player_id": 768,
      "player_name": "Vijay Kumar",
      "match_played": 21,
      "value": 1,
      "team_id": 1,
      "team": "BEN",
      "team_name": "BEN",
      "rank": "222",
      "position_id": 6,
      "position_name": "Defender, right corner",
      "team_full_name": "Bengaluru Bulls"
    },
    {
      "player_id": 769,
      "player_name": "Mahender Singh",
      "match_played": 61,
      "value": 1,
      "team_id": 1,
      "team": "BEN",
      "team_name": "BEN",
      "rank": "222",
      "position_id": 4,
      "position_name": "Defender, left cover",
      "team_full_name": "Bengaluru Bulls"
    },
    {
      "player_id": 647,
      "player_name": "Gulveer Singh",
      "match_played": 4,
      "value": 1,
      "team_id": 30,
      "team": "UPY",
      "team_name": "UPY",
      "rank": "222",
      "position_id": 8,
      "position_name": "Raider",
      "team_full_name": "U.P. Yoddha"
    },
    {
      "player_id": 660,
      "player_name": "Bhavani Rajput",
      "match_played": 4,
      "value": 1,
      "team_id": 29,
      "team": "TT",
      "team_name": "TT",
      "rank": "222",
      "position_id": 8,
      "position_name": "Raider",
      "team_full_name": "Tamil Thalaivas"
    },
    {
      "player_id": 733,
      "player_name": "Surinder Singh",
      "match_played": 60,
      "value": 1,
      "team_id": 5,
      "team": "MUM",
      "team_name": "MUM",
      "rank": "222",
      "position_id": 9,
      "position_name": "Defender",
      "team_full_name": "U Mumba"
    },
    {
      "player_id": 698,
      "player_name": "Vishav Chaudhary",
      "match_played": 2,
      "value": 1,
      "team_id": 30,
      "team": "UPY",
      "team_name": "UPY",
      "rank": "222",
      "position_id": 4,
      "position_name": "Defender, left cover",
      "team_full_name": "U.P. Yoddha"
    },
    {
      "player_id": 712,
      "player_name": "Rohit Kumar",
      "match_played": 7,
      "value": 1,
      "team_id": 30,
      "team": "UPY",
      "team_name": "UPY",
      "rank": "222",
      "position_id": 7,
      "position_name": "Defender, right cover",
      "team_full_name": "U.P. Yoddha"
    },
    {
      "player_id": 2336,
      "player_name": "Anuj Kumar",
      "match_played": 7,
      "value": 1,
      "team_id": 8,
      "team": "HYD",
      "team_name": "HYD",
      "rank": "222",
      "position_id": 7,
      "position_name": "Defender, right cover",
      "team_full_name": "Telugu Titans"
    },
    {
      "player_id": 2330,
      "player_name": "Sumit",
      "match_played": 17,
      "value": 1,
      "team_id": 30,
      "team": "UPY",
      "team_name": "UPY",
      "rank": "222",
      "position_id": 3,
      "position_name": "Defender, left corner",
      "team_full_name": "U.P. Yoddha"
    },
    {
      "player_id": 2376,
      "player_name": "Emad Sedaghatnia",
      "match_played": 1,
      "value": 1,
      "team_id": 7,
      "team": "PUN",
      "team_name": "PUN",
      "rank": "222",
      "position_id": 8,
      "position_name": "Raider",
      "team_full_name": "Puneri Paltan"
    },
    {
      "player_id": 2463,
      "player_name": "Parveen",
      "match_played": 25,
      "value": 1,
      "team_id": 28,
      "team": "HS",
      "team_name": "HS",
      "rank": "222",
      "position_id": 4,
      "position_name": "Defender, left cover",
      "team_full_name": "Haryana Steelers"
    },
    {
      "player_id": 2470,
      "player_name": "Adarsh T",
      "match_played": 19,
      "value": 1,
      "team_id": 4,
      "team": "KOL",
      "team_name": "KOL",
      "rank": "222",
      "position_id": 3,
      "position_name": "Defender, left corner",
      "team_full_name": "Bengal Warriors"
    },
    {
      "player_id": 2474,
      "player_name": "Aman Kadian",
      "match_played": 3,
      "value": 1,
      "team_id": 2,
      "team": "DEL",
      "team_name": "DEL",
      "rank": "222",
      "position_id": 8,
      "position_name": "Raider",
      "team_full_name": "Dabang Delhi K.C."
    },
    {
      "player_id": 2020,
      "player_name": "Amit",
      "match_played": 31,
      "value": 1,
      "team_id": 30,
      "team": "UPY",
      "team_name": "UPY",
      "rank": "222",
      "position_id": 4,
      "position_name": "Defender, left cover",
      "team_full_name": "U.P. Yoddha"
    },
    {
      "player_id": 2025,
      "player_name": "Ajinkya Rohidas Kapre",
      "match_played": 2,
      "value": 1,
      "team_id": 5,
      "team": "MUM",
      "team_name": "MUM",
      "rank": "222",
      "position_id": 1,
      "position_name": "All Rounder",
      "team_full_name": "U Mumba"
    },
    {
      "player_id": 2514,
      "player_name": "Chand Singh",
      "match_played": 6,
      "value": 1,
      "team_id": 28,
      "team": "HS",
      "team_name": "HS",
      "rank": "222",
      "position_id": 3,
      "position_name": "Defender, left corner",
      "team_full_name": "Haryana Steelers"
    },
    {
      "player_id": 2515,
      "player_name": "Vikas Chhillar",
      "match_played": 1,
      "value": 1,
      "team_id": 28,
      "team": "HS",
      "team_name": "HS",
      "rank": "222",
      "position_id": 8,
      "position_name": "Raider",
      "team_full_name": "Haryana Steelers"
    },
    {
      "player_id": 2479,
      "player_name": "Shubham Shinde",
      "match_played": 23,
      "value": 1,
      "team_id": 7,
      "team": "PUN",
      "team_name": "PUN",
      "rank": "222",
      "position_id": 6,
      "position_name": "Defender, right corner",
      "team_full_name": "Puneri Paltan"
    },
    {
      "player_id": 2669,
      "player_name": "Balram",
      "match_played": 1,
      "value": 1,
      "team_id": 2,
      "team": "DEL",
      "team_name": "DEL",
      "rank": "222",
      "position_id": 1,
      "position_name": "All Rounder",
      "team_full_name": "Dabang Delhi K.C."
    },
    {
      "player_id": 2670,
      "player_name": "Saurabh Nandal",
      "match_played": 16,
      "value": 1,
      "team_id": 1,
      "team": "BEN",
      "team_name": "BEN",
      "rank": "222",
      "position_id": 3,
      "position_name": "Defender, left corner",
      "team_full_name": "Bengaluru Bulls"
    },
    {
      "player_id": 154,
      "player_name": "Gurchet Singh",
      "match_played": 4,
      "value": 1,
      "team_id": 1,
      "team": "BEN",
      "team_name": "BEN",
      "rank": "222",
      "position_id": null,
      "position_name": null,
      "team_full_name": "Bengaluru Bulls"
    },
    {
      "player_id": 158,
      "player_name": "Rakesh Singh Kumar",
      "match_played": 49,
      "value": 1,
      "team_id": 28,
      "team": "HS",
      "team_name": "HS",
      "rank": "222",
      "position_id": 4,
      "position_name": "Defender, left cover",
      "team_full_name": "Haryana Steelers"
    },
    {
      "player_id": 199,
      "player_name": "Kazuhiro Takano",
      "match_played": 2,
      "value": 1,
      "team_id": 3,
      "team": "JAI",
      "team_name": "JAI",
      "rank": "222",
      "position_id": 1,
      "position_name": "All Rounder",
      "team_full_name": "Jaipur Pink Panthers"
    },
    {
      "player_id": 178,
      "player_name": "Parveen M. Jangra",
      "match_played": 6,
      "value": 1,
      "team_id": 4,
      "team": "KOL",
      "team_name": "KOL",
      "rank": "222",
      "position_id": 4,
      "position_name": "Defender, left cover",
      "team_full_name": "Bengal Warriors"
    },
    {
      "player_id": 224,
      "player_name": "Inderpal Bishnoi",
      "match_played": 2,
      "value": 1,
      "team_id": 2,
      "team": "DEL",
      "team_name": "DEL",
      "rank": "222",
      "position_id": 8,
      "position_name": "Raider",
      "team_full_name": "Dabang Delhi K.C."
    },
    {
      "player_id": 241,
      "player_name": "Ravit Kumar",
      "match_played": 3,
      "value": 1,
      "team_id": 8,
      "team": "HYD",
      "team_name": "HYD",
      "rank": "222",
      "position_id": 8,
      "position_name": "Raider",
      "team_full_name": "Telugu Titans"
    },
    {
      "player_id": 250,
      "player_name": "Hyunil Park",
      "match_played": 2,
      "value": 1,
      "team_id": 8,
      "team": "HYD",
      "team_name": "HYD",
      "rank": "222",
      "position_id": 1,
      "position_name": "All Rounder",
      "team_full_name": "Telugu Titans"
    },
    {
      "player_id": 274,
      "player_name": "Krushna Madane",
      "match_played": 14,
      "value": 1,
      "team_id": 8,
      "team": "HYD",
      "team_name": "HYD",
      "rank": "222",
      "position_id": 9,
      "position_name": "Defender",
      "team_full_name": "Telugu Titans"
    },
    {
      "player_id": 263,
      "player_name": "Jay Bahadur Bohara",
      "match_played": 1,
      "value": 1,
      "team_id": 7,
      "team": "PUN",
      "team_name": "PUN",
      "rank": "222",
      "position_id": 8,
      "position_name": "Raider",
      "team_full_name": "Puneri Paltan"
    },
    {
      "player_id": 54,
      "player_name": "Jeeva Kumar",
      "match_played": 109,
      "value": 1,
      "team_id": 4,
      "team": "KOL",
      "team_name": "KOL",
      "rank": "222",
      "position_id": 5,
      "position_name": "Defender, right and left cover",
      "team_full_name": "Bengal Warriors"
    },
    {
      "player_id": 45,
      "player_name": "Gurpreet Singh",
      "match_played": 18,
      "value": 1,
      "team_id": 7,
      "team": "PUN",
      "team_name": "PUN",
      "rank": "222",
      "position_id": 6,
      "position_name": "Defender, right corner",
      "team_full_name": "Puneri Paltan"
    },
    {
      "player_id": 28,
      "player_name": "Amit Singh Chhillar",
      "match_played": 35,
      "value": 1,
      "team_id": 8,
      "team": "HYD",
      "team_name": "HYD",
      "rank": "222",
      "position_id": 3,
      "position_name": "Defender, left corner",
      "team_full_name": "Telugu Titans"
    },
    {
      "player_id": 9,
      "player_name": "Takamitsu Kono",
      "match_played": 1,
      "value": 1,
      "team_id": 7,
      "team": "PUN",
      "team_name": "PUN",
      "rank": "222",
      "position_id": 1,
      "position_name": "All Rounder",
      "team_full_name": "Puneri Paltan"
    },
    {
      "player_id": 11,
      "player_name": "Dong Ju Hong",
      "match_played": 9,
      "value": 1,
      "team_id": 5,
      "team": "MUM",
      "team_name": "MUM",
      "rank": "222",
      "position_id": 1,
      "position_name": "All Rounder",
      "team_full_name": "U Mumba"
    },
    {
      "player_id": 147,
      "player_name": "Prashant Chavan",
      "match_played": 41,
      "value": 1,
      "team_id": 2,
      "team": "DEL",
      "team_name": "DEL",
      "rank": "222",
      "position_id": 6,
      "position_name": "Defender, right corner",
      "team_full_name": "Dabang Delhi K.C."
    },
    {
      "player_id": 109,
      "player_name": "Somvir Shekhar",
      "match_played": 61,
      "value": 1,
      "team_id": 3,
      "team": "JAI",
      "team_name": "JAI",
      "rank": "222",
      "position_id": 7,
      "position_name": "Defender, right cover",
      "team_full_name": "Jaipur Pink Panthers"
    },
    {
      "player_id": 113,
      "player_name": "Sunil Hanumanthappa",
      "match_played": 5,
      "value": 1,
      "team_id": 1,
      "team": "BEN",
      "team_name": "BEN",
      "rank": "222",
      "position_id": 8,
      "position_name": "Raider",
      "team_full_name": "Bengaluru Bulls"
    },
    {
      "player_id": 101,
      "player_name": "Santhosh B.S",
      "match_played": 9,
      "value": 1,
      "team_id": 30,
      "team": "UPY",
      "team_name": "UPY",
      "rank": "222",
      "position_id": 3,
      "position_name": "Defender, left corner",
      "team_full_name": "U.P. Yoddha"
    },
    {
      "player_id": 96,
      "player_name": "Rohit Rana",
      "match_played": 82,
      "value": 1,
      "team_id": 5,
      "team": "MUM",
      "team_name": "MUM",
      "rank": "222",
      "position_id": 4,
      "position_name": "Defender, left cover",
      "team_full_name": "U Mumba"
    }
  ],
  "language_lookup": {
    "stat": "Stat",
    "stat_id": "Stat Id",
    "minimum_criteria": "Minimum Criteria",
    "team_id": "Team Id",
    "team_name": "Team Name",
    "player_id": "Player Id",
    "player_name": "Player Name",
    "value": "Value",
    "match_played": "Match Played",
    "team": "Team",
    "tackles": "Tackles"
  }
}