{
  "stat": "Player Avg Tackle Points",
  "stat_id": "139",
  "minimum_criteria": "More than 5 Tackles",
  "data": [
    {
      "player_id": 69,
      "player_name": "Manjeet Chhillar",
      "match_played": 12,
      "value": 3.67,
      "team_id": 7,
      "team_name": " Pun",
      "rank": "1",
      "position_id": 1,
      "position_name": "All Rounder"
    },
    {
      "player_id": 71,
      "player_name": "Mohit Chhillar",
      "match_played": 14,
      "value": 3.36,
      "team_id": 1,
      "team_name": " Ben",
      "rank": "2",
      "position_id": 6,
      "position_name": "Defender, right corner"
    },
    {
      "player_id": 259,
      "player_name": "Fazel Atrachali",
      "match_played": 16,
      "value": 3.25,
      "team_id": 6,
      "team_name": " Pat",
      "rank": "3",
      "position_id": 3,
      "position_name": "Defender, left corner"
    },
    {
      "player_id": 212,
      "player_name": "Amit Hooda",
      "match_played": 16,
      "value": 3.19,
      "team_id": 3,
      "team_name": " Jai",
      "rank": "4",
      "position_id": 6,
      "position_name": "Defender, right corner"
    },
    {
      "player_id": 165,
      "player_name": "Sachin Shingade",
      "match_played": 14,
      "value": 3.14,
      "team_id": 2,
      "team_name": " Del",
      "rank": "5",
      "position_id": 4,
      "position_name": "Defender, left cover"
    },
    {
      "player_id": 358,
      "player_name": "Vishal Bhardwaj",
      "match_played": 2,
      "value": 3.0,
      "team_id": 8,
      "team_name": " Hyd",
      "rank": "6",
      "position_id": 1,
      "position_name": "All Rounder"
    },
    {
      "player_id": 290,
      "player_name": "Sandeep Kumar Dhull",
      "match_played": 12,
      "value": 2.92,
      "team_id": 8,
      "team_name": " Hyd",
      "rank": "7",
      "position_id": 3,
      "position_name": "Defender, left corner"
    },
    {
      "player_id": 42,
      "player_name": "Dharmaraj Cheralathan",
      "match_played": 14,
      "value": 2.79,
      "team_id": 6,
      "team_name": " Pat",
      "rank": "8",
      "position_id": 10,
      "position_name": "Defender, right and left corner"
    },
    {
      "player_id": 157,
      "player_name": "Ravinder Pahal",
      "match_played": 14,
      "value": 2.64,
      "team_id": 7,
      "team_name": " Pun",
      "rank": "9",
      "position_id": 6,
      "position_name": "Defender, right corner"
    },
    {
      "player_id": 322,
      "player_name": "PO Surjeet Singh",
      "match_played": 14,
      "value": 2.64,
      "team_id": 5,
      "team_name": " Mum",
      "rank": "9",
      "position_id": 7,
      "position_name": "Defender, right cover"
    },
    {
      "player_id": 142,
      "player_name": "Sandeep Narwal",
      "match_played": 16,
      "value": 2.63,
      "team_id": 8,
      "team_name": " Hyd",
      "rank": "11",
      "position_id": 1,
      "position_name": "All Rounder"
    },
    {
      "player_id": 146,
      "player_name": "Surender Nada",
      "match_played": 13,
      "value": 2.54,
      "team_id": 1,
      "team_name": " Ben",
      "rank": "12",
      "position_id": 3,
      "position_name": "Defender, left corner"
    },
    {
      "player_id": 215,
      "player_name": "Vinod Kumar",
      "match_played": 12,
      "value": 2.5,
      "team_id": 8,
      "team_name": " Hyd",
      "rank": "13",
      "position_id": 4,
      "position_name": "Defender, left cover"
    },
    {
      "player_id": 252,
      "player_name": "Kuldeep Singh",
      "match_played": 15,
      "value": 2.27,
      "team_id": 6,
      "team_name": " Pat",
      "rank": "14",
      "position_id": 1,
      "position_name": "All Rounder"
    },
    {
      "player_id": 123,
      "player_name": "Vishal Mane",
      "match_played": 14,
      "value": 2.21,
      "team_id": 4,
      "team_name": " Kol",
      "rank": "15",
      "position_id": 7,
      "position_name": "Defender, right cover"
    },
    {
      "player_id": 73,
      "player_name": "Nilesh Shinde",
      "match_played": 12,
      "value": 2.17,
      "team_id": 4,
      "team_name": " Kol",
      "rank": "16",
      "position_id": 6,
      "position_name": "Defender, right corner"
    },
    {
      "player_id": 194,
      "player_name": "Joginder Singh Narwal",
      "match_played": 16,
      "value": 2.13,
      "team_id": 7,
      "team_name": " Pun",
      "rank": "17",
      "position_id": 3,
      "position_name": "Defender, left corner"
    },
    {
      "player_id": 161,
      "player_name": "Girish Maruti Ernak",
      "match_played": 12,
      "value": 2.08,
      "team_id": 4,
      "team_name": " Kol",
      "rank": "18",
      "position_id": 3,
      "position_name": "Defender, left corner"
    },
    {
      "player_id": 272,
      "player_name": "Umesh Mhatre",
      "match_played": 2,
      "value": 2.0,
      "team_id": 2,
      "team_name": " Del",
      "rank": "19",
      "position_id": 8,
      "position_name": "Raider"
    },
    {
      "player_id": 54,
      "player_name": "Jeeva Kumar",
      "match_played": 14,
      "value": 1.86,
      "team_id": 5,
      "team_name": " Mum",
      "rank": "20",
      "position_id": 5,
      "position_name": "Defender, right and left cover"
    },
    {
      "player_id": 88,
      "player_name": "Rakesh Kumar",
      "match_played": 14,
      "value": 1.86,
      "team_id": 5,
      "team_name": " Mum",
      "rank": "20",
      "position_id": 1,
      "position_name": "All Rounder"
    },
    {
      "player_id": 360,
      "player_name": "Sanket Chavan",
      "match_played": 6,
      "value": 1.83,
      "team_id": 2,
      "team_name": " Del",
      "rank": "22",
      "position_id": 3,
      "position_name": "Defender, left corner"
    },
    {
      "player_id": 160,
      "player_name": "Ran Singh",
      "match_played": 16,
      "value": 1.75,
      "team_id": 3,
      "team_name": " Jai",
      "rank": "23",
      "position_id": 1,
      "position_name": "All Rounder"
    },
    {
      "player_id": 249,
      "player_name": "Hadi Oshtorak",
      "match_played": 7,
      "value": 1.71,
      "team_id": 6,
      "team_name": " Pat",
      "rank": "24",
      "position_id": 1,
      "position_name": "All Rounder"
    },
    {
      "player_id": 386,
      "player_name": "Anil Kumar",
      "match_played": 9,
      "value": 1.67,
      "team_id": 2,
      "team_name": " Del",
      "rank": "25",
      "position_id": 3,
      "position_name": "Defender, left corner"
    },
    {
      "player_id": 202,
      "player_name": "Ashish Kumar",
      "match_played": 14,
      "value": 1.64,
      "team_id": 1,
      "team_name": " Ben",
      "rank": "26",
      "position_id": 7,
      "position_name": "Defender, right cover"
    },
    {
      "player_id": 207,
      "player_name": "Sunil",
      "match_played": 10,
      "value": 1.6,
      "team_id": 5,
      "team_name": " Mum",
      "rank": "27",
      "position_id": 3,
      "position_name": "Defender, left corner"
    },
    {
      "player_id": 164,
      "player_name": "Bajirao Hodage",
      "match_played": 14,
      "value": 1.57,
      "team_id": 6,
      "team_name": " Pat",
      "rank": "28",
      "position_id": 7,
      "position_name": "Defender, right cover"
    },
    {
      "player_id": 51,
      "player_name": "Jasmer Singh Gulia",
      "match_played": 13,
      "value": 1.46,
      "team_id": 8,
      "team_name": " Ben, Hyd",
      "rank": "29",
      "position_id": 1,
      "position_name": "All Rounder"
    },
    {
      "player_id": 391,
      "player_name": "S Mahalingam",
      "match_played": 11,
      "value": 1.45,
      "team_id": 8,
      "team_name": " Hyd",
      "rank": "30",
      "position_id": 1,
      "position_name": "All Rounder"
    },
    {
      "player_id": 28,
      "player_name": "Amit Singh Chhillar",
      "match_played": 9,
      "value": 1.44,
      "team_id": 4,
      "team_name": " Kol",
      "rank": "31",
      "position_id": 3,
      "position_name": "Defender, left corner"
    },
    {
      "player_id": 152,
      "player_name": "D. Gopu",
      "match_played": 5,
      "value": 1.4,
      "team_id": 2,
      "team_name": " Del",
      "rank": "32",
      "position_id": 10,
      "position_name": "Defender, right and left corner"
    },
    {
      "player_id": 109,
      "player_name": "Somvir Shekhar",
      "match_played": 16,
      "value": 1.38,
      "team_id": 7,
      "team_name": " Pun",
      "rank": "33",
      "position_id": 7,
      "position_name": "Defender, right cover"
    },
    {
      "player_id": 162,
      "player_name": "D. Suresh Kumar",
      "match_played": 14,
      "value": 1.36,
      "team_id": 2,
      "team_name": " Del",
      "rank": "34",
      "position_id": 7,
      "position_name": "Defender, right cover"
    },
    {
      "player_id": 86,
      "player_name": "Rajesh Narwal",
      "match_played": 16,
      "value": 1.19,
      "team_id": 3,
      "team_name": " Jai",
      "rank": "35",
      "position_id": 1,
      "position_name": "All Rounder"
    },
    {
      "player_id": 147,
      "player_name": "Prashant Chavan",
      "match_played": 9,
      "value": 1.11,
      "team_id": 2,
      "team_name": " Del",
      "rank": "36",
      "position_id": 6,
      "position_name": "Defender, right corner"
    },
    {
      "player_id": 191,
      "player_name": "C. Arun",
      "match_played": 14,
      "value": 1.07,
      "team_id": 4,
      "team_name": " Kol",
      "rank": "37",
      "position_id": 4,
      "position_name": "Defender, left cover"
    },
    {
      "player_id": 97,
      "player_name": "Rupesh Tomar",
      "match_played": 3,
      "value": 1.0,
      "team_id": 8,
      "team_name": " Hyd",
      "rank": "38",
      "position_id": 1,
      "position_name": "All Rounder"
    },
    {
      "player_id": 364,
      "player_name": "Ajay Singh",
      "match_played": 1,
      "value": 1.0,
      "team_id": 1,
      "team_name": " Ben",
      "rank": "38",
      "position_id": 3,
      "position_name": "Defender, left corner"
    },
    {
      "player_id": 105,
      "player_name": "Shabeer Bappu",
      "match_played": 12,
      "value": 0.92,
      "team_id": 3,
      "team_name": " Jai",
      "rank": "40",
      "position_id": 8,
      "position_name": "Raider"
    },
    {
      "player_id": 251,
      "player_name": "Meraj Sheykh",
      "match_played": 14,
      "value": 0.86,
      "team_id": 2,
      "team_name": " Del",
      "rank": "41",
      "position_id": 1,
      "position_name": "All Rounder"
    },
    {
      "player_id": 58,
      "player_name": "Kashiling Adake",
      "match_played": 13,
      "value": 0.85,
      "team_id": 2,
      "team_name": " Ben, Del",
      "rank": "42",
      "position_id": 8,
      "position_name": "Raider"
    },
    {
      "player_id": 118,
      "player_name": "Surjeet Narwal",
      "match_played": 5,
      "value": 0.8,
      "team_id": 4,
      "team_name": " Kol",
      "rank": "43",
      "position_id": 8,
      "position_name": "Raider"
    },
    {
      "player_id": 29,
      "player_name": "Anup Kumar",
      "match_played": 14,
      "value": 0.71,
      "team_id": 5,
      "team_name": " Mum",
      "rank": "44",
      "position_id": 8,
      "position_name": "Raider"
    },
    {
      "player_id": 67,
      "player_name": "Mahipal Narwal",
      "match_played": 14,
      "value": 0.64,
      "team_id": 3,
      "team_name": " Jai",
      "rank": "45",
      "position_id": 1,
      "position_name": "All Rounder"
    },
    {
      "player_id": 96,
      "player_name": "Rohit Rana",
      "match_played": 5,
      "value": 0.6,
      "team_id": 3,
      "team_name": " Jai",
      "rank": "46",
      "position_id": 4,
      "position_name": "Defender, left cover"
    },
    {
      "player_id": 347,
      "player_name": "Sagar B Krishna",
      "match_played": 11,
      "value": 0.55,
      "team_id": 8,
      "team_name": " Hyd",
      "rank": "47",
      "position_id": 1,
      "position_name": "All Rounder"
    },
    {
      "player_id": 326,
      "player_name": "Rohit Kumar",
      "match_played": 14,
      "value": 0.5,
      "team_id": 1,
      "team_name": " Ben",
      "rank": "48",
      "position_id": 8,
      "position_name": "Raider"
    },
    {
      "player_id": 70,
      "player_name": "Manoj Kumar",
      "match_played": 8,
      "value": 0.5,
      "team_id": 1,
      "team_name": " Ben",
      "rank": "48",
      "position_id": 4,
      "position_name": "Defender, left cover"
    },
    {
      "player_id": 311,
      "player_name": "Anil Kumar",
      "match_played": 4,
      "value": 0.5,
      "team_id": 6,
      "team_name": " Pat",
      "rank": "48",
      "position_id": 4,
      "position_name": "Defender, left cover"
    },
    {
      "player_id": 52,
      "player_name": "Jasvir Singh",
      "match_played": 14,
      "value": 0.43,
      "team_id": 3,
      "team_name": " Jai",
      "rank": "51",
      "position_id": 8,
      "position_name": "Raider"
    },
    {
      "player_id": 357,
      "player_name": "Parvesh Bhainswal",
      "match_played": 7,
      "value": 0.43,
      "team_id": 3,
      "team_name": " Jai",
      "rank": "51",
      "position_id": 4,
      "position_name": "Defender, left cover"
    },
    {
      "player_id": 119,
      "player_name": "CPO Surjeet Singh",
      "match_played": 10,
      "value": 0.4,
      "team_id": 6,
      "team_name": " Pat",
      "rank": "53",
      "position_id": 8,
      "position_name": "Raider"
    },
    {
      "player_id": 245,
      "player_name": "Yogesh Hooda",
      "match_played": 5,
      "value": 0.4,
      "team_id": 1,
      "team_name": " Ben",
      "rank": "53",
      "position_id": 8,
      "position_name": "Raider"
    },
    {
      "player_id": 12,
      "player_name": "Jang Kun Lee",
      "match_played": 11,
      "value": 0.36,
      "team_id": 4,
      "team_name": " Kol",
      "rank": "55",
      "position_id": 8,
      "position_name": "Raider"
    },
    {
      "player_id": 390,
      "player_name": "Jawahar Dagar",
      "match_played": 6,
      "value": 0.33,
      "team_id": 3,
      "team_name": " Jai",
      "rank": "56",
      "position_id": 8,
      "position_name": "Raider"
    },
    {
      "player_id": 388,
      "player_name": "Monu Goyat",
      "match_played": 13,
      "value": 0.31,
      "team_id": 4,
      "team_name": " Kol",
      "rank": "57",
      "position_id": 8,
      "position_name": "Raider"
    },
    {
      "player_id": 173,
      "player_name": "Suresu Kumar",
      "match_played": 11,
      "value": 0.27,
      "team_id": 5,
      "team_name": " Mum",
      "rank": "58",
      "position_id": 8,
      "position_name": "Raider"
    },
    {
      "player_id": 167,
      "player_name": "Preetam Chhillar",
      "match_played": 8,
      "value": 0.25,
      "team_id": 7,
      "team_name": " Ben, Pun",
      "rank": "59",
      "position_id": 1,
      "position_name": "All Rounder"
    },
    {
      "player_id": 41,
      "player_name": "Deepak Niwas Hooda",
      "match_played": 16,
      "value": 0.25,
      "team_id": 7,
      "team_name": " Pun",
      "rank": "59",
      "position_id": 1,
      "position_name": "All Rounder"
    },
    {
      "player_id": 81,
      "player_name": "Rahul Chaudhari",
      "match_played": 16,
      "value": 0.25,
      "team_id": 8,
      "team_name": " Hyd",
      "rank": "59",
      "position_id": 8,
      "position_name": "Raider"
    },
    {
      "player_id": 185,
      "player_name": "Vijin Thangadurai",
      "match_played": 9,
      "value": 0.22,
      "team_id": 6,
      "team_name": " Pat",
      "rank": "62",
      "position_id": 7,
      "position_name": "Defender, right cover"
    },
    {
      "player_id": 288,
      "player_name": "Rahul Kumar",
      "match_played": 9,
      "value": 0.22,
      "team_id": 1,
      "team_name": " Ben",
      "rank": "62",
      "position_id": 7,
      "position_name": "Defender, right cover"
    },
    {
      "player_id": 234,
      "player_name": "Surender Singh",
      "match_played": 11,
      "value": 0.18,
      "team_id": 5,
      "team_name": " Mum",
      "rank": "64",
      "position_id": 8,
      "position_name": "Raider"
    },
    {
      "player_id": 75,
      "player_name": "Nitin Madane",
      "match_played": 13,
      "value": 0.15,
      "team_id": 4,
      "team_name": " Kol",
      "rank": "65",
      "position_id": 8,
      "position_name": "Raider"
    },
    {
      "player_id": 85,
      "player_name": "Rajesh Mondal",
      "match_played": 15,
      "value": 0.13,
      "team_id": 6,
      "team_name": " Pat",
      "rank": "66",
      "position_id": 8,
      "position_name": "Raider"
    },
    {
      "player_id": 150,
      "player_name": "Parmod Narwal",
      "match_played": 8,
      "value": 0.13,
      "team_id": 7,
      "team_name": " Pun",
      "rank": "66",
      "position_id": 1,
      "position_name": "All Rounder"
    },
    {
      "player_id": 197,
      "player_name": "Pardeep Narwal",
      "match_played": 16,
      "value": 0.13,
      "team_id": 6,
      "team_name": " Pat",
      "rank": "66",
      "position_id": 8,
      "position_name": "Raider"
    },
    {
      "player_id": 242,
      "player_name": "Tushar Patil",
      "match_played": 8,
      "value": 0.13,
      "team_id": 3,
      "team_name": " Jai",
      "rank": "66",
      "position_id": 8,
      "position_name": "Raider"
    },
    {
      "player_id": 156,
      "player_name": "Pawan Kumar Kadian",
      "match_played": 9,
      "value": 0.11,
      "team_id": 1,
      "team_name": " Ben",
      "rank": "70",
      "position_id": 8,
      "position_name": "Raider"
    },
    {
      "player_id": 387,
      "player_name": "Vinod Kumar",
      "match_played": 9,
      "value": 0.11,
      "team_id": 1,
      "team_name": " Ben",
      "rank": "70",
      "position_id": 8,
      "position_name": "Raider"
    },
    {
      "player_id": 320,
      "player_name": "Nitin Tomar",
      "match_played": 12,
      "value": 0.08,
      "team_id": 7,
      "team_name": " Pun",
      "rank": "72",
      "position_id": 8,
      "position_name": "Raider"
    },
    {
      "player_id": 293,
      "player_name": "Nilesh Salunke",
      "match_played": 15,
      "value": 0.07,
      "team_id": 8,
      "team_name": " Hyd",
      "rank": "73",
      "position_id": 8,
      "position_name": "Raider"
    },
    {
      "player_id": 26,
      "player_name": "Ajay Thakur",
      "match_played": 16,
      "value": 0.06,
      "team_id": 7,
      "team_name": " Pun",
      "rank": "74",
      "position_id": 8,
      "position_name": "Raider"
    },
    {
      "player_id": 53,
      "player_name": "Jeeva Gopal",
      "match_played": 5,
      "value": 0.0,
      "team_id": 1,
      "team_name": " Ben",
      "rank": "75",
      "position_id": 4,
      "position_name": "Defender, left cover"
    },
    {
      "player_id": 94,
      "player_name": "Rishank Devadiga",
      "match_played": 14,
      "value": 0.0,
      "team_id": 5,
      "team_name": " Mum",
      "rank": "75",
      "position_id": 8,
      "position_name": "Raider"
    },
    {
      "player_id": 111,
      "player_name": "Sukesh Hegde",
      "match_played": 9,
      "value": 0.0,
      "team_id": 8,
      "team_name": " Hyd",
      "rank": "75",
      "position_id": 8,
      "position_name": "Raider"
    },
    {
      "player_id": 264,
      "player_name": "Selvamani K",
      "match_played": 13,
      "value": 0.0,
      "team_id": 2,
      "team_name": " Del",
      "rank": "75",
      "position_id": 8,
      "position_name": "Raider"
    },
    {
      "player_id": 240,
      "player_name": "Ravi Kumar",
      "match_played": 5,
      "value": 0.0,
      "team_id": 4,
      "team_name": " Kol",
      "rank": "75",
      "position_id": 7,
      "position_name": "Defender, right cover"
    },
    {
      "player_id": 389,
      "player_name": "Ajay Kumar",
      "match_played": 15,
      "value": 0.0,
      "team_id": 3,
      "team_name": " Jai",
      "rank": "75",
      "position_id": 8,
      "position_name": "Raider"
    }
  ],
  "language_lookup": {
    "stat": "Stat",
    "stat_id": "Stat Id",
    "minimum_criteria": "Minimum Criteria",
    "team_id": "Team Id",
    "team_name": "Team Name",
    "player_id": "Player Id",
    "player_name": "Player Name",
    "value": "Value",
    "match_played": "Match Played",
    "team": "Team",
    "tackles": "Tackles"
  }
}