{
  "stat": "Player Avg Raid Points",
  "stat_id": "138",
  "minimum_criteria": "",
  "data": [
    {
      "player_id": 318,
      "player_name": "Pawan Kumar Sehrawat",
      "match_played": 17,
      "value": 12.76,
      "team_id": 1,
      "team_name": " Ben",
      "rank": "1",
      "position_id": 8,
      "position_name": "Raider",
      "team_full_name": "Bengaluru Bulls"
    },
    {
      "player_id": 2296,
      "player_name": "Naveen Kumar",
      "match_played": 16,
      "value": 12.31,
      "team_id": 2,
      "team_name": " Del",
      "rank": "2",
      "position_id": 8,
      "position_name": "Raider",
      "team_full_name": "Dabang Delhi K.C."
    },
    {
      "player_id": 197,
      "player_name": "Pardeep Narwal",
      "match_played": 17,
      "value": 12.18,
      "team_id": 6,
      "team_name": " Pat",
      "rank": "3",
      "position_id": 8,
      "position_name": "Raider",
      "team_full_name": "Patna Pirates"
    },
    {
      "player_id": 366,
      "player_name": "Vikash Kandola",
      "match_played": 13,
      "value": 9.62,
      "team_id": 28,
      "team_name": " HS",
      "rank": "4",
      "position_id": 8,
      "position_name": "Raider",
      "team_full_name": "Haryana Steelers"
    },
    {
      "player_id": 143,
      "player_name": "Maninder Singh",
      "match_played": 17,
      "value": 9.18,
      "team_id": 4,
      "team_name": " Kol",
      "rank": "5",
      "position_id": 8,
      "position_name": "Raider",
      "team_full_name": "Bengal Warriors"
    },
    {
      "player_id": 2026,
      "player_name": "Siddharth Sirish Desai",
      "match_played": 16,
      "value": 8.56,
      "team_id": 8,
      "team_name": " Hyd",
      "rank": "6",
      "position_id": 8,
      "position_name": "Raider",
      "team_full_name": "Telugu Titans"
    },
    {
      "player_id": 41,
      "player_name": "Deepak Niwas Hooda",
      "match_played": 17,
      "value": 6.71,
      "team_id": 3,
      "team_name": " Jai",
      "rank": "7",
      "position_id": 1,
      "position_name": "All Rounder",
      "team_full_name": "Jaipur Pink Panthers"
    },
    {
      "player_id": 2661,
      "player_name": "Pankaj Mohite",
      "match_played": 15,
      "value": 6.53,
      "team_id": 7,
      "team_name": " Pun",
      "rank": "8",
      "position_id": 8,
      "position_name": "Raider",
      "team_full_name": "Puneri Paltan"
    },
    {
      "player_id": 2508,
      "player_name": "V. Ajith Kumar",
      "match_played": 15,
      "value": 6.36,
      "team_id": 29,
      "team_name": " TT",
      "rank": "9",
      "position_id": 8,
      "position_name": "Raider",
      "team_full_name": "Tamil Thalaivas"
    },
    {
      "player_id": 81,
      "player_name": "Rahul Chaudhari",
      "match_played": 18,
      "value": 6.28,
      "team_id": 29,
      "team_name": " TT",
      "rank": "10",
      "position_id": 8,
      "position_name": "Raider",
      "team_full_name": "Tamil Thalaivas"
    },
    {
      "player_id": 2028,
      "player_name": "Abhishek Singh",
      "match_played": 14,
      "value": 6.21,
      "team_id": 5,
      "team_name": " Mum",
      "rank": "11",
      "position_id": 8,
      "position_name": "Raider",
      "team_full_name": "U Mumba"
    },
    {
      "player_id": 106,
      "player_name": "Shrikant Jadhav",
      "match_played": 17,
      "value": 6.06,
      "team_id": 30,
      "team_name": " UPY",
      "rank": "12",
      "position_id": 8,
      "position_name": "Raider",
      "team_full_name": "U.P. Yoddha"
    },
    {
      "player_id": 219,
      "player_name": "K. Prapanjan",
      "match_played": 17,
      "value": 5.88,
      "team_id": 4,
      "team_name": " Kol",
      "rank": "13",
      "position_id": 8,
      "position_name": "Raider",
      "team_full_name": "Bengal Warriors"
    },
    {
      "player_id": 757,
      "player_name": "Sachin Tanwar",
      "match_played": 15,
      "value": 5.53,
      "team_id": 31,
      "team_name": " GFG",
      "rank": "14",
      "position_id": 8,
      "position_name": "Raider",
      "team_full_name": "Gujarat Fortunegiants"
    },
    {
      "player_id": 686,
      "player_name": "Rohit Gulia",
      "match_played": 17,
      "value": 5.41,
      "team_id": 31,
      "team_name": " GFG",
      "rank": "15",
      "position_id": 1,
      "position_name": "All Rounder",
      "team_full_name": "Gujarat Fortunegiants"
    },
    {
      "player_id": 326,
      "player_name": "Rohit Kumar",
      "match_played": 17,
      "value": 5.18,
      "team_id": 1,
      "team_name": " Ben",
      "rank": "16",
      "position_id": 8,
      "position_name": "Raider",
      "team_full_name": "Bengaluru Bulls"
    },
    {
      "player_id": 763,
      "player_name": "Manjeet",
      "match_played": 18,
      "value": 5.11,
      "team_id": 7,
      "team_name": " Pun",
      "rank": "17",
      "position_id": 8,
      "position_name": "Raider",
      "team_full_name": "Puneri Paltan"
    },
    {
      "player_id": 2024,
      "player_name": "Arjun Deshwal",
      "match_played": 15,
      "value": 5.07,
      "team_id": 5,
      "team_name": " Mum",
      "rank": "18",
      "position_id": 8,
      "position_name": "Raider",
      "team_full_name": "U Mumba"
    },
    {
      "player_id": 36,
      "player_name": "Chandran Ranjit",
      "match_played": 15,
      "value": 5.0,
      "team_id": 2,
      "team_name": " Del",
      "rank": "19",
      "position_id": 8,
      "position_name": "Raider",
      "team_full_name": "Dabang Delhi K.C."
    },
    {
      "player_id": 320,
      "player_name": "Nitin Tomar",
      "match_played": 11,
      "value": 4.9,
      "team_id": 7,
      "team_name": " Pun",
      "rank": "20",
      "position_id": 8,
      "position_name": "Raider",
      "team_full_name": "Puneri Paltan"
    },
    {
      "player_id": 2488,
      "player_name": "Vinay",
      "match_played": 16,
      "value": 4.81,
      "team_id": 28,
      "team_name": " HS",
      "rank": "21",
      "position_id": 8,
      "position_name": "Raider",
      "team_full_name": "Haryana Steelers"
    },
    {
      "player_id": 388,
      "player_name": "Monu Goyat",
      "match_played": 9,
      "value": 4.78,
      "team_id": 30,
      "team_name": " UPY",
      "rank": "22",
      "position_id": 8,
      "position_name": "Raider",
      "team_full_name": "U.P. Yoddha"
    },
    {
      "player_id": 26,
      "player_name": "Ajay Thakur",
      "match_played": 13,
      "value": 4.46,
      "team_id": 29,
      "team_name": " TT",
      "rank": "23",
      "position_id": 8,
      "position_name": "Raider",
      "team_full_name": "Tamil Thalaivas"
    },
    {
      "player_id": 2357,
      "player_name": "Naveen",
      "match_played": 13,
      "value": 4.31,
      "team_id": 28,
      "team_name": " HS",
      "rank": "24",
      "position_id": 8,
      "position_name": "Raider",
      "team_full_name": "Haryana Steelers"
    },
    {
      "player_id": 156,
      "player_name": "Pawan Kumar Kadian",
      "match_played": 6,
      "value": 4.17,
      "team_id": 7,
      "team_name": " Pun",
      "rank": "25",
      "position_id": 8,
      "position_name": "Raider",
      "team_full_name": "Puneri Paltan"
    },
    {
      "player_id": 115,
      "player_name": "Suraj Desai",
      "match_played": 12,
      "value": 4.0,
      "team_id": 8,
      "team_name": " Hyd",
      "rank": "26",
      "position_id": 8,
      "position_name": "Raider",
      "team_full_name": "Telugu Titans"
    },
    {
      "player_id": 484,
      "player_name": "Mohammad Esmaeil Nabibakhsh",
      "match_played": 17,
      "value": 3.94,
      "team_id": 4,
      "team_name": " Kol",
      "rank": "27",
      "position_id": 1,
      "position_name": "All Rounder",
      "team_full_name": "Bengal Warriors"
    },
    {
      "player_id": 155,
      "player_name": "Prashanth Kumar Rai",
      "match_played": 10,
      "value": 3.8,
      "team_id": 28,
      "team_name": " HS",
      "rank": "28",
      "position_id": 8,
      "position_name": "Raider",
      "team_full_name": "Haryana Steelers"
    },
    {
      "player_id": 94,
      "player_name": "Rishank Devadiga",
      "match_played": 13,
      "value": 3.46,
      "team_id": 30,
      "team_name": " UPY",
      "rank": "29",
      "position_id": 8,
      "position_name": "Raider",
      "team_full_name": "U.P. Yoddha"
    },
    {
      "player_id": 2290,
      "player_name": "Rajnish",
      "match_played": 8,
      "value": 3.38,
      "team_id": 8,
      "team_name": " Hyd",
      "rank": "30",
      "position_id": 8,
      "position_name": "Raider",
      "team_full_name": "Telugu Titans"
    },
    {
      "player_id": 2286,
      "player_name": "Surender Gill",
      "match_played": 14,
      "value": 3.36,
      "team_id": 30,
      "team_name": " UPY",
      "rank": "31",
      "position_id": 8,
      "position_name": "Raider",
      "team_full_name": "U.P. Yoddha"
    },
    {
      "player_id": 12,
      "player_name": "Jang Kun Lee",
      "match_played": 11,
      "value": 3.18,
      "team_id": 6,
      "team_name": " Pat",
      "rank": "32",
      "position_id": 8,
      "position_name": "Raider",
      "team_full_name": "Patna Pirates"
    },
    {
      "player_id": 376,
      "player_name": "Athul MS",
      "match_played": 12,
      "value": 3.0,
      "team_id": 5,
      "team_name": " Mum",
      "rank": "33",
      "position_id": 8,
      "position_name": "Raider",
      "team_full_name": "U Mumba"
    },
    {
      "player_id": 261,
      "player_name": "Rohit Baliyan",
      "match_played": 13,
      "value": 2.92,
      "team_id": 5,
      "team_name": " Mum",
      "rank": "34",
      "position_id": 8,
      "position_name": "Raider",
      "team_full_name": "U Mumba"
    },
    {
      "player_id": 111,
      "player_name": "Sukesh Hegde",
      "match_played": 10,
      "value": 2.8,
      "team_id": 4,
      "team_name": " Kol",
      "rank": "35",
      "position_id": 8,
      "position_name": "Raider",
      "team_full_name": "Bengal Warriors"
    },
    {
      "player_id": 2498,
      "player_name": "Sushil Gulia",
      "match_played": 7,
      "value": 2.71,
      "team_id": 3,
      "team_name": " Jai",
      "rank": "36",
      "position_id": 8,
      "position_name": "Raider",
      "team_full_name": "Jaipur Pink Panthers"
    },
    {
      "player_id": 211,
      "player_name": "Deepak Narwal",
      "match_played": 14,
      "value": 2.64,
      "team_id": 3,
      "team_name": " Jai",
      "rank": "37",
      "position_id": 8,
      "position_name": "Raider",
      "team_full_name": "Jaipur Pink Panthers"
    },
    {
      "player_id": 234,
      "player_name": "Surender Singh",
      "match_played": 4,
      "value": 2.5,
      "team_id": 30,
      "team_name": " UPY",
      "rank": "38",
      "position_id": 8,
      "position_name": "Raider",
      "team_full_name": "U.P. Yoddha"
    },
    {
      "player_id": 251,
      "player_name": "Meraj Sheykh",
      "match_played": 12,
      "value": 2.5,
      "team_id": 2,
      "team_name": " Del",
      "rank": "38",
      "position_id": 1,
      "position_name": "All Rounder",
      "team_full_name": "Dabang Delhi K.C."
    },
    {
      "player_id": 522,
      "player_name": "Dong Geon Lee",
      "match_played": 4,
      "value": 2.5,
      "team_id": 5,
      "team_name": " Mum",
      "rank": "38",
      "position_id": 8,
      "position_name": "Raider",
      "team_full_name": "U Mumba"
    },
    {
      "player_id": 791,
      "player_name": "Nitin Rawal",
      "match_played": 13,
      "value": 2.46,
      "team_id": 3,
      "team_name": " Jai",
      "rank": "41",
      "position_id": 1,
      "position_name": "All Rounder",
      "team_full_name": "Jaipur Pink Panthers"
    },
    {
      "player_id": 363,
      "player_name": "Sumit Singh",
      "match_played": 13,
      "value": 2.38,
      "team_id": 1,
      "team_name": " Ben",
      "rank": "42",
      "position_id": 8,
      "position_name": "Raider",
      "team_full_name": "Bengaluru Bulls"
    },
    {
      "player_id": 772,
      "player_name": "More GB",
      "match_played": 15,
      "value": 2.33,
      "team_id": 31,
      "team_name": " GFG",
      "rank": "43",
      "position_id": 8,
      "position_name": "Raider",
      "team_full_name": "Gujarat Fortunegiants"
    },
    {
      "player_id": 2485,
      "player_name": "Sonu Jaglan",
      "match_played": 12,
      "value": 2.33,
      "team_id": 31,
      "team_name": " GFG",
      "rank": "43",
      "position_id": 8,
      "position_name": "Raider",
      "team_full_name": "Gujarat Fortunegiants"
    },
    {
      "player_id": 684,
      "player_name": "Rakesh Gowda",
      "match_played": 7,
      "value": 2.29,
      "team_id": 8,
      "team_name": " Hyd",
      "rank": "45",
      "position_id": 8,
      "position_name": "Raider",
      "team_full_name": "Telugu Titans"
    },
    {
      "player_id": 2682,
      "player_name": "Amit Kumar",
      "match_played": 5,
      "value": 2.2,
      "team_id": 7,
      "team_name": " Pun",
      "rank": "46",
      "position_id": 1,
      "position_name": "All Rounder",
      "team_full_name": "Puneri Paltan"
    },
    {
      "player_id": 2321,
      "player_name": "Ankush",
      "match_played": 3,
      "value": 2.0,
      "team_id": 30,
      "team_name": " UPY",
      "rank": "47",
      "position_id": 8,
      "position_name": "Raider",
      "team_full_name": "U.P. Yoddha"
    },
    {
      "player_id": 2257,
      "player_name": "Victor Onyango Obiero",
      "match_played": 3,
      "value": 2.0,
      "team_id": 29,
      "team_name": " TT",
      "rank": "47",
      "position_id": 1,
      "position_name": "All Rounder",
      "team_full_name": "Tamil Thalaivas"
    },
    {
      "player_id": 264,
      "player_name": "Selvamani K",
      "match_played": 6,
      "value": 2.0,
      "team_id": 28,
      "team_name": " HS",
      "rank": "47",
      "position_id": 8,
      "position_name": "Raider",
      "team_full_name": "Haryana Steelers"
    },
    {
      "player_id": 46,
      "player_name": "Gurvinder Singh",
      "match_played": 2,
      "value": 2.0,
      "team_id": 31,
      "team_name": " GFG",
      "rank": "47",
      "position_id": 8,
      "position_name": "Raider",
      "team_full_name": "Gujarat Fortunegiants"
    },
    {
      "player_id": 571,
      "player_name": "Mohammad Esmaeil Maghsoudlou Mahalli",
      "match_played": 16,
      "value": 1.87,
      "team_id": 6,
      "team_name": " Pat",
      "rank": "51",
      "position_id": 8,
      "position_name": "Raider",
      "team_full_name": "Patna Pirates"
    },
    {
      "player_id": 293,
      "player_name": "Nilesh Salunke",
      "match_played": 14,
      "value": 1.86,
      "team_id": 3,
      "team_name": " Jai",
      "rank": "52",
      "position_id": 8,
      "position_name": "Raider",
      "team_full_name": "Jaipur Pink Panthers"
    },
    {
      "player_id": 2507,
      "player_name": "Amit Kumar",
      "match_played": 3,
      "value": 1.67,
      "team_id": 6,
      "team_name": " Pat",
      "rank": "53",
      "position_id": 1,
      "position_name": "All Rounder",
      "team_full_name": "Patna Pirates"
    },
    {
      "player_id": 745,
      "player_name": "Vijay",
      "match_played": 15,
      "value": 1.64,
      "team_id": 2,
      "team_name": " Del",
      "rank": "54",
      "position_id": 1,
      "position_name": "All Rounder",
      "team_full_name": "Dabang Delhi K.C."
    },
    {
      "player_id": 105,
      "player_name": "Shabeer Bappu",
      "match_played": 14,
      "value": 1.57,
      "team_id": 29,
      "team_name": " TT",
      "rank": "55",
      "position_id": 8,
      "position_name": "Raider",
      "team_full_name": "Tamil Thalaivas"
    },
    {
      "player_id": 2291,
      "player_name": "Amit Kumar",
      "match_played": 12,
      "value": 1.55,
      "team_id": 7,
      "team_name": " Pun",
      "rank": "56",
      "position_id": 8,
      "position_name": "Raider",
      "team_full_name": "Puneri Paltan"
    },
    {
      "player_id": 2316,
      "player_name": "Azad Singh",
      "match_played": 4,
      "value": 1.5,
      "team_id": 30,
      "team_name": " UPY",
      "rank": "57",
      "position_id": 8,
      "position_name": "Raider",
      "team_full_name": "U.P. Yoddha"
    },
    {
      "player_id": 2298,
      "player_name": "Armaan",
      "match_played": 6,
      "value": 1.5,
      "team_id": 8,
      "team_name": " Hyd",
      "rank": "57",
      "position_id": 1,
      "position_name": "All Rounder",
      "team_full_name": "Telugu Titans"
    },
    {
      "player_id": 482,
      "player_name": "Farhad Rahimi Milaghardan",
      "match_played": 16,
      "value": 1.47,
      "team_id": 8,
      "team_name": " Hyd",
      "rank": "59",
      "position_id": 1,
      "position_name": "All Rounder",
      "team_full_name": "Telugu Titans"
    },
    {
      "player_id": 2475,
      "player_name": "Ajinkya Ashok Pawar",
      "match_played": 14,
      "value": 1.46,
      "team_id": 3,
      "team_name": " Jai",
      "rank": "60",
      "position_id": 8,
      "position_name": "Raider",
      "team_full_name": "Jaipur Pink Panthers"
    },
    {
      "player_id": 2322,
      "player_name": "Ankit Beniwal",
      "match_played": 5,
      "value": 1.4,
      "team_id": 8,
      "team_name": " Hyd",
      "rank": "61",
      "position_id": 8,
      "position_name": "Raider",
      "team_full_name": "Telugu Titans"
    },
    {
      "player_id": 2666,
      "player_name": "Harmanjit Singh",
      "match_played": 3,
      "value": 1.33,
      "team_id": 31,
      "team_name": " GFG",
      "rank": "62",
      "position_id": 8,
      "position_name": "Raider",
      "team_full_name": "Gujarat Fortunegiants"
    },
    {
      "player_id": 2325,
      "player_name": "Anand",
      "match_played": 5,
      "value": 1.2,
      "team_id": 29,
      "team_name": " TT",
      "rank": "63",
      "position_id": 8,
      "position_name": "Raider",
      "team_full_name": "Tamil Thalaivas"
    },
    {
      "player_id": 764,
      "player_name": "Vinod Kumar",
      "match_played": 6,
      "value": 1.2,
      "team_id": 31,
      "team_name": " GFG",
      "rank": "63",
      "position_id": 1,
      "position_name": "All Rounder",
      "team_full_name": "Gujarat Fortunegiants"
    },
    {
      "player_id": 2660,
      "player_name": "Sushant Sail",
      "match_played": 7,
      "value": 1.14,
      "team_id": 7,
      "team_name": " Pun",
      "rank": "65",
      "position_id": 8,
      "position_name": "Raider",
      "team_full_name": "Puneri Paltan"
    },
    {
      "player_id": 2503,
      "player_name": "Banty",
      "match_played": 9,
      "value": 1.13,
      "team_id": 1,
      "team_name": " Ben",
      "rank": "66",
      "position_id": 8,
      "position_name": "Raider",
      "team_full_name": "Bengaluru Bulls"
    },
    {
      "player_id": 2494,
      "player_name": "Sachin Narwal",
      "match_played": 11,
      "value": 1.1,
      "team_id": 3,
      "team_name": " Jai",
      "rank": "67",
      "position_id": 1,
      "position_name": "All Rounder",
      "team_full_name": "Jaipur Pink Panthers"
    },
    {
      "player_id": 300,
      "player_name": "Abolfazl Maghsodloumahali",
      "match_played": 6,
      "value": 1.0,
      "team_id": 31,
      "team_name": " GFG",
      "rank": "68",
      "position_id": 8,
      "position_name": "Raider",
      "team_full_name": "Gujarat Fortunegiants"
    },
    {
      "player_id": 268,
      "player_name": "Vineet Sharma",
      "match_played": 10,
      "value": 1.0,
      "team_id": 29,
      "team_name": " TT",
      "rank": "68",
      "position_id": 8,
      "position_name": "Raider",
      "team_full_name": "Tamil Thalaivas"
    },
    {
      "player_id": 160,
      "player_name": "Ran Singh",
      "match_played": 17,
      "value": 0.89,
      "team_id": 29,
      "team_name": " TT",
      "rank": "70",
      "position_id": 1,
      "position_name": "All Rounder",
      "team_full_name": "Tamil Thalaivas"
    },
    {
      "player_id": 142,
      "player_name": "Sandeep Narwal",
      "match_played": 16,
      "value": 0.86,
      "team_id": 5,
      "team_name": " Mum",
      "rank": "71",
      "position_id": 1,
      "position_name": "All Rounder",
      "team_full_name": "U Mumba"
    },
    {
      "player_id": 795,
      "player_name": "Monu",
      "match_played": 17,
      "value": 0.85,
      "team_id": 6,
      "team_name": " Pat",
      "rank": "72",
      "position_id": 8,
      "position_name": "Raider",
      "team_full_name": "Patna Pirates"
    },
    {
      "player_id": 2478,
      "player_name": "Purna Singh",
      "match_played": 5,
      "value": 0.8,
      "team_id": 6,
      "team_name": " Pat",
      "rank": "73",
      "position_id": 8,
      "position_name": "Raider",
      "team_full_name": "Patna Pirates"
    },
    {
      "player_id": 121,
      "player_name": "Vikas Jaglan",
      "match_played": 17,
      "value": 0.79,
      "team_id": 6,
      "team_name": " Pat",
      "rank": "74",
      "position_id": 1,
      "position_name": "All Rounder",
      "team_full_name": "Patna Pirates"
    },
    {
      "player_id": 2504,
      "player_name": "Ashish",
      "match_played": 7,
      "value": 0.71,
      "team_id": 6,
      "team_name": " Pat",
      "rank": "75",
      "position_id": 8,
      "position_name": "Raider",
      "team_full_name": "Patna Pirates"
    },
    {
      "player_id": 2683,
      "player_name": "Palle Mallikarjun",
      "match_played": 3,
      "value": 0.67,
      "team_id": 8,
      "team_name": " Hyd",
      "rank": "76",
      "position_id": 8,
      "position_name": "Raider",
      "team_full_name": "Telugu Titans"
    },
    {
      "player_id": 2330,
      "player_name": "Sumit",
      "match_played": 17,
      "value": 0.67,
      "team_id": 30,
      "team_name": " UPY",
      "rank": "76",
      "position_id": 3,
      "position_name": "Defender, left corner",
      "team_full_name": "U.P. Yoddha"
    },
    {
      "player_id": 249,
      "player_name": "Hadi Oshtorak",
      "match_played": 17,
      "value": 0.67,
      "team_id": 6,
      "team_name": " Pat",
      "rank": "76",
      "position_id": 1,
      "position_name": "All Rounder",
      "team_full_name": "Patna Pirates"
    },
    {
      "player_id": 324,
      "player_name": "Darshan Kadian",
      "match_played": 5,
      "value": 0.6,
      "team_id": 7,
      "team_name": " Pun",
      "rank": "79",
      "position_id": 8,
      "position_name": "Raider",
      "team_full_name": "Puneri Paltan"
    },
    {
      "player_id": 567,
      "player_name": "Mohsen Maghsoudloujafari",
      "match_played": 10,
      "value": 0.57,
      "team_id": 30,
      "team_name": " UPY",
      "rank": "80",
      "position_id": 1,
      "position_name": "All Rounder",
      "team_full_name": "U.P. Yoddha"
    },
    {
      "player_id": 2306,
      "player_name": "Lalit Chaudhary",
      "match_played": 4,
      "value": 0.5,
      "team_id": 31,
      "team_name": " GFG",
      "rank": "81",
      "position_id": 8,
      "position_name": "Raider",
      "team_full_name": "Gujarat Fortunegiants"
    },
    {
      "player_id": 2502,
      "player_name": "Mohit Sehrawat",
      "match_played": 11,
      "value": 0.5,
      "team_id": 1,
      "team_name": " Ben",
      "rank": "81",
      "position_id": 7,
      "position_name": "Defender, right cover",
      "team_full_name": "Bengaluru Bulls"
    },
    {
      "player_id": 69,
      "player_name": "Manjeet Chhillar",
      "match_played": 15,
      "value": 0.36,
      "team_id": 29,
      "team_name": " TT",
      "rank": "83",
      "position_id": 1,
      "position_name": "All Rounder",
      "team_full_name": "Tamil Thalaivas"
    },
    {
      "player_id": 214,
      "player_name": "Amit Kumar",
      "match_played": 9,
      "value": 0.33,
      "team_id": 8,
      "team_name": " Hyd",
      "rank": "84",
      "position_id": 8,
      "position_name": "Raider",
      "team_full_name": "Telugu Titans"
    },
    {
      "player_id": 301,
      "player_name": "Hadi Tajik",
      "match_played": 11,
      "value": 0.33,
      "team_id": 7,
      "team_name": " Pun",
      "rank": "84",
      "position_id": 6,
      "position_name": "Defender, right corner",
      "team_full_name": "Puneri Paltan"
    },
    {
      "player_id": 2020,
      "player_name": "Amit",
      "match_played": 17,
      "value": 0.33,
      "team_id": 30,
      "team_name": " UPY",
      "rank": "84",
      "position_id": 4,
      "position_name": "Defender, left cover",
      "team_full_name": "U.P. Yoddha"
    },
    {
      "player_id": 322,
      "player_name": "PO Surjeet Singh",
      "match_played": 18,
      "value": 0.25,
      "team_id": 7,
      "team_name": " Pun",
      "rank": "87",
      "position_id": 7,
      "position_name": "Defender, right cover",
      "team_full_name": "Puneri Paltan"
    },
    {
      "player_id": 259,
      "player_name": "Fazel Atrachali",
      "match_played": 16,
      "value": 0.25,
      "team_id": 5,
      "team_name": " Mum",
      "rank": "87",
      "position_id": 3,
      "position_name": "Defender, left corner",
      "team_full_name": "U Mumba"
    },
    {
      "player_id": 42,
      "player_name": "Dharmaraj Cheralathan",
      "match_played": 15,
      "value": 0.25,
      "team_id": 28,
      "team_name": " HS",
      "rank": "87",
      "position_id": 10,
      "position_name": "Defender, right and left corner",
      "team_full_name": "Haryana Steelers"
    },
    {
      "player_id": 489,
      "player_name": "Abozar Mohajermighani",
      "match_played": 16,
      "value": 0.2,
      "team_id": 8,
      "team_name": " Hyd",
      "rank": "90",
      "position_id": 9,
      "position_name": "Defender",
      "team_full_name": "Telugu Titans"
    },
    {
      "player_id": 2479,
      "player_name": "Shubham Shinde",
      "match_played": 13,
      "value": 0.17,
      "team_id": 7,
      "team_name": " Pun",
      "rank": "91",
      "position_id": 6,
      "position_name": "Defender, right corner",
      "team_full_name": "Puneri Paltan"
    },
    {
      "player_id": 368,
      "player_name": "Sunil Kumar",
      "match_played": 17,
      "value": 0.14,
      "team_id": 31,
      "team_name": " GFG",
      "rank": "92",
      "position_id": 9,
      "position_name": "Defender",
      "team_full_name": "Gujarat Fortunegiants"
    },
    {
      "player_id": 358,
      "player_name": "Vishal Bhardwaj",
      "match_played": 16,
      "value": 0.0,
      "team_id": 8,
      "team_name": " Hyd",
      "rank": "93",
      "position_id": 9,
      "position_name": "Defender",
      "team_full_name": "Telugu Titans"
    },
    {
      "player_id": 2282,
      "player_name": "Yashwant Bishnoi",
      "match_played": 2,
      "value": 0.0,
      "team_id": 29,
      "team_name": " TT",
      "rank": "93",
      "position_id": 8,
      "position_name": "Raider",
      "team_full_name": "Tamil Thalaivas"
    },
    {
      "player_id": 769,
      "player_name": "Mahender Singh",
      "match_played": 15,
      "value": 0.0,
      "team_id": 1,
      "team_name": " Ben",
      "rank": "93",
      "position_id": 4,
      "position_name": "Defender, left cover",
      "team_full_name": "Bengaluru Bulls"
    },
    {
      "player_id": 718,
      "player_name": "R. Sriram",
      "match_played": 1,
      "value": 0.0,
      "team_id": 7,
      "team_name": " Pun",
      "rank": "93",
      "position_id": 8,
      "position_name": "Raider",
      "team_full_name": "Puneri Paltan"
    },
    {
      "player_id": 274,
      "player_name": "Krushna Madane",
      "match_played": 7,
      "value": 0.0,
      "team_id": 8,
      "team_name": " Hyd",
      "rank": "93",
      "position_id": 9,
      "position_name": "Defender",
      "team_full_name": "Telugu Titans"
    },
    {
      "player_id": 218,
      "player_name": "Sachin Kumar",
      "match_played": 12,
      "value": 0.0,
      "team_id": 30,
      "team_name": " UPY",
      "rank": "93",
      "position_id": 1,
      "position_name": "All Rounder",
      "team_full_name": "U.P. Yoddha"
    },
    {
      "player_id": 202,
      "player_name": "Ashish Kumar",
      "match_played": 6,
      "value": 0.0,
      "team_id": 1,
      "team_name": " Ben",
      "rank": "93",
      "position_id": 1,
      "position_name": "All Rounder",
      "team_full_name": "Bengaluru Bulls"
    },
    {
      "player_id": 2471,
      "player_name": "Ankit",
      "match_played": 5,
      "value": 0.0,
      "team_id": 1,
      "team_name": " Ben",
      "rank": "93",
      "position_id": 9,
      "position_name": "Defender",
      "team_full_name": "Bengaluru Bulls"
    },
    {
      "player_id": 2307,
      "player_name": "Kamal Singh",
      "match_played": 3,
      "value": 0.0,
      "team_id": 8,
      "team_name": " Hyd",
      "rank": "93",
      "position_id": 8,
      "position_name": "Raider",
      "team_full_name": "Telugu Titans"
    }
  ],
  "language_lookup": {
    "stat": "Stat",
    "stat_id": "Stat Id",
    "minimum_criteria": "Minimum Criteria",
    "team_id": "Team Id",
    "team_name": "Team Name",
    "player_id": "Player Id",
    "player_name": "Player Name",
    "value": "Value",
    "match_played": "Match Played",
    "team": "Team",
    "tackles": "Tackles"
  }
}