{
  "stat": "High 5s",
  "stat_id": "101",
  "minimum_criteria": "More than 0 High_5s ",
  "data": [
    {
      "player_id": 322,
      "player_name": "PO Surjeet Singh",
      "team": "PUN",
      "match_played": 91,
      "value": 25,
      "team_id": 7,
      "team_name": "PUN",
      "rank": "1",
      "position_id": 7,
      "position_name": "Defender, right cover",
      "team_full_name": "Puneri Paltan"
    },
    {
      "player_id": 69,
      "player_name": "Manjeet Chhillar",
      "team": "TT",
      "match_played": 108,
      "value": 23,
      "team_id": 29,
      "team_name": "TT",
      "rank": "2",
      "position_id": 1,
      "position_name": "All Rounder",
      "team_full_name": "Tamil Thalaivas"
    },
    {
      "player_id": 157,
      "player_name": "Ravinder Pahal",
      "team": "DEL",
      "match_played": 105,
      "value": 22,
      "team_id": 2,
      "team_name": "DEL",
      "rank": "3",
      "position_id": 6,
      "position_name": "Defender, right corner",
      "team_full_name": "Dabang Delhi K.C."
    },
    {
      "player_id": 146,
      "player_name": "Surender Nada",
      "team": "HS",
      "match_played": 71,
      "value": 19,
      "team_id": 28,
      "team_name": "HS",
      "rank": "4",
      "position_id": 3,
      "position_name": "Defender, left corner",
      "team_full_name": "Haryana Steelers"
    },
    {
      "player_id": 259,
      "player_name": "Fazel Atrachali",
      "team": "MUM",
      "match_played": 95,
      "value": 19,
      "team_id": 5,
      "team_name": "MUM",
      "rank": "4",
      "position_id": 3,
      "position_name": "Defender, left corner",
      "team_full_name": "U Mumba"
    },
    {
      "player_id": 71,
      "player_name": "Mohit Chhillar",
      "team": "TT",
      "match_played": 108,
      "value": 18,
      "team_id": 29,
      "team_name": "TT",
      "rank": "6",
      "position_id": 6,
      "position_name": "Defender, right corner",
      "team_full_name": "Tamil Thalaivas"
    },
    {
      "player_id": 142,
      "player_name": "Sandeep Narwal",
      "team": "MUM",
      "match_played": 117,
      "value": 16,
      "team_id": 5,
      "team_name": "MUM",
      "rank": "7",
      "position_id": 1,
      "position_name": "All Rounder",
      "team_full_name": "U Mumba"
    },
    {
      "player_id": 161,
      "player_name": "Girish Maruti Ernak",
      "team": "PUN",
      "match_played": 102,
      "value": 16,
      "team_id": 7,
      "team_name": "PUN",
      "rank": "7",
      "position_id": 3,
      "position_name": "Defender, left corner",
      "team_full_name": "Puneri Paltan"
    },
    {
      "player_id": 358,
      "player_name": "Vishal Bhardwaj",
      "team": "HYD",
      "match_played": 57,
      "value": 15,
      "team_id": 8,
      "team_name": "HYD",
      "rank": "9",
      "position_id": 9,
      "position_name": "Defender",
      "team_full_name": "Telugu Titans"
    },
    {
      "player_id": 725,
      "player_name": "Nitesh Kumar",
      "team": "UPY",
      "match_played": 61,
      "value": 14,
      "team_id": 30,
      "team_name": "UPY",
      "rank": "10",
      "position_id": 9,
      "position_name": "Defender",
      "team_full_name": "U.P. Yoddha"
    },
    {
      "player_id": 290,
      "player_name": "Sandeep Kumar Dhull",
      "team": "JAI",
      "match_played": 61,
      "value": 13,
      "team_id": 3,
      "team_name": "JAI",
      "rank": "11",
      "position_id": 3,
      "position_name": "Defender, left corner",
      "team_full_name": "Jaipur Pink Panthers"
    },
    {
      "player_id": 42,
      "player_name": "Dharmaraj Cheralathan",
      "team": "HS",
      "match_played": 114,
      "value": 12,
      "team_id": 28,
      "team_name": "HS",
      "rank": "12",
      "position_id": 10,
      "position_name": "Defender, right and left corner",
      "team_full_name": "Haryana Steelers"
    },
    {
      "player_id": 579,
      "player_name": "Jaideep",
      "team": "PAT",
      "match_played": 65,
      "value": 12,
      "team_id": 6,
      "team_name": "PAT",
      "rank": "12",
      "position_id": 3,
      "position_name": "Defender, left corner",
      "team_full_name": "Patna Pirates"
    },
    {
      "player_id": 769,
      "player_name": "Mahender Singh",
      "team": "BEN",
      "match_played": 61,
      "value": 12,
      "team_id": 1,
      "team_name": "BEN",
      "rank": "12",
      "position_id": 4,
      "position_name": "Defender, left cover",
      "team_full_name": "Bengaluru Bulls"
    },
    {
      "player_id": 212,
      "player_name": "Amit Hooda",
      "team": "JAI",
      "match_played": 84,
      "value": 11,
      "team_id": 3,
      "team_name": "JAI",
      "rank": "15",
      "position_id": 6,
      "position_name": "Defender, right corner",
      "team_full_name": "Jaipur Pink Panthers"
    },
    {
      "player_id": 357,
      "player_name": "Parvesh Bhainswal",
      "team": "GFG",
      "match_played": 73,
      "value": 10,
      "team_id": 31,
      "team_name": "GFG",
      "rank": "16",
      "position_id": 4,
      "position_name": "Defender, left cover",
      "team_full_name": "Gujarat Fortunegiants"
    },
    {
      "player_id": 368,
      "player_name": "Sunil Kumar",
      "team": "GFG",
      "match_played": 67,
      "value": 10,
      "team_id": 31,
      "team_name": "GFG",
      "rank": "16",
      "position_id": 9,
      "position_name": "Defender",
      "team_full_name": "Gujarat Fortunegiants"
    },
    {
      "player_id": 123,
      "player_name": "Vishal Mane",
      "team": "DEL",
      "match_played": 121,
      "value": 8,
      "team_id": 2,
      "team_name": "DEL",
      "rank": "18",
      "position_id": 7,
      "position_name": "Defender, right cover",
      "team_full_name": "Dabang Delhi K.C."
    },
    {
      "player_id": 96,
      "player_name": "Rohit Rana",
      "team": "MUM",
      "match_played": 82,
      "value": 7,
      "team_id": 5,
      "team_name": "MUM",
      "rank": "19",
      "position_id": 4,
      "position_name": "Defender, left cover",
      "team_full_name": "U Mumba"
    },
    {
      "player_id": 73,
      "player_name": "Nilesh Shinde",
      "team": "DEL",
      "match_played": 69,
      "value": 7,
      "team_id": 2,
      "team_name": "DEL",
      "rank": "19",
      "position_id": 6,
      "position_name": "Defender, right corner",
      "team_full_name": "Dabang Delhi K.C."
    },
    {
      "player_id": 621,
      "player_name": "Baldev Singh",
      "team": "KOL",
      "match_played": 35,
      "value": 7,
      "team_id": 4,
      "team_name": "KOL",
      "rank": "19",
      "position_id": 6,
      "position_name": "Defender, right corner",
      "team_full_name": "Bengal Warriors"
    },
    {
      "player_id": 240,
      "player_name": "Ravi Kumar",
      "team": "HS",
      "match_played": 89,
      "value": 7,
      "team_id": 28,
      "team_name": "HS",
      "rank": "19",
      "position_id": 7,
      "position_name": "Defender, right cover",
      "team_full_name": "Haryana Steelers"
    },
    {
      "player_id": 733,
      "player_name": "Surinder Singh",
      "team": "MUM",
      "match_played": 60,
      "value": 7,
      "team_id": 5,
      "team_name": "MUM",
      "rank": "19",
      "position_id": 9,
      "position_name": "Defender",
      "team_full_name": "U Mumba"
    },
    {
      "player_id": 248,
      "player_name": "Sandeep Kandola",
      "team": "HYD",
      "match_played": 16,
      "value": 6,
      "team_id": 8,
      "team_name": "HYD",
      "rank": "24",
      "position_id": 3,
      "position_name": "Defender, left corner",
      "team_full_name": "Telugu Titans"
    },
    {
      "player_id": 252,
      "player_name": "Kuldeep Singh",
      "team": "PAT",
      "match_played": 66,
      "value": 6,
      "team_id": 6,
      "team_name": "PAT",
      "rank": "24",
      "position_id": 1,
      "position_name": "All Rounder",
      "team_full_name": "Patna Pirates"
    },
    {
      "player_id": 489,
      "player_name": "Abozar Mohajermighani",
      "team": "HYD",
      "match_played": 61,
      "value": 6,
      "team_id": 8,
      "team_name": "HYD",
      "rank": "24",
      "position_id": 9,
      "position_name": "Defender",
      "team_full_name": "Telugu Titans"
    },
    {
      "player_id": 162,
      "player_name": "D. Suresh Kumar",
      "team": "MUM",
      "match_played": 59,
      "value": 6,
      "team_id": 5,
      "team_name": "MUM",
      "rank": "24",
      "position_id": 7,
      "position_name": "Defender, right cover",
      "team_full_name": "U Mumba"
    },
    {
      "player_id": 51,
      "player_name": "Jasmer Singh Gulia",
      "team": "BEN",
      "match_played": 52,
      "value": 5,
      "team_id": 1,
      "team_name": "BEN",
      "rank": "28",
      "position_id": 1,
      "position_name": "All Rounder",
      "team_full_name": "Bengaluru Bulls"
    },
    {
      "player_id": 54,
      "player_name": "Jeeva Kumar",
      "team": "KOL",
      "match_played": 109,
      "value": 5,
      "team_id": 4,
      "team_name": "KOL",
      "rank": "28",
      "position_id": 5,
      "position_name": "Defender, right and left cover",
      "team_full_name": "Bengal Warriors"
    },
    {
      "player_id": 347,
      "player_name": "Sagar B Krishna",
      "team": "PUN",
      "match_played": 58,
      "value": 5,
      "team_id": 7,
      "team_name": "PUN",
      "rank": "28",
      "position_id": 1,
      "position_name": "All Rounder",
      "team_full_name": "Puneri Paltan"
    },
    {
      "player_id": 165,
      "player_name": "Sachin Shingade",
      "team": "HS",
      "match_played": 75,
      "value": 5,
      "team_id": 28,
      "team_name": "HS",
      "rank": "28",
      "position_id": 4,
      "position_name": "Defender, left cover",
      "team_full_name": "Haryana Steelers"
    },
    {
      "player_id": 2330,
      "player_name": "Sumit",
      "team": "UPY",
      "match_played": 17,
      "value": 5,
      "team_id": 30,
      "team_name": "UPY",
      "rank": "28",
      "position_id": 3,
      "position_name": "Defender, left corner",
      "team_full_name": "U.P. Yoddha"
    },
    {
      "player_id": 2462,
      "player_name": "Sunil",
      "team": "HS",
      "match_played": 36,
      "value": 5,
      "team_id": 28,
      "team_name": "HS",
      "rank": "28",
      "position_id": 6,
      "position_name": "Defender, right corner",
      "team_full_name": "Haryana Steelers"
    },
    {
      "player_id": 613,
      "player_name": "Sunil Siddhgavali",
      "team": "JAI",
      "match_played": 40,
      "value": 5,
      "team_id": 3,
      "team_name": "JAI",
      "rank": "28",
      "position_id": 9,
      "position_name": "Defender",
      "team_full_name": "Jaipur Pink Panthers"
    },
    {
      "player_id": 2670,
      "player_name": "Saurabh Nandal",
      "team": "BEN",
      "match_played": 16,
      "value": 4,
      "team_id": 1,
      "team_name": "BEN",
      "rank": "35",
      "position_id": 3,
      "position_name": "Defender, left corner",
      "team_full_name": "Bengaluru Bulls"
    },
    {
      "player_id": 794,
      "player_name": "Amit Sheoran",
      "team": "BEN",
      "match_played": 36,
      "value": 4,
      "team_id": 1,
      "team_name": "BEN",
      "rank": "35",
      "position_id": 9,
      "position_name": "Defender",
      "team_full_name": "Bengaluru Bulls"
    },
    {
      "player_id": 796,
      "player_name": "Rinku Narwal",
      "team": "KOL",
      "match_played": 45,
      "value": 4,
      "team_id": 4,
      "team_name": "KOL",
      "rank": "35",
      "position_id": 9,
      "position_name": "Defender",
      "team_full_name": "Bengal Warriors"
    },
    {
      "player_id": 179,
      "player_name": "Vikas Kale",
      "team": "HS",
      "match_played": 56,
      "value": 4,
      "team_id": 28,
      "team_name": "HS",
      "rank": "35",
      "position_id": 7,
      "position_name": "Defender, right cover",
      "team_full_name": "Haryana Steelers"
    },
    {
      "player_id": 202,
      "player_name": "Ashish Kumar",
      "team": "BEN",
      "match_played": 82,
      "value": 4,
      "team_id": 1,
      "team_name": "BEN",
      "rank": "35",
      "position_id": 1,
      "position_name": "All Rounder",
      "team_full_name": "Bengaluru Bulls"
    },
    {
      "player_id": 41,
      "player_name": "Deepak Niwas Hooda",
      "team": "JAI",
      "match_played": 120,
      "value": 4,
      "team_id": 3,
      "team_name": "JAI",
      "rank": "35",
      "position_id": 1,
      "position_name": "All Rounder",
      "team_full_name": "Jaipur Pink Panthers"
    },
    {
      "player_id": 160,
      "player_name": "Ran Singh",
      "team": "TT",
      "match_played": 116,
      "value": 4,
      "team_id": 29,
      "team_name": "TT",
      "rank": "35",
      "position_id": 1,
      "position_name": "All Rounder",
      "team_full_name": "Tamil Thalaivas"
    },
    {
      "player_id": 109,
      "player_name": "Somvir Shekhar",
      "team": "JAI",
      "match_played": 61,
      "value": 4,
      "team_id": 3,
      "team_name": "JAI",
      "rank": "35",
      "position_id": 7,
      "position_name": "Defender, right cover",
      "team_full_name": "Jaipur Pink Panthers"
    },
    {
      "player_id": 61,
      "player_name": "Kuldeep Singh",
      "team": "BEN",
      "match_played": 20,
      "value": 3,
      "team_id": 1,
      "team_name": "BEN",
      "rank": "43",
      "position_id": 3,
      "position_name": "Defender, left corner",
      "team_full_name": "Bengaluru Bulls"
    },
    {
      "player_id": 86,
      "player_name": "Rajesh Narwal",
      "team": "DEL",
      "match_played": 92,
      "value": 3,
      "team_id": 2,
      "team_name": "DEL",
      "rank": "43",
      "position_id": 1,
      "position_name": "All Rounder",
      "team_full_name": "Dabang Delhi K.C."
    },
    {
      "player_id": 191,
      "player_name": "C. Arun",
      "team": "HYD",
      "match_played": 85,
      "value": 3,
      "team_id": 8,
      "team_name": "HYD",
      "rank": "43",
      "position_id": 4,
      "position_name": "Defender, left cover",
      "team_full_name": "Telugu Titans"
    },
    {
      "player_id": 218,
      "player_name": "Sachin Kumar",
      "team": "UPY",
      "match_played": 46,
      "value": 3,
      "team_id": 30,
      "team_name": "UPY",
      "rank": "43",
      "position_id": 1,
      "position_name": "All Rounder",
      "team_full_name": "U.P. Yoddha"
    },
    {
      "player_id": 249,
      "player_name": "Hadi Oshtorak",
      "team": "PAT",
      "match_played": 67,
      "value": 3,
      "team_id": 6,
      "team_name": "PAT",
      "rank": "43",
      "position_id": 1,
      "position_name": "All Rounder",
      "team_full_name": "Patna Pirates"
    },
    {
      "player_id": 637,
      "player_name": "Neeraj Kumar",
      "team": "PAT",
      "match_played": 34,
      "value": 3,
      "team_id": 6,
      "team_name": "PAT",
      "rank": "43",
      "position_id": 7,
      "position_name": "Defender, right cover",
      "team_full_name": "Patna Pirates"
    },
    {
      "player_id": 732,
      "player_name": "Kuldeep Singh",
      "team": "HS",
      "match_played": 35,
      "value": 3,
      "team_id": 28,
      "team_name": "HS",
      "rank": "43",
      "position_id": 9,
      "position_name": "Defender",
      "team_full_name": "Haryana Steelers"
    },
    {
      "player_id": 735,
      "player_name": "Vishal",
      "team": "JAI",
      "match_played": 22,
      "value": 2,
      "team_id": 3,
      "team_name": "JAI",
      "rank": "50",
      "position_id": 1,
      "position_name": "All Rounder",
      "team_full_name": "Jaipur Pink Panthers"
    },
    {
      "player_id": 764,
      "player_name": "Vinod Kumar",
      "team": "GFG",
      "match_played": 44,
      "value": 2,
      "team_id": 31,
      "team_name": "GFG",
      "rank": "50",
      "position_id": 1,
      "position_name": "All Rounder",
      "team_full_name": "Gujarat Fortunegiants"
    },
    {
      "player_id": 778,
      "player_name": "Narender",
      "team": "UPY",
      "match_played": 28,
      "value": 2,
      "team_id": 30,
      "team_name": "UPY",
      "rank": "50",
      "position_id": 1,
      "position_name": "All Rounder",
      "team_full_name": "U.P. Yoddha"
    },
    {
      "player_id": 2492,
      "player_name": "Jadhav Balasaheb Shahaji",
      "team": "PUN",
      "match_played": 16,
      "value": 2,
      "team_id": 7,
      "team_name": "PUN",
      "rank": "50",
      "position_id": 7,
      "position_name": "Defender, right cover",
      "team_full_name": "Puneri Paltan"
    },
    {
      "player_id": 361,
      "player_name": "Sombir",
      "team": "DEL",
      "match_played": 29,
      "value": 2,
      "team_id": 2,
      "team_name": "DEL",
      "rank": "50",
      "position_id": 9,
      "position_name": "Defender",
      "team_full_name": "Dabang Delhi K.C."
    },
    {
      "player_id": 365,
      "player_name": "Akshay Jadhav",
      "team": "PUN",
      "match_played": 29,
      "value": 2,
      "team_id": 7,
      "team_name": "PUN",
      "rank": "50",
      "position_id": 8,
      "position_name": "Raider",
      "team_full_name": "Puneri Paltan"
    },
    {
      "player_id": 390,
      "player_name": "Jawahar Dagar",
      "team": "PAT",
      "match_played": 44,
      "value": 2,
      "team_id": 6,
      "team_name": "PAT",
      "rank": "50",
      "position_id": 9,
      "position_name": "Defender",
      "team_full_name": "Patna Pirates"
    },
    {
      "player_id": 194,
      "player_name": "Joginder Singh Narwal",
      "team": "DEL",
      "match_played": 76,
      "value": 2,
      "team_id": 2,
      "team_name": "DEL",
      "rank": "50",
      "position_id": 3,
      "position_name": "Defender, left corner",
      "team_full_name": "Dabang Delhi K.C."
    },
    {
      "player_id": 207,
      "player_name": "Sunil",
      "team": "TT",
      "match_played": 63,
      "value": 2,
      "team_id": 29,
      "team_name": "TT",
      "rank": "50",
      "position_id": 3,
      "position_name": "Defender, left corner",
      "team_full_name": "Tamil Thalaivas"
    },
    {
      "player_id": 166,
      "player_name": "Vijendar Singh",
      "team": "HYD",
      "match_played": 8,
      "value": 2,
      "team_id": 8,
      "team_name": "HYD",
      "rank": "50",
      "position_id": null,
      "position_name": null,
      "team_full_name": "Telugu Titans"
    },
    {
      "player_id": 70,
      "player_name": "Manoj Kumar",
      "team": "GFG",
      "match_played": 52,
      "value": 2,
      "team_id": 31,
      "team_name": "GFG",
      "rank": "50",
      "position_id": 4,
      "position_name": "Defender, left cover",
      "team_full_name": "Gujarat Fortunegiants"
    },
    {
      "player_id": 55,
      "player_name": "Jitesh Joshi",
      "team": "PUN",
      "match_played": 19,
      "value": 2,
      "team_id": 7,
      "team_name": "PUN",
      "rank": "50",
      "position_id": 1,
      "position_name": "All Rounder",
      "team_full_name": "Puneri Paltan"
    },
    {
      "player_id": 28,
      "player_name": "Amit Singh Chhillar",
      "team": "HYD",
      "match_played": 35,
      "value": 2,
      "team_id": 8,
      "team_name": "HYD",
      "rank": "50",
      "position_id": 3,
      "position_name": "Defender, left corner",
      "team_full_name": "Telugu Titans"
    },
    {
      "player_id": 89,
      "player_name": "Ram Kumar Sah",
      "team": "DEL",
      "match_played": 11,
      "value": 2,
      "team_id": 2,
      "team_name": "DEL",
      "rank": "50",
      "position_id": 4,
      "position_name": "Defender, left cover",
      "team_full_name": "Dabang Delhi K.C."
    },
    {
      "player_id": 98,
      "player_name": "Sachin Khambe",
      "team": "PUN",
      "match_played": 22,
      "value": 2,
      "team_id": 7,
      "team_name": "PUN",
      "rank": "50",
      "position_id": 3,
      "position_name": "Defender, left corner",
      "team_full_name": "Puneri Paltan"
    },
    {
      "player_id": 107,
      "player_name": "Shrikant Tewthia",
      "team": "KOL",
      "match_played": 71,
      "value": 2,
      "team_id": 4,
      "team_name": "KOL",
      "rank": "50",
      "position_id": 1,
      "position_name": "All Rounder",
      "team_full_name": "Bengal Warriors"
    },
    {
      "player_id": 164,
      "player_name": "Bajirao Hodage",
      "team": "JAI",
      "match_played": 61,
      "value": 2,
      "team_id": 3,
      "team_name": "JAI",
      "rank": "50",
      "position_id": 7,
      "position_name": "Defender, right cover",
      "team_full_name": "Jaipur Pink Panthers"
    },
    {
      "player_id": 147,
      "player_name": "Prashant Chavan",
      "team": "DEL",
      "match_played": 41,
      "value": 2,
      "team_id": 2,
      "team_name": "DEL",
      "rank": "50",
      "position_id": 6,
      "position_name": "Defender, right corner",
      "team_full_name": "Dabang Delhi K.C."
    },
    {
      "player_id": 158,
      "player_name": "Rakesh Singh Kumar",
      "team": "HS",
      "match_played": 49,
      "value": 2,
      "team_id": 28,
      "team_name": "HS",
      "rank": "50",
      "position_id": 4,
      "position_name": "Defender, left cover",
      "team_full_name": "Haryana Steelers"
    },
    {
      "player_id": 152,
      "player_name": "D. Gopu",
      "team": "TT",
      "match_played": 34,
      "value": 1,
      "team_id": 29,
      "team_name": "TT",
      "rank": "69",
      "position_id": 10,
      "position_name": "Defender, right and left corner",
      "team_full_name": "Tamil Thalaivas"
    },
    {
      "player_id": 108,
      "player_name": "Shyam Kumar Sah",
      "team": "KOL",
      "match_played": 27,
      "value": 1,
      "team_id": 4,
      "team_name": "KOL",
      "rank": "69",
      "position_id": 4,
      "position_name": "Defender, left cover",
      "team_full_name": "Bengal Warriors"
    },
    {
      "player_id": 105,
      "player_name": "Shabeer Bappu",
      "team": "TT",
      "match_played": 74,
      "value": 1,
      "team_id": 29,
      "team_name": "TT",
      "rank": "69",
      "position_id": 8,
      "position_name": "Raider",
      "team_full_name": "Tamil Thalaivas"
    },
    {
      "player_id": 141,
      "player_name": "Sunil Jaipal",
      "team": "BEN",
      "match_played": 38,
      "value": 1,
      "team_id": 1,
      "team_name": "BEN",
      "rank": "69",
      "position_id": 8,
      "position_name": "Raider",
      "team_full_name": "Bengaluru Bulls"
    },
    {
      "player_id": 34,
      "player_name": "Bhupender Singh",
      "team": "KOL",
      "match_played": 47,
      "value": 1,
      "team_id": 4,
      "team_name": "KOL",
      "rank": "69",
      "position_id": 1,
      "position_name": "All Rounder",
      "team_full_name": "Bengal Warriors"
    },
    {
      "player_id": 45,
      "player_name": "Gurpreet Singh",
      "team": "PUN",
      "match_played": 18,
      "value": 1,
      "team_id": 7,
      "team_name": "PUN",
      "rank": "69",
      "position_id": 6,
      "position_name": "Defender, right corner",
      "team_full_name": "Puneri Paltan"
    },
    {
      "player_id": 72,
      "player_name": "Navneet Gautam",
      "team": "JAI",
      "match_played": 31,
      "value": 1,
      "team_id": 3,
      "team_name": "JAI",
      "rank": "69",
      "position_id": 3,
      "position_name": "Defender, left corner",
      "team_full_name": "Jaipur Pink Panthers"
    },
    {
      "player_id": 88,
      "player_name": "Rakesh Kumar",
      "team": "HYD",
      "match_played": 55,
      "value": 1,
      "team_id": 8,
      "team_name": "HYD",
      "rank": "69",
      "position_id": 1,
      "position_name": "All Rounder",
      "team_full_name": "Telugu Titans"
    },
    {
      "player_id": 76,
      "player_name": "Nitin More",
      "team": "KOL",
      "match_played": 22,
      "value": 1,
      "team_id": 4,
      "team_name": "KOL",
      "rank": "69",
      "position_id": 4,
      "position_name": "Defender, left cover",
      "team_full_name": "Bengal Warriors"
    },
    {
      "player_id": 181,
      "player_name": "Deepak Dhull",
      "team": "PAT",
      "match_played": 10,
      "value": 1,
      "team_id": 6,
      "team_name": "PAT",
      "rank": "69",
      "position_id": 4,
      "position_name": "Defender, left cover",
      "team_full_name": "Patna Pirates"
    },
    {
      "player_id": 184,
      "player_name": "Deepak Kumar",
      "team": "KOL",
      "match_played": 7,
      "value": 1,
      "team_id": 4,
      "team_name": "KOL",
      "rank": "69",
      "position_id": 3,
      "position_name": "Defender, left corner",
      "team_full_name": "Bengal Warriors"
    },
    {
      "player_id": 215,
      "player_name": "Vinod Kumar",
      "team": "PUN",
      "match_played": 27,
      "value": 1,
      "team_id": 7,
      "team_name": "PUN",
      "rank": "69",
      "position_id": 4,
      "position_name": "Defender, left cover",
      "team_full_name": "Puneri Paltan"
    },
    {
      "player_id": 482,
      "player_name": "Farhad Rahimi Milaghardan",
      "team": "HYD",
      "match_played": 56,
      "value": 1,
      "team_id": 8,
      "team_name": "HYD",
      "rank": "69",
      "position_id": 1,
      "position_name": "All Rounder",
      "team_full_name": "Telugu Titans"
    },
    {
      "player_id": 484,
      "player_name": "Mohammad Esmaeil Nabibakhsh",
      "team": "KOL",
      "match_played": 17,
      "value": 1,
      "team_id": 4,
      "team_name": "KOL",
      "rank": "69",
      "position_id": 1,
      "position_name": "All Rounder",
      "team_full_name": "Bengal Warriors"
    },
    {
      "player_id": 326,
      "player_name": "Rohit Kumar",
      "team": "BEN",
      "match_played": 89,
      "value": 1,
      "team_id": 1,
      "team_name": "BEN",
      "rank": "69",
      "position_id": 8,
      "position_name": "Raider",
      "team_full_name": "Bengaluru Bulls"
    },
    {
      "player_id": 519,
      "player_name": "Young Chang Ko",
      "team": "MUM",
      "match_played": 36,
      "value": 1,
      "team_id": 5,
      "team_name": "MUM",
      "rank": "69",
      "position_id": 4,
      "position_name": "Defender, left cover",
      "team_full_name": "U Mumba"
    },
    {
      "player_id": 536,
      "player_name": "Ziaur Rahman",
      "team": "KOL",
      "match_played": 34,
      "value": 1,
      "team_id": 4,
      "team_name": "KOL",
      "rank": "69",
      "position_id": 4,
      "position_name": "Defender, left cover",
      "team_full_name": "Bengal Warriors"
    },
    {
      "player_id": 665,
      "player_name": "Pankaj",
      "team": "GFG",
      "match_played": 20,
      "value": 1,
      "team_id": 31,
      "team_name": "GFG",
      "rank": "69",
      "position_id": 1,
      "position_name": "All Rounder",
      "team_full_name": "Gujarat Fortunegiants"
    },
    {
      "player_id": 724,
      "player_name": "Darshan J.",
      "team": "TT",
      "match_played": 29,
      "value": 1,
      "team_id": 29,
      "team_name": "TT",
      "rank": "69",
      "position_id": 7,
      "position_name": "Defender, right cover",
      "team_full_name": "Tamil Thalaivas"
    },
    {
      "player_id": 2502,
      "player_name": "Mohit Sehrawat",
      "team": "BEN",
      "match_played": 11,
      "value": 1,
      "team_id": 1,
      "team_name": "BEN",
      "rank": "69",
      "position_id": 7,
      "position_name": "Defender, right cover",
      "team_full_name": "Bengaluru Bulls"
    },
    {
      "player_id": 2463,
      "player_name": "Parveen",
      "team": "HS",
      "match_played": 25,
      "value": 1,
      "team_id": 28,
      "team_name": "HS",
      "rank": "69",
      "position_id": 4,
      "position_name": "Defender, left cover",
      "team_full_name": "Haryana Steelers"
    },
    {
      "player_id": 2476,
      "player_name": "Amit Kumar",
      "team": "JAI",
      "match_played": 17,
      "value": 1,
      "team_id": 3,
      "team_name": "JAI",
      "rank": "69",
      "position_id": 8,
      "position_name": "Raider",
      "team_full_name": "Jaipur Pink Panthers"
    },
    {
      "player_id": 2481,
      "player_name": "Ponparthiban Subramanian",
      "team": "TT",
      "match_played": 17,
      "value": 1,
      "team_id": 29,
      "team_name": "TT",
      "rank": "69",
      "position_id": 7,
      "position_name": "Defender, right cover",
      "team_full_name": "Tamil Thalaivas"
    },
    {
      "player_id": 2486,
      "player_name": "Harendra Kumar",
      "team": "MUM",
      "match_played": 14,
      "value": 1,
      "team_id": 5,
      "team_name": "MUM",
      "rank": "69",
      "position_id": 4,
      "position_name": "Defender, left cover",
      "team_full_name": "U Mumba"
    },
    {
      "player_id": 791,
      "player_name": "Nitin Rawal",
      "team": "JAI",
      "match_played": 43,
      "value": 1,
      "team_id": 3,
      "team_name": "JAI",
      "rank": "69",
      "position_id": 1,
      "position_name": "All Rounder",
      "team_full_name": "Jaipur Pink Panthers"
    },
    {
      "player_id": 773,
      "player_name": "Satpal",
      "team": "DEL",
      "match_played": 22,
      "value": 1,
      "team_id": 2,
      "team_name": "DEL",
      "rank": "69",
      "position_id": 6,
      "position_name": "Defender, right corner",
      "team_full_name": "Dabang Delhi K.C."
    },
    {
      "player_id": 2023,
      "player_name": "Ruturaj Shivaji Koravi",
      "team": "GFG",
      "match_played": 35,
      "value": 1,
      "team_id": 31,
      "team_name": "GFG",
      "rank": "69",
      "position_id": 9,
      "position_name": "Defender",
      "team_full_name": "Gujarat Fortunegiants"
    },
    {
      "player_id": 795,
      "player_name": "Monu",
      "team": "PAT",
      "match_played": 50,
      "value": 1,
      "team_id": 6,
      "team_name": "PAT",
      "rank": "69",
      "position_id": 8,
      "position_name": "Raider",
      "team_full_name": "Patna Pirates"
    },
    {
      "player_id": 765,
      "player_name": "Anil Kumar",
      "team": "TT",
      "match_played": 6,
      "value": 1,
      "team_id": 29,
      "team_name": "TT",
      "rank": "69",
      "position_id": 8,
      "position_name": "Raider",
      "team_full_name": "Tamil Thalaivas"
    },
    {
      "player_id": 745,
      "player_name": "Vijay",
      "team": "DEL",
      "match_played": 55,
      "value": 1,
      "team_id": 2,
      "team_name": "DEL",
      "rank": "69",
      "position_id": 1,
      "position_name": "All Rounder",
      "team_full_name": "Dabang Delhi K.C."
    },
    {
      "player_id": 611,
      "player_name": "Sidharth",
      "team": "DEL",
      "match_played": 21,
      "value": 1,
      "team_id": 2,
      "team_name": "DEL",
      "rank": "69",
      "position_id": 1,
      "position_name": "All Rounder",
      "team_full_name": "Dabang Delhi K.C."
    }
  ],
  "language_lookup": {
    "stat": "Stat",
    "stat_id": "Stat Id",
    "minimum_criteria": "Minimum Criteria",
    "team_id": "Team Id",
    "team_name": "Team Name",
    "player_id": "Player Id",
    "player_name": "Player Name",
    "value": "Value",
    "match_played": "Match Played",
    "team": "Team",
    "tackles": "Tackles"
  }
}