{
  "stat": "Player Total Points",
  "stat_id": "102",
  "minimum_criteria": "More than 0 Total Points",
  "data": [
    {
      "player_id": 29,
      "player_name": "Anup Kumar",
      "match_played": 16,
      "value": 169,
      "team_id": 5,
      "team": " Mum",
      "team_name": " Mum",
      "rank": "1",
      "position_id": 8,
      "position_name": "Raider"
    },
    {
      "player_id": 81,
      "player_name": "Rahul Chaudhari",
      "match_played": 14,
      "value": 161,
      "team_id": 8,
      "team": " Hyd",
      "team_name": " Hyd",
      "rank": "2",
      "position_id": 8,
      "position_name": "Raider"
    },
    {
      "player_id": 143,
      "player_name": "Maninder Singh",
      "match_played": 16,
      "value": 137,
      "team_id": 3,
      "team": " Jai",
      "team_name": " Jai",
      "rank": "3",
      "position_id": 8,
      "position_name": "Raider"
    },
    {
      "player_id": 26,
      "player_name": "Ajay Thakur",
      "match_played": 15,
      "value": 127,
      "team_id": 1,
      "team": " Ben",
      "team_name": " Ben",
      "rank": "4",
      "position_id": 8,
      "position_name": "Raider"
    },
    {
      "player_id": 58,
      "player_name": "Kashiling Adake",
      "match_played": 14,
      "value": 122,
      "team_id": 2,
      "team": " Ben, Del",
      "team_name": " Ben, Del",
      "rank": "5",
      "position_id": 8,
      "position_name": "Raider"
    },
    {
      "player_id": 69,
      "player_name": "Manjeet Chhillar",
      "match_played": 16,
      "value": 122,
      "team_id": 1,
      "team": " Ben",
      "team_name": " Ben",
      "rank": "5",
      "position_id": 1,
      "position_name": "All Rounder"
    },
    {
      "player_id": 118,
      "player_name": "Surjeet Narwal",
      "match_played": 14,
      "value": 120,
      "team_id": 2,
      "team": " Del",
      "team_name": " Del",
      "rank": "7",
      "position_id": 8,
      "position_name": "Raider"
    },
    {
      "player_id": 142,
      "player_name": "Sandeep Narwal",
      "match_played": 16,
      "value": 119,
      "team_id": 6,
      "team": " Pat",
      "team_name": " Pat",
      "rank": "8",
      "position_id": 1,
      "position_name": "All Rounder"
    },
    {
      "player_id": 52,
      "player_name": "Jasvir Singh",
      "match_played": 15,
      "value": 113,
      "team_id": 3,
      "team": " Jai",
      "team_name": " Jai",
      "rank": "9",
      "position_id": 8,
      "position_name": "Raider"
    },
    {
      "player_id": 124,
      "player_name": "Wazir Singh",
      "match_played": 12,
      "value": 111,
      "team_id": 7,
      "team": " Pun",
      "team_name": " Pun",
      "rank": "10",
      "position_id": 8,
      "position_name": "Raider"
    },
    {
      "player_id": 92,
      "player_name": "Ravi Dalal",
      "match_played": 16,
      "value": 111,
      "team_id": 6,
      "team": " Pat",
      "team_name": " Pat",
      "rank": "10",
      "position_id": 8,
      "position_name": "Raider"
    },
    {
      "player_id": 75,
      "player_name": "Nitin Madane",
      "match_played": 12,
      "value": 107,
      "team_id": 4,
      "team": " Kol",
      "team_name": " Kol",
      "rank": "12",
      "position_id": 8,
      "position_name": "Raider"
    },
    {
      "player_id": 88,
      "player_name": "Rakesh Kumar",
      "match_played": 12,
      "value": 99,
      "team_id": 6,
      "team": " Pat",
      "team_name": " Pat",
      "rank": "13",
      "position_id": 1,
      "position_name": "All Rounder"
    },
    {
      "player_id": 86,
      "player_name": "Rajesh Narwal",
      "match_played": 16,
      "value": 98,
      "team_id": 3,
      "team": " Jai",
      "team_name": " Jai",
      "rank": "14",
      "position_id": 1,
      "position_name": "All Rounder"
    },
    {
      "player_id": 41,
      "player_name": "Deepak Niwas Hooda",
      "match_played": 14,
      "value": 89,
      "team_id": 8,
      "team": " Hyd",
      "team_name": " Hyd",
      "rank": "15",
      "position_id": 1,
      "position_name": "All Rounder"
    },
    {
      "player_id": 111,
      "player_name": "Sukesh Hegde",
      "match_played": 14,
      "value": 83,
      "team_id": 8,
      "team": " Hyd",
      "team_name": " Hyd",
      "rank": "16",
      "position_id": 8,
      "position_name": "Raider"
    },
    {
      "player_id": 94,
      "player_name": "Rishank Devadiga",
      "match_played": 16,
      "value": 77,
      "team_id": 5,
      "team": " Mum",
      "team_name": " Mum",
      "rank": "17",
      "position_id": 8,
      "position_name": "Raider"
    },
    {
      "player_id": 105,
      "player_name": "Shabeer Bappu",
      "match_played": 10,
      "value": 67,
      "team_id": 5,
      "team": " Mum",
      "team_name": " Mum",
      "rank": "18",
      "position_id": 8,
      "position_name": "Raider"
    },
    {
      "player_id": 146,
      "player_name": "Surender Nada",
      "match_played": 15,
      "value": 61,
      "team_id": 5,
      "team": " Mum",
      "team_name": " Mum",
      "rank": "19",
      "position_id": 3,
      "position_name": "Defender, left corner"
    },
    {
      "player_id": 66,
      "player_name": "Mahesh Goud",
      "match_played": 13,
      "value": 59,
      "team_id": 4,
      "team": " Kol",
      "team_name": " Kol",
      "rank": "20",
      "position_id": 8,
      "position_name": "Raider"
    },
    {
      "player_id": 12,
      "player_name": "Jang Kun Lee",
      "match_played": 11,
      "value": 57,
      "team_id": 4,
      "team": " Kol",
      "team_name": " Kol",
      "rank": "21",
      "position_id": 8,
      "position_name": "Raider"
    },
    {
      "player_id": 55,
      "player_name": "Jitesh Joshi",
      "match_played": 14,
      "value": 53,
      "team_id": 7,
      "team": " Pun",
      "team_name": " Pun",
      "rank": "22",
      "position_id": 1,
      "position_name": "All Rounder"
    },
    {
      "player_id": 42,
      "player_name": "Dharmaraj Cheralathan",
      "match_played": 16,
      "value": 52,
      "team_id": 1,
      "team": " Ben",
      "team_name": " Ben",
      "rank": "23",
      "position_id": 10,
      "position_name": "Defender, right and left corner"
    },
    {
      "player_id": 141,
      "player_name": "Sunil Jaipal",
      "match_played": 13,
      "value": 50,
      "team_id": 4,
      "team": " Kol",
      "team_name": " Kol",
      "rank": "24",
      "position_id": 8,
      "position_name": "Raider"
    },
    {
      "player_id": 107,
      "player_name": "Shrikant Tewthia",
      "match_played": 14,
      "value": 50,
      "team_id": 2,
      "team": " Del",
      "team_name": " Del",
      "rank": "24",
      "position_id": 1,
      "position_name": "All Rounder"
    },
    {
      "player_id": 51,
      "player_name": "Jasmer Singh Gulia",
      "match_played": 14,
      "value": 45,
      "team_id": 2,
      "team": " Ben, Del",
      "team_name": " Ben, Del",
      "rank": "26",
      "position_id": 1,
      "position_name": "All Rounder"
    },
    {
      "player_id": 85,
      "player_name": "Rajesh Mondal",
      "match_played": 15,
      "value": 44,
      "team_id": 1,
      "team": " Ben",
      "team_name": " Ben",
      "rank": "27",
      "position_id": 8,
      "position_name": "Raider"
    },
    {
      "player_id": 156,
      "player_name": "Pawan Kumar Kadian",
      "match_played": 10,
      "value": 44,
      "team_id": 5,
      "team": " Mum",
      "team_name": " Mum",
      "rank": "27",
      "position_id": 8,
      "position_name": "Raider"
    },
    {
      "player_id": 70,
      "player_name": "Manoj Kumar",
      "match_played": 14,
      "value": 42,
      "team_id": 7,
      "team": " Pun",
      "team_name": " Pun",
      "rank": "29",
      "position_id": 4,
      "position_name": "Defender, left cover"
    },
    {
      "player_id": 96,
      "player_name": "Rohit Rana",
      "match_played": 15,
      "value": 38,
      "team_id": 3,
      "team": " Jai",
      "team_name": " Jai",
      "rank": "30",
      "position_id": 4,
      "position_name": "Defender, left cover"
    },
    {
      "player_id": 71,
      "player_name": "Mohit Chhillar",
      "match_played": 16,
      "value": 36,
      "team_id": 5,
      "team": " Mum",
      "team_name": " Mum",
      "rank": "31",
      "position_id": 6,
      "position_name": "Defender, right corner"
    },
    {
      "player_id": 150,
      "player_name": "Parmod Narwal",
      "match_played": 16,
      "value": 36,
      "team_id": 1,
      "team": " Ben",
      "team_name": " Ben",
      "rank": "31",
      "position_id": 1,
      "position_name": "All Rounder"
    },
    {
      "player_id": 160,
      "player_name": "Ran Singh",
      "match_played": 10,
      "value": 36,
      "team_id": 3,
      "team": " Jai",
      "team_name": " Jai",
      "rank": "31",
      "position_id": 1,
      "position_name": "All Rounder"
    },
    {
      "player_id": 73,
      "player_name": "Nilesh Shinde",
      "match_played": 14,
      "value": 35,
      "team_id": 4,
      "team": " Kol",
      "team_name": " Kol",
      "rank": "34",
      "position_id": 6,
      "position_name": "Defender, right corner"
    },
    {
      "player_id": 147,
      "player_name": "Prashant Chavan",
      "match_played": 15,
      "value": 33,
      "team_id": 3,
      "team": " Jai",
      "team_name": " Jai",
      "rank": "35",
      "position_id": 6,
      "position_name": "Defender, right corner"
    },
    {
      "player_id": 56,
      "player_name": "Kalimuthu Balamahendran",
      "match_played": 14,
      "value": 32,
      "team_id": 7,
      "team": " Pun",
      "team_name": " Pun",
      "rank": "36",
      "position_id": 3,
      "position_name": "Defender, left corner"
    },
    {
      "player_id": 67,
      "player_name": "Mahipal Narwal",
      "match_played": 5,
      "value": 31,
      "team_id": 7,
      "team": " Pun",
      "team_name": " Pun",
      "rank": "37",
      "position_id": 1,
      "position_name": "All Rounder"
    },
    {
      "player_id": 28,
      "player_name": "Amit Singh Chhillar",
      "match_played": 14,
      "value": 30,
      "team_id": 2,
      "team": " Del",
      "team_name": " Del",
      "rank": "38",
      "position_id": 3,
      "position_name": "Defender, left corner"
    },
    {
      "player_id": 157,
      "player_name": "Ravinder Pahal",
      "match_played": 9,
      "value": 29,
      "team_id": 2,
      "team": " Del",
      "team_name": " Del",
      "rank": "39",
      "position_id": 6,
      "position_name": "Defender, right corner"
    },
    {
      "player_id": 162,
      "player_name": "D. Suresh Kumar",
      "match_played": 12,
      "value": 28,
      "team_id": 6,
      "team": " Pat",
      "team_name": " Pat",
      "rank": "40",
      "position_id": 7,
      "position_name": "Defender, right cover"
    },
    {
      "player_id": 168,
      "player_name": "Mangesh Bhagat",
      "match_played": 8,
      "value": 28,
      "team_id": 7,
      "team": " Pun",
      "team_name": " Pun",
      "rank": "40",
      "position_id": 8,
      "position_name": "Raider"
    },
    {
      "player_id": 108,
      "player_name": "Shyam Kumar Sah",
      "match_played": 13,
      "value": 28,
      "team_id": 4,
      "team": " Kol",
      "team_name": " Kol",
      "rank": "40",
      "position_id": 4,
      "position_name": "Defender, left cover"
    },
    {
      "player_id": 98,
      "player_name": "Sachin Khambe",
      "match_played": 14,
      "value": 27,
      "team_id": 4,
      "team": " Kol",
      "team_name": " Kol",
      "rank": "43",
      "position_id": 3,
      "position_name": "Defender, left corner"
    },
    {
      "player_id": 20,
      "player_name": "Wasim Sajjad",
      "match_played": 15,
      "value": 27,
      "team_id": 6,
      "team": " Pat",
      "team_name": " Pat",
      "rank": "43",
      "position_id": 6,
      "position_name": "Defender, right corner"
    },
    {
      "player_id": 45,
      "player_name": "Gurpreet Singh",
      "match_played": 16,
      "value": 27,
      "team_id": 1,
      "team": " Ben",
      "team_name": " Ben",
      "rank": "43",
      "position_id": 6,
      "position_name": "Defender, right corner"
    },
    {
      "player_id": 152,
      "player_name": "D. Gopu",
      "match_played": 15,
      "value": 27,
      "team_id": 8,
      "team": " Hyd",
      "team_name": " Hyd",
      "rank": "43",
      "position_id": 10,
      "position_name": "Defender, right and left corner"
    },
    {
      "player_id": 161,
      "player_name": "Girish Maruti Ernak",
      "match_played": 12,
      "value": 25,
      "team_id": 6,
      "team": " Pat",
      "team_name": " Pat",
      "rank": "47",
      "position_id": 3,
      "position_name": "Defender, left corner"
    },
    {
      "player_id": 163,
      "player_name": "Mahendra Ganesh Rajput",
      "match_played": 8,
      "value": 21,
      "team_id": 4,
      "team": " Kol",
      "team_name": " Kol",
      "rank": "48",
      "position_id": 8,
      "position_name": "Raider"
    },
    {
      "player_id": 174,
      "player_name": "Deepak Kumar Dahiya",
      "match_played": 7,
      "value": 21,
      "team_id": 1,
      "team": " Ben",
      "team_name": " Ben",
      "rank": "48",
      "position_id": 8,
      "position_name": "Raider"
    },
    {
      "player_id": 79,
      "player_name": "Pravin Niwale",
      "match_played": 7,
      "value": 21,
      "team_id": 7,
      "team": " Pun",
      "team_name": " Pun",
      "rank": "48",
      "position_id": 8,
      "position_name": "Raider"
    },
    {
      "player_id": 123,
      "player_name": "Vishal Mane",
      "match_played": 16,
      "value": 20,
      "team_id": 5,
      "team": " Mum",
      "team_name": " Mum",
      "rank": "51",
      "position_id": 7,
      "position_name": "Defender, right cover"
    },
    {
      "player_id": 165,
      "player_name": "Sachin Shingade",
      "match_played": 10,
      "value": 20,
      "team_id": 8,
      "team": " Hyd",
      "team_name": " Hyd",
      "rank": "51",
      "position_id": 4,
      "position_name": "Defender, left cover"
    },
    {
      "player_id": 166,
      "player_name": "Vijendar Singh",
      "match_played": 8,
      "value": 20,
      "team_id": 8,
      "team": " Hyd",
      "team_name": " Hyd",
      "rank": "51",
      "position_id": null,
      "position_name": null
    },
    {
      "player_id": 84,
      "player_name": "Rajaguru Subramanian",
      "match_played": 14,
      "value": 19,
      "team_id": 8,
      "team": " Hyd",
      "team_name": " Hyd",
      "rank": "54",
      "position_id": 7,
      "position_name": "Defender, right cover"
    },
    {
      "player_id": 89,
      "player_name": "Ram Kumar Sah",
      "match_played": 9,
      "value": 18,
      "team_id": 6,
      "team": " Pat",
      "team_name": " Pat",
      "rank": "55",
      "position_id": 4,
      "position_name": "Defender, left cover"
    },
    {
      "player_id": 72,
      "player_name": "Navneet Gautam",
      "match_played": 14,
      "value": 17,
      "team_id": 3,
      "team": " Jai",
      "team_name": " Jai",
      "rank": "56",
      "position_id": 3,
      "position_name": "Defender, left corner"
    },
    {
      "player_id": 44,
      "player_name": "Gangadhari Mallesh",
      "match_played": 10,
      "value": 16,
      "team_id": 3,
      "team": " Jai",
      "team_name": " Jai",
      "rank": "57",
      "position_id": 8,
      "position_name": "Raider"
    },
    {
      "player_id": 54,
      "player_name": "Jeeva Kumar",
      "match_played": 9,
      "value": 16,
      "team_id": 5,
      "team": " Mum",
      "team_name": " Mum",
      "rank": "57",
      "position_id": 5,
      "position_name": "Defender, right and left cover"
    },
    {
      "player_id": 16,
      "player_name": "Waleed Al Hasani",
      "match_played": 6,
      "value": 14,
      "team_id": 7,
      "team": " Pun",
      "team_name": " Pun",
      "rank": "59",
      "position_id": 8,
      "position_name": "Raider"
    },
    {
      "player_id": 46,
      "player_name": "Gurvinder Singh",
      "match_played": 7,
      "value": 13,
      "team_id": 6,
      "team": " Ben, Pat",
      "team_name": " Ben, Pat",
      "rank": "60",
      "position_id": 8,
      "position_name": "Raider"
    },
    {
      "player_id": 76,
      "player_name": "Nitin More",
      "match_played": 9,
      "value": 12,
      "team_id": 7,
      "team": " Pun",
      "team_name": " Pun",
      "rank": "61",
      "position_id": 4,
      "position_name": "Defender, left cover"
    },
    {
      "player_id": 167,
      "player_name": "Preetam Chhillar",
      "match_played": 11,
      "value": 12,
      "team_id": 1,
      "team": " Ben",
      "team_name": " Ben",
      "rank": "61",
      "position_id": 1,
      "position_name": "All Rounder"
    },
    {
      "player_id": 159,
      "player_name": "Samarjeet Singh",
      "match_played": 12,
      "value": 12,
      "team_id": 3,
      "team": " Jai",
      "team_name": " Jai",
      "rank": "61",
      "position_id": 1,
      "position_name": "All Rounder"
    },
    {
      "player_id": 164,
      "player_name": "Bajirao Hodage",
      "match_played": 6,
      "value": 11,
      "team_id": 4,
      "team": " Kol",
      "team_name": " Kol",
      "rank": "64",
      "position_id": 7,
      "position_name": "Defender, right cover"
    },
    {
      "player_id": 169,
      "player_name": "Sagar Khatale",
      "match_played": 8,
      "value": 10,
      "team_id": 7,
      "team": " Pun",
      "team_name": " Pun",
      "rank": "65",
      "position_id": 6,
      "position_name": "Defender, right corner"
    },
    {
      "player_id": 32,
      "player_name": "Balbir Singh",
      "match_played": 8,
      "value": 9,
      "team_id": 3,
      "team": " Jai",
      "team_name": " Jai",
      "rank": "66",
      "position_id": 1,
      "position_name": "All Rounder"
    },
    {
      "player_id": 10,
      "player_name": "Simon Kibura",
      "match_played": 4,
      "value": 8,
      "team_id": 7,
      "team": " Pun",
      "team_name": " Pun",
      "rank": "67",
      "position_id": 8,
      "position_name": "Raider"
    },
    {
      "player_id": 170,
      "player_name": "Swapnil Dilip Shinde",
      "match_played": 8,
      "value": 8,
      "team_id": 7,
      "team": " Pun",
      "team_name": " Pun",
      "rank": "67",
      "position_id": 7,
      "position_name": "Defender, right cover"
    },
    {
      "player_id": 173,
      "player_name": "Suresu Kumar",
      "match_played": 3,
      "value": 6,
      "team_id": 5,
      "team": " Mum",
      "team_name": " Mum",
      "rank": "69",
      "position_id": 8,
      "position_name": "Raider"
    },
    {
      "player_id": 4,
      "player_name": "Ehsan Zamani Fard",
      "match_played": 8,
      "value": 6,
      "team_id": 2,
      "team": " Del",
      "team_name": " Del",
      "rank": "69",
      "position_id": 3,
      "position_name": "Defender, left corner"
    },
    {
      "player_id": 36,
      "player_name": "Chandran Ranjit",
      "match_played": 6,
      "value": 6,
      "team_id": 8,
      "team": " Hyd",
      "team_name": " Hyd",
      "rank": "69",
      "position_id": 8,
      "position_name": "Raider"
    },
    {
      "player_id": 53,
      "player_name": "Jeeva Gopal",
      "match_played": 11,
      "value": 6,
      "team_id": 5,
      "team": " Mum",
      "team_name": " Mum",
      "rank": "69",
      "position_id": 4,
      "position_name": "Defender, left cover"
    },
    {
      "player_id": 19,
      "player_name": "Wajid Ali",
      "match_played": 4,
      "value": 5,
      "team_id": 8,
      "team": " Hyd",
      "team_name": " Hyd",
      "rank": "73",
      "position_id": 1,
      "position_name": "All Rounder"
    },
    {
      "player_id": 61,
      "player_name": "Kuldeep Singh",
      "match_played": 3,
      "value": 5,
      "team_id": 6,
      "team": " Ben, Pat",
      "team_name": " Ben, Pat",
      "rank": "73",
      "position_id": 3,
      "position_name": "Defender, left corner"
    },
    {
      "player_id": 38,
      "player_name": "Dadaso Balaso Awad",
      "match_played": 5,
      "value": 5,
      "team_id": 2,
      "team": " Del",
      "team_name": " Del",
      "rank": "73",
      "position_id": 1,
      "position_name": "All Rounder"
    },
    {
      "player_id": 21,
      "player_name": "Sinotharan Kanesharajah",
      "match_played": 1,
      "value": 5,
      "team_id": 1,
      "team": " Ben",
      "team_name": " Ben",
      "rank": "73",
      "position_id": 8,
      "position_name": "Raider"
    },
    {
      "player_id": 13,
      "player_name": "Seong Ryeol Kim",
      "match_played": 3,
      "value": 5,
      "team_id": 4,
      "team": " Kol",
      "team_name": " Kol",
      "rank": "73",
      "position_id": 9,
      "position_name": "Defender"
    },
    {
      "player_id": 80,
      "player_name": "Punit Kumar Teotia",
      "match_played": 4,
      "value": 5,
      "team_id": 2,
      "team": " Del",
      "team_name": " Del",
      "rank": "73",
      "position_id": 8,
      "position_name": "Raider"
    },
    {
      "player_id": 68,
      "player_name": "Mandeep Kumar",
      "match_played": 7,
      "value": 5,
      "team_id": 6,
      "team": " Pat",
      "team_name": " Pat",
      "rank": "73",
      "position_id": 8,
      "position_name": "Raider"
    },
    {
      "player_id": 97,
      "player_name": "Rupesh Tomar",
      "match_played": 5,
      "value": 5,
      "team_id": 8,
      "team": " Hyd",
      "team_name": " Hyd",
      "rank": "73",
      "position_id": 1,
      "position_name": "All Rounder"
    },
    {
      "player_id": 151,
      "player_name": "Vikas Tomar",
      "match_played": 8,
      "value": 5,
      "team_id": 7,
      "team": " Pun",
      "team_name": " Pun",
      "rank": "73",
      "position_id": 6,
      "position_name": "Defender, right corner"
    },
    {
      "player_id": 155,
      "player_name": "Prashanth Kumar Rai",
      "match_played": 7,
      "value": 5,
      "team_id": 8,
      "team": " Hyd",
      "team_name": " Hyd",
      "rank": "73",
      "position_id": 8,
      "position_name": "Raider"
    },
    {
      "player_id": 158,
      "player_name": "Rakesh Singh Kumar",
      "match_played": 9,
      "value": 4,
      "team_id": 2,
      "team": " Del",
      "team_name": " Del",
      "rank": "83",
      "position_id": 4,
      "position_name": "Defender, left cover"
    },
    {
      "player_id": 154,
      "player_name": "Gurchet Singh",
      "match_played": 4,
      "value": 4,
      "team_id": 1,
      "team": " Ben",
      "team_name": " Ben",
      "rank": "83",
      "position_id": null,
      "position_name": null
    },
    {
      "player_id": 113,
      "player_name": "Sunil Hanumanthappa",
      "match_played": 5,
      "value": 4,
      "team_id": 1,
      "team": " Ben",
      "team_name": " Ben",
      "rank": "83",
      "position_id": 8,
      "position_name": "Raider"
    },
    {
      "player_id": 14,
      "player_name": "Tae Deok Eom",
      "match_played": 9,
      "value": 4,
      "team_id": 6,
      "team": " Pat",
      "team_name": " Pat",
      "rank": "83",
      "position_id": 1,
      "position_name": "All Rounder"
    },
    {
      "player_id": 23,
      "player_name": "Dovlet Boshimov",
      "match_played": 2,
      "value": 4,
      "team_id": 6,
      "team": " Pat",
      "team_name": " Pat",
      "rank": "83",
      "position_id": 8,
      "position_name": "Raider"
    },
    {
      "player_id": 77,
      "player_name": "Parveen Kumar",
      "match_played": 8,
      "value": 3,
      "team_id": 4,
      "team": " Kol",
      "team_name": " Kol",
      "rank": "88",
      "position_id": 7,
      "position_name": "Defender, right cover"
    },
    {
      "player_id": 87,
      "player_name": "Raju Lal Choudhary",
      "match_played": 5,
      "value": 2,
      "team_id": 3,
      "team": " Ben, Jai",
      "team_name": " Ben, Jai",
      "rank": "89",
      "position_id": 6,
      "position_name": "Defender, right corner"
    },
    {
      "player_id": 144,
      "player_name": "Gokul Shitole",
      "match_played": 3,
      "value": 2,
      "team_id": 3,
      "team": " Jai",
      "team_name": " Jai",
      "rank": "89",
      "position_id": 6,
      "position_name": "Defender, right corner"
    },
    {
      "player_id": 145,
      "player_name": "Md. Aruduzzaman Munshi",
      "match_played": 5,
      "value": 2,
      "team_id": 5,
      "team": " Mum",
      "team_name": " Mum",
      "rank": "89",
      "position_id": 8,
      "position_name": "Raider"
    },
    {
      "player_id": 5,
      "player_name": "Farhad Kamal Gharibi",
      "match_played": 2,
      "value": 2,
      "team_id": 4,
      "team": " Kol",
      "team_name": " Kol",
      "rank": "89",
      "position_id": 3,
      "position_name": "Defender, left corner"
    },
    {
      "player_id": 9,
      "player_name": "Takamitsu Kono",
      "match_played": 1,
      "value": 2,
      "team_id": 2,
      "team": " Del",
      "team_name": " Del",
      "rank": "89",
      "position_id": 1,
      "position_name": "All Rounder"
    },
    {
      "player_id": 11,
      "player_name": "Dong Ju Hong",
      "match_played": 2,
      "value": 1,
      "team_id": 2,
      "team": " Ben, Del",
      "team_name": " Ben, Del",
      "rank": "94",
      "position_id": 1,
      "position_name": "All Rounder"
    },
    {
      "player_id": 17,
      "player_name": "Atif Waheed",
      "match_played": 3,
      "value": 1,
      "team_id": 8,
      "team": " Hyd",
      "team_name": " Hyd",
      "rank": "94",
      "position_id": 1,
      "position_name": "All Rounder"
    },
    {
      "player_id": 148,
      "player_name": "Sunil Subhash Lande",
      "match_played": 4,
      "value": 1,
      "team_id": 7,
      "team": " Pun",
      "team_name": " Pun",
      "rank": "94",
      "position_id": 6,
      "position_name": "Defender, right corner"
    }
  ],
  "language_lookup": {
    "stat": "Stat",
    "stat_id": "Stat Id",
    "minimum_criteria": "Minimum Criteria",
    "team_id": "Team Id",
    "team_name": "Team Name",
    "player_id": "Player Id",
    "player_name": "Player Name",
    "value": "Value",
    "match_played": "Match Played",
    "team": "Team",
    "tackles": "Tackles"
  }
}