{
  "stat": "Player Super Raids",
  "stat_id": "104",
  "minimum_criteria": "More than 0 Super Raid",
  "data": [
    {
      "player_id": 81,
      "player_name": "Rahul Chaudhari",
      "match_played": 16,
      "value": 6,
      "team_id": 8,
      "team": " Hyd",
      "team_name": " Hyd",
      "rank": "1",
      "position_id": 8,
      "position_name": "Raider"
    },
    {
      "player_id": 26,
      "player_name": "Ajay Thakur",
      "match_played": 16,
      "value": 5,
      "team_id": 7,
      "team": " Pun",
      "team_name": " Pun",
      "rank": "2",
      "position_id": 8,
      "position_name": "Raider"
    },
    {
      "player_id": 251,
      "player_name": "Meraj Sheykh",
      "match_played": 14,
      "value": 4,
      "team_id": 2,
      "team": " Del",
      "team_name": " Del",
      "rank": "3",
      "position_id": 1,
      "position_name": "All Rounder"
    },
    {
      "player_id": 197,
      "player_name": "Pardeep Narwal",
      "match_played": 16,
      "value": 3,
      "team_id": 6,
      "team": " Pat",
      "team_name": " Pat",
      "rank": "4",
      "position_id": 8,
      "position_name": "Raider"
    },
    {
      "player_id": 326,
      "player_name": "Rohit Kumar",
      "match_played": 14,
      "value": 3,
      "team_id": 1,
      "team": " Ben",
      "team_name": " Ben",
      "rank": "4",
      "position_id": 8,
      "position_name": "Raider"
    },
    {
      "player_id": 58,
      "player_name": "Kashiling Adake",
      "match_played": 13,
      "value": 3,
      "team_id": 2,
      "team": " Ben, Del",
      "team_name": " Ben, Del",
      "rank": "4",
      "position_id": 8,
      "position_name": "Raider"
    },
    {
      "player_id": 86,
      "player_name": "Rajesh Narwal",
      "match_played": 16,
      "value": 3,
      "team_id": 3,
      "team": " Jai",
      "team_name": " Jai",
      "rank": "4",
      "position_id": 1,
      "position_name": "All Rounder"
    },
    {
      "player_id": 94,
      "player_name": "Rishank Devadiga",
      "match_played": 14,
      "value": 2,
      "team_id": 5,
      "team": " Mum",
      "team_name": " Mum",
      "rank": "8",
      "position_id": 8,
      "position_name": "Raider"
    },
    {
      "player_id": 12,
      "player_name": "Jang Kun Lee",
      "match_played": 11,
      "value": 2,
      "team_id": 4,
      "team": " Kol",
      "team_name": " Kol",
      "rank": "8",
      "position_id": 8,
      "position_name": "Raider"
    },
    {
      "player_id": 41,
      "player_name": "Deepak Niwas Hooda",
      "match_played": 16,
      "value": 2,
      "team_id": 7,
      "team": " Pun",
      "team_name": " Pun",
      "rank": "8",
      "position_id": 1,
      "position_name": "All Rounder"
    },
    {
      "player_id": 155,
      "player_name": "Prashanth Kumar Rai",
      "match_played": 9,
      "value": 2,
      "team_id": 2,
      "team": " Del",
      "team_name": " Del",
      "rank": "8",
      "position_id": 8,
      "position_name": "Raider"
    },
    {
      "player_id": 300,
      "player_name": "Abolfazl Maghsodloumahali",
      "match_played": 9,
      "value": 2,
      "team_id": 6,
      "team": " Pat",
      "team_name": " Pat",
      "rank": "8",
      "position_id": 8,
      "position_name": "Raider"
    },
    {
      "player_id": 320,
      "player_name": "Nitin Tomar",
      "match_played": 12,
      "value": 1,
      "team_id": 7,
      "team": " Pun",
      "team_name": " Pun",
      "rank": "13",
      "position_id": 8,
      "position_name": "Raider"
    },
    {
      "player_id": 264,
      "player_name": "Selvamani K",
      "match_played": 13,
      "value": 1,
      "team_id": 2,
      "team": " Del",
      "team_name": " Del",
      "rank": "13",
      "position_id": 8,
      "position_name": "Raider"
    },
    {
      "player_id": 293,
      "player_name": "Nilesh Salunke",
      "match_played": 15,
      "value": 1,
      "team_id": 8,
      "team": " Hyd",
      "team_name": " Hyd",
      "rank": "13",
      "position_id": 8,
      "position_name": "Raider"
    },
    {
      "player_id": 174,
      "player_name": "Deepak Kumar Dahiya",
      "match_played": 7,
      "value": 1,
      "team_id": 1,
      "team": " Ben",
      "team_name": " Ben",
      "rank": "13",
      "position_id": 8,
      "position_name": "Raider"
    },
    {
      "player_id": 211,
      "player_name": "Deepak Narwal",
      "match_played": 6,
      "value": 1,
      "team_id": 2,
      "team": " Del",
      "team_name": " Del",
      "rank": "13",
      "position_id": 8,
      "position_name": "Raider"
    },
    {
      "player_id": 389,
      "player_name": "Ajay Kumar",
      "match_played": 15,
      "value": 1,
      "team_id": 3,
      "team": " Jai",
      "team_name": " Jai",
      "rank": "13",
      "position_id": 8,
      "position_name": "Raider"
    },
    {
      "player_id": 29,
      "player_name": "Anup Kumar",
      "match_played": 14,
      "value": 1,
      "team_id": 5,
      "team": " Mum",
      "team_name": " Mum",
      "rank": "13",
      "position_id": 8,
      "position_name": "Raider"
    },
    {
      "player_id": 67,
      "player_name": "Mahipal Narwal",
      "match_played": 14,
      "value": 1,
      "team_id": 3,
      "team": " Jai",
      "team_name": " Jai",
      "rank": "13",
      "position_id": 1,
      "position_name": "All Rounder"
    },
    {
      "player_id": 69,
      "player_name": "Manjeet Chhillar",
      "match_played": 12,
      "value": 1,
      "team_id": 7,
      "team": " Pun",
      "team_name": " Pun",
      "rank": "13",
      "position_id": 1,
      "position_name": "All Rounder"
    },
    {
      "player_id": 75,
      "player_name": "Nitin Madane",
      "match_played": 13,
      "value": 1,
      "team_id": 4,
      "team": " Kol",
      "team_name": " Kol",
      "rank": "13",
      "position_id": 8,
      "position_name": "Raider"
    },
    {
      "player_id": 105,
      "player_name": "Shabeer Bappu",
      "match_played": 12,
      "value": 1,
      "team_id": 3,
      "team": " Jai",
      "team_name": " Jai",
      "rank": "13",
      "position_id": 8,
      "position_name": "Raider"
    },
    {
      "player_id": 119,
      "player_name": "CPO Surjeet Singh",
      "match_played": 10,
      "value": 1,
      "team_id": 6,
      "team": " Pat",
      "team_name": " Pat",
      "rank": "13",
      "position_id": 8,
      "position_name": "Raider"
    },
    {
      "player_id": 150,
      "player_name": "Parmod Narwal",
      "match_played": 8,
      "value": 1,
      "team_id": 7,
      "team": " Pun",
      "team_name": " Pun",
      "rank": "13",
      "position_id": 1,
      "position_name": "All Rounder"
    },
    {
      "player_id": 88,
      "player_name": "Rakesh Kumar",
      "match_played": 14,
      "value": 1,
      "team_id": 5,
      "team": " Mum",
      "team_name": " Mum",
      "rank": "13",
      "position_id": 1,
      "position_name": "All Rounder"
    },
    {
      "player_id": 92,
      "player_name": "Ravi Dalal",
      "match_played": 6,
      "value": 1,
      "team_id": 4,
      "team": " Kol",
      "team_name": " Kol",
      "rank": "13",
      "position_id": 8,
      "position_name": "Raider"
    },
    {
      "player_id": 85,
      "player_name": "Rajesh Mondal",
      "match_played": 15,
      "value": 1,
      "team_id": 6,
      "team": " Pat",
      "team_name": " Pat",
      "rank": "13",
      "position_id": 8,
      "position_name": "Raider"
    }
  ],
  "language_lookup": {
    "stat": "Stat",
    "stat_id": "Stat Id",
    "minimum_criteria": "Minimum Criteria",
    "team_id": "Team Id",
    "team_name": "Team Name",
    "player_id": "Player Id",
    "player_name": "Player Name",
    "value": "Value",
    "match_played": "Match Played",
    "team": "Team",
    "tackles": "Tackles"
  }
}