{
  "stat": "Super 10s",
  "stat_id": "100",
  "minimum_criteria": "More than 0 Super_10s",
  "data": [
    {
      "player_id": 2296,
      "player_name": "Naveen Kumar",
      "team": " Del",
      "match_played": 16,
      "value": 15,
      "team_id": 2,
      "team_name": " Del",
      "rank": "1",
      "position_id": 8,
      "position_name": "Raider",
      "team_full_name": "Dabang Delhi K.C."
    },
    {
      "player_id": 197,
      "player_name": "Pardeep Narwal",
      "team": " Pat",
      "match_played": 17,
      "value": 11,
      "team_id": 6,
      "team_name": " Pat",
      "rank": "2",
      "position_id": 8,
      "position_name": "Raider",
      "team_full_name": "Patna Pirates"
    },
    {
      "player_id": 318,
      "player_name": "Pawan Kumar Sehrawat",
      "team": " Ben",
      "match_played": 17,
      "value": 11,
      "team_id": 1,
      "team_name": " Ben",
      "rank": "2",
      "position_id": 8,
      "position_name": "Raider",
      "team_full_name": "Bengaluru Bulls"
    },
    {
      "player_id": 143,
      "player_name": "Maninder Singh",
      "team": " Kol",
      "match_played": 17,
      "value": 7,
      "team_id": 4,
      "team_name": " Kol",
      "rank": "4",
      "position_id": 8,
      "position_name": "Raider",
      "team_full_name": "Bengal Warriors"
    },
    {
      "player_id": 366,
      "player_name": "Vikash Kandola",
      "team": " HS",
      "match_played": 13,
      "value": 7,
      "team_id": 28,
      "team_name": " HS",
      "rank": "4",
      "position_id": 8,
      "position_name": "Raider",
      "team_full_name": "Haryana Steelers"
    },
    {
      "player_id": 2026,
      "player_name": "Siddharth Sirish Desai",
      "team": " Hyd",
      "match_played": 16,
      "value": 5,
      "team_id": 8,
      "team_name": " Hyd",
      "rank": "6",
      "position_id": 8,
      "position_name": "Raider",
      "team_full_name": "Telugu Titans"
    },
    {
      "player_id": 41,
      "player_name": "Deepak Niwas Hooda",
      "team": " Jai",
      "match_played": 17,
      "value": 5,
      "team_id": 3,
      "team_name": " Jai",
      "rank": "6",
      "position_id": 1,
      "position_name": "All Rounder",
      "team_full_name": "Jaipur Pink Panthers"
    },
    {
      "player_id": 81,
      "player_name": "Rahul Chaudhari",
      "team": " TT",
      "match_played": 18,
      "value": 4,
      "team_id": 29,
      "team_name": " TT",
      "rank": "8",
      "position_id": 8,
      "position_name": "Raider",
      "team_full_name": "Tamil Thalaivas"
    },
    {
      "player_id": 2028,
      "player_name": "Abhishek Singh",
      "team": " Mum",
      "match_played": 14,
      "value": 4,
      "team_id": 5,
      "team_name": " Mum",
      "rank": "8",
      "position_id": 8,
      "position_name": "Raider",
      "team_full_name": "U Mumba"
    },
    {
      "player_id": 326,
      "player_name": "Rohit Kumar",
      "team": " Ben",
      "match_played": 17,
      "value": 3,
      "team_id": 1,
      "team_name": " Ben",
      "rank": "10",
      "position_id": 8,
      "position_name": "Raider",
      "team_full_name": "Bengaluru Bulls"
    },
    {
      "player_id": 2508,
      "player_name": "V. Ajith Kumar",
      "team": " TT",
      "match_played": 15,
      "value": 3,
      "team_id": 29,
      "team_name": " TT",
      "rank": "10",
      "position_id": 8,
      "position_name": "Raider",
      "team_full_name": "Tamil Thalaivas"
    },
    {
      "player_id": 219,
      "player_name": "K. Prapanjan",
      "team": " Kol",
      "match_played": 17,
      "value": 3,
      "team_id": 4,
      "team_name": " Kol",
      "rank": "10",
      "position_id": 8,
      "position_name": "Raider",
      "team_full_name": "Bengal Warriors"
    },
    {
      "player_id": 686,
      "player_name": "Rohit Gulia",
      "team": " GFG",
      "match_played": 17,
      "value": 3,
      "team_id": 31,
      "team_name": " GFG",
      "rank": "10",
      "position_id": 1,
      "position_name": "All Rounder",
      "team_full_name": "Gujarat Fortunegiants"
    },
    {
      "player_id": 757,
      "player_name": "Sachin Tanwar",
      "team": " GFG",
      "match_played": 15,
      "value": 2,
      "team_id": 31,
      "team_name": " GFG",
      "rank": "14",
      "position_id": 8,
      "position_name": "Raider",
      "team_full_name": "Gujarat Fortunegiants"
    },
    {
      "player_id": 763,
      "player_name": "Manjeet",
      "team": " Pun",
      "match_played": 18,
      "value": 2,
      "team_id": 7,
      "team_name": " Pun",
      "rank": "14",
      "position_id": 8,
      "position_name": "Raider",
      "team_full_name": "Puneri Paltan"
    },
    {
      "player_id": 2024,
      "player_name": "Arjun Deshwal",
      "team": " Mum",
      "match_played": 15,
      "value": 2,
      "team_id": 5,
      "team_name": " Mum",
      "rank": "14",
      "position_id": 8,
      "position_name": "Raider",
      "team_full_name": "U Mumba"
    },
    {
      "player_id": 106,
      "player_name": "Shrikant Jadhav",
      "team": " UPY",
      "match_played": 17,
      "value": 2,
      "team_id": 30,
      "team_name": " UPY",
      "rank": "14",
      "position_id": 8,
      "position_name": "Raider",
      "team_full_name": "U.P. Yoddha"
    },
    {
      "player_id": 2661,
      "player_name": "Pankaj Mohite",
      "team": " Pun",
      "match_played": 15,
      "value": 2,
      "team_id": 7,
      "team_name": " Pun",
      "rank": "14",
      "position_id": 8,
      "position_name": "Raider",
      "team_full_name": "Puneri Paltan"
    },
    {
      "player_id": 2488,
      "player_name": "Vinay",
      "team": " HS",
      "match_played": 16,
      "value": 2,
      "team_id": 28,
      "team_name": " HS",
      "rank": "14",
      "position_id": 8,
      "position_name": "Raider",
      "team_full_name": "Haryana Steelers"
    },
    {
      "player_id": 2357,
      "player_name": "Naveen",
      "team": " HS",
      "match_played": 13,
      "value": 1,
      "team_id": 28,
      "team_name": " HS",
      "rank": "20",
      "position_id": 8,
      "position_name": "Raider",
      "team_full_name": "Haryana Steelers"
    },
    {
      "player_id": 2290,
      "player_name": "Rajnish",
      "team": " Hyd",
      "match_played": 8,
      "value": 1,
      "team_id": 8,
      "team_name": " Hyd",
      "rank": "20",
      "position_id": 8,
      "position_name": "Raider",
      "team_full_name": "Telugu Titans"
    },
    {
      "player_id": 388,
      "player_name": "Monu Goyat",
      "team": " UPY",
      "match_played": 9,
      "value": 1,
      "team_id": 30,
      "team_name": " UPY",
      "rank": "20",
      "position_id": 8,
      "position_name": "Raider",
      "team_full_name": "U.P. Yoddha"
    },
    {
      "player_id": 484,
      "player_name": "Mohammad Esmaeil Nabibakhsh",
      "team": " Kol",
      "match_played": 17,
      "value": 1,
      "team_id": 4,
      "team_name": " Kol",
      "rank": "20",
      "position_id": 1,
      "position_name": "All Rounder",
      "team_full_name": "Bengal Warriors"
    },
    {
      "player_id": 115,
      "player_name": "Suraj Desai",
      "team": " Hyd",
      "match_played": 12,
      "value": 1,
      "team_id": 8,
      "team_name": " Hyd",
      "rank": "20",
      "position_id": 8,
      "position_name": "Raider",
      "team_full_name": "Telugu Titans"
    },
    {
      "player_id": 155,
      "player_name": "Prashanth Kumar Rai",
      "team": " HS",
      "match_played": 10,
      "value": 1,
      "team_id": 28,
      "team_name": " HS",
      "rank": "20",
      "position_id": 8,
      "position_name": "Raider",
      "team_full_name": "Haryana Steelers"
    },
    {
      "player_id": 156,
      "player_name": "Pawan Kumar Kadian",
      "team": " Pun",
      "match_played": 6,
      "value": 1,
      "team_id": 7,
      "team_name": " Pun",
      "rank": "20",
      "position_id": 8,
      "position_name": "Raider",
      "team_full_name": "Puneri Paltan"
    },
    {
      "player_id": 26,
      "player_name": "Ajay Thakur",
      "team": " TT",
      "match_played": 13,
      "value": 1,
      "team_id": 29,
      "team_name": " TT",
      "rank": "20",
      "position_id": 8,
      "position_name": "Raider",
      "team_full_name": "Tamil Thalaivas"
    },
    {
      "player_id": 36,
      "player_name": "Chandran Ranjit",
      "team": " Del",
      "match_played": 15,
      "value": 1,
      "team_id": 2,
      "team_name": " Del",
      "rank": "20",
      "position_id": 8,
      "position_name": "Raider",
      "team_full_name": "Dabang Delhi K.C."
    },
    {
      "player_id": 251,
      "player_name": "Meraj Sheykh",
      "team": " Del",
      "match_played": 12,
      "value": 1,
      "team_id": 2,
      "team_name": " Del",
      "rank": "20",
      "position_id": 1,
      "position_name": "All Rounder",
      "team_full_name": "Dabang Delhi K.C."
    },
    {
      "player_id": 320,
      "player_name": "Nitin Tomar",
      "team": " Pun",
      "match_played": 11,
      "value": 1,
      "team_id": 7,
      "team_name": " Pun",
      "rank": "20",
      "position_id": 8,
      "position_name": "Raider",
      "team_full_name": "Puneri Paltan"
    }
  ],
  "language_lookup": {
    "stat": "Stat",
    "stat_id": "Stat Id",
    "minimum_criteria": "Minimum Criteria",
    "team_id": "Team Id",
    "team_name": "Team Name",
    "player_id": "Player Id",
    "player_name": "Player Name",
    "value": "Value",
    "match_played": "Match Played",
    "team": "Team",
    "tackles": "Tackles"
  }
}