{
  "stat": "High 5s",
  "stat_id": "101",
  "minimum_criteria": "More than 0 High_5s ",
  "data": [
    {
      "player_id": 725,
      "player_name": "Nitesh Kumar",
      "team": " UPY",
      "match_played": 25,
      "value": 8,
      "team_id": 30,
      "team_name": " UPY",
      "rank": "1",
      "position_id": 9,
      "position_name": "Defender",
      "team_full_name": "U.P. Yoddha"
    },
    {
      "player_id": 769,
      "player_name": "Mahender Singh",
      "team": " Ben",
      "match_played": 24,
      "value": 6,
      "team_id": 1,
      "team_name": " Ben",
      "rank": "2",
      "position_id": 4,
      "position_name": "Defender, left cover",
      "team_full_name": "Bengaluru Bulls"
    },
    {
      "player_id": 259,
      "player_name": "Fazel Atrachali",
      "team": " Mum",
      "match_played": 23,
      "value": 6,
      "team_id": 5,
      "team_name": " Mum",
      "rank": "2",
      "position_id": 3,
      "position_name": "Defender, left corner",
      "team_full_name": "U Mumba"
    },
    {
      "player_id": 357,
      "player_name": "Parvesh Bhainswal",
      "team": " GFG",
      "match_played": 25,
      "value": 5,
      "team_id": 31,
      "team_name": " GFG",
      "rank": "4",
      "position_id": 4,
      "position_name": "Defender, left cover",
      "team_full_name": "Gujarat Fortunegiants"
    },
    {
      "player_id": 358,
      "player_name": "Vishal Bhardwaj",
      "team": " Hyd",
      "match_played": 17,
      "value": 5,
      "team_id": 8,
      "team_name": " Hyd",
      "rank": "4",
      "position_id": 9,
      "position_name": "Defender",
      "team_full_name": "Telugu Titans"
    },
    {
      "player_id": 489,
      "player_name": "Abozar Mohajermighani",
      "team": " Hyd",
      "match_played": 21,
      "value": 4,
      "team_id": 8,
      "team_name": " Hyd",
      "rank": "6",
      "position_id": 9,
      "position_name": "Defender",
      "team_full_name": "Telugu Titans"
    },
    {
      "player_id": 579,
      "player_name": "Jaideep",
      "team": " Pat",
      "match_played": 22,
      "value": 4,
      "team_id": 6,
      "team_name": " Pat",
      "rank": "6",
      "position_id": 3,
      "position_name": "Defender, left corner",
      "team_full_name": "Patna Pirates"
    },
    {
      "player_id": 613,
      "player_name": "Sunil Siddhgavali",
      "team": " Jai",
      "match_played": 16,
      "value": 4,
      "team_id": 3,
      "team_name": " Jai",
      "rank": "6",
      "position_id": 9,
      "position_name": "Defender",
      "team_full_name": "Jaipur Pink Panthers"
    },
    {
      "player_id": 290,
      "player_name": "Sandeep Kumar Dhull",
      "team": " Jai",
      "match_played": 22,
      "value": 4,
      "team_id": 3,
      "team_name": " Jai",
      "rank": "6",
      "position_id": 3,
      "position_name": "Defender, left corner",
      "team_full_name": "Jaipur Pink Panthers"
    },
    {
      "player_id": 322,
      "player_name": "PO Surjeet Singh",
      "team": " Kol",
      "match_played": 23,
      "value": 4,
      "team_id": 4,
      "team_name": " Kol",
      "rank": "6",
      "position_id": 7,
      "position_name": "Defender, right cover",
      "team_full_name": "Bengal Warriors"
    },
    {
      "player_id": 212,
      "player_name": "Amit Hooda",
      "team": " TT",
      "match_played": 18,
      "value": 4,
      "team_id": 29,
      "team_name": " TT",
      "rank": "6",
      "position_id": 6,
      "position_name": "Defender, right corner",
      "team_full_name": "Tamil Thalaivas"
    },
    {
      "player_id": 157,
      "player_name": "Ravinder Pahal",
      "team": " Del",
      "match_played": 22,
      "value": 4,
      "team_id": 2,
      "team_name": " Del",
      "rank": "6",
      "position_id": 6,
      "position_name": "Defender, right corner",
      "team_full_name": "Dabang Delhi K.C."
    },
    {
      "player_id": 161,
      "player_name": "Girish Maruti Ernak",
      "team": " Pun",
      "match_played": 20,
      "value": 4,
      "team_id": 7,
      "team_name": " Pun",
      "rank": "6",
      "position_id": 3,
      "position_name": "Defender, left corner",
      "team_full_name": "Puneri Paltan"
    },
    {
      "player_id": 123,
      "player_name": "Vishal Mane",
      "team": " Del",
      "match_played": 22,
      "value": 3,
      "team_id": 2,
      "team_name": " Del",
      "rank": "14",
      "position_id": 7,
      "position_name": "Defender, right cover",
      "team_full_name": "Dabang Delhi K.C."
    },
    {
      "player_id": 368,
      "player_name": "Sunil Kumar",
      "team": " GFG",
      "match_played": 25,
      "value": 3,
      "team_id": 31,
      "team_name": " GFG",
      "rank": "14",
      "position_id": 9,
      "position_name": "Defender",
      "team_full_name": "Gujarat Fortunegiants"
    },
    {
      "player_id": 390,
      "player_name": "Jawahar Dagar",
      "team": " Pat",
      "match_played": 15,
      "value": 2,
      "team_id": 6,
      "team_name": " Pat",
      "rank": "16",
      "position_id": 9,
      "position_name": "Defender",
      "team_full_name": "Patna Pirates"
    },
    {
      "player_id": 778,
      "player_name": "Narender",
      "team": " UPY",
      "match_played": 25,
      "value": 2,
      "team_id": 30,
      "team_name": " UPY",
      "rank": "16",
      "position_id": 1,
      "position_name": "All Rounder",
      "team_full_name": "U.P. Yoddha"
    },
    {
      "player_id": 794,
      "player_name": "Amit Sheoran",
      "team": " Ben",
      "match_played": 15,
      "value": 2,
      "team_id": 1,
      "team_name": " Ben",
      "rank": "16",
      "position_id": 9,
      "position_name": "Defender",
      "team_full_name": "Bengaluru Bulls"
    },
    {
      "player_id": 732,
      "player_name": "Kuldeep Singh",
      "team": " HS",
      "match_played": 22,
      "value": 2,
      "team_id": 28,
      "team_name": " HS",
      "rank": "16",
      "position_id": 9,
      "position_name": "Defender",
      "team_full_name": "Haryana Steelers"
    },
    {
      "player_id": 733,
      "player_name": "Surender Singh",
      "team": " Mum",
      "match_played": 22,
      "value": 2,
      "team_id": 5,
      "team_name": " Mum",
      "rank": "16",
      "position_id": 9,
      "position_name": "Defender",
      "team_full_name": "U Mumba"
    },
    {
      "player_id": 764,
      "player_name": "Vinod Kumar",
      "team": " Mum",
      "match_played": 17,
      "value": 2,
      "team_id": 5,
      "team_name": " Mum",
      "rank": "16",
      "position_id": 1,
      "position_name": "All Rounder",
      "team_full_name": "U Mumba"
    },
    {
      "player_id": 218,
      "player_name": "Sachin Kumar",
      "team": " UPY",
      "match_played": 25,
      "value": 2,
      "team_id": 30,
      "team_name": " UPY",
      "rank": "16",
      "position_id": 1,
      "position_name": "All Rounder",
      "team_full_name": "U.P. Yoddha"
    },
    {
      "player_id": 240,
      "player_name": "Ravi Kumar",
      "team": " Pun",
      "match_played": 22,
      "value": 2,
      "team_id": 7,
      "team_name": " Pun",
      "rank": "16",
      "position_id": 7,
      "position_name": "Defender, right cover",
      "team_full_name": "Puneri Paltan"
    },
    {
      "player_id": 69,
      "player_name": "Manjeet Chhillar",
      "team": " TT",
      "match_played": 19,
      "value": 2,
      "team_id": 29,
      "team_name": " TT",
      "rank": "16",
      "position_id": 1,
      "position_name": "All Rounder",
      "team_full_name": "Tamil Thalaivas"
    },
    {
      "player_id": 96,
      "player_name": "Rohit Rana",
      "team": " Mum",
      "match_played": 19,
      "value": 2,
      "team_id": 5,
      "team_name": " Mum",
      "rank": "16",
      "position_id": 4,
      "position_name": "Defender, left cover",
      "team_full_name": "U Mumba"
    },
    {
      "player_id": 2462,
      "player_name": "Sunil",
      "team": " HS",
      "match_played": 22,
      "value": 2,
      "team_id": 28,
      "team_name": " HS",
      "rank": "16",
      "position_id": 6,
      "position_name": "Defender, right corner",
      "team_full_name": "Haryana Steelers"
    },
    {
      "player_id": 2463,
      "player_name": "Parveen",
      "team": " HS",
      "match_played": 19,
      "value": 1,
      "team_id": 28,
      "team_name": " HS",
      "rank": "27",
      "position_id": 4,
      "position_name": "Defender, left cover",
      "team_full_name": "Haryana Steelers"
    },
    {
      "player_id": 2476,
      "player_name": "Amit Kumar",
      "team": " Jai",
      "match_played": 17,
      "value": 1,
      "team_id": 3,
      "team_name": " Jai",
      "rank": "27",
      "position_id": 8,
      "position_name": "Raider",
      "team_full_name": "Jaipur Pink Panthers"
    },
    {
      "player_id": 2481,
      "player_name": "Ponparthiban Subramanian",
      "team": " TT",
      "match_played": 12,
      "value": 1,
      "team_id": 29,
      "team_name": " TT",
      "rank": "27",
      "position_id": 7,
      "position_name": "Defender, right cover",
      "team_full_name": "Tamil Thalaivas"
    },
    {
      "player_id": 41,
      "player_name": "Deepak Niwas Hooda",
      "team": " Jai",
      "match_played": 22,
      "value": 1,
      "team_id": 3,
      "team_name": " Jai",
      "rank": "27",
      "position_id": 1,
      "position_name": "All Rounder",
      "team_full_name": "Jaipur Pink Panthers"
    },
    {
      "player_id": 42,
      "player_name": "Dharmaraj Cheralathan",
      "team": " Mum",
      "match_played": 22,
      "value": 1,
      "team_id": 5,
      "team_name": " Mum",
      "rank": "27",
      "position_id": 10,
      "position_name": "Defender, right and left corner",
      "team_full_name": "U Mumba"
    },
    {
      "player_id": 54,
      "player_name": "Jeeva Kumar",
      "team": " UPY",
      "match_played": 19,
      "value": 1,
      "team_id": 30,
      "team_name": " UPY",
      "rank": "27",
      "position_id": 5,
      "position_name": "Defender, right and left cover",
      "team_full_name": "U.P. Yoddha"
    },
    {
      "player_id": 179,
      "player_name": "Vikas Kale",
      "team": " Pat",
      "match_played": 22,
      "value": 1,
      "team_id": 6,
      "team_name": " Pat",
      "rank": "27",
      "position_id": 7,
      "position_name": "Defender, right cover",
      "team_full_name": "Patna Pirates"
    },
    {
      "player_id": 194,
      "player_name": "Joginder Singh Narwal",
      "team": " Del",
      "match_played": 22,
      "value": 1,
      "team_id": 2,
      "team_name": " Del",
      "rank": "27",
      "position_id": 3,
      "position_name": "Defender, left corner",
      "team_full_name": "Dabang Delhi K.C."
    },
    {
      "player_id": 202,
      "player_name": "Ashish Kumar",
      "team": " Ben",
      "match_played": 24,
      "value": 1,
      "team_id": 1,
      "team_name": " Ben",
      "rank": "27",
      "position_id": 1,
      "position_name": "All Rounder",
      "team_full_name": "Bengaluru Bulls"
    },
    {
      "player_id": 142,
      "player_name": "Sandeep Narwal",
      "team": " Pun",
      "match_played": 18,
      "value": 1,
      "team_id": 7,
      "team_name": " Pun",
      "rank": "27",
      "position_id": 1,
      "position_name": "All Rounder",
      "team_full_name": "Puneri Paltan"
    },
    {
      "player_id": 326,
      "player_name": "Rohit Kumar",
      "team": " Ben",
      "match_played": 24,
      "value": 1,
      "team_id": 1,
      "team_name": " Ben",
      "rank": "27",
      "position_id": 8,
      "position_name": "Raider",
      "team_full_name": "Bengaluru Bulls"
    },
    {
      "player_id": 347,
      "player_name": "Sagar B Krishna",
      "team": " UPY",
      "match_played": 20,
      "value": 1,
      "team_id": 30,
      "team_name": " UPY",
      "rank": "27",
      "position_id": 1,
      "position_name": "All Rounder",
      "team_full_name": "U.P. Yoddha"
    },
    {
      "player_id": 765,
      "player_name": "Anil Kumar",
      "team": " TT",
      "match_played": 4,
      "value": 1,
      "team_id": 29,
      "team_name": " TT",
      "rank": "27",
      "position_id": 8,
      "position_name": "Raider",
      "team_full_name": "Tamil Thalaivas"
    },
    {
      "player_id": 2023,
      "player_name": "Ruturaj Shivaji Koravi",
      "team": " GFG",
      "match_played": 23,
      "value": 1,
      "team_id": 31,
      "team_name": " GFG",
      "rank": "27",
      "position_id": 9,
      "position_name": "Defender",
      "team_full_name": "Gujarat Fortunegiants"
    },
    {
      "player_id": 482,
      "player_name": "Farhad Rahimi Milaghardan",
      "team": " Hyd",
      "match_played": 22,
      "value": 1,
      "team_id": 8,
      "team_name": " Hyd",
      "rank": "27",
      "position_id": 1,
      "position_name": "All Rounder",
      "team_full_name": "Telugu Titans"
    },
    {
      "player_id": 365,
      "player_name": "Akshay Jadhav",
      "team": " Pun",
      "match_played": 18,
      "value": 1,
      "team_id": 7,
      "team_name": " Pun",
      "rank": "27",
      "position_id": 8,
      "position_name": "Raider",
      "team_full_name": "Puneri Paltan"
    },
    {
      "player_id": 621,
      "player_name": "Baldev Singh",
      "team": " Kol",
      "match_played": 18,
      "value": 1,
      "team_id": 4,
      "team_name": " Kol",
      "rank": "27",
      "position_id": 6,
      "position_name": "Defender, right corner",
      "team_full_name": "Bengal Warriors"
    },
    {
      "player_id": 519,
      "player_name": "Young Chang Ko",
      "team": " Jai",
      "match_played": 13,
      "value": 1,
      "team_id": 3,
      "team_name": " Jai",
      "rank": "27",
      "position_id": 4,
      "position_name": "Defender, left cover",
      "team_full_name": "Jaipur Pink Panthers"
    }
  ],
  "language_lookup": {
    "stat": "Stat",
    "stat_id": "Stat Id",
    "minimum_criteria": "Minimum Criteria",
    "team_id": "Team Id",
    "team_name": "Team Name",
    "player_id": "Player Id",
    "player_name": "Player Name",
    "value": "Value",
    "match_played": "Match Played",
    "team": "Team",
    "tackles": "Tackles"
  }
}