{
  "stat": "Player Successful Tackles",
  "stat_id": "23",
  "minimum_criteria": "More than 0 Successful Tackles",
  "data": [
    {
      "player_id": 212,
      "player_name": "Amit Hooda",
      "team": " Jai",
      "match_played": 16,
      "tackles": 89,
      "value": 47,
      "team_id": 3,
      "team_name": " Jai",
      "rank": "1",
      "position_id": 6,
      "position_name": "Defender, right corner"
    },
    {
      "player_id": 259,
      "player_name": "Fazel Atrachali",
      "team": " Pat",
      "match_played": 16,
      "tackles": 72,
      "value": 45,
      "team_id": 6,
      "team_name": " Pat",
      "rank": "2",
      "position_id": 3,
      "position_name": "Defender, left corner"
    },
    {
      "player_id": 71,
      "player_name": "Mohit Chhillar",
      "team": " Ben",
      "match_played": 14,
      "tackles": 87,
      "value": 44,
      "team_id": 1,
      "team_name": " Ben",
      "rank": "3",
      "position_id": 6,
      "position_name": "Defender, right corner"
    },
    {
      "player_id": 69,
      "player_name": "Manjeet Chhillar",
      "team": " Pun",
      "match_played": 12,
      "tackles": 73,
      "value": 43,
      "team_id": 7,
      "team_name": " Pun",
      "rank": "4",
      "position_id": 1,
      "position_name": "All Rounder"
    },
    {
      "player_id": 142,
      "player_name": "Sandeep Narwal",
      "team": " Hyd",
      "match_played": 16,
      "tackles": 83,
      "value": 40,
      "team_id": 8,
      "team_name": " Hyd",
      "rank": "5",
      "position_id": 1,
      "position_name": "All Rounder"
    },
    {
      "player_id": 165,
      "player_name": "Sachin Shingade",
      "team": " Del",
      "match_played": 14,
      "tackles": 84,
      "value": 39,
      "team_id": 2,
      "team_name": " Del",
      "rank": "6",
      "position_id": 4,
      "position_name": "Defender, left cover"
    },
    {
      "player_id": 290,
      "player_name": "Sandeep Kumar Dhull",
      "team": " Hyd",
      "match_played": 12,
      "tackles": 67,
      "value": 35,
      "team_id": 8,
      "team_name": " Hyd",
      "rank": "7",
      "position_id": 3,
      "position_name": "Defender, left corner"
    },
    {
      "player_id": 157,
      "player_name": "Ravinder Pahal",
      "team": " Pun",
      "match_played": 14,
      "tackles": 72,
      "value": 35,
      "team_id": 7,
      "team_name": " Pun",
      "rank": "7",
      "position_id": 6,
      "position_name": "Defender, right corner"
    },
    {
      "player_id": 322,
      "player_name": "PO Surjeet Singh",
      "team": " Mum",
      "match_played": 14,
      "tackles": 73,
      "value": 33,
      "team_id": 5,
      "team_name": " Mum",
      "rank": "9",
      "position_id": 7,
      "position_name": "Defender, right cover"
    },
    {
      "player_id": 194,
      "player_name": "Joginder Singh Narwal",
      "team": " Pun",
      "match_played": 16,
      "tackles": 69,
      "value": 32,
      "team_id": 7,
      "team_name": " Pun",
      "rank": "10",
      "position_id": 3,
      "position_name": "Defender, left corner"
    },
    {
      "player_id": 42,
      "player_name": "Dharmaraj Cheralathan",
      "team": " Pat",
      "match_played": 14,
      "tackles": 63,
      "value": 31,
      "team_id": 6,
      "team_name": " Pat",
      "rank": "11",
      "position_id": 10,
      "position_name": "Defender, right and left corner"
    },
    {
      "player_id": 215,
      "player_name": "Vinod Kumar",
      "team": " Hyd",
      "match_played": 12,
      "tackles": 63,
      "value": 30,
      "team_id": 8,
      "team_name": " Hyd",
      "rank": "12",
      "position_id": 4,
      "position_name": "Defender, left cover"
    },
    {
      "player_id": 146,
      "player_name": "Surender Nada",
      "team": " Ben",
      "match_played": 13,
      "tackles": 62,
      "value": 29,
      "team_id": 1,
      "team_name": " Ben",
      "rank": "13",
      "position_id": 3,
      "position_name": "Defender, left corner"
    },
    {
      "player_id": 252,
      "player_name": "Kuldeep Singh",
      "team": " Pat",
      "match_played": 15,
      "tackles": 66,
      "value": 29,
      "team_id": 6,
      "team_name": " Pat",
      "rank": "13",
      "position_id": 1,
      "position_name": "All Rounder"
    },
    {
      "player_id": 123,
      "player_name": "Vishal Mane",
      "team": " Kol",
      "match_played": 14,
      "tackles": 66,
      "value": 28,
      "team_id": 4,
      "team_name": " Kol",
      "rank": "15",
      "position_id": 7,
      "position_name": "Defender, right cover"
    },
    {
      "player_id": 160,
      "player_name": "Ran Singh",
      "team": " Jai",
      "match_played": 16,
      "tackles": 62,
      "value": 27,
      "team_id": 3,
      "team_name": " Jai",
      "rank": "16",
      "position_id": 1,
      "position_name": "All Rounder"
    },
    {
      "player_id": 73,
      "player_name": "Nilesh Shinde",
      "team": " Kol",
      "match_played": 12,
      "tackles": 52,
      "value": 26,
      "team_id": 4,
      "team_name": " Kol",
      "rank": "17",
      "position_id": 6,
      "position_name": "Defender, right corner"
    },
    {
      "player_id": 54,
      "player_name": "Jeeva Kumar",
      "team": " Mum",
      "match_played": 14,
      "tackles": 62,
      "value": 24,
      "team_id": 5,
      "team_name": " Mum",
      "rank": "18",
      "position_id": 5,
      "position_name": "Defender, right and left cover"
    },
    {
      "player_id": 88,
      "player_name": "Rakesh Kumar",
      "team": " Mum",
      "match_played": 14,
      "tackles": 47,
      "value": 23,
      "team_id": 5,
      "team_name": " Mum",
      "rank": "19",
      "position_id": 1,
      "position_name": "All Rounder"
    },
    {
      "player_id": 161,
      "player_name": "Girish Maruti Ernak",
      "team": " Kol",
      "match_played": 12,
      "tackles": 58,
      "value": 23,
      "team_id": 4,
      "team_name": " Kol",
      "rank": "19",
      "position_id": 3,
      "position_name": "Defender, left corner"
    },
    {
      "player_id": 109,
      "player_name": "Somvir Shekhar",
      "team": " Pun",
      "match_played": 16,
      "tackles": 57,
      "value": 21,
      "team_id": 7,
      "team_name": " Pun",
      "rank": "21",
      "position_id": 7,
      "position_name": "Defender, right cover"
    },
    {
      "player_id": 164,
      "player_name": "Bajirao Hodage",
      "team": " Pat",
      "match_played": 14,
      "tackles": 50,
      "value": 20,
      "team_id": 6,
      "team_name": " Pat",
      "rank": "22",
      "position_id": 7,
      "position_name": "Defender, right cover"
    },
    {
      "player_id": 162,
      "player_name": "D. Suresh Kumar",
      "team": " Del",
      "match_played": 14,
      "tackles": 57,
      "value": 19,
      "team_id": 2,
      "team_name": " Del",
      "rank": "23",
      "position_id": 7,
      "position_name": "Defender, right cover"
    },
    {
      "player_id": 51,
      "player_name": "Jasmer Singh Gulia",
      "team": " Ben, Hyd",
      "match_played": 13,
      "tackles": 45,
      "value": 19,
      "team_id": 8,
      "team_name": " Ben, Hyd",
      "rank": "23",
      "position_id": 1,
      "position_name": "All Rounder"
    },
    {
      "player_id": 86,
      "player_name": "Rajesh Narwal",
      "team": " Jai",
      "match_played": 16,
      "tackles": 53,
      "value": 18,
      "team_id": 3,
      "team_name": " Jai",
      "rank": "25",
      "position_id": 1,
      "position_name": "All Rounder"
    },
    {
      "player_id": 202,
      "player_name": "Ashish Kumar",
      "team": " Ben",
      "match_played": 14,
      "tackles": 44,
      "value": 17,
      "team_id": 1,
      "team_name": " Ben",
      "rank": "26",
      "position_id": 7,
      "position_name": "Defender, right cover"
    },
    {
      "player_id": 207,
      "player_name": "Sunil",
      "team": " Mum",
      "match_played": 10,
      "tackles": 35,
      "value": 15,
      "team_id": 5,
      "team_name": " Mum",
      "rank": "27",
      "position_id": 3,
      "position_name": "Defender, left corner"
    },
    {
      "player_id": 191,
      "player_name": "C. Arun",
      "team": " Kol",
      "match_played": 14,
      "tackles": 40,
      "value": 14,
      "team_id": 4,
      "team_name": " Kol",
      "rank": "28",
      "position_id": 4,
      "position_name": "Defender, left cover"
    },
    {
      "player_id": 391,
      "player_name": "S Mahalingam",
      "team": " Hyd",
      "match_played": 11,
      "tackles": 32,
      "value": 14,
      "team_id": 8,
      "team_name": " Hyd",
      "rank": "28",
      "position_id": 1,
      "position_name": "All Rounder"
    },
    {
      "player_id": 28,
      "player_name": "Amit Singh Chhillar",
      "team": " Kol",
      "match_played": 9,
      "tackles": 34,
      "value": 13,
      "team_id": 4,
      "team_name": " Kol",
      "rank": "30",
      "position_id": 3,
      "position_name": "Defender, left corner"
    },
    {
      "player_id": 360,
      "player_name": "Sanket Chavan",
      "team": " Del",
      "match_played": 6,
      "tackles": 24,
      "value": 11,
      "team_id": 2,
      "team_name": " Del",
      "rank": "31",
      "position_id": 3,
      "position_name": "Defender, left corner"
    },
    {
      "player_id": 386,
      "player_name": "Anil Kumar",
      "team": " Del",
      "match_played": 9,
      "tackles": 25,
      "value": 11,
      "team_id": 2,
      "team_name": " Del",
      "rank": "31",
      "position_id": 3,
      "position_name": "Defender, left corner"
    },
    {
      "player_id": 147,
      "player_name": "Prashant Chavan",
      "team": " Del",
      "match_played": 9,
      "tackles": 32,
      "value": 10,
      "team_id": 2,
      "team_name": " Del",
      "rank": "33",
      "position_id": 6,
      "position_name": "Defender, right corner"
    },
    {
      "player_id": 29,
      "player_name": "Anup Kumar",
      "team": " Mum",
      "match_played": 14,
      "tackles": 24,
      "value": 9,
      "team_id": 5,
      "team_name": " Mum",
      "rank": "34",
      "position_id": 8,
      "position_name": "Raider"
    },
    {
      "player_id": 249,
      "player_name": "Hadi Oshtorak",
      "team": " Pat",
      "match_played": 7,
      "tackles": 21,
      "value": 9,
      "team_id": 6,
      "team_name": " Pat",
      "rank": "34",
      "position_id": 1,
      "position_name": "All Rounder"
    },
    {
      "player_id": 251,
      "player_name": "Meraj Sheykh",
      "team": " Del",
      "match_played": 14,
      "tackles": 30,
      "value": 9,
      "team_id": 2,
      "team_name": " Del",
      "rank": "34",
      "position_id": 1,
      "position_name": "All Rounder"
    },
    {
      "player_id": 58,
      "player_name": "Kashiling Adake",
      "team": " Ben, Del",
      "match_played": 13,
      "tackles": 18,
      "value": 8,
      "team_id": 2,
      "team_name": " Ben, Del",
      "rank": "37",
      "position_id": 8,
      "position_name": "Raider"
    },
    {
      "player_id": 67,
      "player_name": "Mahipal Narwal",
      "team": " Jai",
      "match_played": 14,
      "tackles": 23,
      "value": 7,
      "team_id": 3,
      "team_name": " Jai",
      "rank": "38",
      "position_id": 1,
      "position_name": "All Rounder"
    },
    {
      "player_id": 105,
      "player_name": "Shabeer Bappu",
      "team": " Jai",
      "match_played": 12,
      "tackles": 19,
      "value": 6,
      "team_id": 3,
      "team_name": " Jai",
      "rank": "39",
      "position_id": 8,
      "position_name": "Raider"
    },
    {
      "player_id": 326,
      "player_name": "Rohit Kumar",
      "team": " Ben",
      "match_played": 14,
      "tackles": 16,
      "value": 6,
      "team_id": 1,
      "team_name": " Ben",
      "rank": "39",
      "position_id": 8,
      "position_name": "Raider"
    },
    {
      "player_id": 347,
      "player_name": "Sagar B Krishna",
      "team": " Hyd",
      "match_played": 11,
      "tackles": 16,
      "value": 6,
      "team_id": 8,
      "team_name": " Hyd",
      "rank": "39",
      "position_id": 1,
      "position_name": "All Rounder"
    },
    {
      "player_id": 358,
      "player_name": "Vishal Bhardwaj",
      "team": " Hyd",
      "match_played": 2,
      "tackles": 15,
      "value": 6,
      "team_id": 8,
      "team_name": " Hyd",
      "rank": "39",
      "position_id": 1,
      "position_name": "All Rounder"
    },
    {
      "player_id": 152,
      "player_name": "D. Gopu",
      "team": " Del",
      "match_played": 5,
      "tackles": 10,
      "value": 5,
      "team_id": 2,
      "team_name": " Del",
      "rank": "43",
      "position_id": 10,
      "position_name": "Defender, right and left corner"
    },
    {
      "player_id": 118,
      "player_name": "Surjeet Narwal",
      "team": " Kol",
      "match_played": 5,
      "tackles": 7,
      "value": 4,
      "team_id": 4,
      "team_name": " Kol",
      "rank": "44",
      "position_id": 8,
      "position_name": "Raider"
    },
    {
      "player_id": 119,
      "player_name": "CPO Surjeet Singh",
      "team": " Pat",
      "match_played": 10,
      "tackles": 12,
      "value": 4,
      "team_id": 6,
      "team_name": " Pat",
      "rank": "44",
      "position_id": 8,
      "position_name": "Raider"
    },
    {
      "player_id": 52,
      "player_name": "Jasvir Singh",
      "team": " Jai",
      "match_played": 14,
      "tackles": 14,
      "value": 4,
      "team_id": 3,
      "team_name": " Jai",
      "rank": "44",
      "position_id": 8,
      "position_name": "Raider"
    },
    {
      "player_id": 41,
      "player_name": "Deepak Niwas Hooda",
      "team": " Pun",
      "match_played": 16,
      "tackles": 28,
      "value": 4,
      "team_id": 7,
      "team_name": " Pun",
      "rank": "44",
      "position_id": 1,
      "position_name": "All Rounder"
    },
    {
      "player_id": 12,
      "player_name": "Jang Kun Lee",
      "team": " Kol",
      "match_played": 11,
      "tackles": 17,
      "value": 4,
      "team_id": 4,
      "team_name": " Kol",
      "rank": "44",
      "position_id": 8,
      "position_name": "Raider"
    },
    {
      "player_id": 70,
      "player_name": "Manoj Kumar",
      "team": " Ben",
      "match_played": 8,
      "tackles": 21,
      "value": 4,
      "team_id": 1,
      "team_name": " Ben",
      "rank": "44",
      "position_id": 4,
      "position_name": "Defender, left cover"
    },
    {
      "player_id": 96,
      "player_name": "Rohit Rana",
      "team": " Jai",
      "match_played": 5,
      "tackles": 12,
      "value": 3,
      "team_id": 3,
      "team_name": " Jai",
      "rank": "50",
      "position_id": 4,
      "position_name": "Defender, left cover"
    },
    {
      "player_id": 97,
      "player_name": "Rupesh Tomar",
      "team": " Hyd",
      "match_played": 3,
      "tackles": 6,
      "value": 3,
      "team_id": 8,
      "team_name": " Hyd",
      "rank": "50",
      "position_id": 1,
      "position_name": "All Rounder"
    },
    {
      "player_id": 81,
      "player_name": "Rahul Chaudhari",
      "team": " Hyd",
      "match_played": 16,
      "tackles": 11,
      "value": 3,
      "team_id": 8,
      "team_name": " Hyd",
      "rank": "50",
      "position_id": 8,
      "position_name": "Raider"
    },
    {
      "player_id": 357,
      "player_name": "Parvesh Bhainswal",
      "team": " Jai",
      "match_played": 7,
      "tackles": 17,
      "value": 3,
      "team_id": 3,
      "team_name": " Jai",
      "rank": "50",
      "position_id": 4,
      "position_name": "Defender, left cover"
    },
    {
      "player_id": 272,
      "player_name": "Umesh Mhatre",
      "team": " Del",
      "match_played": 2,
      "tackles": 9,
      "value": 3,
      "team_id": 2,
      "team_name": " Del",
      "rank": "50",
      "position_id": 8,
      "position_name": "Raider"
    },
    {
      "player_id": 173,
      "player_name": "Suresu Kumar",
      "team": " Mum",
      "match_played": 11,
      "tackles": 13,
      "value": 3,
      "team_id": 5,
      "team_name": " Mum",
      "rank": "50",
      "position_id": 8,
      "position_name": "Raider"
    },
    {
      "player_id": 388,
      "player_name": "Monu Goyat",
      "team": " Kol",
      "match_played": 13,
      "tackles": 13,
      "value": 3,
      "team_id": 4,
      "team_name": " Kol",
      "rank": "50",
      "position_id": 8,
      "position_name": "Raider"
    },
    {
      "player_id": 390,
      "player_name": "Jawahar Dagar",
      "team": " Jai",
      "match_played": 6,
      "tackles": 12,
      "value": 2,
      "team_id": 3,
      "team_name": " Jai",
      "rank": "57",
      "position_id": 8,
      "position_name": "Raider"
    },
    {
      "player_id": 167,
      "player_name": "Preetam Chhillar",
      "team": " Ben, Pun",
      "match_played": 8,
      "tackles": 11,
      "value": 2,
      "team_id": 7,
      "team_name": " Ben, Pun",
      "rank": "57",
      "position_id": 1,
      "position_name": "All Rounder"
    },
    {
      "player_id": 185,
      "player_name": "Vijin Thangadurai",
      "team": " Pat",
      "match_played": 9,
      "tackles": 8,
      "value": 2,
      "team_id": 6,
      "team_name": " Pat",
      "rank": "57",
      "position_id": 7,
      "position_name": "Defender, right cover"
    },
    {
      "player_id": 245,
      "player_name": "Yogesh Hooda",
      "team": " Ben",
      "match_played": 5,
      "tackles": 6,
      "value": 2,
      "team_id": 1,
      "team_name": " Ben",
      "rank": "57",
      "position_id": 8,
      "position_name": "Raider"
    },
    {
      "player_id": 234,
      "player_name": "Surender Singh",
      "team": " Mum",
      "match_played": 11,
      "tackles": 8,
      "value": 2,
      "team_id": 5,
      "team_name": " Mum",
      "rank": "57",
      "position_id": 8,
      "position_name": "Raider"
    },
    {
      "player_id": 288,
      "player_name": "Rahul Kumar",
      "team": " Ben",
      "match_played": 9,
      "tackles": 18,
      "value": 2,
      "team_id": 1,
      "team_name": " Ben",
      "rank": "57",
      "position_id": 7,
      "position_name": "Defender, right cover"
    },
    {
      "player_id": 311,
      "player_name": "Anil Kumar",
      "team": " Pat",
      "match_played": 4,
      "tackles": 7,
      "value": 2,
      "team_id": 6,
      "team_name": " Pat",
      "rank": "57",
      "position_id": 4,
      "position_name": "Defender, left cover"
    },
    {
      "player_id": 85,
      "player_name": "Rajesh Mondal",
      "team": " Pat",
      "match_played": 15,
      "tackles": 16,
      "value": 2,
      "team_id": 6,
      "team_name": " Pat",
      "rank": "57",
      "position_id": 8,
      "position_name": "Raider"
    },
    {
      "player_id": 75,
      "player_name": "Nitin Madane",
      "team": " Kol",
      "match_played": 13,
      "tackles": 14,
      "value": 1,
      "team_id": 4,
      "team_name": " Kol",
      "rank": "65",
      "position_id": 8,
      "position_name": "Raider"
    },
    {
      "player_id": 26,
      "player_name": "Ajay Thakur",
      "team": " Pun",
      "match_played": 16,
      "tackles": 8,
      "value": 1,
      "team_id": 7,
      "team_name": " Pun",
      "rank": "65",
      "position_id": 8,
      "position_name": "Raider"
    },
    {
      "player_id": 107,
      "player_name": "Shrikant Tewthia",
      "team": " Jai",
      "match_played": 4,
      "tackles": 5,
      "value": 1,
      "team_id": 3,
      "team_name": " Jai",
      "rank": "65",
      "position_id": 1,
      "position_name": "All Rounder"
    },
    {
      "player_id": 150,
      "player_name": "Parmod Narwal",
      "team": " Pun",
      "match_played": 8,
      "tackles": 12,
      "value": 1,
      "team_id": 7,
      "team_name": " Pun",
      "rank": "65",
      "position_id": 1,
      "position_name": "All Rounder"
    },
    {
      "player_id": 156,
      "player_name": "Pawan Kumar Kadian",
      "team": " Ben",
      "match_played": 9,
      "tackles": 7,
      "value": 1,
      "team_id": 1,
      "team_name": " Ben",
      "rank": "65",
      "position_id": 8,
      "position_name": "Raider"
    },
    {
      "player_id": 320,
      "player_name": "Nitin Tomar",
      "team": " Pun",
      "match_played": 12,
      "tackles": 8,
      "value": 1,
      "team_id": 7,
      "team_name": " Pun",
      "rank": "65",
      "position_id": 8,
      "position_name": "Raider"
    },
    {
      "player_id": 293,
      "player_name": "Nilesh Salunke",
      "team": " Hyd",
      "match_played": 15,
      "tackles": 10,
      "value": 1,
      "team_id": 8,
      "team_name": " Hyd",
      "rank": "65",
      "position_id": 8,
      "position_name": "Raider"
    },
    {
      "player_id": 301,
      "player_name": "Hadi Tajik",
      "team": " Del",
      "match_played": 1,
      "tackles": 1,
      "value": 1,
      "team_id": 2,
      "team_name": " Del",
      "rank": "65",
      "position_id": 6,
      "position_name": "Defender, right corner"
    },
    {
      "player_id": 363,
      "player_name": "Sumit Singh",
      "team": " Ben",
      "match_played": 5,
      "tackles": 5,
      "value": 1,
      "team_id": 1,
      "team_name": " Ben",
      "rank": "65",
      "position_id": 8,
      "position_name": "Raider"
    },
    {
      "player_id": 364,
      "player_name": "Ajay Singh",
      "team": " Ben",
      "match_played": 1,
      "tackles": 6,
      "value": 1,
      "team_id": 1,
      "team_name": " Ben",
      "rank": "65",
      "position_id": 3,
      "position_name": "Defender, left corner"
    },
    {
      "player_id": 370,
      "player_name": "Ravindra Ramesh Kumawat",
      "team": " Kol",
      "match_played": 2,
      "tackles": 1,
      "value": 1,
      "team_id": 4,
      "team_name": " Kol",
      "rank": "65",
      "position_id": 1,
      "position_name": "All Rounder"
    },
    {
      "player_id": 242,
      "player_name": "Tushar Patil",
      "team": " Jai",
      "match_played": 8,
      "tackles": 6,
      "value": 1,
      "team_id": 3,
      "team_name": " Jai",
      "rank": "65",
      "position_id": 8,
      "position_name": "Raider"
    },
    {
      "player_id": 233,
      "player_name": "Manoj Dhull",
      "team": " Mum",
      "match_played": 2,
      "tackles": 3,
      "value": 1,
      "team_id": 5,
      "team_name": " Mum",
      "rank": "65",
      "position_id": 6,
      "position_name": "Defender, right corner"
    },
    {
      "player_id": 197,
      "player_name": "Pardeep Narwal",
      "team": " Pat",
      "match_played": 16,
      "tackles": 6,
      "value": 1,
      "team_id": 6,
      "team_name": " Pat",
      "rank": "65",
      "position_id": 8,
      "position_name": "Raider"
    },
    {
      "player_id": 174,
      "player_name": "Deepak Kumar Dahiya",
      "team": " Ben",
      "match_played": 7,
      "tackles": 2,
      "value": 1,
      "team_id": 1,
      "team_name": " Ben",
      "rank": "65",
      "position_id": 8,
      "position_name": "Raider"
    },
    {
      "player_id": 387,
      "player_name": "Vinod Kumar",
      "team": " Ben",
      "match_played": 9,
      "tackles": 6,
      "value": 1,
      "team_id": 1,
      "team_name": " Ben",
      "rank": "65",
      "position_id": 8,
      "position_name": "Raider"
    }
  ],
  "language_lookup": {
    "stat": "Stat",
    "stat_id": "Stat Id",
    "minimum_criteria": "Minimum Criteria",
    "team_id": "Team Id",
    "team_name": "Team Name",
    "player_id": "Player Id",
    "player_name": "Player Name",
    "value": "Value",
    "match_played": "Match Played",
    "team": "Team",
    "tackles": "Tackles"
  }
}