{
  "stat": "Player Avg Raid Points",
  "stat_id": "138",
  "minimum_criteria": "",
  "data": [
    {
      "player_id": 81,
      "player_name": "Rahul Chaudhari",
      "match_played": 16,
      "value": 9.13,
      "team_id": 8,
      "team_name": " Hyd",
      "rank": "1",
      "position_id": 8,
      "position_name": "Raider"
    },
    {
      "player_id": 197,
      "player_name": "Pardeep Narwal",
      "match_played": 16,
      "value": 8.19,
      "team_id": 6,
      "team_name": " Pat",
      "rank": "2",
      "position_id": 8,
      "position_name": "Raider"
    },
    {
      "player_id": 41,
      "player_name": "Deepak Niwas Hooda",
      "match_played": 16,
      "value": 7.88,
      "team_id": 7,
      "team_name": " Pun",
      "rank": "3",
      "position_id": 1,
      "position_name": "All Rounder"
    },
    {
      "player_id": 326,
      "player_name": "Rohit Kumar",
      "match_played": 14,
      "value": 6.64,
      "team_id": 1,
      "team_name": " Ben",
      "rank": "4",
      "position_id": 8,
      "position_name": "Raider"
    },
    {
      "player_id": 58,
      "player_name": "Kashiling Adake",
      "match_played": 13,
      "value": 6.0,
      "team_id": 2,
      "team_name": " Ben, Del",
      "rank": "5",
      "position_id": 8,
      "position_name": "Raider"
    },
    {
      "player_id": 52,
      "player_name": "Jasvir Singh",
      "match_played": 14,
      "value": 5.86,
      "team_id": 3,
      "team_name": " Jai",
      "rank": "6",
      "position_id": 8,
      "position_name": "Raider"
    },
    {
      "player_id": 12,
      "player_name": "Jang Kun Lee",
      "match_played": 11,
      "value": 5.55,
      "team_id": 4,
      "team_name": " Kol",
      "rank": "7",
      "position_id": 8,
      "position_name": "Raider"
    },
    {
      "player_id": 29,
      "player_name": "Anup Kumar",
      "match_played": 14,
      "value": 5.14,
      "team_id": 5,
      "team_name": " Mum",
      "rank": "8",
      "position_id": 8,
      "position_name": "Raider"
    },
    {
      "player_id": 94,
      "player_name": "Rishank Devadiga",
      "match_played": 14,
      "value": 5.0,
      "team_id": 5,
      "team_name": " Mum",
      "rank": "9",
      "position_id": 8,
      "position_name": "Raider"
    },
    {
      "player_id": 388,
      "player_name": "Monu Goyat",
      "match_played": 13,
      "value": 4.54,
      "team_id": 4,
      "team_name": " Kol",
      "rank": "10",
      "position_id": 8,
      "position_name": "Raider"
    },
    {
      "player_id": 251,
      "player_name": "Meraj Sheykh",
      "match_played": 14,
      "value": 4.5,
      "team_id": 2,
      "team_name": " Del",
      "rank": "11",
      "position_id": 1,
      "position_name": "All Rounder"
    },
    {
      "player_id": 389,
      "player_name": "Ajay Kumar",
      "match_played": 15,
      "value": 4.36,
      "team_id": 3,
      "team_name": " Jai",
      "rank": "12",
      "position_id": 8,
      "position_name": "Raider"
    },
    {
      "player_id": 293,
      "player_name": "Nilesh Salunke",
      "match_played": 15,
      "value": 4.36,
      "team_id": 8,
      "team_name": " Hyd",
      "rank": "12",
      "position_id": 8,
      "position_name": "Raider"
    },
    {
      "player_id": 86,
      "player_name": "Rajesh Narwal",
      "match_played": 16,
      "value": 4.13,
      "team_id": 3,
      "team_name": " Jai",
      "rank": "14",
      "position_id": 1,
      "position_name": "All Rounder"
    },
    {
      "player_id": 26,
      "player_name": "Ajay Thakur",
      "match_played": 16,
      "value": 3.94,
      "team_id": 7,
      "team_name": " Pun",
      "rank": "15",
      "position_id": 8,
      "position_name": "Raider"
    },
    {
      "player_id": 75,
      "player_name": "Nitin Madane",
      "match_played": 13,
      "value": 3.92,
      "team_id": 4,
      "team_name": " Kol",
      "rank": "16",
      "position_id": 8,
      "position_name": "Raider"
    },
    {
      "player_id": 85,
      "player_name": "Rajesh Mondal",
      "match_played": 15,
      "value": 3.8,
      "team_id": 6,
      "team_name": " Pat",
      "rank": "17",
      "position_id": 8,
      "position_name": "Raider"
    },
    {
      "player_id": 264,
      "player_name": "Selvamani K",
      "match_played": 13,
      "value": 3.46,
      "team_id": 2,
      "team_name": " Del",
      "rank": "18",
      "position_id": 8,
      "position_name": "Raider"
    },
    {
      "player_id": 119,
      "player_name": "CPO Surjeet Singh",
      "match_played": 10,
      "value": 3.3,
      "team_id": 6,
      "team_name": " Pat",
      "rank": "19",
      "position_id": 8,
      "position_name": "Raider"
    },
    {
      "player_id": 88,
      "player_name": "Rakesh Kumar",
      "match_played": 14,
      "value": 3.14,
      "team_id": 5,
      "team_name": " Mum",
      "rank": "20",
      "position_id": 1,
      "position_name": "All Rounder"
    },
    {
      "player_id": 190,
      "player_name": "Sonu Narwal",
      "match_played": 11,
      "value": 2.91,
      "team_id": 7,
      "team_name": " Pun",
      "rank": "21",
      "position_id": 8,
      "position_name": "Raider"
    },
    {
      "player_id": 245,
      "player_name": "Yogesh Hooda",
      "match_played": 5,
      "value": 2.8,
      "team_id": 1,
      "team_name": " Ben",
      "rank": "22",
      "position_id": 8,
      "position_name": "Raider"
    },
    {
      "player_id": 300,
      "player_name": "Abolfazl Maghsodloumahali",
      "match_played": 9,
      "value": 2.78,
      "team_id": 6,
      "team_name": " Pat",
      "rank": "23",
      "position_id": 8,
      "position_name": "Raider"
    },
    {
      "player_id": 320,
      "player_name": "Nitin Tomar",
      "match_played": 12,
      "value": 2.75,
      "team_id": 7,
      "team_name": " Pun",
      "rank": "24",
      "position_id": 8,
      "position_name": "Raider"
    },
    {
      "player_id": 172,
      "player_name": "Vinoth Kumar",
      "match_played": 3,
      "value": 2.67,
      "team_id": 8,
      "team_name": " Hyd",
      "rank": "25",
      "position_id": 8,
      "position_name": "Raider"
    },
    {
      "player_id": 69,
      "player_name": "Manjeet Chhillar",
      "match_played": 12,
      "value": 2.4,
      "team_id": 7,
      "team_name": " Pun",
      "rank": "26",
      "position_id": 1,
      "position_name": "All Rounder"
    },
    {
      "player_id": 155,
      "player_name": "Prashanth Kumar Rai",
      "match_played": 9,
      "value": 2.38,
      "team_id": 2,
      "team_name": " Del",
      "rank": "27",
      "position_id": 8,
      "position_name": "Raider"
    },
    {
      "player_id": 156,
      "player_name": "Pawan Kumar Kadian",
      "match_played": 9,
      "value": 2.22,
      "team_id": 1,
      "team_name": " Ben",
      "rank": "28",
      "position_id": 8,
      "position_name": "Raider"
    },
    {
      "player_id": 92,
      "player_name": "Ravi Dalal",
      "match_played": 6,
      "value": 2.17,
      "team_id": 4,
      "team_name": " Kol",
      "rank": "29",
      "position_id": 8,
      "position_name": "Raider"
    },
    {
      "player_id": 211,
      "player_name": "Deepak Narwal",
      "match_played": 6,
      "value": 2.17,
      "team_id": 2,
      "team_name": " Del",
      "rank": "29",
      "position_id": 8,
      "position_name": "Raider"
    },
    {
      "player_id": 387,
      "player_name": "Vinod Kumar",
      "match_played": 9,
      "value": 2.11,
      "team_id": 1,
      "team_name": " Ben",
      "rank": "31",
      "position_id": 8,
      "position_name": "Raider"
    },
    {
      "player_id": 376,
      "player_name": "Athul MS",
      "match_played": 4,
      "value": 2.0,
      "team_id": 8,
      "team_name": " Hyd",
      "rank": "32",
      "position_id": 8,
      "position_name": "Raider"
    },
    {
      "player_id": 231,
      "player_name": "Amit Om Prakash Rathi",
      "match_played": 2,
      "value": 2.0,
      "team_id": 1,
      "team_name": " Ben",
      "rank": "32",
      "position_id": 8,
      "position_name": "Raider"
    },
    {
      "player_id": 272,
      "player_name": "Umesh Mhatre",
      "match_played": 2,
      "value": 2.0,
      "team_id": 2,
      "team_name": " Del",
      "rank": "32",
      "position_id": 8,
      "position_name": "Raider"
    },
    {
      "player_id": 105,
      "player_name": "Shabeer Bappu",
      "match_played": 12,
      "value": 2.0,
      "team_id": 3,
      "team_name": " Jai",
      "rank": "32",
      "position_id": 8,
      "position_name": "Raider"
    },
    {
      "player_id": 173,
      "player_name": "Suresu Kumar",
      "match_played": 11,
      "value": 1.82,
      "team_id": 5,
      "team_name": " Mum",
      "rank": "36",
      "position_id": 8,
      "position_name": "Raider"
    },
    {
      "player_id": 242,
      "player_name": "Tushar Patil",
      "match_played": 8,
      "value": 1.75,
      "team_id": 3,
      "team_name": " Jai",
      "rank": "37",
      "position_id": 8,
      "position_name": "Raider"
    },
    {
      "player_id": 106,
      "player_name": "Shrikant Jadhav",
      "match_played": 5,
      "value": 1.75,
      "team_id": 4,
      "team_name": " Kol",
      "rank": "37",
      "position_id": 8,
      "position_name": "Raider"
    },
    {
      "player_id": 174,
      "player_name": "Deepak Kumar Dahiya",
      "match_played": 7,
      "value": 1.71,
      "team_id": 1,
      "team_name": " Ben",
      "rank": "39",
      "position_id": 8,
      "position_name": "Raider"
    },
    {
      "player_id": 318,
      "player_name": "Pawan Kumar Sehrawat",
      "match_played": 10,
      "value": 1.57,
      "team_id": 1,
      "team_name": " Ben",
      "rank": "40",
      "position_id": 8,
      "position_name": "Raider"
    },
    {
      "player_id": 142,
      "player_name": "Sandeep Narwal",
      "match_played": 16,
      "value": 1.5,
      "team_id": 8,
      "team_name": " Hyd",
      "rank": "41",
      "position_id": 1,
      "position_name": "All Rounder"
    },
    {
      "player_id": 67,
      "player_name": "Mahipal Narwal",
      "match_played": 14,
      "value": 1.44,
      "team_id": 3,
      "team_name": " Jai",
      "rank": "42",
      "position_id": 1,
      "position_name": "All Rounder"
    },
    {
      "player_id": 118,
      "player_name": "Surjeet Narwal",
      "match_played": 5,
      "value": 1.4,
      "team_id": 4,
      "team_name": " Kol",
      "rank": "43",
      "position_id": 8,
      "position_name": "Raider"
    },
    {
      "player_id": 363,
      "player_name": "Sumit Singh",
      "match_played": 5,
      "value": 1.4,
      "team_id": 1,
      "team_name": " Ben",
      "rank": "43",
      "position_id": 8,
      "position_name": "Raider"
    },
    {
      "player_id": 150,
      "player_name": "Parmod Narwal",
      "match_played": 8,
      "value": 1.33,
      "team_id": 7,
      "team_name": " Pun",
      "rank": "45",
      "position_id": 1,
      "position_name": "All Rounder"
    },
    {
      "player_id": 219,
      "player_name": "K. Prapanjan",
      "match_played": 11,
      "value": 1.09,
      "team_id": 8,
      "team_name": " Hyd",
      "rank": "46",
      "position_id": 8,
      "position_name": "Raider"
    },
    {
      "player_id": 202,
      "player_name": "Ashish Kumar",
      "match_played": 14,
      "value": 1.08,
      "team_id": 1,
      "team_name": " Ben",
      "rank": "47",
      "position_id": 7,
      "position_name": "Defender, right cover"
    },
    {
      "player_id": 380,
      "player_name": "Vikash Kumar",
      "match_played": 6,
      "value": 1.0,
      "team_id": 5,
      "team_name": " Mum",
      "rank": "48",
      "position_id": 8,
      "position_name": "Raider"
    },
    {
      "player_id": 370,
      "player_name": "Ravindra Ramesh Kumawat",
      "match_played": 2,
      "value": 1.0,
      "team_id": 4,
      "team_name": " Kol",
      "rank": "48",
      "position_id": 1,
      "position_name": "All Rounder"
    },
    {
      "player_id": 160,
      "player_name": "Ran Singh",
      "match_played": 16,
      "value": 1.0,
      "team_id": 3,
      "team_name": " Jai",
      "rank": "48",
      "position_id": 1,
      "position_name": "All Rounder"
    },
    {
      "player_id": 234,
      "player_name": "Surender Singh",
      "match_played": 11,
      "value": 0.9,
      "team_id": 5,
      "team_name": " Mum",
      "rank": "51",
      "position_id": 8,
      "position_name": "Raider"
    },
    {
      "player_id": 66,
      "player_name": "Mahesh Goud",
      "match_played": 7,
      "value": 0.83,
      "team_id": 6,
      "team_name": " Pat",
      "rank": "52",
      "position_id": 8,
      "position_name": "Raider"
    },
    {
      "player_id": 194,
      "player_name": "Joginder Singh Narwal",
      "match_played": 16,
      "value": 0.8,
      "team_id": 7,
      "team_name": " Pun",
      "rank": "53",
      "position_id": 3,
      "position_name": "Defender, left corner"
    },
    {
      "player_id": 111,
      "player_name": "Sukesh Hegde",
      "match_played": 9,
      "value": 0.78,
      "team_id": 8,
      "team_name": " Hyd",
      "rank": "54",
      "position_id": 8,
      "position_name": "Raider"
    },
    {
      "player_id": 366,
      "player_name": "Vikash Khandola",
      "match_played": 4,
      "value": 0.75,
      "team_id": 2,
      "team_name": " Del",
      "rank": "55",
      "position_id": 8,
      "position_name": "Raider"
    },
    {
      "player_id": 371,
      "player_name": "Amit Nagar",
      "match_played": 3,
      "value": 0.67,
      "team_id": 3,
      "team_name": " Jai",
      "rank": "56",
      "position_id": 8,
      "position_name": "Raider"
    },
    {
      "player_id": 146,
      "player_name": "Surender Nada",
      "match_played": 13,
      "value": 0.67,
      "team_id": 1,
      "team_name": " Ben",
      "rank": "56",
      "position_id": 3,
      "position_name": "Defender, left corner"
    },
    {
      "player_id": 46,
      "player_name": "Gurvinder Singh",
      "match_played": 6,
      "value": 0.67,
      "team_id": 5,
      "team_name": " Ben, Mum",
      "rank": "56",
      "position_id": 8,
      "position_name": "Raider"
    },
    {
      "player_id": 252,
      "player_name": "Kuldeep Singh",
      "match_played": 15,
      "value": 0.57,
      "team_id": 6,
      "team_name": " Pat",
      "rank": "59",
      "position_id": 1,
      "position_name": "All Rounder"
    },
    {
      "player_id": 71,
      "player_name": "Mohit Chhillar",
      "match_played": 14,
      "value": 0.5,
      "team_id": 1,
      "team_name": " Ben",
      "rank": "60",
      "position_id": 6,
      "position_name": "Defender, right corner"
    },
    {
      "player_id": 210,
      "player_name": "Sunny",
      "match_played": 3,
      "value": 0.33,
      "team_id": 6,
      "team_name": " Pat",
      "rank": "61",
      "position_id": 8,
      "position_name": "Raider"
    },
    {
      "player_id": 386,
      "player_name": "Anil Kumar",
      "match_played": 9,
      "value": 0.33,
      "team_id": 2,
      "team_name": " Del",
      "rank": "61",
      "position_id": 3,
      "position_name": "Defender, left corner"
    },
    {
      "player_id": 73,
      "player_name": "Nilesh Shinde",
      "match_played": 12,
      "value": 0.25,
      "team_id": 4,
      "team_name": " Kol",
      "rank": "63",
      "position_id": 6,
      "position_name": "Defender, right corner"
    },
    {
      "player_id": 42,
      "player_name": "Dharmaraj Cheralathan",
      "match_played": 14,
      "value": 0.18,
      "team_id": 6,
      "team_name": " Pat",
      "rank": "64",
      "position_id": 10,
      "position_name": "Defender, right and left corner"
    },
    {
      "player_id": 51,
      "player_name": "Jasmer Singh Gulia",
      "match_played": 13,
      "value": 0.0,
      "team_id": 8,
      "team_name": " Ben, Hyd",
      "rank": "65",
      "position_id": 1,
      "position_name": "All Rounder"
    },
    {
      "player_id": 34,
      "player_name": "Bhupender Singh",
      "match_played": 4,
      "value": 0.0,
      "team_id": 2,
      "team_name": " Del",
      "rank": "65",
      "position_id": 1,
      "position_name": "All Rounder"
    },
    {
      "player_id": 161,
      "player_name": "Girish Maruti Ernak",
      "match_played": 12,
      "value": 0.0,
      "team_id": 4,
      "team_name": " Kol",
      "rank": "65",
      "position_id": 3,
      "position_name": "Defender, left corner"
    },
    {
      "player_id": 163,
      "player_name": "Mahendra Ganesh Rajput",
      "match_played": 4,
      "value": 0.0,
      "team_id": 4,
      "team_name": " Kol",
      "rank": "65",
      "position_id": 8,
      "position_name": "Raider"
    },
    {
      "player_id": 107,
      "player_name": "Shrikant Tewthia",
      "match_played": 4,
      "value": 0.0,
      "team_id": 3,
      "team_name": " Jai",
      "rank": "65",
      "position_id": 1,
      "position_name": "All Rounder"
    }
  ],
  "language_lookup": {
    "stat": "Stat",
    "stat_id": "Stat Id",
    "minimum_criteria": "Minimum Criteria",
    "team_id": "Team Id",
    "team_name": "Team Name",
    "player_id": "Player Id",
    "player_name": "Player Name",
    "value": "Value",
    "match_played": "Match Played",
    "team": "Team",
    "tackles": "Tackles"
  }
}