{
  "stat": "High 5s",
  "stat_id": "101",
  "minimum_criteria": "More than 0 High_5s ",
  "data": [
    {
      "player_id": 621,
      "player_name": "Baldev Singh",
      "team": " Kol",
      "match_played": 17,
      "value": 6,
      "team_id": 4,
      "team_name": " Kol",
      "rank": "1",
      "position_id": 6,
      "position_name": "Defender, right corner",
      "team_full_name": "Bengal Warriors"
    },
    {
      "player_id": 2330,
      "player_name": "Sumit",
      "team": " UPY",
      "match_played": 17,
      "value": 5,
      "team_id": 30,
      "team_name": " UPY",
      "rank": "2",
      "position_id": 3,
      "position_name": "Defender, left corner",
      "team_full_name": "U.P. Yoddha"
    },
    {
      "player_id": 290,
      "player_name": "Sandeep Kumar Dhull",
      "team": " Jai",
      "match_played": 17,
      "value": 5,
      "team_id": 3,
      "team_name": " Jai",
      "rank": "2",
      "position_id": 3,
      "position_name": "Defender, left corner",
      "team_full_name": "Jaipur Pink Panthers"
    },
    {
      "player_id": 322,
      "player_name": "PO Surjeet Singh",
      "team": " Pun",
      "match_played": 18,
      "value": 5,
      "team_id": 7,
      "team_name": " Pun",
      "rank": "2",
      "position_id": 7,
      "position_name": "Defender, right cover",
      "team_full_name": "Puneri Paltan"
    },
    {
      "player_id": 358,
      "player_name": "Vishal Bhardwaj",
      "team": " Hyd",
      "match_played": 16,
      "value": 5,
      "team_id": 8,
      "team_name": " Hyd",
      "rank": "2",
      "position_id": 9,
      "position_name": "Defender",
      "team_full_name": "Telugu Titans"
    },
    {
      "player_id": 368,
      "player_name": "Sunil Kumar",
      "team": " GFG",
      "match_played": 17,
      "value": 4,
      "team_id": 31,
      "team_name": " GFG",
      "rank": "6",
      "position_id": 9,
      "position_name": "Defender",
      "team_full_name": "Gujarat Fortunegiants"
    },
    {
      "player_id": 2670,
      "player_name": "Saurabh Nandal",
      "team": " Ben",
      "match_played": 16,
      "value": 4,
      "team_id": 1,
      "team_name": " Ben",
      "rank": "6",
      "position_id": 3,
      "position_name": "Defender, left corner",
      "team_full_name": "Bengaluru Bulls"
    },
    {
      "player_id": 2462,
      "player_name": "Sunil",
      "team": " HS",
      "match_played": 14,
      "value": 3,
      "team_id": 28,
      "team_name": " HS",
      "rank": "8",
      "position_id": 6,
      "position_name": "Defender, right corner",
      "team_full_name": "Haryana Steelers"
    },
    {
      "player_id": 637,
      "player_name": "Neeraj Kumar",
      "team": " Pat",
      "match_played": 17,
      "value": 3,
      "team_id": 6,
      "team_name": " Pat",
      "rank": "8",
      "position_id": 7,
      "position_name": "Defender, right cover",
      "team_full_name": "Patna Pirates"
    },
    {
      "player_id": 769,
      "player_name": "Mahender Singh",
      "team": " Ben",
      "match_played": 15,
      "value": 3,
      "team_id": 1,
      "team_name": " Ben",
      "rank": "8",
      "position_id": 4,
      "position_name": "Defender, left cover",
      "team_full_name": "Bengaluru Bulls"
    },
    {
      "player_id": 796,
      "player_name": "Rinku Narwal",
      "team": " Kol",
      "match_played": 17,
      "value": 3,
      "team_id": 4,
      "team_name": " Kol",
      "rank": "8",
      "position_id": 9,
      "position_name": "Defender",
      "team_full_name": "Bengal Warriors"
    },
    {
      "player_id": 357,
      "player_name": "Parvesh Bhainswal",
      "team": " GFG",
      "match_played": 17,
      "value": 3,
      "team_id": 31,
      "team_name": " GFG",
      "rank": "8",
      "position_id": 4,
      "position_name": "Defender, left cover",
      "team_full_name": "Gujarat Fortunegiants"
    },
    {
      "player_id": 579,
      "player_name": "Jaideep",
      "team": " Pat",
      "match_played": 17,
      "value": 3,
      "team_id": 6,
      "team_name": " Pat",
      "rank": "8",
      "position_id": 3,
      "position_name": "Defender, left corner",
      "team_full_name": "Patna Pirates"
    },
    {
      "player_id": 259,
      "player_name": "Fazel Atrachali",
      "team": " Mum",
      "match_played": 16,
      "value": 2,
      "team_id": 5,
      "team_name": " Mum",
      "rank": "14",
      "position_id": 3,
      "position_name": "Defender, left corner",
      "team_full_name": "U Mumba"
    },
    {
      "player_id": 69,
      "player_name": "Manjeet Chhillar",
      "team": " TT",
      "match_played": 15,
      "value": 2,
      "team_id": 29,
      "team_name": " TT",
      "rank": "14",
      "position_id": 1,
      "position_name": "All Rounder",
      "team_full_name": "Tamil Thalaivas"
    },
    {
      "player_id": 157,
      "player_name": "Ravinder Pahal",
      "team": " Del",
      "match_played": 16,
      "value": 2,
      "team_id": 2,
      "team_name": " Del",
      "rank": "14",
      "position_id": 6,
      "position_name": "Defender, right corner",
      "team_full_name": "Dabang Delhi K.C."
    },
    {
      "player_id": 179,
      "player_name": "Vikas Kale",
      "team": " HS",
      "match_played": 15,
      "value": 2,
      "team_id": 28,
      "team_name": " HS",
      "rank": "14",
      "position_id": 7,
      "position_name": "Defender, right cover",
      "team_full_name": "Haryana Steelers"
    },
    {
      "player_id": 212,
      "player_name": "Amit Hooda",
      "team": " Jai",
      "match_played": 12,
      "value": 2,
      "team_id": 3,
      "team_name": " Jai",
      "rank": "14",
      "position_id": 6,
      "position_name": "Defender, right corner",
      "team_full_name": "Jaipur Pink Panthers"
    },
    {
      "player_id": 240,
      "player_name": "Ravi Kumar",
      "team": " HS",
      "match_played": 14,
      "value": 2,
      "team_id": 28,
      "team_name": " HS",
      "rank": "14",
      "position_id": 7,
      "position_name": "Defender, right cover",
      "team_full_name": "Haryana Steelers"
    },
    {
      "player_id": 794,
      "player_name": "Amit Sheoran",
      "team": " Ben",
      "match_played": 17,
      "value": 2,
      "team_id": 1,
      "team_name": " Ben",
      "rank": "14",
      "position_id": 9,
      "position_name": "Defender",
      "team_full_name": "Bengaluru Bulls"
    },
    {
      "player_id": 725,
      "player_name": "Nitesh Kumar",
      "team": " UPY",
      "match_played": 17,
      "value": 2,
      "team_id": 30,
      "team_name": " UPY",
      "rank": "14",
      "position_id": 9,
      "position_name": "Defender",
      "team_full_name": "U.P. Yoddha"
    },
    {
      "player_id": 733,
      "player_name": "Surinder Singh",
      "team": " Mum",
      "match_played": 16,
      "value": 2,
      "team_id": 5,
      "team_name": " Mum",
      "rank": "14",
      "position_id": 9,
      "position_name": "Defender",
      "team_full_name": "U Mumba"
    },
    {
      "player_id": 2492,
      "player_name": "Jadhav Balasaheb Shahaji",
      "team": " Pun",
      "match_played": 16,
      "value": 2,
      "team_id": 7,
      "team_name": " Pun",
      "rank": "14",
      "position_id": 7,
      "position_name": "Defender, right cover",
      "team_full_name": "Puneri Paltan"
    },
    {
      "player_id": 2502,
      "player_name": "Mohit Sehrawat",
      "team": " Ben",
      "match_played": 11,
      "value": 1,
      "team_id": 1,
      "team_name": " Ben",
      "rank": "24",
      "position_id": 7,
      "position_name": "Defender, right cover",
      "team_full_name": "Bengaluru Bulls"
    },
    {
      "player_id": 2486,
      "player_name": "Harendra Kumar",
      "team": " Mum",
      "match_played": 14,
      "value": 1,
      "team_id": 5,
      "team_name": " Mum",
      "rank": "24",
      "position_id": 4,
      "position_name": "Defender, left cover",
      "team_full_name": "U Mumba"
    },
    {
      "player_id": 735,
      "player_name": "Vishal",
      "team": " Jai",
      "match_played": 11,
      "value": 1,
      "team_id": 3,
      "team_name": " Jai",
      "rank": "24",
      "position_id": 1,
      "position_name": "All Rounder",
      "team_full_name": "Jaipur Pink Panthers"
    },
    {
      "player_id": 665,
      "player_name": "Pankaj",
      "team": " GFG",
      "match_played": 6,
      "value": 1,
      "team_id": 31,
      "team_name": " GFG",
      "rank": "24",
      "position_id": 1,
      "position_name": "All Rounder",
      "team_full_name": "Gujarat Fortunegiants"
    },
    {
      "player_id": 791,
      "player_name": "Nitin Rawal",
      "team": " Jai",
      "match_played": 13,
      "value": 1,
      "team_id": 3,
      "team_name": " Jai",
      "rank": "24",
      "position_id": 1,
      "position_name": "All Rounder",
      "team_full_name": "Jaipur Pink Panthers"
    },
    {
      "player_id": 249,
      "player_name": "Hadi Oshtorak",
      "team": " Pat",
      "match_played": 17,
      "value": 1,
      "team_id": 6,
      "team_name": " Pat",
      "rank": "24",
      "position_id": 1,
      "position_name": "All Rounder",
      "team_full_name": "Patna Pirates"
    },
    {
      "player_id": 191,
      "player_name": "C. Arun",
      "team": " Hyd",
      "match_played": 16,
      "value": 1,
      "team_id": 8,
      "team_name": " Hyd",
      "rank": "24",
      "position_id": 4,
      "position_name": "Defender, left cover",
      "team_full_name": "Telugu Titans"
    },
    {
      "player_id": 194,
      "player_name": "Joginder Singh Narwal",
      "team": " Del",
      "match_played": 16,
      "value": 1,
      "team_id": 2,
      "team_name": " Del",
      "rank": "24",
      "position_id": 3,
      "position_name": "Defender, left corner",
      "team_full_name": "Dabang Delhi K.C."
    },
    {
      "player_id": 161,
      "player_name": "Girish Maruti Ernak",
      "team": " Pun",
      "match_played": 13,
      "value": 1,
      "team_id": 7,
      "team_name": " Pun",
      "rank": "24",
      "position_id": 3,
      "position_name": "Defender, left corner",
      "team_full_name": "Puneri Paltan"
    },
    {
      "player_id": 71,
      "player_name": "Mohit Chhillar",
      "team": " TT",
      "match_played": 17,
      "value": 1,
      "team_id": 29,
      "team_name": " TT",
      "rank": "24",
      "position_id": 6,
      "position_name": "Defender, right corner",
      "team_full_name": "Tamil Thalaivas"
    },
    {
      "player_id": 142,
      "player_name": "Sandeep Narwal",
      "team": " Mum",
      "match_played": 16,
      "value": 1,
      "team_id": 5,
      "team_name": " Mum",
      "rank": "24",
      "position_id": 1,
      "position_name": "All Rounder",
      "team_full_name": "U Mumba"
    },
    {
      "player_id": 42,
      "player_name": "Dharmaraj Cheralathan",
      "team": " HS",
      "match_played": 15,
      "value": 1,
      "team_id": 28,
      "team_name": " HS",
      "rank": "24",
      "position_id": 10,
      "position_name": "Defender, right and left corner",
      "team_full_name": "Haryana Steelers"
    },
    {
      "player_id": 347,
      "player_name": "Sagar B Krishna",
      "team": " Pun",
      "match_played": 10,
      "value": 1,
      "team_id": 7,
      "team_name": " Pun",
      "rank": "24",
      "position_id": 1,
      "position_name": "All Rounder",
      "team_full_name": "Puneri Paltan"
    },
    {
      "player_id": 484,
      "player_name": "Mohammad Esmaeil Nabibakhsh",
      "team": " Kol",
      "match_played": 17,
      "value": 1,
      "team_id": 4,
      "team_name": " Kol",
      "rank": "24",
      "position_id": 1,
      "position_name": "All Rounder",
      "team_full_name": "Bengal Warriors"
    }
  ],
  "language_lookup": {
    "stat": "Stat",
    "stat_id": "Stat Id",
    "minimum_criteria": "Minimum Criteria",
    "team_id": "Team Id",
    "team_name": "Team Name",
    "player_id": "Player Id",
    "player_name": "Player Name",
    "value": "Value",
    "match_played": "Match Played",
    "team": "Team",
    "tackles": "Tackles"
  }
}