{
  "stat": "Player Super Raids",
  "stat_id": "104",
  "minimum_criteria": "More than 0 Super Raid",
  "data": [
    {
      "player_id": 318,
      "player_name": "Pawan Kumar Sehrawat",
      "match_played": 24,
      "value": 12,
      "team_id": 1,
      "team": " Ben",
      "team_name": " Ben",
      "rank": "1",
      "position_id": 8,
      "position_name": "Raider",
      "team_full_name": "Bengaluru Bulls"
    },
    {
      "player_id": 2026,
      "player_name": "Siddharth Sirish Desai",
      "match_played": 21,
      "value": 10,
      "team_id": 5,
      "team": " Mum",
      "team_name": " Mum",
      "rank": "2",
      "position_id": 8,
      "position_name": "Raider",
      "team_full_name": "U Mumba"
    },
    {
      "player_id": 197,
      "player_name": "Pardeep Narwal",
      "match_played": 21,
      "value": 6,
      "team_id": 6,
      "team": " Pat",
      "team_name": " Pat",
      "rank": "3",
      "position_id": 8,
      "position_name": "Raider",
      "team_full_name": "Patna Pirates"
    },
    {
      "player_id": 251,
      "player_name": "Meraj Sheykh",
      "match_played": 19,
      "value": 6,
      "team_id": 2,
      "team": " Del",
      "team_name": " Del",
      "rank": "3",
      "position_id": 1,
      "position_name": "All Rounder",
      "team_full_name": "Dabang Delhi K.C."
    },
    {
      "player_id": 143,
      "player_name": "Maninder Singh",
      "match_played": 22,
      "value": 6,
      "team_id": 4,
      "team": " Kol",
      "team_name": " Kol",
      "rank": "3",
      "position_id": 8,
      "position_name": "Raider",
      "team_full_name": "Bengal Warriors"
    },
    {
      "player_id": 326,
      "player_name": "Rohit Kumar",
      "match_played": 24,
      "value": 5,
      "team_id": 1,
      "team": " Ben",
      "team_name": " Ben",
      "rank": "6",
      "position_id": 8,
      "position_name": "Raider",
      "team_full_name": "Bengaluru Bulls"
    },
    {
      "player_id": 366,
      "player_name": "Vikash Kandola",
      "match_played": 22,
      "value": 5,
      "team_id": 28,
      "team": " HS",
      "team_name": " HS",
      "rank": "6",
      "position_id": 8,
      "position_name": "Raider",
      "team_full_name": "Haryana Steelers"
    },
    {
      "player_id": 293,
      "player_name": "Nilesh Salunke",
      "match_played": 19,
      "value": 4,
      "team_id": 8,
      "team": " Hyd",
      "team_name": " Hyd",
      "rank": "8",
      "position_id": 8,
      "position_name": "Raider",
      "team_full_name": "Telugu Titans"
    },
    {
      "player_id": 106,
      "player_name": "Shrikant Jadhav",
      "match_played": 25,
      "value": 4,
      "team_id": 30,
      "team": " UPY",
      "team_name": " UPY",
      "rank": "8",
      "position_id": 8,
      "position_name": "Raider",
      "team_full_name": "U.P. Yoddha"
    },
    {
      "player_id": 41,
      "player_name": "Deepak Niwas Hooda",
      "match_played": 22,
      "value": 4,
      "team_id": 3,
      "team": " Jai",
      "team_name": " Jai",
      "rank": "8",
      "position_id": 1,
      "position_name": "All Rounder",
      "team_full_name": "Jaipur Pink Panthers"
    },
    {
      "player_id": 81,
      "player_name": "Rahul Chaudhari",
      "match_played": 21,
      "value": 4,
      "team_id": 8,
      "team": " Hyd",
      "team_name": " Hyd",
      "rank": "8",
      "position_id": 8,
      "position_name": "Raider",
      "team_full_name": "Telugu Titans"
    },
    {
      "player_id": 2357,
      "player_name": "Naveen",
      "match_played": 21,
      "value": 4,
      "team_id": 28,
      "team": " HS",
      "team_name": " HS",
      "rank": "8",
      "position_id": 8,
      "position_name": "Raider",
      "team_full_name": "Haryana Steelers"
    },
    {
      "player_id": 264,
      "player_name": "Selvamani K",
      "match_played": 15,
      "value": 3,
      "team_id": 3,
      "team": " Jai",
      "team_name": " Jai",
      "rank": "13",
      "position_id": 8,
      "position_name": "Raider",
      "team_full_name": "Jaipur Pink Panthers"
    },
    {
      "player_id": 2296,
      "player_name": "Naveen Kumar",
      "match_played": 22,
      "value": 3,
      "team_id": 2,
      "team": " Del",
      "team_name": " Del",
      "rank": "13",
      "position_id": 8,
      "position_name": "Raider",
      "team_full_name": "Dabang Delhi K.C."
    },
    {
      "player_id": 388,
      "player_name": "Monu Goyat",
      "match_played": 20,
      "value": 3,
      "team_id": 28,
      "team": " HS",
      "team_name": " HS",
      "rank": "13",
      "position_id": 8,
      "position_name": "Raider",
      "team_full_name": "Haryana Steelers"
    },
    {
      "player_id": 763,
      "player_name": "Manjeet",
      "match_played": 22,
      "value": 3,
      "team_id": 6,
      "team": " Pat",
      "team_name": " Pat",
      "rank": "13",
      "position_id": 8,
      "position_name": "Raider",
      "team_full_name": "Patna Pirates"
    },
    {
      "player_id": 94,
      "player_name": "Rishank Devadiga",
      "match_played": 23,
      "value": 3,
      "team_id": 30,
      "team": " UPY",
      "team_name": " UPY",
      "rank": "13",
      "position_id": 8,
      "position_name": "Raider",
      "team_full_name": "U.P. Yoddha"
    },
    {
      "player_id": 58,
      "player_name": "Kashiling Adake",
      "match_played": 20,
      "value": 3,
      "team_id": 1,
      "team": " Ben",
      "team_name": " Ben",
      "rank": "13",
      "position_id": 8,
      "position_name": "Raider",
      "team_full_name": "Bengaluru Bulls"
    },
    {
      "player_id": 66,
      "player_name": "Mahesh Goud",
      "match_played": 10,
      "value": 3,
      "team_id": 4,
      "team": " Kol",
      "team_name": " Kol",
      "rank": "13",
      "position_id": 8,
      "position_name": "Raider",
      "team_full_name": "Bengal Warriors"
    },
    {
      "player_id": 26,
      "player_name": "Ajay Thakur",
      "match_played": 22,
      "value": 3,
      "team_id": 29,
      "team": " TT",
      "team_name": " TT",
      "rank": "13",
      "position_id": 8,
      "position_name": "Raider",
      "team_full_name": "Tamil Thalaivas"
    },
    {
      "player_id": 36,
      "player_name": "Chandran Ranjit",
      "match_played": 24,
      "value": 3,
      "team_id": 2,
      "team": " Del",
      "team_name": " Del",
      "rank": "13",
      "position_id": 8,
      "position_name": "Raider",
      "team_full_name": "Dabang Delhi K.C."
    },
    {
      "player_id": 111,
      "player_name": "Sukesh Hegde",
      "match_played": 17,
      "value": 3,
      "team_id": 29,
      "team": " TT",
      "team_name": " TT",
      "rank": "13",
      "position_id": 8,
      "position_name": "Raider",
      "team_full_name": "Tamil Thalaivas"
    },
    {
      "player_id": 163,
      "player_name": "Mahendra Ganesh Rajput",
      "match_played": 13,
      "value": 3,
      "team_id": 31,
      "team": " GFG",
      "team_name": " GFG",
      "rank": "13",
      "position_id": 8,
      "position_name": "Raider",
      "team_full_name": "Gujarat Fortunegiants"
    },
    {
      "player_id": 300,
      "player_name": "Abolfazl Maghsodloumahali",
      "match_played": 10,
      "value": 2,
      "team_id": 5,
      "team": " Mum",
      "team_name": " Mum",
      "rank": "24",
      "position_id": 8,
      "position_name": "Raider",
      "team_full_name": "U Mumba"
    },
    {
      "player_id": 370,
      "player_name": "Ravindra Ramesh Kumawat",
      "match_played": 12,
      "value": 2,
      "team_id": 4,
      "team": " Kol",
      "team_name": " Kol",
      "rank": "24",
      "position_id": 8,
      "position_name": "Raider",
      "team_full_name": "Bengal Warriors"
    },
    {
      "player_id": 155,
      "player_name": "Prashanth Kumar Rai",
      "match_played": 21,
      "value": 2,
      "team_id": 30,
      "team": " UPY",
      "team_name": " UPY",
      "rank": "24",
      "position_id": 8,
      "position_name": "Raider",
      "team_full_name": "U.P. Yoddha"
    },
    {
      "player_id": 12,
      "player_name": "Jang Kun Lee",
      "match_played": 18,
      "value": 2,
      "team_id": 4,
      "team": " Kol",
      "team_name": " Kol",
      "rank": "24",
      "position_id": 8,
      "position_name": "Raider",
      "team_full_name": "Bengal Warriors"
    },
    {
      "player_id": 29,
      "player_name": "Anup Kumar",
      "match_played": 13,
      "value": 2,
      "team_id": 3,
      "team": " Jai",
      "team_name": " Jai",
      "rank": "24",
      "position_id": 8,
      "position_name": "Raider",
      "team_full_name": "Jaipur Pink Panthers"
    },
    {
      "player_id": 686,
      "player_name": "Rohit Gulia",
      "match_played": 19,
      "value": 2,
      "team_id": 31,
      "team": " GFG",
      "team_name": " GFG",
      "rank": "24",
      "position_id": 1,
      "position_name": "All Rounder",
      "team_full_name": "Gujarat Fortunegiants"
    },
    {
      "player_id": 757,
      "player_name": "Sachin Tanwar",
      "match_played": 23,
      "value": 1,
      "team_id": 31,
      "team": " GFG",
      "team_name": " GFG",
      "rank": "30",
      "position_id": 8,
      "position_name": "Raider",
      "team_full_name": "Gujarat Fortunegiants"
    },
    {
      "player_id": 2028,
      "player_name": "Abhishek Singh",
      "match_played": 15,
      "value": 1,
      "team_id": 5,
      "team": " Mum",
      "team_name": " Mum",
      "rank": "30",
      "position_id": 8,
      "position_name": "Raider",
      "team_full_name": "U Mumba"
    },
    {
      "player_id": 2291,
      "player_name": "Amit Kumar",
      "match_played": 6,
      "value": 1,
      "team_id": 7,
      "team": " Pun",
      "team_name": " Pun",
      "rank": "30",
      "position_id": 8,
      "position_name": "Raider",
      "team_full_name": "Puneri Paltan"
    },
    {
      "player_id": 2298,
      "player_name": "Armaan",
      "match_played": 4,
      "value": 1,
      "team_id": 8,
      "team": " Hyd",
      "team_name": " Hyd",
      "rank": "30",
      "position_id": 1,
      "position_name": "All Rounder",
      "team_full_name": "Telugu Titans"
    },
    {
      "player_id": 2314,
      "player_name": "Dharmender",
      "match_played": 4,
      "value": 1,
      "team_id": 31,
      "team": " GFG",
      "team_name": " GFG",
      "rank": "30",
      "position_id": 8,
      "position_name": "Raider",
      "team_full_name": "Gujarat Fortunegiants"
    },
    {
      "player_id": 2316,
      "player_name": "Azad Singh",
      "match_played": 9,
      "value": 1,
      "team_id": 30,
      "team": " UPY",
      "team_name": " UPY",
      "rank": "30",
      "position_id": 8,
      "position_name": "Raider",
      "team_full_name": "U.P. Yoddha"
    },
    {
      "player_id": 772,
      "player_name": "More GB",
      "match_played": 22,
      "value": 1,
      "team_id": 7,
      "team": " Pun",
      "team_name": " Pun",
      "rank": "30",
      "position_id": 8,
      "position_name": "Raider",
      "team_full_name": "Puneri Paltan"
    },
    {
      "player_id": 791,
      "player_name": "Nitin Rawal",
      "match_played": 9,
      "value": 1,
      "team_id": 3,
      "team": " Jai",
      "team_name": " Jai",
      "rank": "30",
      "position_id": 1,
      "position_name": "All Rounder",
      "team_full_name": "Jaipur Pink Panthers"
    },
    {
      "player_id": 795,
      "player_name": "Monu",
      "match_played": 14,
      "value": 1,
      "team_id": 7,
      "team": " Pun",
      "team_name": " Pun",
      "rank": "30",
      "position_id": 8,
      "position_name": "Raider",
      "team_full_name": "Puneri Paltan"
    },
    {
      "player_id": 389,
      "player_name": "Ajay Kumar",
      "match_played": 13,
      "value": 1,
      "team_id": 31,
      "team": " GFG",
      "team_name": " GFG",
      "rank": "30",
      "position_id": 8,
      "position_name": "Raider",
      "team_full_name": "Gujarat Fortunegiants"
    },
    {
      "player_id": 522,
      "player_name": "Dong Geon Lee",
      "match_played": 11,
      "value": 1,
      "team_id": 31,
      "team": " GFG",
      "team_name": " GFG",
      "rank": "30",
      "position_id": 8,
      "position_name": "Raider",
      "team_full_name": "Gujarat Fortunegiants"
    },
    {
      "player_id": 576,
      "player_name": "Anand Patil",
      "match_played": 7,
      "value": 1,
      "team_id": 3,
      "team": " Jai",
      "team_name": " Jai",
      "rank": "30",
      "position_id": 8,
      "position_name": "Raider",
      "team_full_name": "Jaipur Pink Panthers"
    },
    {
      "player_id": 2475,
      "player_name": "Ajinkya Ashok Pawar",
      "match_played": 17,
      "value": 1,
      "team_id": 3,
      "team": " Jai",
      "team_name": " Jai",
      "rank": "30",
      "position_id": 8,
      "position_name": "Raider",
      "team_full_name": "Jaipur Pink Panthers"
    },
    {
      "player_id": 2476,
      "player_name": "Amit Kumar",
      "match_played": 17,
      "value": 1,
      "team_id": 3,
      "team": " Jai",
      "team_name": " Jai",
      "rank": "30",
      "position_id": 8,
      "position_name": "Raider",
      "team_full_name": "Jaipur Pink Panthers"
    },
    {
      "player_id": 34,
      "player_name": "Bhupender Singh",
      "match_played": 4,
      "value": 1,
      "team_id": 4,
      "team": " Kol",
      "team_name": " Kol",
      "rank": "30",
      "position_id": 1,
      "position_name": "All Rounder",
      "team_full_name": "Bengal Warriors"
    },
    {
      "player_id": 156,
      "player_name": "Pawan Kumar Kadian",
      "match_played": 13,
      "value": 1,
      "team_id": 2,
      "team": " Del",
      "team_name": " Del",
      "rank": "30",
      "position_id": 8,
      "position_name": "Raider",
      "team_full_name": "Dabang Delhi K.C."
    },
    {
      "player_id": 160,
      "player_name": "Ran Singh",
      "match_played": 22,
      "value": 1,
      "team_id": 4,
      "team": " Kol",
      "team_name": " Kol",
      "rank": "30",
      "position_id": 1,
      "position_name": "All Rounder",
      "team_full_name": "Bengal Warriors"
    },
    {
      "player_id": 119,
      "player_name": "CPO Surjeet Singh",
      "match_played": 9,
      "value": 1,
      "team_id": 29,
      "team": " TT",
      "team_name": " TT",
      "rank": "30",
      "position_id": 8,
      "position_name": "Raider",
      "team_full_name": "Tamil Thalaivas"
    },
    {
      "player_id": 121,
      "player_name": "Vikas Jaglan",
      "match_played": 14,
      "value": 1,
      "team_id": 6,
      "team": " Pat",
      "team_name": " Pat",
      "rank": "30",
      "position_id": 1,
      "position_name": "All Rounder",
      "team_full_name": "Patna Pirates"
    },
    {
      "player_id": 142,
      "player_name": "Sandeep Narwal",
      "match_played": 18,
      "value": 1,
      "team_id": 7,
      "team": " Pun",
      "team_name": " Pun",
      "rank": "30",
      "position_id": 1,
      "position_name": "All Rounder",
      "team_full_name": "Puneri Paltan"
    },
    {
      "player_id": 365,
      "player_name": "Akshay Jadhav",
      "match_played": 18,
      "value": 1,
      "team_id": 7,
      "team": " Pun",
      "team_name": " Pun",
      "rank": "30",
      "position_id": 8,
      "position_name": "Raider",
      "team_full_name": "Puneri Paltan"
    },
    {
      "player_id": 320,
      "player_name": "Nitin Tomar",
      "match_played": 11,
      "value": 1,
      "team_id": 7,
      "team": " Pun",
      "team_name": " Pun",
      "rank": "30",
      "position_id": 8,
      "position_name": "Raider",
      "team_full_name": "Puneri Paltan"
    },
    {
      "player_id": 324,
      "player_name": "Darshan Kadian",
      "match_played": 14,
      "value": 1,
      "team_id": 5,
      "team": " Mum",
      "team_name": " Mum",
      "rank": "30",
      "position_id": 8,
      "position_name": "Raider",
      "team_full_name": "U Mumba"
    },
    {
      "player_id": 174,
      "player_name": "Deepak Kumar Dahiya",
      "match_played": 11,
      "value": 1,
      "team_id": 7,
      "team": " Pun",
      "team_name": " Pun",
      "rank": "30",
      "position_id": 8,
      "position_name": "Raider",
      "team_full_name": "Puneri Paltan"
    },
    {
      "player_id": 261,
      "player_name": "Rohit Baliyan",
      "match_played": 19,
      "value": 1,
      "team_id": 5,
      "team": " Mum",
      "team_name": " Mum",
      "rank": "30",
      "position_id": 8,
      "position_name": "Raider",
      "team_full_name": "U Mumba"
    },
    {
      "player_id": 204,
      "player_name": "Rakesh Narwal",
      "match_played": 6,
      "value": 1,
      "team_id": 4,
      "team": " Kol",
      "team_name": " Kol",
      "rank": "30",
      "position_id": 8,
      "position_name": "Raider",
      "team_full_name": "Bengal Warriors"
    },
    {
      "player_id": 211,
      "player_name": "Deepak Narwal",
      "match_played": 17,
      "value": 1,
      "team_id": 6,
      "team": " Pat",
      "team_name": " Pat",
      "rank": "30",
      "position_id": 8,
      "position_name": "Raider",
      "team_full_name": "Patna Pirates"
    },
    {
      "player_id": 219,
      "player_name": "K. Prapanjan",
      "match_played": 22,
      "value": 1,
      "team_id": 31,
      "team": " GFG",
      "team_name": " GFG",
      "rank": "30",
      "position_id": 8,
      "position_name": "Raider",
      "team_full_name": "Gujarat Fortunegiants"
    }
  ],
  "language_lookup": {
    "stat": "Stat",
    "stat_id": "Stat Id",
    "minimum_criteria": "Minimum Criteria",
    "team_id": "Team Id",
    "team_name": "Team Name",
    "player_id": "Player Id",
    "player_name": "Player Name",
    "value": "Value",
    "match_played": "Match Played",
    "team": "Team",
    "tackles": "Tackles"
  }
}