{
  "stat": "Super 10s",
  "stat_id": "100",
  "minimum_criteria": "More than 0 Super_10s",
  "data": [
    {
      "player_id": 197,
      "player_name": "Pardeep Narwal",
      "team": " Pat",
      "match_played": 26,
      "value": 19,
      "team_id": 6,
      "team_name": " Pat",
      "rank": "1",
      "position_id": 8,
      "position_name": "Raider"
    },
    {
      "player_id": 326,
      "player_name": "Rohit Kumar",
      "team": " Ben",
      "match_played": 22,
      "value": 12,
      "team_id": 1,
      "team_name": " Ben",
      "rank": "2",
      "position_id": 8,
      "position_name": "Raider"
    },
    {
      "player_id": 26,
      "player_name": "Ajay Thakur",
      "team": " TT",
      "match_played": 22,
      "value": 12,
      "team_id": 29,
      "team_name": " TT",
      "rank": "2",
      "position_id": 8,
      "position_name": "Raider"
    },
    {
      "player_id": 143,
      "player_name": "Maninder Singh",
      "team": " Kol",
      "match_played": 21,
      "value": 9,
      "team_id": 4,
      "team_name": " Kol",
      "rank": "4",
      "position_id": 8,
      "position_name": "Raider"
    },
    {
      "player_id": 388,
      "player_name": "Monu Goyat",
      "team": " Pat",
      "match_played": 26,
      "value": 9,
      "team_id": 6,
      "team_name": " Pat",
      "rank": "4",
      "position_id": 8,
      "position_name": "Raider"
    },
    {
      "player_id": 81,
      "player_name": "Rahul Chaudhari",
      "team": " Hyd",
      "match_played": 22,
      "value": 8,
      "team_id": 8,
      "team_name": " Hyd",
      "rank": "6",
      "position_id": 8,
      "position_name": "Raider"
    },
    {
      "player_id": 41,
      "player_name": "Deepak Niwas Hooda",
      "team": " Pun",
      "match_played": 24,
      "value": 7,
      "team_id": 7,
      "team_name": " Pun",
      "rank": "7",
      "position_id": 1,
      "position_name": "All Rounder"
    },
    {
      "player_id": 757,
      "player_name": "Sachin",
      "team": " GFG",
      "match_played": 24,
      "value": 7,
      "team_id": 31,
      "team_name": " GFG",
      "rank": "7",
      "position_id": 8,
      "position_name": "Raider"
    },
    {
      "player_id": 320,
      "player_name": "Nitin Tomar",
      "team": " UPY",
      "match_played": 20,
      "value": 7,
      "team_id": 30,
      "team_name": " UPY",
      "rank": "7",
      "position_id": 8,
      "position_name": "Raider"
    },
    {
      "player_id": 94,
      "player_name": "Rishank Devadiga",
      "team": " UPY",
      "match_played": 21,
      "value": 5,
      "team_id": 30,
      "team_name": " UPY",
      "rank": "10",
      "position_id": 8,
      "position_name": "Raider"
    },
    {
      "player_id": 211,
      "player_name": "Deepak Narwal",
      "team": " Kol",
      "match_played": 16,
      "value": 4,
      "team_id": 4,
      "team_name": " Kol",
      "rank": "11",
      "position_id": 8,
      "position_name": "Raider"
    },
    {
      "player_id": 219,
      "player_name": "K. Prapanjan",
      "team": " TT",
      "match_played": 22,
      "value": 3,
      "team_id": 29,
      "team_name": " TT",
      "rank": "12",
      "position_id": 8,
      "position_name": "Raider"
    },
    {
      "player_id": 293,
      "player_name": "Nilesh Salunke",
      "team": " Hyd",
      "match_played": 21,
      "value": 3,
      "team_id": 8,
      "team_name": " Hyd",
      "rank": "12",
      "position_id": 8,
      "position_name": "Raider"
    },
    {
      "player_id": 155,
      "player_name": "Prashanth Kumar Rai",
      "team": " HS",
      "match_played": 16,
      "value": 3,
      "team_id": 28,
      "team_name": " HS",
      "rank": "12",
      "position_id": 8,
      "position_name": "Raider"
    },
    {
      "player_id": 156,
      "player_name": "Pawan Kumar Kadian",
      "team": " Jai",
      "match_played": 21,
      "value": 3,
      "team_id": 3,
      "team_name": " Jai",
      "rank": "12",
      "position_id": 8,
      "position_name": "Raider"
    },
    {
      "player_id": 58,
      "player_name": "Kashiling Adake",
      "team": " Ben, Mum",
      "match_played": 20,
      "value": 3,
      "team_id": 5,
      "team_name": " Ben, Mum",
      "rank": "12",
      "position_id": 8,
      "position_name": "Raider"
    },
    {
      "player_id": 124,
      "player_name": "Wazir Singh",
      "team": " HS",
      "match_played": 21,
      "value": 3,
      "team_id": 28,
      "team_name": " HS",
      "rank": "12",
      "position_id": 8,
      "position_name": "Raider"
    },
    {
      "player_id": 106,
      "player_name": "Shrikant Jadhav",
      "team": " Mum",
      "match_played": 19,
      "value": 2,
      "team_id": 5,
      "team_name": " Mum",
      "rank": "18",
      "position_id": 8,
      "position_name": "Raider"
    },
    {
      "player_id": 52,
      "player_name": "Jasvir Singh",
      "team": " Jai",
      "match_played": 15,
      "value": 2,
      "team_id": 3,
      "team_name": " Jai",
      "rank": "18",
      "position_id": 8,
      "position_name": "Raider"
    },
    {
      "player_id": 29,
      "player_name": "Anup Kumar",
      "team": " Mum",
      "match_played": 21,
      "value": 2,
      "team_id": 5,
      "team_name": " Mum",
      "rank": "18",
      "position_id": 8,
      "position_name": "Raider"
    },
    {
      "player_id": 234,
      "player_name": "Surender Singh",
      "team": " UPY",
      "match_played": 18,
      "value": 2,
      "team_id": 30,
      "team_name": " UPY",
      "rank": "18",
      "position_id": 8,
      "position_name": "Raider"
    },
    {
      "player_id": 251,
      "player_name": "Meraj Sheykh",
      "team": " Del",
      "match_played": 20,
      "value": 2,
      "team_id": 2,
      "team_name": " Del",
      "rank": "18",
      "position_id": 1,
      "position_name": "All Rounder"
    },
    {
      "player_id": 791,
      "player_name": "Nitin Rawal",
      "team": " Jai",
      "match_played": 21,
      "value": 2,
      "team_id": 3,
      "team_name": " Jai",
      "rank": "18",
      "position_id": 9,
      "position_name": "Defender"
    },
    {
      "player_id": 389,
      "player_name": "Ajay Kumar",
      "team": " Ben",
      "match_played": 22,
      "value": 2,
      "team_id": 1,
      "team_name": " Ben",
      "rank": "18",
      "position_id": 8,
      "position_name": "Raider"
    },
    {
      "player_id": 567,
      "player_name": "Mohsen Maghsoudloujafari",
      "team": " Hyd",
      "match_played": 16,
      "value": 1,
      "team_id": 8,
      "team_name": " Hyd",
      "rank": "25",
      "position_id": 8,
      "position_name": "Raider"
    },
    {
      "player_id": 261,
      "player_name": "Rohit Baliyan",
      "team": " Del",
      "match_played": 17,
      "value": 1,
      "team_id": 2,
      "team_name": " Del",
      "rank": "25",
      "position_id": 8,
      "position_name": "Raider"
    },
    {
      "player_id": 372,
      "player_name": "Harish Naik",
      "team": " Ben",
      "match_played": 14,
      "value": 1,
      "team_id": 1,
      "team_name": " Ben",
      "rank": "25",
      "position_id": 8,
      "position_name": "Raider"
    },
    {
      "player_id": 36,
      "player_name": "Chandran Ranjit",
      "team": " GFG",
      "match_played": 11,
      "value": 1,
      "team_id": 31,
      "team_name": " GFG",
      "rank": "25",
      "position_id": 8,
      "position_name": "Raider"
    },
    {
      "player_id": 105,
      "player_name": "Shabeer Bappu",
      "team": " Mum",
      "match_played": 12,
      "value": 1,
      "team_id": 5,
      "team_name": " Mum",
      "rank": "25",
      "position_id": 8,
      "position_name": "Raider"
    },
    {
      "player_id": 85,
      "player_name": "Rajesh Mondal",
      "team": " Pun",
      "match_played": 24,
      "value": 1,
      "team_id": 7,
      "team_name": " Pun",
      "rank": "25",
      "position_id": 8,
      "position_name": "Raider"
    },
    {
      "player_id": 111,
      "player_name": "Sukesh Hegde",
      "team": " GFG",
      "match_played": 18,
      "value": 1,
      "team_id": 31,
      "team_name": " GFG",
      "rank": "25",
      "position_id": 8,
      "position_name": "Raider"
    },
    {
      "player_id": 119,
      "player_name": "CPO Surjeet Singh",
      "team": " HS",
      "match_played": 17,
      "value": 1,
      "team_id": 28,
      "team_name": " HS",
      "rank": "25",
      "position_id": 8,
      "position_name": "Raider"
    },
    {
      "player_id": 174,
      "player_name": "Deepak Kumar Dahiya",
      "team": " HS",
      "match_played": 16,
      "value": 1,
      "team_id": 28,
      "team_name": " HS",
      "rank": "25",
      "position_id": 8,
      "position_name": "Raider"
    }
  ],
  "language_lookup": {
    "stat": "Stat",
    "stat_id": "Stat Id",
    "minimum_criteria": "Minimum Criteria",
    "team_id": "Team Id",
    "team_name": "Team Name",
    "player_id": "Player Id",
    "player_name": "Player Name",
    "value": "Value",
    "match_played": "Match Played",
    "team": "Team",
    "tackles": "Tackles"
  }
}