{
  "stat": "Player Total Points",
  "stat_id": "102",
  "minimum_criteria": "More than 0 Total Points",
  "data": [
    {
      "player_id": 318,
      "player_name": "Pawan Kumar Sehrawat",
      "match_played": 24,
      "value": 282,
      "team_id": 1,
      "team": " Ben",
      "team_name": " Ben",
      "rank": "1",
      "position_id": 8,
      "position_name": "Raider",
      "team_full_name": "Bengaluru Bulls"
    },
    {
      "player_id": 197,
      "player_name": "Pardeep Narwal",
      "match_played": 21,
      "value": 233,
      "team_id": 6,
      "team": " Pat",
      "team_name": " Pat",
      "rank": "2",
      "position_id": 8,
      "position_name": "Raider",
      "team_full_name": "Patna Pirates"
    },
    {
      "player_id": 2026,
      "player_name": "Siddharth Sirish Desai",
      "match_played": 21,
      "value": 221,
      "team_id": 5,
      "team": " Mum",
      "team_name": " Mum",
      "rank": "3",
      "position_id": 8,
      "position_name": "Raider",
      "team_full_name": "U Mumba"
    },
    {
      "player_id": 41,
      "player_name": "Deepak Niwas Hooda",
      "match_played": 22,
      "value": 208,
      "team_id": 3,
      "team": " Jai",
      "team_name": " Jai",
      "rank": "4",
      "position_id": 1,
      "position_name": "All Rounder",
      "team_full_name": "Jaipur Pink Panthers"
    },
    {
      "player_id": 143,
      "player_name": "Maninder Singh",
      "match_played": 22,
      "value": 206,
      "team_id": 4,
      "team": " Kol",
      "team_name": " Kol",
      "rank": "5",
      "position_id": 8,
      "position_name": "Raider",
      "team_full_name": "Bengal Warriors"
    },
    {
      "player_id": 26,
      "player_name": "Ajay Thakur",
      "match_played": 22,
      "value": 204,
      "team_id": 29,
      "team": " TT",
      "team_name": " TT",
      "rank": "6",
      "position_id": 8,
      "position_name": "Raider",
      "team_full_name": "Tamil Thalaivas"
    },
    {
      "player_id": 757,
      "player_name": "Sachin Tanwar",
      "match_played": 23,
      "value": 204,
      "team_id": 31,
      "team": " GFG",
      "team_name": " GFG",
      "rank": "6",
      "position_id": 8,
      "position_name": "Raider",
      "team_full_name": "Gujarat Fortunegiants"
    },
    {
      "player_id": 366,
      "player_name": "Vikash Kandola",
      "match_played": 22,
      "value": 177,
      "team_id": 28,
      "team": " HS",
      "team_name": " HS",
      "rank": "8",
      "position_id": 8,
      "position_name": "Raider",
      "team_full_name": "Haryana Steelers"
    },
    {
      "player_id": 2296,
      "player_name": "Naveen Kumar",
      "match_played": 22,
      "value": 177,
      "team_id": 2,
      "team": " Del",
      "team_name": " Del",
      "rank": "8",
      "position_id": 8,
      "position_name": "Raider",
      "team_full_name": "Dabang Delhi K.C."
    },
    {
      "player_id": 326,
      "player_name": "Rohit Kumar",
      "match_played": 24,
      "value": 171,
      "team_id": 1,
      "team": " Ben",
      "team_name": " Ben",
      "rank": "10",
      "position_id": 8,
      "position_name": "Raider",
      "team_full_name": "Bengaluru Bulls"
    },
    {
      "player_id": 81,
      "player_name": "Rahul Chaudhari",
      "match_played": 21,
      "value": 166,
      "team_id": 8,
      "team": " Hyd",
      "team_name": " Hyd",
      "rank": "11",
      "position_id": 8,
      "position_name": "Raider",
      "team_full_name": "Telugu Titans"
    },
    {
      "player_id": 388,
      "player_name": "Monu Goyat",
      "match_played": 20,
      "value": 164,
      "team_id": 28,
      "team": " HS",
      "team_name": " HS",
      "rank": "12",
      "position_id": 8,
      "position_name": "Raider",
      "team_full_name": "Haryana Steelers"
    },
    {
      "player_id": 36,
      "player_name": "Chandran Ranjit",
      "match_played": 24,
      "value": 158,
      "team_id": 2,
      "team": " Del",
      "team_name": " Del",
      "rank": "13",
      "position_id": 8,
      "position_name": "Raider",
      "team_full_name": "Dabang Delhi K.C."
    },
    {
      "player_id": 155,
      "player_name": "Prashanth Kumar Rai",
      "match_played": 21,
      "value": 147,
      "team_id": 30,
      "team": " UPY",
      "team_name": " UPY",
      "rank": "14",
      "position_id": 8,
      "position_name": "Raider",
      "team_full_name": "U.P. Yoddha"
    },
    {
      "player_id": 106,
      "player_name": "Shrikant Jadhav",
      "match_played": 25,
      "value": 146,
      "team_id": 30,
      "team": " UPY",
      "team_name": " UPY",
      "rank": "15",
      "position_id": 8,
      "position_name": "Raider",
      "team_full_name": "U.P. Yoddha"
    },
    {
      "player_id": 219,
      "player_name": "K. Prapanjan",
      "match_played": 22,
      "value": 123,
      "team_id": 31,
      "team": " GFG",
      "team_name": " GFG",
      "rank": "16",
      "position_id": 8,
      "position_name": "Raider",
      "team_full_name": "Gujarat Fortunegiants"
    },
    {
      "player_id": 261,
      "player_name": "Rohit Baliyan",
      "match_played": 19,
      "value": 108,
      "team_id": 5,
      "team": " Mum",
      "team_name": " Mum",
      "rank": "17",
      "position_id": 8,
      "position_name": "Raider",
      "team_full_name": "U Mumba"
    },
    {
      "player_id": 94,
      "player_name": "Rishank Devadiga",
      "match_played": 23,
      "value": 104,
      "team_id": 30,
      "team": " UPY",
      "team_name": " UPY",
      "rank": "18",
      "position_id": 8,
      "position_name": "Raider",
      "team_full_name": "U.P. Yoddha"
    },
    {
      "player_id": 320,
      "player_name": "Nitin Tomar",
      "match_played": 11,
      "value": 102,
      "team_id": 7,
      "team": " Pun",
      "team_name": " Pun",
      "rank": "19",
      "position_id": 8,
      "position_name": "Raider",
      "team_full_name": "Puneri Paltan"
    },
    {
      "player_id": 763,
      "player_name": "Manjeet",
      "match_played": 22,
      "value": 102,
      "team_id": 6,
      "team": " Pat",
      "team_name": " Pat",
      "rank": "19",
      "position_id": 8,
      "position_name": "Raider",
      "team_full_name": "Patna Pirates"
    },
    {
      "player_id": 2357,
      "player_name": "Naveen",
      "match_played": 21,
      "value": 102,
      "team_id": 28,
      "team": " HS",
      "team_name": " HS",
      "rank": "19",
      "position_id": 8,
      "position_name": "Raider",
      "team_full_name": "Haryana Steelers"
    },
    {
      "player_id": 725,
      "player_name": "Nitesh Kumar",
      "match_played": 25,
      "value": 101,
      "team_id": 30,
      "team": " UPY",
      "team_name": " UPY",
      "rank": "22",
      "position_id": 9,
      "position_name": "Defender",
      "team_full_name": "U.P. Yoddha"
    },
    {
      "player_id": 251,
      "player_name": "Meraj Sheykh",
      "match_played": 19,
      "value": 97,
      "team_id": 2,
      "team": " Del",
      "team_name": " Del",
      "rank": "23",
      "position_id": 1,
      "position_name": "All Rounder",
      "team_full_name": "Dabang Delhi K.C."
    },
    {
      "player_id": 772,
      "player_name": "More GB",
      "match_played": 22,
      "value": 91,
      "team_id": 7,
      "team": " Pun",
      "team_name": " Pun",
      "rank": "24",
      "position_id": 8,
      "position_name": "Raider",
      "team_full_name": "Puneri Paltan"
    },
    {
      "player_id": 357,
      "player_name": "Parvesh Bhainswal",
      "match_played": 25,
      "value": 86,
      "team_id": 31,
      "team": " GFG",
      "team_name": " GFG",
      "rank": "25",
      "position_id": 4,
      "position_name": "Defender, left cover",
      "team_full_name": "Gujarat Fortunegiants"
    },
    {
      "player_id": 293,
      "player_name": "Nilesh Salunke",
      "match_played": 19,
      "value": 85,
      "team_id": 8,
      "team": " Hyd",
      "team_name": " Hyd",
      "rank": "26",
      "position_id": 8,
      "position_name": "Raider",
      "team_full_name": "Telugu Titans"
    },
    {
      "player_id": 58,
      "player_name": "Kashiling Adake",
      "match_played": 20,
      "value": 84,
      "team_id": 1,
      "team": " Ben",
      "team_name": " Ben",
      "rank": "27",
      "position_id": 8,
      "position_name": "Raider",
      "team_full_name": "Bengaluru Bulls"
    },
    {
      "player_id": 259,
      "player_name": "Fazel Atrachali",
      "match_played": 23,
      "value": 83,
      "team_id": 5,
      "team": " Mum",
      "team_name": " Mum",
      "rank": "28",
      "position_id": 3,
      "position_name": "Defender, left corner",
      "team_full_name": "U Mumba"
    },
    {
      "player_id": 12,
      "player_name": "Jang Kun Lee",
      "match_played": 18,
      "value": 82,
      "team_id": 4,
      "team": " Kol",
      "team_name": " Kol",
      "rank": "29",
      "position_id": 8,
      "position_name": "Raider",
      "team_full_name": "Bengal Warriors"
    },
    {
      "player_id": 368,
      "player_name": "Sunil Kumar",
      "match_played": 25,
      "value": 76,
      "team_id": 31,
      "team": " GFG",
      "team_name": " GFG",
      "rank": "30",
      "position_id": 9,
      "position_name": "Defender",
      "team_full_name": "Gujarat Fortunegiants"
    },
    {
      "player_id": 2475,
      "player_name": "Ajinkya Ashok Pawar",
      "match_played": 17,
      "value": 75,
      "team_id": 3,
      "team": " Jai",
      "team_name": " Jai",
      "rank": "31",
      "position_id": 8,
      "position_name": "Raider",
      "team_full_name": "Jaipur Pink Panthers"
    },
    {
      "player_id": 211,
      "player_name": "Deepak Narwal",
      "match_played": 17,
      "value": 74,
      "team_id": 6,
      "team": " Pat",
      "team_name": " Pat",
      "rank": "32",
      "position_id": 8,
      "position_name": "Raider",
      "team_full_name": "Patna Pirates"
    },
    {
      "player_id": 745,
      "player_name": "Vijay",
      "match_played": 21,
      "value": 73,
      "team_id": 6,
      "team": " Pat",
      "team_name": " Pat",
      "rank": "33",
      "position_id": 1,
      "position_name": "All Rounder",
      "team_full_name": "Patna Pirates"
    },
    {
      "player_id": 160,
      "player_name": "Ran Singh",
      "match_played": 22,
      "value": 71,
      "team_id": 4,
      "team": " Kol",
      "team_name": " Kol",
      "rank": "34",
      "position_id": 1,
      "position_name": "All Rounder",
      "team_full_name": "Bengal Warriors"
    },
    {
      "player_id": 111,
      "player_name": "Sukesh Hegde",
      "match_played": 17,
      "value": 71,
      "team_id": 29,
      "team": " TT",
      "team_name": " TT",
      "rank": "34",
      "position_id": 8,
      "position_name": "Raider",
      "team_full_name": "Tamil Thalaivas"
    },
    {
      "player_id": 218,
      "player_name": "Sachin Kumar",
      "match_played": 25,
      "value": 68,
      "team_id": 30,
      "team": " UPY",
      "team_name": " UPY",
      "rank": "36",
      "position_id": 1,
      "position_name": "All Rounder",
      "team_full_name": "U.P. Yoddha"
    },
    {
      "player_id": 290,
      "player_name": "Sandeep Kumar Dhull",
      "match_played": 22,
      "value": 67,
      "team_id": 3,
      "team": " Jai",
      "team_name": " Jai",
      "rank": "37",
      "position_id": 3,
      "position_name": "Defender, left corner",
      "team_full_name": "Jaipur Pink Panthers"
    },
    {
      "player_id": 69,
      "player_name": "Manjeet Chhillar",
      "match_played": 19,
      "value": 67,
      "team_id": 29,
      "team": " TT",
      "team_name": " TT",
      "rank": "37",
      "position_id": 1,
      "position_name": "All Rounder",
      "team_full_name": "Tamil Thalaivas"
    },
    {
      "player_id": 142,
      "player_name": "Sandeep Narwal",
      "match_played": 18,
      "value": 66,
      "team_id": 7,
      "team": " Pun",
      "team_name": " Pun",
      "rank": "39",
      "position_id": 1,
      "position_name": "All Rounder",
      "team_full_name": "Puneri Paltan"
    },
    {
      "player_id": 769,
      "player_name": "Mahender Singh",
      "match_played": 24,
      "value": 63,
      "team_id": 1,
      "team": " Ben",
      "team_name": " Ben",
      "rank": "40",
      "position_id": 4,
      "position_name": "Defender, left cover",
      "team_full_name": "Bengaluru Bulls"
    },
    {
      "player_id": 733,
      "player_name": "Surender Singh",
      "match_played": 22,
      "value": 62,
      "team_id": 5,
      "team": " Mum",
      "team_name": " Mum",
      "rank": "41",
      "position_id": 9,
      "position_name": "Defender",
      "team_full_name": "U Mumba"
    },
    {
      "player_id": 686,
      "player_name": "Rohit Gulia",
      "match_played": 19,
      "value": 61,
      "team_id": 31,
      "team": " GFG",
      "team_name": " GFG",
      "rank": "42",
      "position_id": 1,
      "position_name": "All Rounder",
      "team_full_name": "Gujarat Fortunegiants"
    },
    {
      "player_id": 358,
      "player_name": "Vishal Bhardwaj",
      "match_played": 17,
      "value": 60,
      "team_id": 8,
      "team": " Hyd",
      "team_name": " Hyd",
      "rank": "43",
      "position_id": 9,
      "position_name": "Defender",
      "team_full_name": "Telugu Titans"
    },
    {
      "player_id": 157,
      "player_name": "Ravinder Pahal",
      "match_played": 22,
      "value": 59,
      "team_id": 2,
      "team": " Del",
      "team_name": " Del",
      "rank": "44",
      "position_id": 6,
      "position_name": "Defender, right corner",
      "team_full_name": "Dabang Delhi K.C."
    },
    {
      "player_id": 579,
      "player_name": "Jaideep",
      "match_played": 22,
      "value": 58,
      "team_id": 6,
      "team": " Pat",
      "team_name": " Pat",
      "rank": "45",
      "position_id": 3,
      "position_name": "Defender, left corner",
      "team_full_name": "Patna Pirates"
    },
    {
      "player_id": 322,
      "player_name": "PO Surjeet Singh",
      "match_played": 23,
      "value": 57,
      "team_id": 4,
      "team": " Kol",
      "team_name": " Kol",
      "rank": "46",
      "position_id": 7,
      "position_name": "Defender, right cover",
      "team_full_name": "Bengal Warriors"
    },
    {
      "player_id": 795,
      "player_name": "Monu",
      "match_played": 14,
      "value": 57,
      "team_id": 7,
      "team": " Pun",
      "team_name": " Pun",
      "rank": "46",
      "position_id": 8,
      "position_name": "Raider",
      "team_full_name": "Puneri Paltan"
    },
    {
      "player_id": 161,
      "player_name": "Girish Maruti Ernak",
      "match_played": 20,
      "value": 57,
      "team_id": 7,
      "team": " Pun",
      "team_name": " Pun",
      "rank": "46",
      "position_id": 3,
      "position_name": "Defender, left corner",
      "team_full_name": "Puneri Paltan"
    },
    {
      "player_id": 567,
      "player_name": "Mohsen Maghsoudloujafari",
      "match_played": 19,
      "value": 56,
      "team_id": 8,
      "team": " Hyd",
      "team_name": " Hyd",
      "rank": "49",
      "position_id": 1,
      "position_name": "All Rounder",
      "team_full_name": "Telugu Titans"
    },
    {
      "player_id": 489,
      "player_name": "Abozar Mohajermighani",
      "match_played": 21,
      "value": 56,
      "team_id": 8,
      "team": " Hyd",
      "team_name": " Hyd",
      "rank": "49",
      "position_id": 9,
      "position_name": "Defender",
      "team_full_name": "Telugu Titans"
    },
    {
      "player_id": 376,
      "player_name": "Athul MS",
      "match_played": 19,
      "value": 56,
      "team_id": 29,
      "team": " TT",
      "team_name": " TT",
      "rank": "49",
      "position_id": 8,
      "position_name": "Raider",
      "team_full_name": "Tamil Thalaivas"
    },
    {
      "player_id": 2028,
      "player_name": "Abhishek Singh",
      "match_played": 15,
      "value": 53,
      "team_id": 5,
      "team": " Mum",
      "team_name": " Mum",
      "rank": "52",
      "position_id": 8,
      "position_name": "Raider",
      "team_full_name": "U Mumba"
    },
    {
      "player_id": 764,
      "player_name": "Vinod Kumar",
      "match_played": 17,
      "value": 51,
      "team_id": 5,
      "team": " Mum",
      "team_name": " Mum",
      "rank": "53",
      "position_id": 1,
      "position_name": "All Rounder",
      "team_full_name": "U Mumba"
    },
    {
      "player_id": 212,
      "player_name": "Amit Hooda",
      "match_played": 18,
      "value": 51,
      "team_id": 29,
      "team": " TT",
      "team_name": " TT",
      "rank": "53",
      "position_id": 6,
      "position_name": "Defender, right corner",
      "team_full_name": "Tamil Thalaivas"
    },
    {
      "player_id": 194,
      "player_name": "Joginder Singh Narwal",
      "match_played": 22,
      "value": 51,
      "team_id": 2,
      "team": " Del",
      "team_name": " Del",
      "rank": "53",
      "position_id": 3,
      "position_name": "Defender, left corner",
      "team_full_name": "Dabang Delhi K.C."
    },
    {
      "player_id": 29,
      "player_name": "Anup Kumar",
      "match_played": 13,
      "value": 50,
      "team_id": 3,
      "team": " Jai",
      "team_name": " Jai",
      "rank": "56",
      "position_id": 8,
      "position_name": "Raider",
      "team_full_name": "Jaipur Pink Panthers"
    },
    {
      "player_id": 324,
      "player_name": "Darshan Kadian",
      "match_played": 14,
      "value": 50,
      "team_id": 5,
      "team": " Mum",
      "team_name": " Mum",
      "rank": "56",
      "position_id": 8,
      "position_name": "Raider",
      "team_full_name": "U Mumba"
    },
    {
      "player_id": 732,
      "player_name": "Kuldeep Singh",
      "match_played": 22,
      "value": 49,
      "team_id": 28,
      "team": " HS",
      "team_name": " HS",
      "rank": "58",
      "position_id": 9,
      "position_name": "Defender",
      "team_full_name": "Haryana Steelers"
    },
    {
      "player_id": 482,
      "player_name": "Farhad Rahimi Milaghardan",
      "match_played": 22,
      "value": 47,
      "team_id": 8,
      "team": " Hyd",
      "team_name": " Hyd",
      "rank": "59",
      "position_id": 1,
      "position_name": "All Rounder",
      "team_full_name": "Telugu Titans"
    },
    {
      "player_id": 2023,
      "player_name": "Ruturaj Shivaji Koravi",
      "match_played": 23,
      "value": 47,
      "team_id": 31,
      "team": " GFG",
      "team_name": " GFG",
      "rank": "59",
      "position_id": 9,
      "position_name": "Defender",
      "team_full_name": "Gujarat Fortunegiants"
    },
    {
      "player_id": 66,
      "player_name": "Mahesh Goud",
      "match_played": 10,
      "value": 46,
      "team_id": 4,
      "team": " Kol",
      "team_name": " Kol",
      "rank": "61",
      "position_id": 8,
      "position_name": "Raider",
      "team_full_name": "Bengal Warriors"
    },
    {
      "player_id": 52,
      "player_name": "Jasvir Singh",
      "match_played": 16,
      "value": 46,
      "team_id": 29,
      "team": " TT",
      "team_name": " TT",
      "rank": "61",
      "position_id": 8,
      "position_name": "Raider",
      "team_full_name": "Tamil Thalaivas"
    },
    {
      "player_id": 156,
      "player_name": "Pawan Kumar Kadian",
      "match_played": 13,
      "value": 45,
      "team_id": 2,
      "team": " Del",
      "team_name": " Del",
      "rank": "63",
      "position_id": 8,
      "position_name": "Raider",
      "team_full_name": "Dabang Delhi K.C."
    },
    {
      "player_id": 202,
      "player_name": "Ashish Kumar",
      "match_played": 24,
      "value": 45,
      "team_id": 1,
      "team": " Ben",
      "team_name": " Ben",
      "rank": "63",
      "position_id": 1,
      "position_name": "All Rounder",
      "team_full_name": "Bengaluru Bulls"
    },
    {
      "player_id": 370,
      "player_name": "Ravindra Ramesh Kumawat",
      "match_played": 12,
      "value": 42,
      "team_id": 4,
      "team": " Kol",
      "team_name": " Kol",
      "rank": "65",
      "position_id": 8,
      "position_name": "Raider",
      "team_full_name": "Bengal Warriors"
    },
    {
      "player_id": 778,
      "player_name": "Narender",
      "match_played": 25,
      "value": 42,
      "team_id": 30,
      "team": " UPY",
      "team_name": " UPY",
      "rank": "65",
      "position_id": 1,
      "position_name": "All Rounder",
      "team_full_name": "U.P. Yoddha"
    },
    {
      "player_id": 365,
      "player_name": "Akshay Jadhav",
      "match_played": 18,
      "value": 41,
      "team_id": 7,
      "team": " Pun",
      "team_name": " Pun",
      "rank": "67",
      "position_id": 8,
      "position_name": "Raider",
      "team_full_name": "Puneri Paltan"
    },
    {
      "player_id": 264,
      "player_name": "Selvamani K",
      "match_played": 15,
      "value": 41,
      "team_id": 3,
      "team": " Jai",
      "team_name": " Jai",
      "rank": "67",
      "position_id": 8,
      "position_name": "Raider",
      "team_full_name": "Jaipur Pink Panthers"
    },
    {
      "player_id": 2462,
      "player_name": "Sunil",
      "match_played": 22,
      "value": 41,
      "team_id": 28,
      "team": " HS",
      "team_name": " HS",
      "rank": "67",
      "position_id": 6,
      "position_name": "Defender, right corner",
      "team_full_name": "Haryana Steelers"
    },
    {
      "player_id": 240,
      "player_name": "Ravi Kumar",
      "match_played": 22,
      "value": 40,
      "team_id": 7,
      "team": " Pun",
      "team_name": " Pun",
      "rank": "70",
      "position_id": 7,
      "position_name": "Defender, right cover",
      "team_full_name": "Puneri Paltan"
    },
    {
      "player_id": 54,
      "player_name": "Jeeva Kumar",
      "match_played": 19,
      "value": 40,
      "team_id": 30,
      "team": " UPY",
      "team_name": " UPY",
      "rank": "70",
      "position_id": 5,
      "position_name": "Defender, right and left cover",
      "team_full_name": "U.P. Yoddha"
    },
    {
      "player_id": 42,
      "player_name": "Dharmaraj Cheralathan",
      "match_played": 22,
      "value": 40,
      "team_id": 5,
      "team": " Mum",
      "team_name": " Mum",
      "rank": "70",
      "position_id": 10,
      "position_name": "Defender, right and left corner",
      "team_full_name": "U Mumba"
    },
    {
      "player_id": 179,
      "player_name": "Vikas Kale",
      "match_played": 22,
      "value": 39,
      "team_id": 6,
      "team": " Pat",
      "team_name": " Pat",
      "rank": "73",
      "position_id": 7,
      "position_name": "Defender, right cover",
      "team_full_name": "Patna Pirates"
    },
    {
      "player_id": 123,
      "player_name": "Vishal Mane",
      "match_played": 22,
      "value": 38,
      "team_id": 2,
      "team": " Del",
      "team_name": " Del",
      "rank": "74",
      "position_id": 7,
      "position_name": "Defender, right cover",
      "team_full_name": "Dabang Delhi K.C."
    },
    {
      "player_id": 96,
      "player_name": "Rohit Rana",
      "match_played": 19,
      "value": 38,
      "team_id": 5,
      "team": " Mum",
      "team_name": " Mum",
      "rank": "74",
      "position_id": 4,
      "position_name": "Defender, left cover",
      "team_full_name": "U Mumba"
    },
    {
      "player_id": 613,
      "player_name": "Sunil Siddhgavali",
      "match_played": 16,
      "value": 38,
      "team_id": 3,
      "team": " Jai",
      "team_name": " Jai",
      "rank": "74",
      "position_id": 9,
      "position_name": "Defender",
      "team_full_name": "Jaipur Pink Panthers"
    },
    {
      "player_id": 794,
      "player_name": "Amit Sheoran",
      "match_played": 15,
      "value": 38,
      "team_id": 1,
      "team": " Ben",
      "team_name": " Ben",
      "rank": "74",
      "position_id": 9,
      "position_name": "Defender",
      "team_full_name": "Bengaluru Bulls"
    },
    {
      "player_id": 121,
      "player_name": "Vikas Jaglan",
      "match_played": 14,
      "value": 37,
      "team_id": 6,
      "team": " Pat",
      "team_name": " Pat",
      "rank": "78",
      "position_id": 1,
      "position_name": "All Rounder",
      "team_full_name": "Patna Pirates"
    },
    {
      "player_id": 174,
      "player_name": "Deepak Kumar Dahiya",
      "match_played": 11,
      "value": 34,
      "team_id": 7,
      "team": " Pun",
      "team_name": " Pun",
      "rank": "79",
      "position_id": 8,
      "position_name": "Raider",
      "team_full_name": "Puneri Paltan"
    },
    {
      "player_id": 389,
      "player_name": "Ajay Kumar",
      "match_played": 13,
      "value": 33,
      "team_id": 31,
      "team": " GFG",
      "team_name": " GFG",
      "rank": "80",
      "position_id": 8,
      "position_name": "Raider",
      "team_full_name": "Gujarat Fortunegiants"
    },
    {
      "player_id": 2476,
      "player_name": "Amit Kumar",
      "match_played": 17,
      "value": 33,
      "team_id": 3,
      "team": " Jai",
      "team_name": " Jai",
      "rank": "80",
      "position_id": 8,
      "position_name": "Raider",
      "team_full_name": "Jaipur Pink Panthers"
    },
    {
      "player_id": 791,
      "player_name": "Nitin Rawal",
      "match_played": 9,
      "value": 31,
      "team_id": 3,
      "team": " Jai",
      "team_name": " Jai",
      "rank": "82",
      "position_id": 1,
      "position_name": "All Rounder",
      "team_full_name": "Jaipur Pink Panthers"
    },
    {
      "player_id": 522,
      "player_name": "Dong Geon Lee",
      "match_played": 11,
      "value": 31,
      "team_id": 31,
      "team": " GFG",
      "team_name": " GFG",
      "rank": "82",
      "position_id": 8,
      "position_name": "Raider",
      "team_full_name": "Gujarat Fortunegiants"
    },
    {
      "player_id": 71,
      "player_name": "Mohit Chhillar",
      "match_played": 14,
      "value": 31,
      "team_id": 3,
      "team": " Jai",
      "team_name": " Jai",
      "rank": "82",
      "position_id": 6,
      "position_name": "Defender, right corner",
      "team_full_name": "Jaipur Pink Panthers"
    },
    {
      "player_id": 163,
      "player_name": "Mahendra Ganesh Rajput",
      "match_played": 13,
      "value": 30,
      "team_id": 31,
      "team": " GFG",
      "team_name": " GFG",
      "rank": "85",
      "position_id": 8,
      "position_name": "Raider",
      "team_full_name": "Gujarat Fortunegiants"
    },
    {
      "player_id": 311,
      "player_name": "Anil Kumar",
      "match_played": 18,
      "value": 30,
      "team_id": 8,
      "team": " Hyd",
      "team_name": " Hyd",
      "rank": "85",
      "position_id": 4,
      "position_name": "Defender, left cover",
      "team_full_name": "Telugu Titans"
    },
    {
      "player_id": 621,
      "player_name": "Baldev Singh",
      "match_played": 18,
      "value": 28,
      "team_id": 4,
      "team": " Kol",
      "team_name": " Kol",
      "rank": "87",
      "position_id": 6,
      "position_name": "Defender, right corner",
      "team_full_name": "Bengal Warriors"
    },
    {
      "player_id": 232,
      "player_name": "Sachin Vittala",
      "match_played": 22,
      "value": 28,
      "team_id": 31,
      "team": " GFG",
      "team_name": " GFG",
      "rank": "87",
      "position_id": 3,
      "position_name": "Defender, left corner",
      "team_full_name": "Gujarat Fortunegiants"
    },
    {
      "player_id": 2463,
      "player_name": "Parveen",
      "match_played": 19,
      "value": 28,
      "team_id": 28,
      "team": " HS",
      "team_name": " HS",
      "rank": "87",
      "position_id": 4,
      "position_name": "Defender, left cover",
      "team_full_name": "Haryana Steelers"
    },
    {
      "player_id": 165,
      "player_name": "Sachin Shingade",
      "match_played": 19,
      "value": 25,
      "team_id": 28,
      "team": " HS",
      "team_name": " HS",
      "rank": "90",
      "position_id": 4,
      "position_name": "Defender, left cover",
      "team_full_name": "Haryana Steelers"
    },
    {
      "player_id": 300,
      "player_name": "Abolfazl Maghsodloumahali",
      "match_played": 10,
      "value": 25,
      "team_id": 5,
      "team": " Mum",
      "team_name": " Mum",
      "rank": "90",
      "position_id": 8,
      "position_name": "Raider",
      "team_full_name": "U Mumba"
    },
    {
      "player_id": 578,
      "player_name": "Mayur Shivtarkar",
      "match_played": 18,
      "value": 23,
      "team_id": 28,
      "team": " HS",
      "team_name": " HS",
      "rank": "92",
      "position_id": 1,
      "position_name": "All Rounder",
      "team_full_name": "Haryana Steelers"
    },
    {
      "player_id": 390,
      "player_name": "Jawahar Dagar",
      "match_played": 15,
      "value": 23,
      "team_id": 6,
      "team": " Pat",
      "team_name": " Pat",
      "rank": "92",
      "position_id": 9,
      "position_name": "Defender",
      "team_full_name": "Patna Pirates"
    },
    {
      "player_id": 2316,
      "player_name": "Azad Singh",
      "match_played": 9,
      "value": 23,
      "team_id": 30,
      "team": " UPY",
      "team_name": " UPY",
      "rank": "92",
      "position_id": 8,
      "position_name": "Raider",
      "team_full_name": "U.P. Yoddha"
    },
    {
      "player_id": 722,
      "player_name": "D. Pradap",
      "match_played": 13,
      "value": 22,
      "team_id": 29,
      "team": " TT",
      "team_name": " TT",
      "rank": "95",
      "position_id": 1,
      "position_name": "All Rounder",
      "team_full_name": "Tamil Thalaivas"
    },
    {
      "player_id": 796,
      "player_name": "Rinku Narwal",
      "match_played": 15,
      "value": 21,
      "team_id": 7,
      "team": " Pun",
      "team_name": " Pun",
      "rank": "96",
      "position_id": 9,
      "position_name": "Defender",
      "team_full_name": "Puneri Paltan"
    },
    {
      "player_id": 371,
      "player_name": "Amit Nagar",
      "match_played": 9,
      "value": 21,
      "team_id": 4,
      "team": " Kol",
      "team_name": " Kol",
      "rank": "96",
      "position_id": 8,
      "position_name": "Raider",
      "team_full_name": "Bengal Warriors"
    },
    {
      "player_id": 372,
      "player_name": "Harish Naik",
      "match_played": 7,
      "value": 21,
      "team_id": 1,
      "team": " Ben",
      "team_name": " Ben",
      "rank": "96",
      "position_id": 8,
      "position_name": "Raider",
      "team_full_name": "Bengaluru Bulls"
    },
    {
      "player_id": 242,
      "player_name": "Tushar Patil",
      "match_played": 9,
      "value": 20,
      "team_id": 6,
      "team": " Pat",
      "team_name": " Pat",
      "rank": "99",
      "position_id": 8,
      "position_name": "Raider",
      "team_full_name": "Patna Pirates"
    },
    {
      "player_id": 86,
      "player_name": "Rajesh Narwal",
      "match_played": 16,
      "value": 20,
      "team_id": 2,
      "team": " Del",
      "team_name": " Del",
      "rank": "99",
      "position_id": 1,
      "position_name": "All Rounder",
      "team_full_name": "Dabang Delhi K.C."
    },
    {
      "player_id": 87,
      "player_name": "Raju Lal Choudhary",
      "match_played": 16,
      "value": 20,
      "team_id": 1,
      "team": " Ben",
      "team_name": " Ben",
      "rank": "99",
      "position_id": 6,
      "position_name": "Defender, right corner",
      "team_full_name": "Bengaluru Bulls"
    },
    {
      "player_id": 249,
      "player_name": "Hadi Oshtorak",
      "match_played": 13,
      "value": 18,
      "team_id": 31,
      "team": " GFG",
      "team_name": " GFG",
      "rank": "102",
      "position_id": 1,
      "position_name": "All Rounder",
      "team_full_name": "Gujarat Fortunegiants"
    },
    {
      "player_id": 347,
      "player_name": "Sagar B Krishna",
      "match_played": 20,
      "value": 18,
      "team_id": 30,
      "team": " UPY",
      "team_name": " UPY",
      "rank": "102",
      "position_id": 1,
      "position_name": "All Rounder",
      "team_full_name": "U.P. Yoddha"
    },
    {
      "player_id": 2481,
      "player_name": "Ponparthiban Subramanian",
      "match_played": 12,
      "value": 17,
      "team_id": 29,
      "team": " TT",
      "team_name": " TT",
      "rank": "104",
      "position_id": 7,
      "position_name": "Defender, right cover",
      "team_full_name": "Tamil Thalaivas"
    },
    {
      "player_id": 299,
      "player_name": "Sandeep",
      "match_played": 10,
      "value": 16,
      "team_id": 1,
      "team": " Ben",
      "team_name": " Ben",
      "rank": "105",
      "position_id": 3,
      "position_name": "Defender, left corner",
      "team_full_name": "Bengaluru Bulls"
    },
    {
      "player_id": 119,
      "player_name": "CPO Surjeet Singh",
      "match_played": 9,
      "value": 16,
      "team_id": 29,
      "team": " TT",
      "team_name": " TT",
      "rank": "105",
      "position_id": 8,
      "position_name": "Raider",
      "team_full_name": "Tamil Thalaivas"
    },
    {
      "player_id": 519,
      "player_name": "Young Chang Ko",
      "match_played": 13,
      "value": 15,
      "team_id": 3,
      "team": " Jai",
      "team_name": " Jai",
      "rank": "107",
      "position_id": 4,
      "position_name": "Defender, left cover",
      "team_full_name": "Jaipur Pink Panthers"
    },
    {
      "player_id": 363,
      "player_name": "Sumit Singh",
      "match_played": 8,
      "value": 15,
      "team_id": 1,
      "team": " Ben",
      "team_name": " Ben",
      "rank": "107",
      "position_id": 8,
      "position_name": "Raider",
      "team_full_name": "Bengaluru Bulls"
    },
    {
      "player_id": 773,
      "player_name": "Satpal",
      "match_played": 12,
      "value": 15,
      "team_id": 2,
      "team": " Del",
      "team_name": " Del",
      "rank": "107",
      "position_id": 6,
      "position_name": "Defender, right corner",
      "team_full_name": "Dabang Delhi K.C."
    },
    {
      "player_id": 728,
      "player_name": "Manish",
      "match_played": 17,
      "value": 15,
      "team_id": 6,
      "team": " Pat",
      "team_name": " Pat",
      "rank": "107",
      "position_id": 7,
      "position_name": "Defender, right cover",
      "team_full_name": "Patna Pirates"
    },
    {
      "player_id": 2307,
      "player_name": "Kamal Singh",
      "match_played": 8,
      "value": 15,
      "team_id": 8,
      "team": " Hyd",
      "team_name": " Hyd",
      "rank": "107",
      "position_id": 8,
      "position_name": "Raider",
      "team_full_name": "Telugu Titans"
    },
    {
      "player_id": 2298,
      "player_name": "Armaan",
      "match_played": 4,
      "value": 15,
      "team_id": 8,
      "team": " Hyd",
      "team_name": " Hyd",
      "rank": "107",
      "position_id": 1,
      "position_name": "All Rounder",
      "team_full_name": "Telugu Titans"
    },
    {
      "player_id": 2274,
      "player_name": "C Manoj Kumar",
      "match_played": 12,
      "value": 14,
      "team_id": 8,
      "team": " Hyd",
      "team_name": " Hyd",
      "rank": "113",
      "position_id": 4,
      "position_name": "Defender, left cover",
      "team_full_name": "Telugu Titans"
    },
    {
      "player_id": 2470,
      "player_name": "Adarsh T",
      "match_played": 10,
      "value": 14,
      "team_id": 4,
      "team": " Kol",
      "team_name": " Kol",
      "rank": "113",
      "position_id": 3,
      "position_name": "Defender, left corner",
      "team_full_name": "Bengal Warriors"
    },
    {
      "player_id": 676,
      "player_name": "Santhapanaselvam",
      "match_played": 14,
      "value": 14,
      "team_id": 3,
      "team": " Jai",
      "team_name": " Jai",
      "rank": "113",
      "position_id": 1,
      "position_name": "All Rounder",
      "team_full_name": "Jaipur Pink Panthers"
    },
    {
      "player_id": 837,
      "player_name": "Rakshith",
      "match_played": 11,
      "value": 14,
      "team_id": 8,
      "team": " Hyd",
      "team_name": " Hyd",
      "rank": "113",
      "position_id": 8,
      "position_name": "Raider",
      "team_full_name": "Telugu Titans"
    },
    {
      "player_id": 85,
      "player_name": "Rajesh Mondal",
      "match_played": 11,
      "value": 14,
      "team_id": 7,
      "team": " Pun",
      "team_name": " Pun",
      "rank": "113",
      "position_id": 8,
      "position_name": "Raider",
      "team_full_name": "Puneri Paltan"
    },
    {
      "player_id": 107,
      "player_name": "Shrikant Tewthia",
      "match_played": 8,
      "value": 13,
      "team_id": 4,
      "team": " Kol",
      "team_name": " Kol",
      "rank": "118",
      "position_id": 1,
      "position_name": "All Rounder",
      "team_full_name": "Bengal Warriors"
    },
    {
      "player_id": 34,
      "player_name": "Bhupender Singh",
      "match_played": 4,
      "value": 13,
      "team_id": 4,
      "team": " Kol",
      "team_name": " Kol",
      "rank": "118",
      "position_id": 1,
      "position_name": "All Rounder",
      "team_full_name": "Bengal Warriors"
    },
    {
      "player_id": 207,
      "player_name": "Sunil",
      "match_played": 11,
      "value": 13,
      "team_id": 29,
      "team": " TT",
      "team_name": " TT",
      "rank": "118",
      "position_id": 3,
      "position_name": "Defender, left corner",
      "team_full_name": "Tamil Thalaivas"
    },
    {
      "player_id": 576,
      "player_name": "Anand Patil",
      "match_played": 7,
      "value": 13,
      "team_id": 3,
      "team": " Jai",
      "team_name": " Jai",
      "rank": "118",
      "position_id": 8,
      "position_name": "Raider",
      "team_full_name": "Jaipur Pink Panthers"
    },
    {
      "player_id": 536,
      "player_name": "Ziaur Rahman",
      "match_played": 18,
      "value": 12,
      "team_id": 4,
      "team": " Kol",
      "team_name": " Kol",
      "rank": "122",
      "position_id": 4,
      "position_name": "Defender, left cover",
      "team_full_name": "Bengal Warriors"
    },
    {
      "player_id": 786,
      "player_name": "Parvesh",
      "match_played": 6,
      "value": 12,
      "team_id": 7,
      "team": " Pun",
      "team_name": " Pun",
      "rank": "122",
      "position_id": 8,
      "position_name": "Raider",
      "team_full_name": "Puneri Paltan"
    },
    {
      "player_id": 274,
      "player_name": "Krushna Madane",
      "match_played": 6,
      "value": 12,
      "team_id": 8,
      "team": " Hyd",
      "team_name": " Hyd",
      "rank": "122",
      "position_id": 9,
      "position_name": "Defender",
      "team_full_name": "Telugu Titans"
    },
    {
      "player_id": 2479,
      "player_name": "Shubham Shinde",
      "match_played": 10,
      "value": 12,
      "team_id": 7,
      "team": " Pun",
      "team_name": " Pun",
      "rank": "122",
      "position_id": 6,
      "position_name": "Defender, right corner",
      "team_full_name": "Puneri Paltan"
    },
    {
      "player_id": 252,
      "player_name": "Kuldeep Singh",
      "match_played": 7,
      "value": 10,
      "team_id": 6,
      "team": " Pat",
      "team_name": " Pat",
      "rank": "126",
      "position_id": 1,
      "position_name": "All Rounder",
      "team_full_name": "Patna Pirates"
    },
    {
      "player_id": 204,
      "player_name": "Rakesh Narwal",
      "match_played": 6,
      "value": 10,
      "team_id": 4,
      "team": " Kol",
      "team_name": " Kol",
      "rank": "126",
      "position_id": 8,
      "position_name": "Raider",
      "team_full_name": "Bengal Warriors"
    },
    {
      "player_id": 185,
      "player_name": "Vijin Thangadurai",
      "match_played": 16,
      "value": 10,
      "team_id": 4,
      "team": " Kol",
      "team_name": " Kol",
      "rank": "126",
      "position_id": 7,
      "position_name": "Defender, right cover",
      "team_full_name": "Bengal Warriors"
    },
    {
      "player_id": 84,
      "player_name": "Rajaguru Subramanian",
      "match_played": 8,
      "value": 10,
      "team_id": 5,
      "team": " Mum",
      "team_name": " Mum",
      "rank": "126",
      "position_id": 7,
      "position_name": "Defender, right cover",
      "team_full_name": "U Mumba"
    },
    {
      "player_id": 731,
      "player_name": "Sandeep",
      "match_played": 5,
      "value": 10,
      "team_id": 7,
      "team": " Pun",
      "team_name": " Pun",
      "rank": "126",
      "position_id": 1,
      "position_name": "All Rounder",
      "team_full_name": "Puneri Paltan"
    },
    {
      "player_id": 735,
      "player_name": "Vishal",
      "match_played": 6,
      "value": 10,
      "team_id": 2,
      "team": " Del",
      "team_name": " Del",
      "rank": "126",
      "position_id": 1,
      "position_name": "All Rounder",
      "team_full_name": "Dabang Delhi K.C."
    },
    {
      "player_id": 644,
      "player_name": "Anand Surendra Tomar",
      "match_played": 5,
      "value": 9,
      "team_id": 28,
      "team": " HS",
      "team_name": " HS",
      "rank": "132",
      "position_id": 8,
      "position_name": "Raider",
      "team_full_name": "Haryana Steelers"
    },
    {
      "player_id": 648,
      "player_name": "Ajit Singh",
      "match_played": 6,
      "value": 9,
      "team_id": 3,
      "team": " Jai",
      "team_name": " Jai",
      "rank": "132",
      "position_id": 8,
      "position_name": "Raider",
      "team_full_name": "Jaipur Pink Panthers"
    },
    {
      "player_id": 384,
      "player_name": "Ravinder Kumar",
      "match_played": 8,
      "value": 9,
      "team_id": 6,
      "team": " Pat",
      "team_name": " Pat",
      "rank": "132",
      "position_id": 1,
      "position_name": "All Rounder",
      "team_full_name": "Patna Pirates"
    },
    {
      "player_id": 2278,
      "player_name": "Bhanu Pratap Tomar",
      "match_played": 6,
      "value": 9,
      "team_id": 30,
      "team": " UPY",
      "team_name": " UPY",
      "rank": "132",
      "position_id": 8,
      "position_name": "Raider",
      "team_full_name": "U.P. Yoddha"
    },
    {
      "player_id": 2290,
      "player_name": "Rajnish",
      "match_played": 4,
      "value": 9,
      "team_id": 8,
      "team": " Hyd",
      "team_name": " Hyd",
      "rank": "132",
      "position_id": 8,
      "position_name": "Raider",
      "team_full_name": "Telugu Titans"
    },
    {
      "player_id": 2291,
      "player_name": "Amit Kumar",
      "match_played": 6,
      "value": 8,
      "team_id": 7,
      "team": " Pun",
      "team_name": " Pun",
      "rank": "137",
      "position_id": 8,
      "position_name": "Raider",
      "team_full_name": "Puneri Paltan"
    },
    {
      "player_id": 2325,
      "player_name": "Anand",
      "match_played": 3,
      "value": 8,
      "team_id": 29,
      "team": " TT",
      "team_name": " TT",
      "rank": "137",
      "position_id": 8,
      "position_name": "Raider",
      "team_full_name": "Tamil Thalaivas"
    },
    {
      "player_id": 765,
      "player_name": "Anil Kumar",
      "match_played": 4,
      "value": 8,
      "team_id": 29,
      "team": " TT",
      "team_name": " TT",
      "rank": "137",
      "position_id": 8,
      "position_name": "Raider",
      "team_full_name": "Tamil Thalaivas"
    },
    {
      "player_id": 191,
      "player_name": "C. Arun",
      "match_played": 16,
      "value": 8,
      "team_id": 29,
      "team": " TT",
      "team_name": " TT",
      "rank": "137",
      "position_id": 4,
      "position_name": "Defender, left cover",
      "team_full_name": "Tamil Thalaivas"
    },
    {
      "player_id": 245,
      "player_name": "Yogesh Hooda",
      "match_played": 6,
      "value": 8,
      "team_id": 2,
      "team": " Del",
      "team_name": " Del",
      "rank": "137",
      "position_id": 8,
      "position_name": "Raider",
      "team_full_name": "Dabang Delhi K.C."
    },
    {
      "player_id": 105,
      "player_name": "Shabeer Bappu",
      "match_played": 6,
      "value": 7,
      "team_id": 2,
      "team": " Del",
      "team_name": " Del",
      "rank": "142",
      "position_id": 8,
      "position_name": "Raider",
      "team_full_name": "Dabang Delhi K.C."
    },
    {
      "player_id": 152,
      "player_name": "D. Gopu",
      "match_played": 5,
      "value": 7,
      "team_id": 29,
      "team": " TT",
      "team_name": " TT",
      "rank": "142",
      "position_id": 10,
      "position_name": "Defender, right and left corner",
      "team_full_name": "Tamil Thalaivas"
    },
    {
      "player_id": 386,
      "player_name": "Anil Kumar",
      "match_played": 5,
      "value": 7,
      "team_id": 2,
      "team": " Del",
      "team_name": " Del",
      "rank": "142",
      "position_id": 3,
      "position_name": "Defender, left corner",
      "team_full_name": "Dabang Delhi K.C."
    },
    {
      "player_id": 2306,
      "player_name": "Lalit Chaudhary",
      "match_played": 3,
      "value": 7,
      "team_id": 31,
      "team": " GFG",
      "team_name": " GFG",
      "rank": "142",
      "position_id": 8,
      "position_name": "Raider",
      "team_full_name": "Gujarat Fortunegiants"
    },
    {
      "player_id": 2266,
      "player_name": "Mahesh Maruti Magdum",
      "match_played": 4,
      "value": 7,
      "team_id": 1,
      "team": " Ben",
      "team_name": " Ben",
      "rank": "142",
      "position_id": 1,
      "position_name": "All Rounder",
      "team_full_name": "Bengaluru Bulls"
    },
    {
      "player_id": 2257,
      "player_name": "Victor Onyango Obiero",
      "match_played": 3,
      "value": 6,
      "team_id": 29,
      "team": " TT",
      "team_name": " TT",
      "rank": "147",
      "position_id": 1,
      "position_name": "All Rounder",
      "team_full_name": "Tamil Thalaivas"
    },
    {
      "player_id": 2336,
      "player_name": "Anuj Kumar",
      "match_played": 7,
      "value": 6,
      "team_id": 8,
      "team": " Hyd",
      "team_name": " Hyd",
      "rank": "147",
      "position_id": 7,
      "position_name": "Defender, right cover",
      "team_full_name": "Telugu Titans"
    },
    {
      "player_id": 2315,
      "player_name": "Bhuvneshwar Gaur",
      "match_played": 6,
      "value": 6,
      "team_id": 28,
      "team": " HS",
      "team_name": " HS",
      "rank": "147",
      "position_id": 8,
      "position_name": "Raider",
      "team_full_name": "Haryana Steelers"
    },
    {
      "player_id": 784,
      "player_name": "Viraj Vishnu Landge",
      "match_played": 7,
      "value": 6,
      "team_id": 2,
      "team": " Del",
      "team_name": " Del",
      "rank": "147",
      "position_id": 4,
      "position_name": "Defender, left cover",
      "team_full_name": "Dabang Delhi K.C."
    },
    {
      "player_id": 2020,
      "player_name": "Amit",
      "match_played": 14,
      "value": 6,
      "team_id": 30,
      "team": " UPY",
      "team_name": " UPY",
      "rank": "147",
      "position_id": 4,
      "position_name": "Defender, left cover",
      "team_full_name": "U.P. Yoddha"
    },
    {
      "player_id": 724,
      "player_name": "Darshan J.",
      "match_played": 9,
      "value": 6,
      "team_id": 29,
      "team": " TT",
      "team_name": " TT",
      "rank": "147",
      "position_id": 7,
      "position_name": "Defender, right cover",
      "team_full_name": "Tamil Thalaivas"
    },
    {
      "player_id": 608,
      "player_name": "Prateek",
      "match_played": 6,
      "value": 5,
      "team_id": 28,
      "team": " HS",
      "team_name": " HS",
      "rank": "153",
      "position_id": 1,
      "position_name": "All Rounder",
      "team_full_name": "Haryana Steelers"
    },
    {
      "player_id": 2314,
      "player_name": "Dharmender",
      "match_played": 4,
      "value": 5,
      "team_id": 31,
      "team": " GFG",
      "team_name": " GFG",
      "rank": "153",
      "position_id": 8,
      "position_name": "Raider",
      "team_full_name": "Gujarat Fortunegiants"
    },
    {
      "player_id": 2328,
      "player_name": "Sudhanshu Tyagi",
      "match_played": 13,
      "value": 4,
      "team_id": 28,
      "team": " HS",
      "team_name": " HS",
      "rank": "155",
      "position_id": 7,
      "position_name": "Defender, right cover",
      "team_full_name": "Haryana Steelers"
    },
    {
      "player_id": 2353,
      "player_name": "Ajay",
      "match_played": 7,
      "value": 4,
      "team_id": 1,
      "team": " Ben",
      "team_name": " Ben",
      "rank": "155",
      "position_id": 9,
      "position_name": "Defender",
      "team_full_name": "Bengaluru Bulls"
    },
    {
      "player_id": 2024,
      "player_name": "Arjun Deshwal",
      "match_played": 3,
      "value": 4,
      "team_id": 5,
      "team": " Mum",
      "team_name": " Mum",
      "rank": "155",
      "position_id": 8,
      "position_name": "Raider",
      "team_full_name": "U Mumba"
    },
    {
      "player_id": 599,
      "player_name": "Lokesh Kaushik",
      "match_played": 6,
      "value": 4,
      "team_id": 3,
      "team": " Jai",
      "team_name": " Jai",
      "rank": "155",
      "position_id": 8,
      "position_name": "Raider",
      "team_full_name": "Jaipur Pink Panthers"
    },
    {
      "player_id": 44,
      "player_name": "Gangadhari Mallesh",
      "match_played": 6,
      "value": 4,
      "team_id": 3,
      "team": " Jai",
      "team_name": " Jai",
      "rank": "155",
      "position_id": 8,
      "position_name": "Raider",
      "team_full_name": "Jaipur Pink Panthers"
    },
    {
      "player_id": 51,
      "player_name": "Jasmer Singh Gulia",
      "match_played": 6,
      "value": 4,
      "team_id": 1,
      "team": " Ben",
      "team_name": " Ben",
      "rank": "155",
      "position_id": 1,
      "position_name": "All Rounder",
      "team_full_name": "Bengaluru Bulls"
    },
    {
      "player_id": 233,
      "player_name": "Manoj Dhull",
      "match_played": 8,
      "value": 4,
      "team_id": 4,
      "team": " Kol",
      "team_name": " Kol",
      "rank": "155",
      "position_id": 6,
      "position_name": "Defender, right corner",
      "team_full_name": "Bengal Warriors"
    },
    {
      "player_id": 266,
      "player_name": "David Shilisia J Mosambayi",
      "match_played": 4,
      "value": 4,
      "team_id": 3,
      "team": " Jai",
      "team_name": " Jai",
      "rank": "155",
      "position_id": 8,
      "position_name": "Raider",
      "team_full_name": "Jaipur Pink Panthers"
    },
    {
      "player_id": 214,
      "player_name": "Amit Kumar",
      "match_played": 2,
      "value": 4,
      "team_id": 4,
      "team": " Kol",
      "team_name": " Kol",
      "rank": "155",
      "position_id": 8,
      "position_name": "Raider",
      "team_full_name": "Bengal Warriors"
    },
    {
      "player_id": 217,
      "player_name": "Rohit Kumar Choudary",
      "match_played": 6,
      "value": 3,
      "team_id": 30,
      "team": " UPY",
      "team_name": " UPY",
      "rank": "164",
      "position_id": 8,
      "position_name": "Raider",
      "team_full_name": "U.P. Yoddha"
    },
    {
      "player_id": 2021,
      "player_name": "Anand V",
      "match_played": 3,
      "value": 3,
      "team_id": 1,
      "team": " Ben",
      "team_name": " Ben",
      "rank": "164",
      "position_id": 8,
      "position_name": "Raider",
      "team_full_name": "Bengaluru Bulls"
    },
    {
      "player_id": 768,
      "player_name": "Vijay Kumar",
      "match_played": 4,
      "value": 3,
      "team_id": 6,
      "team": " Pat",
      "team_name": " Pat",
      "rank": "164",
      "position_id": 6,
      "position_name": "Defender, right corner",
      "team_full_name": "Patna Pirates"
    },
    {
      "player_id": 2262,
      "player_name": "Md. Masud Karim",
      "match_played": 3,
      "value": 3,
      "team_id": 30,
      "team": " UPY",
      "team_name": " UPY",
      "rank": "164",
      "position_id": 8,
      "position_name": "Raider",
      "team_full_name": "U.P. Yoddha"
    },
    {
      "player_id": 2302,
      "player_name": "Mithin Kumar",
      "match_played": 3,
      "value": 3,
      "team_id": 4,
      "team": " Kol",
      "team_name": " Kol",
      "rank": "164",
      "position_id": 8,
      "position_name": "Raider",
      "team_full_name": "Bengal Warriors"
    },
    {
      "player_id": 2471,
      "player_name": "Ankit",
      "match_played": 6,
      "value": 3,
      "team_id": 1,
      "team": " Ben",
      "team_name": " Ben",
      "rank": "164",
      "position_id": 9,
      "position_name": "Defender",
      "team_full_name": "Bengaluru Bulls"
    },
    {
      "player_id": 2335,
      "player_name": "Vimal Raj V",
      "match_played": 5,
      "value": 2,
      "team_id": 29,
      "team": " TT",
      "team_name": " TT",
      "rank": "170",
      "position_id": 1,
      "position_name": "All Rounder",
      "team_full_name": "Tamil Thalaivas"
    },
    {
      "player_id": 2313,
      "player_name": "Gaurav Kumar",
      "match_played": 3,
      "value": 2,
      "team_id": 5,
      "team": " Mum",
      "team_name": " Mum",
      "rank": "170",
      "position_id": 8,
      "position_name": "Raider",
      "team_full_name": "U Mumba"
    },
    {
      "player_id": 793,
      "player_name": "Amit Kharb",
      "match_played": 6,
      "value": 2,
      "team_id": 31,
      "team": " GFG",
      "team_name": " GFG",
      "rank": "170",
      "position_id": 7,
      "position_name": "Defender, right cover",
      "team_full_name": "Gujarat Fortunegiants"
    },
    {
      "player_id": 698,
      "player_name": "Vishav Chaudhary",
      "match_played": 2,
      "value": 2,
      "team_id": 30,
      "team": " UPY",
      "team_name": " UPY",
      "rank": "170",
      "position_id": 4,
      "position_name": "Defender, left cover",
      "team_full_name": "U.P. Yoddha"
    },
    {
      "player_id": 708,
      "player_name": "N. Shiva Ramakrishna",
      "match_played": 1,
      "value": 2,
      "team_id": 3,
      "team": " Jai",
      "team_name": " Jai",
      "rank": "170",
      "position_id": 1,
      "position_name": "All Rounder",
      "team_full_name": "Jaipur Pink Panthers"
    },
    {
      "player_id": 605,
      "player_name": "Shubham Ashok Palkar",
      "match_played": 4,
      "value": 2,
      "team_id": 31,
      "team": " GFG",
      "team_name": " GFG",
      "rank": "170",
      "position_id": 8,
      "position_name": "Raider",
      "team_full_name": "Gujarat Fortunegiants"
    },
    {
      "player_id": 124,
      "player_name": "Wazir Singh",
      "match_played": 2,
      "value": 2,
      "team_id": 28,
      "team": " HS",
      "team_name": " HS",
      "rank": "170",
      "position_id": 8,
      "position_name": "Raider",
      "team_full_name": "Haryana Steelers"
    },
    {
      "player_id": 14,
      "player_name": "Tae Deok Eom",
      "match_played": 11,
      "value": 1,
      "team_id": 6,
      "team": " Pat",
      "team_name": " Pat",
      "rank": "177",
      "position_id": 1,
      "position_name": "All Rounder",
      "team_full_name": "Patna Pirates"
    },
    {
      "player_id": 74,
      "player_name": "Nithesh B R",
      "match_played": 2,
      "value": 1,
      "team_id": 1,
      "team": " Ben",
      "team_name": " Ben",
      "rank": "177",
      "position_id": 6,
      "position_name": "Defender, right corner",
      "team_full_name": "Bengaluru Bulls"
    },
    {
      "player_id": 164,
      "player_name": "Bajirao Hodage",
      "match_played": 6,
      "value": 1,
      "team_id": 3,
      "team": " Jai",
      "team_name": " Jai",
      "rank": "177",
      "position_id": 7,
      "position_name": "Defender, right cover",
      "team_full_name": "Jaipur Pink Panthers"
    },
    {
      "player_id": 361,
      "player_name": "Sombir",
      "match_played": 4,
      "value": 1,
      "team_id": 8,
      "team": " Hyd",
      "team_name": " Hyd",
      "rank": "177",
      "position_id": 9,
      "position_name": "Defender",
      "team_full_name": "Telugu Titans"
    },
    {
      "player_id": 690,
      "player_name": "E Subash",
      "match_played": 2,
      "value": 1,
      "team_id": 5,
      "team": " Mum",
      "team_name": " Mum",
      "rank": "177",
      "position_id": 1,
      "position_name": "All Rounder",
      "team_full_name": "U Mumba"
    },
    {
      "player_id": 661,
      "player_name": "Tapas Pal",
      "match_played": 2,
      "value": 1,
      "team_id": 2,
      "team": " Del",
      "team_name": " Del",
      "rank": "177",
      "position_id": 1,
      "position_name": "All Rounder",
      "team_full_name": "Dabang Delhi K.C."
    },
    {
      "player_id": 665,
      "player_name": "Pankaj",
      "match_played": 1,
      "value": 1,
      "team_id": 30,
      "team": " UPY",
      "team_name": " UPY",
      "rank": "177",
      "position_id": 1,
      "position_name": "All Rounder",
      "team_full_name": "U.P. Yoddha"
    },
    {
      "player_id": 2318,
      "player_name": "Arun Kumar HN",
      "match_played": 2,
      "value": 1,
      "team_id": 28,
      "team": " HS",
      "team_name": " HS",
      "rank": "177",
      "position_id": 8,
      "position_name": "Raider",
      "team_full_name": "Haryana Steelers"
    },
    {
      "player_id": 2351,
      "player_name": "Vikram Kandola",
      "match_played": 1,
      "value": 1,
      "team_id": 31,
      "team": " GFG",
      "team_name": " GFG",
      "rank": "177",
      "position_id": 4,
      "position_name": "Defender, left cover",
      "team_full_name": "Gujarat Fortunegiants"
    },
    {
      "player_id": 2482,
      "player_name": "Aashish Nagar",
      "match_played": 3,
      "value": 1,
      "team_id": 30,
      "team": " UPY",
      "team_name": " UPY",
      "rank": "177",
      "position_id": 6,
      "position_name": "Defender, right corner",
      "team_full_name": "U.P. Yoddha"
    }
  ],
  "language_lookup": {
    "stat": "Stat",
    "stat_id": "Stat Id",
    "minimum_criteria": "Minimum Criteria",
    "team_id": "Team Id",
    "team_name": "Team Name",
    "player_id": "Player Id",
    "player_name": "Player Name",
    "value": "Value",
    "match_played": "Match Played",
    "team": "Team",
    "tackles": "Tackles"
  }
}