{
  "stat": "Player Super Tackles",
  "stat_id": "28",
  "minimum_criteria": "More than 0 Super Tackles",
  "data": [
    {
      "player_id": 54,
      "player_name": "Jeeva Kumar",
      "team": " UPY",
      "match_played": 22,
      "match played": 22,
      "tackles": 104,
      "value": 7,
      "team_id": 30,
      "team_name": " UPY",
      "rank": "1",
      "position_id": 5,
      "position_name": "Defender, right and left cover"
    },
    {
      "player_id": 146,
      "player_name": "Surender Nada",
      "team": " HS",
      "match_played": 21,
      "match played": 21,
      "tackles": 144,
      "value": 6,
      "team_id": 28,
      "team_name": " HS",
      "rank": "2",
      "position_id": 3,
      "position_name": "Defender, left corner"
    },
    {
      "player_id": 212,
      "player_name": "Amit Hooda",
      "team": " TT",
      "match_played": 22,
      "match played": 22,
      "tackles": 117,
      "value": 6,
      "team_id": 29,
      "team_name": " TT",
      "rank": "2",
      "position_id": 6,
      "position_name": "Defender, right corner"
    },
    {
      "player_id": 252,
      "player_name": "Kuldeep Singh",
      "team": " Mum",
      "match_played": 20,
      "match played": 20,
      "tackles": 83,
      "value": 6,
      "team_id": 5,
      "team_name": " Mum",
      "rank": "2",
      "position_id": 1,
      "position_name": "All Rounder"
    },
    {
      "player_id": 361,
      "player_name": "Sombir",
      "team": " Hyd",
      "match_played": 17,
      "match played": 17,
      "tackles": 84,
      "value": 6,
      "team_id": 8,
      "team_name": " Hyd",
      "rank": "2",
      "position_id": 6,
      "position_name": "Defender, right corner"
    },
    {
      "player_id": 579,
      "player_name": "Jaideep",
      "team": " Pat",
      "match_played": 26,
      "match played": 26,
      "tackles": 154,
      "value": 5,
      "team_id": 6,
      "team_name": " Pat",
      "rank": "6",
      "position_id": 3,
      "position_name": "Defender, left corner"
    },
    {
      "player_id": 728,
      "player_name": "Manish",
      "team": " Pat",
      "match_played": 23,
      "match played": 23,
      "tackles": 37,
      "value": 5,
      "team_id": 6,
      "team_name": " Pat",
      "rank": "6",
      "position_id": 7,
      "position_name": "Defender, right cover"
    },
    {
      "player_id": 191,
      "player_name": "C. Arun",
      "team": " TT",
      "match_played": 20,
      "match played": 20,
      "tackles": 83,
      "value": 5,
      "team_id": 29,
      "team_name": " TT",
      "rank": "6",
      "position_id": 4,
      "position_name": "Defender, left cover"
    },
    {
      "player_id": 107,
      "player_name": "Shrikant Tewthia",
      "team": " Kol",
      "match_played": 23,
      "match played": 23,
      "tackles": 101,
      "value": 5,
      "team_id": 4,
      "team_name": " Kol",
      "rank": "6",
      "position_id": 1,
      "position_name": "All Rounder"
    },
    {
      "player_id": 769,
      "player_name": "Mahender Singh",
      "team": " Ben",
      "match_played": 22,
      "match played": 22,
      "tackles": 113,
      "value": 5,
      "team_id": 1,
      "team_name": " Ben",
      "rank": "6",
      "position_id": 4,
      "position_name": "Defender, left cover"
    },
    {
      "player_id": 764,
      "player_name": "Vinod Kumar",
      "team": " Pat",
      "match_played": 21,
      "match played": 21,
      "tackles": 21,
      "value": 5,
      "team_id": 6,
      "team_name": " Pat",
      "rank": "6",
      "position_id": 8,
      "position_name": "Raider"
    },
    {
      "player_id": 796,
      "player_name": "Rinku Narwal",
      "team": " Pun",
      "match_played": 13,
      "match played": 13,
      "tackles": 34,
      "value": 4,
      "team_id": 7,
      "team_name": " Pun",
      "rank": "12",
      "position_id": 3,
      "position_name": "Defender, left corner"
    },
    {
      "player_id": 71,
      "player_name": "Mohit Chhillar",
      "team": " HS",
      "match_played": 20,
      "match played": 20,
      "tackles": 83,
      "value": 4,
      "team_id": 28,
      "team_name": " HS",
      "rank": "12",
      "position_id": 6,
      "position_name": "Defender, right corner"
    },
    {
      "player_id": 29,
      "player_name": "Anup Kumar",
      "team": " Mum",
      "match_played": 21,
      "match played": 21,
      "tackles": 60,
      "value": 4,
      "team_id": 5,
      "team_name": " Mum",
      "rank": "12",
      "position_id": 8,
      "position_name": "Raider"
    },
    {
      "player_id": 357,
      "player_name": "Parvesh Bhainswal",
      "team": " GFG",
      "match_played": 24,
      "match played": 24,
      "tackles": 89,
      "value": 4,
      "team_id": 31,
      "team_name": " GFG",
      "rank": "12",
      "position_id": 4,
      "position_name": "Defender, left cover"
    },
    {
      "player_id": 322,
      "player_name": "PO Surjeet Singh",
      "team": " Kol",
      "match_played": 24,
      "match played": 24,
      "tackles": 146,
      "value": 4,
      "team_id": 4,
      "team_name": " Kol",
      "rank": "12",
      "position_id": 7,
      "position_name": "Defender, right cover"
    },
    {
      "player_id": 324,
      "player_name": "Darshan Kadian",
      "team": " Mum",
      "match_played": 16,
      "match played": 16,
      "tackles": 23,
      "value": 3,
      "team_id": 5,
      "team_name": " Mum",
      "rank": "17",
      "position_id": 8,
      "position_name": "Raider"
    },
    {
      "player_id": 259,
      "player_name": "Fazel Atrachali",
      "team": " GFG",
      "match_played": 24,
      "match played": 24,
      "tackles": 99,
      "value": 3,
      "team_id": 31,
      "team_name": " GFG",
      "rank": "17",
      "position_id": 3,
      "position_name": "Defender, left corner"
    },
    {
      "player_id": 358,
      "player_name": "Vishal Bhardwaj",
      "team": " Hyd",
      "match_played": 22,
      "match played": 22,
      "tackles": 137,
      "value": 3,
      "team_id": 8,
      "team_name": " Hyd",
      "rank": "17",
      "position_id": 1,
      "position_name": "All Rounder"
    },
    {
      "player_id": 249,
      "player_name": "Hadi Oshtorak",
      "team": " Mum",
      "match_played": 16,
      "match played": 16,
      "tackles": 55,
      "value": 3,
      "team_id": 5,
      "team_name": " Mum",
      "rank": "17",
      "position_id": 1,
      "position_name": "All Rounder"
    },
    {
      "player_id": 347,
      "player_name": "Sagar B Krishna",
      "team": " UPY",
      "match_played": 17,
      "match played": 17,
      "tackles": 62,
      "value": 3,
      "team_id": 30,
      "team_name": " UPY",
      "rank": "17",
      "position_id": 1,
      "position_name": "All Rounder"
    },
    {
      "player_id": 611,
      "player_name": "Sidharth",
      "team": " Jai",
      "match_played": 21,
      "match played": 21,
      "tackles": 68,
      "value": 3,
      "team_id": 3,
      "team_name": " Jai",
      "rank": "17",
      "position_id": 1,
      "position_name": "All Rounder"
    },
    {
      "player_id": 390,
      "player_name": "Jawahar Dagar",
      "team": " Pat",
      "match_played": 18,
      "match played": 18,
      "tackles": 69,
      "value": 3,
      "team_id": 6,
      "team_name": " Pat",
      "rank": "17",
      "position_id": 8,
      "position_name": "Raider"
    },
    {
      "player_id": 66,
      "player_name": "Mahesh Goud",
      "team": " UPY",
      "match_played": 21,
      "match played": 21,
      "tackles": 25,
      "value": 3,
      "team_id": 30,
      "team_name": " UPY",
      "rank": "17",
      "position_id": 8,
      "position_name": "Raider"
    },
    {
      "player_id": 160,
      "player_name": "Ran Singh",
      "team": " Kol",
      "match_played": 23,
      "match played": 23,
      "tackles": 112,
      "value": 3,
      "team_id": 4,
      "team_name": " Kol",
      "rank": "17",
      "position_id": 1,
      "position_name": "All Rounder"
    },
    {
      "player_id": 161,
      "player_name": "Girish Maruti Ernak",
      "team": " Pun",
      "match_played": 21,
      "match played": 21,
      "tackles": 111,
      "value": 3,
      "team_id": 7,
      "team_name": " Pun",
      "rank": "17",
      "position_id": 3,
      "position_name": "Defender, left corner"
    },
    {
      "player_id": 157,
      "player_name": "Ravinder Pahal",
      "team": " Ben",
      "match_played": 19,
      "match played": 19,
      "tackles": 104,
      "value": 3,
      "team_id": 1,
      "team_name": " Ben",
      "rank": "17",
      "position_id": 6,
      "position_name": "Defender, right corner"
    },
    {
      "player_id": 123,
      "player_name": "Vishal Mane",
      "team": " Pat",
      "match_played": 26,
      "match played": 26,
      "tackles": 113,
      "value": 3,
      "team_id": 6,
      "team_name": " Pat",
      "rank": "17",
      "position_id": 7,
      "position_name": "Defender, right cover"
    },
    {
      "player_id": 141,
      "player_name": "Sunil Jaipal",
      "team": " Ben",
      "match_played": 13,
      "match played": 13,
      "tackles": 29,
      "value": 3,
      "team_id": 1,
      "team_name": " Ben",
      "rank": "17",
      "position_id": 8,
      "position_name": "Raider"
    },
    {
      "player_id": 142,
      "player_name": "Sandeep Narwal",
      "team": " Pun",
      "match_played": 21,
      "match played": 21,
      "tackles": 102,
      "value": 3,
      "team_id": 7,
      "team_name": " Pun",
      "rank": "17",
      "position_id": 1,
      "position_name": "All Rounder"
    },
    {
      "player_id": 735,
      "player_name": "Vishal",
      "team": " Del",
      "match_played": 5,
      "match played": 5,
      "tackles": 23,
      "value": 3,
      "team_id": 2,
      "team_name": " Del",
      "rank": "17",
      "position_id": 1,
      "position_name": "All Rounder"
    },
    {
      "player_id": 745,
      "player_name": "Vijay",
      "team": " Pat",
      "match_played": 19,
      "match played": 19,
      "tackles": 83,
      "value": 3,
      "team_id": 6,
      "team_name": " Pat",
      "rank": "17",
      "position_id": 8,
      "position_name": "Raider"
    },
    {
      "player_id": 773,
      "player_name": "Satpal",
      "team": " Del",
      "match_played": 10,
      "match played": 10,
      "tackles": 44,
      "value": 2,
      "team_id": 2,
      "team_name": " Del",
      "rank": "33",
      "position_id": 6,
      "position_name": "Defender, right corner"
    },
    {
      "player_id": 734,
      "player_name": "Vikash",
      "team": " HS",
      "match_played": 19,
      "match played": 19,
      "tackles": 61,
      "value": 2,
      "team_id": 28,
      "team_name": " HS",
      "rank": "33",
      "position_id": 6,
      "position_name": "Defender, right corner"
    },
    {
      "player_id": 768,
      "player_name": "Vijay Kumar",
      "team": " TT",
      "match_played": 8,
      "match played": 8,
      "tackles": 12,
      "value": 2,
      "team_id": 29,
      "team_name": " TT",
      "rank": "33",
      "position_id": 3,
      "position_name": "Defender, left corner"
    },
    {
      "player_id": 124,
      "player_name": "Wazir Singh",
      "team": " HS",
      "match_played": 21,
      "match played": 21,
      "tackles": 27,
      "value": 2,
      "team_id": 28,
      "team_name": " HS",
      "rank": "33",
      "position_id": 8,
      "position_name": "Raider"
    },
    {
      "player_id": 162,
      "player_name": "D. Suresh Kumar",
      "team": " Mum",
      "match_played": 5,
      "match played": 5,
      "tackles": 14,
      "value": 2,
      "team_id": 5,
      "team_name": " Mum",
      "rank": "33",
      "position_id": 7,
      "position_name": "Defender, right cover"
    },
    {
      "player_id": 240,
      "player_name": "Ravi Kumar",
      "team": " Pun",
      "match_played": 23,
      "match played": 23,
      "tackles": 68,
      "value": 2,
      "team_id": 7,
      "team_name": " Pun",
      "rank": "33",
      "position_id": 7,
      "position_name": "Defender, right cover"
    },
    {
      "player_id": 52,
      "player_name": "Jasvir Singh",
      "team": " Jai",
      "match_played": 15,
      "match played": 15,
      "tackles": 15,
      "value": 2,
      "team_id": 3,
      "team_name": " Jai",
      "rank": "33",
      "position_id": 8,
      "position_name": "Raider"
    },
    {
      "player_id": 53,
      "player_name": "Jeeva Gopal",
      "team": " HS",
      "match_played": 6,
      "match played": 6,
      "tackles": 11,
      "value": 2,
      "team_id": 28,
      "team_name": " HS",
      "rank": "33",
      "position_id": 4,
      "position_name": "Defender, left cover"
    },
    {
      "player_id": 61,
      "player_name": "Kuldeep Singh",
      "team": " Ben",
      "match_played": 16,
      "match played": 16,
      "tackles": 68,
      "value": 2,
      "team_id": 1,
      "team_name": " Ben",
      "rank": "33",
      "position_id": 3,
      "position_name": "Defender, left corner"
    },
    {
      "player_id": 106,
      "player_name": "Shrikant Jadhav",
      "team": " Mum",
      "match_played": 19,
      "match played": 19,
      "tackles": 22,
      "value": 2,
      "team_id": 5,
      "team_name": " Mum",
      "rank": "33",
      "position_id": 8,
      "position_name": "Raider"
    },
    {
      "player_id": 489,
      "player_name": "Abozar Mohajermighani",
      "team": " GFG",
      "match_played": 24,
      "match played": 24,
      "tackles": 116,
      "value": 2,
      "team_id": 31,
      "team_name": " GFG",
      "rank": "33",
      "position_id": 9,
      "position_name": "Defender"
    },
    {
      "player_id": 536,
      "player_name": "Ziaur Rahman",
      "team": " Pun",
      "match_played": 16,
      "match played": 16,
      "tackles": 49,
      "value": 2,
      "team_id": 7,
      "team_name": " Pun",
      "rank": "33",
      "position_id": 4,
      "position_name": "Defender, left cover"
    },
    {
      "player_id": 667,
      "player_name": "Elangeshwaran R",
      "team": " Hyd",
      "match_played": 5,
      "match played": 5,
      "tackles": 7,
      "value": 2,
      "team_id": 8,
      "team_name": " Hyd",
      "rank": "33",
      "position_id": 1,
      "position_name": "All Rounder"
    },
    {
      "player_id": 710,
      "player_name": "N. Renjith",
      "team": " Mum",
      "match_played": 11,
      "match played": 11,
      "tackles": 33,
      "value": 2,
      "team_id": 5,
      "team_name": " Mum",
      "rank": "33",
      "position_id": 3,
      "position_name": "Defender, left corner"
    },
    {
      "player_id": 365,
      "player_name": "Akshay Jadhav",
      "team": " Pun",
      "match_played": 10,
      "match played": 10,
      "tackles": 17,
      "value": 2,
      "team_id": 7,
      "team_name": " Pun",
      "rank": "33",
      "position_id": 8,
      "position_name": "Raider"
    },
    {
      "player_id": 368,
      "player_name": "Sunil Kumar",
      "team": " GFG",
      "match_played": 24,
      "match played": 24,
      "tackles": 101,
      "value": 2,
      "team_id": 31,
      "team_name": " GFG",
      "rank": "33",
      "position_id": 7,
      "position_name": "Defender, right cover"
    },
    {
      "player_id": 293,
      "player_name": "Nilesh Salunke",
      "team": " Hyd",
      "match_played": 21,
      "match played": 21,
      "tackles": 18,
      "value": 2,
      "team_id": 8,
      "team_name": " Hyd",
      "rank": "33",
      "position_id": 8,
      "position_name": "Raider"
    },
    {
      "player_id": 300,
      "player_name": "Abolfazl Maghsodloumahali",
      "team": " Del",
      "match_played": 19,
      "match played": 19,
      "tackles": 14,
      "value": 1,
      "team_id": 2,
      "team_name": " Del",
      "rank": "50",
      "position_id": 8,
      "position_name": "Raider"
    },
    {
      "player_id": 320,
      "player_name": "Nitin Tomar",
      "team": " UPY",
      "match_played": 20,
      "match played": 20,
      "tackles": 30,
      "value": 1,
      "team_id": 30,
      "team_name": " UPY",
      "rank": "50",
      "position_id": 8,
      "position_name": "Raider"
    },
    {
      "player_id": 326,
      "player_name": "Rohit Kumar",
      "team": " Ben",
      "match_played": 22,
      "match played": 22,
      "tackles": 27,
      "value": 1,
      "team_id": 1,
      "team_name": " Ben",
      "rank": "50",
      "position_id": 8,
      "position_name": "Raider"
    },
    {
      "player_id": 268,
      "player_name": "Vineet Sharma",
      "team": " TT",
      "match_played": 18,
      "match played": 18,
      "tackles": 41,
      "value": 1,
      "team_id": 29,
      "team_name": " TT",
      "rank": "50",
      "position_id": 8,
      "position_name": "Raider"
    },
    {
      "player_id": 275,
      "player_name": "Deepak Kumar Rathee",
      "team": " HS",
      "match_played": 6,
      "match played": 6,
      "tackles": 6,
      "value": 1,
      "team_id": 28,
      "team_name": " HS",
      "rank": "50",
      "position_id": 1,
      "position_name": "All Rounder"
    },
    {
      "player_id": 388,
      "player_name": "Monu Goyat",
      "team": " Pat",
      "match_played": 26,
      "match played": 26,
      "tackles": 35,
      "value": 1,
      "team_id": 6,
      "team_name": " Pat",
      "rank": "50",
      "position_id": 8,
      "position_name": "Raider"
    },
    {
      "player_id": 722,
      "player_name": "D. Pradap",
      "team": " TT",
      "match_played": 16,
      "match played": 16,
      "tackles": 43,
      "value": 1,
      "team_id": 29,
      "team_name": " TT",
      "rank": "50",
      "position_id": 1,
      "position_name": "All Rounder"
    },
    {
      "player_id": 724,
      "player_name": "Darshan J.",
      "team": " TT",
      "match_played": 20,
      "match played": 20,
      "tackles": 91,
      "value": 1,
      "team_id": 29,
      "team_name": " TT",
      "rank": "50",
      "position_id": 7,
      "position_name": "Defender, right cover"
    },
    {
      "player_id": 725,
      "player_name": "Nitesh Kumar",
      "team": " UPY",
      "match_played": 19,
      "match played": 19,
      "tackles": 91,
      "value": 1,
      "team_id": 30,
      "team_name": " UPY",
      "rank": "50",
      "position_id": 6,
      "position_name": "Defender, right corner"
    },
    {
      "player_id": 690,
      "player_name": "E Subash",
      "team": " Mum",
      "match_played": 2,
      "match played": 2,
      "tackles": 9,
      "value": 1,
      "team_id": 5,
      "team_name": " Mum",
      "rank": "50",
      "position_id": 1,
      "position_name": "All Rounder"
    },
    {
      "player_id": 694,
      "player_name": "Deepak Yadav",
      "team": " Mum",
      "match_played": 4,
      "match played": 4,
      "tackles": 19,
      "value": 1,
      "team_id": 5,
      "team_name": " Mum",
      "rank": "50",
      "position_id": 7,
      "position_name": "Defender, right cover"
    },
    {
      "player_id": 732,
      "player_name": "Kuldeep Singh",
      "team": " HS",
      "match_played": 5,
      "match played": 5,
      "tackles": 12,
      "value": 1,
      "team_id": 28,
      "team_name": " HS",
      "rank": "50",
      "position_id": 1,
      "position_name": "All Rounder"
    },
    {
      "player_id": 567,
      "player_name": "Mohsen Maghsoudloujafari",
      "team": " Hyd",
      "match_played": 16,
      "match played": 16,
      "tackles": 16,
      "value": 1,
      "team_id": 8,
      "team_name": " Hyd",
      "rank": "50",
      "position_id": 8,
      "position_name": "Raider"
    },
    {
      "player_id": 613,
      "player_name": "Sunil Siddhgavali",
      "team": " Jai",
      "match_played": 12,
      "match played": 12,
      "tackles": 44,
      "value": 1,
      "team_id": 3,
      "team_name": " Jai",
      "rank": "50",
      "position_id": 8,
      "position_name": "Raider"
    },
    {
      "player_id": 637,
      "player_name": "Neeraj Kumar",
      "team": " HS",
      "match_played": 17,
      "match played": 17,
      "tackles": 49,
      "value": 1,
      "team_id": 28,
      "team_name": " HS",
      "rank": "50",
      "position_id": 7,
      "position_name": "Defender, right cover"
    },
    {
      "player_id": 109,
      "player_name": "Somvir Shekhar",
      "team": " Jai",
      "match_played": 22,
      "match played": 22,
      "tackles": 97,
      "value": 1,
      "team_id": 3,
      "team_name": " Jai",
      "rank": "50",
      "position_id": 7,
      "position_name": "Defender, right cover"
    },
    {
      "player_id": 73,
      "player_name": "Nilesh Shinde",
      "team": " Del",
      "match_played": 15,
      "match played": 15,
      "tackles": 58,
      "value": 1,
      "team_id": 2,
      "team_name": " Del",
      "rank": "50",
      "position_id": 6,
      "position_name": "Defender, right corner"
    },
    {
      "player_id": 86,
      "player_name": "Rajesh Narwal",
      "team": " UPY",
      "match_played": 16,
      "match played": 16,
      "tackles": 58,
      "value": 1,
      "team_id": 30,
      "team_name": " UPY",
      "rank": "50",
      "position_id": 1,
      "position_name": "All Rounder"
    },
    {
      "player_id": 88,
      "player_name": "Rakesh Kumar",
      "team": " Hyd",
      "match_played": 10,
      "match played": 10,
      "tackles": 33,
      "value": 1,
      "team_id": 8,
      "team_name": " Hyd",
      "rank": "50",
      "position_id": 1,
      "position_name": "All Rounder"
    },
    {
      "player_id": 94,
      "player_name": "Rishank Devadiga",
      "team": " UPY",
      "match_played": 21,
      "match played": 21,
      "tackles": 16,
      "value": 1,
      "team_id": 30,
      "team_name": " UPY",
      "rank": "50",
      "position_id": 8,
      "position_name": "Raider"
    },
    {
      "player_id": 101,
      "player_name": "Santhosh B.S",
      "team": " UPY",
      "match_played": 9,
      "match played": 9,
      "tackles": 22,
      "value": 1,
      "team_id": 30,
      "team_name": " UPY",
      "rank": "50",
      "position_id": 3,
      "position_name": "Defender, left corner"
    },
    {
      "player_id": 105,
      "player_name": "Shabeer Bappu",
      "team": " Mum",
      "match_played": 12,
      "match played": 12,
      "tackles": 14,
      "value": 1,
      "team_id": 5,
      "team_name": " Mum",
      "rank": "50",
      "position_id": 8,
      "position_name": "Raider"
    },
    {
      "player_id": 41,
      "player_name": "Deepak Niwas Hooda",
      "team": " Pun",
      "match_played": 24,
      "match played": 24,
      "tackles": 34,
      "value": 1,
      "team_id": 7,
      "team_name": " Pun",
      "rank": "50",
      "position_id": 1,
      "position_name": "All Rounder"
    },
    {
      "player_id": 42,
      "player_name": "Dharmaraj Cheralathan",
      "team": " Pun",
      "match_played": 18,
      "match played": 18,
      "tackles": 64,
      "value": 1,
      "team_id": 7,
      "team_name": " Pun",
      "rank": "50",
      "position_id": 10,
      "position_name": "Defender, right and left corner"
    },
    {
      "player_id": 69,
      "player_name": "Manjeet Chhillar",
      "team": " Jai",
      "match_played": 15,
      "match played": 15,
      "tackles": 85,
      "value": 1,
      "team_id": 3,
      "team_name": " Jai",
      "rank": "50",
      "position_id": 1,
      "position_name": "All Rounder"
    },
    {
      "player_id": 58,
      "player_name": "Kashiling Adake",
      "team": " Ben, Mum",
      "match_played": 20,
      "match played": 20,
      "tackles": 16,
      "value": 1,
      "team_id": 5,
      "team_name": " Ben, Mum",
      "rank": "50",
      "position_id": 8,
      "position_name": "Raider"
    },
    {
      "player_id": 202,
      "player_name": "Ashish Kumar",
      "team": " Ben",
      "match_played": 20,
      "match played": 20,
      "tackles": 49,
      "value": 1,
      "team_id": 1,
      "team_name": " Ben",
      "rank": "50",
      "position_id": 7,
      "position_name": "Defender, right cover"
    },
    {
      "player_id": 207,
      "player_name": "Sunil",
      "team": " Del",
      "match_played": 18,
      "match played": 18,
      "tackles": 67,
      "value": 1,
      "team_id": 2,
      "team_name": " Del",
      "rank": "50",
      "position_id": 3,
      "position_name": "Defender, left corner"
    },
    {
      "player_id": 165,
      "player_name": "Sachin Shingade",
      "team": " Pat",
      "match_played": 26,
      "match played": 26,
      "tackles": 64,
      "value": 1,
      "team_id": 6,
      "team_name": " Pat",
      "rank": "50",
      "position_id": 4,
      "position_name": "Defender, left cover"
    },
    {
      "player_id": 185,
      "player_name": "Vijin Thangadurai",
      "team": " TT",
      "match_played": 12,
      "match played": 12,
      "tackles": 23,
      "value": 1,
      "team_id": 29,
      "team_name": " TT",
      "rank": "50",
      "position_id": 7,
      "position_name": "Defender, right cover"
    },
    {
      "player_id": 158,
      "player_name": "Rakesh Singh Kumar",
      "team": " HS",
      "match_played": 19,
      "match played": 19,
      "tackles": 82,
      "value": 1,
      "team_id": 28,
      "team_name": " HS",
      "rank": "50",
      "position_id": 4,
      "position_name": "Defender, left cover"
    },
    {
      "player_id": 155,
      "player_name": "Prashanth Kumar Rai",
      "team": " HS",
      "match_played": 16,
      "match played": 16,
      "tackles": 10,
      "value": 1,
      "team_id": 28,
      "team_name": " HS",
      "rank": "50",
      "position_id": 8,
      "position_name": "Raider"
    },
    {
      "player_id": 791,
      "player_name": "Nitin Rawal",
      "team": " Jai",
      "match_played": 21,
      "match played": 21,
      "tackles": 52,
      "value": 1,
      "team_id": 3,
      "team_name": " Jai",
      "rank": "50",
      "position_id": 9,
      "position_name": "Defender"
    },
    {
      "player_id": 792,
      "player_name": "Tushar Balaram Bhoir",
      "team": " Del",
      "match_played": 8,
      "match played": 8,
      "tackles": 14,
      "value": 1,
      "team_id": 2,
      "team_name": " Del",
      "rank": "50",
      "position_id": 7,
      "position_name": "Defender, right cover"
    },
    {
      "player_id": 795,
      "player_name": "Monu",
      "team": " Pun",
      "match_played": 19,
      "match played": 19,
      "tackles": 54,
      "value": 1,
      "team_id": 7,
      "team_name": " Pun",
      "rank": "50",
      "position_id": 8,
      "position_name": "Raider"
    },
    {
      "player_id": 757,
      "player_name": "Sachin",
      "team": " GFG",
      "match_played": 24,
      "match played": 24,
      "tackles": 25,
      "value": 1,
      "team_id": 31,
      "team_name": " GFG",
      "rank": "50",
      "position_id": 8,
      "position_name": "Raider"
    },
    {
      "player_id": 762,
      "player_name": "Vikas Kumar",
      "team": " Hyd",
      "match_played": 14,
      "match played": 14,
      "tackles": 16,
      "value": 1,
      "team_id": 8,
      "team_name": " Hyd",
      "rank": "50",
      "position_id": 8,
      "position_name": "Raider"
    },
    {
      "player_id": 736,
      "player_name": "Yatharth Deshwal",
      "team": " Del",
      "match_played": 6,
      "match played": 6,
      "tackles": 28,
      "value": 1,
      "team_id": 2,
      "team_name": " Del",
      "rank": "50",
      "position_id": 1,
      "position_name": "All Rounder"
    }
  ],
  "language_lookup": {
    "stat": "Stat",
    "stat_id": "Stat Id",
    "minimum_criteria": "Minimum Criteria",
    "team_id": "Team Id",
    "team_name": "Team Name",
    "player_id": "Player Id",
    "player_name": "Player Name",
    "value": "Value",
    "match_played": "Match Played",
    "team": "Team",
    "tackles": "Tackles"
  }
}