{
  "stat": "Player Raid Points",
  "stat_id": "22",
  "minimum_criteria": "More than 0 Total Raid Points",
  "data": [
    {
      "player_id": 81,
      "player_name": "Rahul Chaudhari",
      "match_played": 16,
      "value": 146,
      "team_id": 8,
      "team": " Hyd",
      "team_name": " Hyd",
      "rank": "1",
      "position_id": 8,
      "position_name": "Raider"
    },
    {
      "player_id": 197,
      "player_name": "Pardeep Narwal",
      "match_played": 16,
      "value": 131,
      "team_id": 6,
      "team": " Pat",
      "team_name": " Pat",
      "rank": "2",
      "position_id": 8,
      "position_name": "Raider"
    },
    {
      "player_id": 41,
      "player_name": "Deepak Niwas Hooda",
      "match_played": 16,
      "value": 126,
      "team_id": 7,
      "team": " Pun",
      "team_name": " Pun",
      "rank": "3",
      "position_id": 1,
      "position_name": "All Rounder"
    },
    {
      "player_id": 326,
      "player_name": "Rohit Kumar",
      "match_played": 14,
      "value": 93,
      "team_id": 1,
      "team": " Ben",
      "team_name": " Ben",
      "rank": "4",
      "position_id": 8,
      "position_name": "Raider"
    },
    {
      "player_id": 52,
      "player_name": "Jasvir Singh",
      "match_played": 14,
      "value": 82,
      "team_id": 3,
      "team": " Jai",
      "team_name": " Jai",
      "rank": "5",
      "position_id": 8,
      "position_name": "Raider"
    },
    {
      "player_id": 58,
      "player_name": "Kashiling Adake",
      "match_played": 13,
      "value": 78,
      "team_id": 2,
      "team": " Ben, Del",
      "team_name": " Ben, Del",
      "rank": "6",
      "position_id": 8,
      "position_name": "Raider"
    },
    {
      "player_id": 29,
      "player_name": "Anup Kumar",
      "match_played": 14,
      "value": 72,
      "team_id": 5,
      "team": " Mum",
      "team_name": " Mum",
      "rank": "7",
      "position_id": 8,
      "position_name": "Raider"
    },
    {
      "player_id": 94,
      "player_name": "Rishank Devadiga",
      "match_played": 14,
      "value": 70,
      "team_id": 5,
      "team": " Mum",
      "team_name": " Mum",
      "rank": "8",
      "position_id": 8,
      "position_name": "Raider"
    },
    {
      "player_id": 86,
      "player_name": "Rajesh Narwal",
      "match_played": 16,
      "value": 66,
      "team_id": 3,
      "team": " Jai",
      "team_name": " Jai",
      "rank": "9",
      "position_id": 1,
      "position_name": "All Rounder"
    },
    {
      "player_id": 26,
      "player_name": "Ajay Thakur",
      "match_played": 16,
      "value": 63,
      "team_id": 7,
      "team": " Pun",
      "team_name": " Pun",
      "rank": "10",
      "position_id": 8,
      "position_name": "Raider"
    },
    {
      "player_id": 251,
      "player_name": "Meraj Sheykh",
      "match_played": 14,
      "value": 63,
      "team_id": 2,
      "team": " Del",
      "team_name": " Del",
      "rank": "10",
      "position_id": 1,
      "position_name": "All Rounder"
    },
    {
      "player_id": 389,
      "player_name": "Ajay Kumar",
      "match_played": 15,
      "value": 61,
      "team_id": 3,
      "team": " Jai",
      "team_name": " Jai",
      "rank": "12",
      "position_id": 8,
      "position_name": "Raider"
    },
    {
      "player_id": 12,
      "player_name": "Jang Kun Lee",
      "match_played": 11,
      "value": 61,
      "team_id": 4,
      "team": " Kol",
      "team_name": " Kol",
      "rank": "12",
      "position_id": 8,
      "position_name": "Raider"
    },
    {
      "player_id": 293,
      "player_name": "Nilesh Salunke",
      "match_played": 15,
      "value": 61,
      "team_id": 8,
      "team": " Hyd",
      "team_name": " Hyd",
      "rank": "12",
      "position_id": 8,
      "position_name": "Raider"
    },
    {
      "player_id": 388,
      "player_name": "Monu Goyat",
      "match_played": 13,
      "value": 59,
      "team_id": 4,
      "team": " Kol",
      "team_name": " Kol",
      "rank": "15",
      "position_id": 8,
      "position_name": "Raider"
    },
    {
      "player_id": 85,
      "player_name": "Rajesh Mondal",
      "match_played": 15,
      "value": 57,
      "team_id": 6,
      "team": " Pat",
      "team_name": " Pat",
      "rank": "16",
      "position_id": 8,
      "position_name": "Raider"
    },
    {
      "player_id": 75,
      "player_name": "Nitin Madane",
      "match_played": 13,
      "value": 51,
      "team_id": 4,
      "team": " Kol",
      "team_name": " Kol",
      "rank": "17",
      "position_id": 8,
      "position_name": "Raider"
    },
    {
      "player_id": 264,
      "player_name": "Selvamani K",
      "match_played": 13,
      "value": 45,
      "team_id": 2,
      "team": " Del",
      "team_name": " Del",
      "rank": "18",
      "position_id": 8,
      "position_name": "Raider"
    },
    {
      "player_id": 88,
      "player_name": "Rakesh Kumar",
      "match_played": 14,
      "value": 44,
      "team_id": 5,
      "team": " Mum",
      "team_name": " Mum",
      "rank": "19",
      "position_id": 1,
      "position_name": "All Rounder"
    },
    {
      "player_id": 119,
      "player_name": "CPO Surjeet Singh",
      "match_played": 10,
      "value": 33,
      "team_id": 6,
      "team": " Pat",
      "team_name": " Pat",
      "rank": "20",
      "position_id": 8,
      "position_name": "Raider"
    },
    {
      "player_id": 320,
      "player_name": "Nitin Tomar",
      "match_played": 12,
      "value": 33,
      "team_id": 7,
      "team": " Pun",
      "team_name": " Pun",
      "rank": "20",
      "position_id": 8,
      "position_name": "Raider"
    },
    {
      "player_id": 190,
      "player_name": "Sonu Narwal",
      "match_played": 11,
      "value": 32,
      "team_id": 7,
      "team": " Pun",
      "team_name": " Pun",
      "rank": "22",
      "position_id": 8,
      "position_name": "Raider"
    },
    {
      "player_id": 300,
      "player_name": "Abolfazl Maghsodloumahali",
      "match_played": 9,
      "value": 25,
      "team_id": 6,
      "team": " Pat",
      "team_name": " Pat",
      "rank": "23",
      "position_id": 8,
      "position_name": "Raider"
    },
    {
      "player_id": 69,
      "player_name": "Manjeet Chhillar",
      "match_played": 12,
      "value": 24,
      "team_id": 7,
      "team": " Pun",
      "team_name": " Pun",
      "rank": "24",
      "position_id": 1,
      "position_name": "All Rounder"
    },
    {
      "player_id": 142,
      "player_name": "Sandeep Narwal",
      "match_played": 16,
      "value": 24,
      "team_id": 8,
      "team": " Hyd",
      "team_name": " Hyd",
      "rank": "24",
      "position_id": 1,
      "position_name": "All Rounder"
    },
    {
      "player_id": 105,
      "player_name": "Shabeer Bappu",
      "match_played": 12,
      "value": 24,
      "team_id": 3,
      "team": " Jai",
      "team_name": " Jai",
      "rank": "24",
      "position_id": 8,
      "position_name": "Raider"
    },
    {
      "player_id": 173,
      "player_name": "Suresu Kumar",
      "match_played": 11,
      "value": 20,
      "team_id": 5,
      "team": " Mum",
      "team_name": " Mum",
      "rank": "27",
      "position_id": 8,
      "position_name": "Raider"
    },
    {
      "player_id": 156,
      "player_name": "Pawan Kumar Kadian",
      "match_played": 9,
      "value": 20,
      "team_id": 1,
      "team": " Ben",
      "team_name": " Ben",
      "rank": "27",
      "position_id": 8,
      "position_name": "Raider"
    },
    {
      "player_id": 155,
      "player_name": "Prashanth Kumar Rai",
      "match_played": 9,
      "value": 19,
      "team_id": 2,
      "team": " Del",
      "team_name": " Del",
      "rank": "29",
      "position_id": 8,
      "position_name": "Raider"
    },
    {
      "player_id": 387,
      "player_name": "Vinod Kumar",
      "match_played": 9,
      "value": 19,
      "team_id": 1,
      "team": " Ben",
      "team_name": " Ben",
      "rank": "29",
      "position_id": 8,
      "position_name": "Raider"
    },
    {
      "player_id": 242,
      "player_name": "Tushar Patil",
      "match_played": 8,
      "value": 14,
      "team_id": 3,
      "team": " Jai",
      "team_name": " Jai",
      "rank": "31",
      "position_id": 8,
      "position_name": "Raider"
    },
    {
      "player_id": 202,
      "player_name": "Ashish Kumar",
      "match_played": 14,
      "value": 14,
      "team_id": 1,
      "team": " Ben",
      "team_name": " Ben",
      "rank": "31",
      "position_id": 7,
      "position_name": "Defender, right cover"
    },
    {
      "player_id": 245,
      "player_name": "Yogesh Hooda",
      "match_played": 5,
      "value": 14,
      "team_id": 1,
      "team": " Ben",
      "team_name": " Ben",
      "rank": "31",
      "position_id": 8,
      "position_name": "Raider"
    },
    {
      "player_id": 67,
      "player_name": "Mahipal Narwal",
      "match_played": 14,
      "value": 13,
      "team_id": 3,
      "team": " Jai",
      "team_name": " Jai",
      "rank": "34",
      "position_id": 1,
      "position_name": "All Rounder"
    },
    {
      "player_id": 92,
      "player_name": "Ravi Dalal",
      "match_played": 6,
      "value": 13,
      "team_id": 4,
      "team": " Kol",
      "team_name": " Kol",
      "rank": "34",
      "position_id": 8,
      "position_name": "Raider"
    },
    {
      "player_id": 211,
      "player_name": "Deepak Narwal",
      "match_played": 6,
      "value": 13,
      "team_id": 2,
      "team": " Del",
      "team_name": " Del",
      "rank": "34",
      "position_id": 8,
      "position_name": "Raider"
    },
    {
      "player_id": 219,
      "player_name": "K. Prapanjan",
      "match_played": 11,
      "value": 12,
      "team_id": 8,
      "team": " Hyd",
      "team_name": " Hyd",
      "rank": "37",
      "position_id": 8,
      "position_name": "Raider"
    },
    {
      "player_id": 174,
      "player_name": "Deepak Kumar Dahiya",
      "match_played": 7,
      "value": 12,
      "team_id": 1,
      "team": " Ben",
      "team_name": " Ben",
      "rank": "37",
      "position_id": 8,
      "position_name": "Raider"
    },
    {
      "player_id": 318,
      "player_name": "Pawan Kumar Sehrawat",
      "match_played": 10,
      "value": 11,
      "team_id": 1,
      "team": " Ben",
      "team_name": " Ben",
      "rank": "39",
      "position_id": 8,
      "position_name": "Raider"
    },
    {
      "player_id": 234,
      "player_name": "Surender Singh",
      "match_played": 11,
      "value": 9,
      "team_id": 5,
      "team": " Mum",
      "team_name": " Mum",
      "rank": "40",
      "position_id": 8,
      "position_name": "Raider"
    },
    {
      "player_id": 376,
      "player_name": "Athul MS",
      "match_played": 4,
      "value": 8,
      "team_id": 8,
      "team": " Hyd",
      "team_name": " Hyd",
      "rank": "41",
      "position_id": 8,
      "position_name": "Raider"
    },
    {
      "player_id": 150,
      "player_name": "Parmod Narwal",
      "match_played": 8,
      "value": 8,
      "team_id": 7,
      "team": " Pun",
      "team_name": " Pun",
      "rank": "41",
      "position_id": 1,
      "position_name": "All Rounder"
    },
    {
      "player_id": 172,
      "player_name": "Vinoth Kumar",
      "match_played": 3,
      "value": 8,
      "team_id": 8,
      "team": " Hyd",
      "team_name": " Hyd",
      "rank": "41",
      "position_id": 8,
      "position_name": "Raider"
    },
    {
      "player_id": 252,
      "player_name": "Kuldeep Singh",
      "match_played": 15,
      "value": 8,
      "team_id": 6,
      "team": " Pat",
      "team_name": " Pat",
      "rank": "41",
      "position_id": 1,
      "position_name": "All Rounder"
    },
    {
      "player_id": 106,
      "player_name": "Shrikant Jadhav",
      "match_played": 5,
      "value": 7,
      "team_id": 4,
      "team": " Kol",
      "team_name": " Kol",
      "rank": "45",
      "position_id": 8,
      "position_name": "Raider"
    },
    {
      "player_id": 363,
      "player_name": "Sumit Singh",
      "match_played": 5,
      "value": 7,
      "team_id": 1,
      "team": " Ben",
      "team_name": " Ben",
      "rank": "45",
      "position_id": 8,
      "position_name": "Raider"
    },
    {
      "player_id": 111,
      "player_name": "Sukesh Hegde",
      "match_played": 9,
      "value": 7,
      "team_id": 8,
      "team": " Hyd",
      "team_name": " Hyd",
      "rank": "45",
      "position_id": 8,
      "position_name": "Raider"
    },
    {
      "player_id": 118,
      "player_name": "Surjeet Narwal",
      "match_played": 5,
      "value": 7,
      "team_id": 4,
      "team": " Kol",
      "team_name": " Kol",
      "rank": "45",
      "position_id": 8,
      "position_name": "Raider"
    },
    {
      "player_id": 380,
      "player_name": "Vikash Kumar",
      "match_played": 6,
      "value": 6,
      "team_id": 5,
      "team": " Mum",
      "team_name": " Mum",
      "rank": "49",
      "position_id": 8,
      "position_name": "Raider"
    },
    {
      "player_id": 160,
      "player_name": "Ran Singh",
      "match_played": 16,
      "value": 5,
      "team_id": 3,
      "team": " Jai",
      "team_name": " Jai",
      "rank": "50",
      "position_id": 1,
      "position_name": "All Rounder"
    },
    {
      "player_id": 66,
      "player_name": "Mahesh Goud",
      "match_played": 7,
      "value": 5,
      "team_id": 6,
      "team": " Pat",
      "team_name": " Pat",
      "rank": "50",
      "position_id": 8,
      "position_name": "Raider"
    },
    {
      "player_id": 194,
      "player_name": "Joginder Singh Narwal",
      "match_played": 16,
      "value": 4,
      "team_id": 7,
      "team": " Pun",
      "team_name": " Pun",
      "rank": "52",
      "position_id": 3,
      "position_name": "Defender, left corner"
    },
    {
      "player_id": 272,
      "player_name": "Umesh Mhatre",
      "match_played": 2,
      "value": 4,
      "team_id": 2,
      "team": " Del",
      "team_name": " Del",
      "rank": "52",
      "position_id": 8,
      "position_name": "Raider"
    },
    {
      "player_id": 231,
      "player_name": "Amit Om Prakash Rathi",
      "match_played": 2,
      "value": 4,
      "team_id": 1,
      "team": " Ben",
      "team_name": " Ben",
      "rank": "52",
      "position_id": 8,
      "position_name": "Raider"
    },
    {
      "player_id": 146,
      "player_name": "Surender Nada",
      "match_played": 13,
      "value": 4,
      "team_id": 1,
      "team": " Ben",
      "team_name": " Ben",
      "rank": "52",
      "position_id": 3,
      "position_name": "Defender, left corner"
    },
    {
      "player_id": 46,
      "player_name": "Gurvinder Singh",
      "match_played": 6,
      "value": 4,
      "team_id": 5,
      "team": " Ben, Mum",
      "team_name": " Ben, Mum",
      "rank": "52",
      "position_id": 8,
      "position_name": "Raider"
    },
    {
      "player_id": 71,
      "player_name": "Mohit Chhillar",
      "match_played": 14,
      "value": 3,
      "team_id": 1,
      "team": " Ben",
      "team_name": " Ben",
      "rank": "57",
      "position_id": 6,
      "position_name": "Defender, right corner"
    },
    {
      "player_id": 366,
      "player_name": "Vikash Khandola",
      "match_played": 4,
      "value": 3,
      "team_id": 2,
      "team": " Del",
      "team_name": " Del",
      "rank": "57",
      "position_id": 8,
      "position_name": "Raider"
    },
    {
      "player_id": 212,
      "player_name": "Amit Hooda",
      "match_played": 16,
      "value": 2,
      "team_id": 3,
      "team": " Jai",
      "team_name": " Jai",
      "rank": "59",
      "position_id": 6,
      "position_name": "Defender, right corner"
    },
    {
      "player_id": 371,
      "player_name": "Amit Nagar",
      "match_played": 3,
      "value": 2,
      "team_id": 3,
      "team": " Jai",
      "team_name": " Jai",
      "rank": "59",
      "position_id": 8,
      "position_name": "Raider"
    },
    {
      "player_id": 370,
      "player_name": "Ravindra Ramesh Kumawat",
      "match_played": 2,
      "value": 2,
      "team_id": 4,
      "team": " Kol",
      "team_name": " Kol",
      "rank": "59",
      "position_id": 1,
      "position_name": "All Rounder"
    },
    {
      "player_id": 73,
      "player_name": "Nilesh Shinde",
      "match_played": 12,
      "value": 2,
      "team_id": 4,
      "team": " Kol",
      "team_name": " Kol",
      "rank": "59",
      "position_id": 6,
      "position_name": "Defender, right corner"
    },
    {
      "player_id": 42,
      "player_name": "Dharmaraj Cheralathan",
      "match_played": 14,
      "value": 2,
      "team_id": 6,
      "team": " Pat",
      "team_name": " Pat",
      "rank": "59",
      "position_id": 10,
      "position_name": "Defender, right and left corner"
    },
    {
      "player_id": 358,
      "player_name": "Vishal Bhardwaj",
      "match_played": 2,
      "value": 1,
      "team_id": 8,
      "team": " Hyd",
      "team_name": " Hyd",
      "rank": "64",
      "position_id": 1,
      "position_name": "All Rounder"
    },
    {
      "player_id": 249,
      "player_name": "Hadi Oshtorak",
      "match_played": 7,
      "value": 1,
      "team_id": 6,
      "team": " Pat",
      "team_name": " Pat",
      "rank": "64",
      "position_id": 1,
      "position_name": "All Rounder"
    },
    {
      "player_id": 207,
      "player_name": "Sunil",
      "match_played": 10,
      "value": 1,
      "team_id": 5,
      "team": " Mum",
      "team_name": " Mum",
      "rank": "64",
      "position_id": 3,
      "position_name": "Defender, left corner"
    },
    {
      "player_id": 368,
      "player_name": "Sunil Kumar",
      "match_played": 1,
      "value": 1,
      "team_id": 6,
      "team": " Pat",
      "team_name": " Pat",
      "rank": "64",
      "position_id": 7,
      "position_name": "Defender, right cover"
    },
    {
      "player_id": 373,
      "player_name": "Parveen Narwal",
      "match_played": 1,
      "value": 1,
      "team_id": 3,
      "team": " Jai",
      "team_name": " Jai",
      "rank": "64",
      "position_id": 1,
      "position_name": "All Rounder"
    },
    {
      "player_id": 367,
      "player_name": "Nitin Kumar",
      "match_played": 1,
      "value": 1,
      "team_id": 5,
      "team": " Mum",
      "team_name": " Mum",
      "rank": "64",
      "position_id": 1,
      "position_name": "All Rounder"
    },
    {
      "player_id": 386,
      "player_name": "Anil Kumar",
      "match_played": 9,
      "value": 1,
      "team_id": 2,
      "team": " Del",
      "team_name": " Del",
      "rank": "64",
      "position_id": 3,
      "position_name": "Defender, left corner"
    },
    {
      "player_id": 210,
      "player_name": "Sunny",
      "match_played": 3,
      "value": 1,
      "team_id": 6,
      "team": " Pat",
      "team_name": " Pat",
      "rank": "64",
      "position_id": 8,
      "position_name": "Raider"
    }
  ],
  "language_lookup": {
    "stat": "Stat",
    "stat_id": "Stat Id",
    "minimum_criteria": "Minimum Criteria",
    "team_id": "Team Id",
    "team_name": "Team Name",
    "player_id": "Player Id",
    "player_name": "Player Name",
    "value": "Value",
    "match_played": "Match Played",
    "team": "Team",
    "tackles": "Tackles"
  }
}