{
  "stat": "Player DOD Raid Points",
  "stat_id": "132",
  "minimum_criteria": "More than 0 DOD Raid Points",
  "data": [
    {
      "player_id": 81,
      "player": "Rahul Chaudhari",
      "player_name": "Rahul Chaudhari",
      "team_id": 8,
      "team_name": " Hyd",
      "match_played": 16,
      "value": 38,
      "rank": "1",
      "position_id": 8,
      "position_name": "Raider"
    },
    {
      "player_id": 389,
      "player": "Ajay Kumar",
      "player_name": "Ajay Kumar",
      "team_id": 3,
      "team_name": " Jai",
      "match_played": 15,
      "value": 36,
      "rank": "2",
      "position_id": 8,
      "position_name": "Raider"
    },
    {
      "player_id": 85,
      "player": "Rajesh Mondal",
      "player_name": "Rajesh Mondal",
      "team_id": 6,
      "team_name": " Pat",
      "match_played": 15,
      "value": 34,
      "rank": "3",
      "position_id": 8,
      "position_name": "Raider"
    },
    {
      "player_id": 41,
      "player": "Deepak Niwas Hooda",
      "player_name": "Deepak Niwas Hooda",
      "team_id": 7,
      "team_name": " Pun",
      "match_played": 16,
      "value": 34,
      "rank": "3",
      "position_id": 1,
      "position_name": "All Rounder"
    },
    {
      "player_id": 264,
      "player": "Selvamani K",
      "player_name": "Selvamani K",
      "team_id": 2,
      "team_name": " Del",
      "match_played": 13,
      "value": 27,
      "rank": "5",
      "position_id": 8,
      "position_name": "Raider"
    },
    {
      "player_id": 26,
      "player": "Ajay Thakur",
      "player_name": "Ajay Thakur",
      "team_id": 7,
      "team_name": " Pun",
      "match_played": 16,
      "value": 26,
      "rank": "6",
      "position_id": 8,
      "position_name": "Raider"
    },
    {
      "player_id": 197,
      "player": "Pardeep Narwal",
      "player_name": "Pardeep Narwal",
      "team_id": 6,
      "team_name": " Pat",
      "match_played": 16,
      "value": 23,
      "rank": "7",
      "position_id": 8,
      "position_name": "Raider"
    },
    {
      "player_id": 75,
      "player": "Nitin Madane",
      "player_name": "Nitin Madane",
      "team_id": 4,
      "team_name": " Kol",
      "match_played": 13,
      "value": 22,
      "rank": "8",
      "position_id": 8,
      "position_name": "Raider"
    },
    {
      "player_id": 251,
      "player": "Meraj Sheykh",
      "player_name": "Meraj Sheykh",
      "team_id": 2,
      "team_name": " Del",
      "match_played": 14,
      "value": 22,
      "rank": "8",
      "position_id": 1,
      "position_name": "All Rounder"
    },
    {
      "player_id": 94,
      "player": "Rishank Devadiga",
      "player_name": "Rishank Devadiga",
      "team_id": 5,
      "team_name": " Mum",
      "match_played": 14,
      "value": 19,
      "rank": "10",
      "position_id": 8,
      "position_name": "Raider"
    },
    {
      "player_id": 293,
      "player": "Nilesh Salunke",
      "player_name": "Nilesh Salunke",
      "team_id": 8,
      "team_name": " Hyd",
      "match_played": 15,
      "value": 18,
      "rank": "11",
      "position_id": 8,
      "position_name": "Raider"
    },
    {
      "player_id": 388,
      "player": "Monu Goyat",
      "player_name": "Monu Goyat",
      "team_id": 4,
      "team_name": " Kol",
      "match_played": 13,
      "value": 18,
      "rank": "11",
      "position_id": 8,
      "position_name": "Raider"
    },
    {
      "player_id": 52,
      "player": "Jasvir Singh",
      "player_name": "Jasvir Singh",
      "team_id": 3,
      "team_name": " Jai",
      "match_played": 14,
      "value": 17,
      "rank": "13",
      "position_id": 8,
      "position_name": "Raider"
    },
    {
      "player_id": 58,
      "player": "Kashiling Adake",
      "player_name": "Kashiling Adake",
      "team_id": 2,
      "team_name": " Ben, Del",
      "match_played": 13,
      "value": 17,
      "rank": "13",
      "position_id": 8,
      "position_name": "Raider"
    },
    {
      "player_id": 86,
      "player": "Rajesh Narwal",
      "player_name": "Rajesh Narwal",
      "team_id": 3,
      "team_name": " Jai",
      "match_played": 16,
      "value": 15,
      "rank": "15",
      "position_id": 1,
      "position_name": "All Rounder"
    },
    {
      "player_id": 326,
      "player": "Rohit Kumar",
      "player_name": "Rohit Kumar",
      "team_id": 1,
      "team_name": " Ben",
      "match_played": 14,
      "value": 15,
      "rank": "15",
      "position_id": 8,
      "position_name": "Raider"
    },
    {
      "player_id": 12,
      "player": "Jang Kun Lee",
      "player_name": "Jang Kun Lee",
      "team_id": 4,
      "team_name": " Kol",
      "match_played": 11,
      "value": 13,
      "rank": "17",
      "position_id": 8,
      "position_name": "Raider"
    },
    {
      "player_id": 173,
      "player": "Suresu Kumar",
      "player_name": "Suresu Kumar",
      "team_id": 5,
      "team_name": " Mum",
      "match_played": 11,
      "value": 12,
      "rank": "18",
      "position_id": 8,
      "position_name": "Raider"
    },
    {
      "player_id": 320,
      "player": "Nitin Tomar",
      "player_name": "Nitin Tomar",
      "team_id": 7,
      "team_name": " Pun",
      "match_played": 12,
      "value": 11,
      "rank": "19",
      "position_id": 8,
      "position_name": "Raider"
    },
    {
      "player_id": 300,
      "player": "Abolfazl Maghsodloumahali",
      "player_name": "Abolfazl Maghsodloumahali",
      "team_id": 6,
      "team_name": " Pat",
      "match_played": 9,
      "value": 9,
      "rank": "20",
      "position_id": 8,
      "position_name": "Raider"
    },
    {
      "player_id": 155,
      "player": "Prashanth Kumar Rai",
      "player_name": "Prashanth Kumar Rai",
      "team_id": 2,
      "team_name": " Del",
      "match_played": 9,
      "value": 9,
      "rank": "20",
      "position_id": 8,
      "position_name": "Raider"
    },
    {
      "player_id": 156,
      "player": "Pawan Kumar Kadian",
      "player_name": "Pawan Kumar Kadian",
      "team_id": 1,
      "team_name": " Ben",
      "match_played": 9,
      "value": 9,
      "rank": "20",
      "position_id": 8,
      "position_name": "Raider"
    },
    {
      "player_id": 219,
      "player": "K. Prapanjan",
      "player_name": "K. Prapanjan",
      "team_id": 8,
      "team_name": " Hyd",
      "match_played": 11,
      "value": 9,
      "rank": "20",
      "position_id": 8,
      "position_name": "Raider"
    },
    {
      "player_id": 387,
      "player": "Vinod Kumar",
      "player_name": "Vinod Kumar",
      "team_id": 1,
      "team_name": " Ben",
      "match_played": 9,
      "value": 8,
      "rank": "24",
      "position_id": 8,
      "position_name": "Raider"
    },
    {
      "player_id": 92,
      "player": "Ravi Dalal",
      "player_name": "Ravi Dalal",
      "team_id": 4,
      "team_name": " Kol",
      "match_played": 6,
      "value": 7,
      "rank": "25",
      "position_id": 8,
      "position_name": "Raider"
    },
    {
      "player_id": 318,
      "player": "Pawan Kumar Sehrawat",
      "player_name": "Pawan Kumar Sehrawat",
      "team_id": 1,
      "team_name": " Ben",
      "match_played": 10,
      "value": 6,
      "rank": "26",
      "position_id": 8,
      "position_name": "Raider"
    },
    {
      "player_id": 242,
      "player": "Tushar Patil",
      "player_name": "Tushar Patil",
      "team_id": 3,
      "team_name": " Jai",
      "match_played": 8,
      "value": 6,
      "rank": "26",
      "position_id": 8,
      "position_name": "Raider"
    },
    {
      "player_id": 245,
      "player": "Yogesh Hooda",
      "player_name": "Yogesh Hooda",
      "team_id": 1,
      "team_name": " Ben",
      "match_played": 5,
      "value": 6,
      "rank": "26",
      "position_id": 8,
      "position_name": "Raider"
    },
    {
      "player_id": 202,
      "player": "Ashish Kumar",
      "player_name": "Ashish Kumar",
      "team_id": 1,
      "team_name": " Ben",
      "match_played": 14,
      "value": 5,
      "rank": "29",
      "position_id": 7,
      "position_name": "Defender, right cover"
    },
    {
      "player_id": 174,
      "player": "Deepak Kumar Dahiya",
      "player_name": "Deepak Kumar Dahiya",
      "team_id": 1,
      "team_name": " Ben",
      "match_played": 7,
      "value": 5,
      "rank": "29",
      "position_id": 8,
      "position_name": "Raider"
    },
    {
      "player_id": 111,
      "player": "Sukesh Hegde",
      "player_name": "Sukesh Hegde",
      "team_id": 8,
      "team_name": " Hyd",
      "match_played": 9,
      "value": 5,
      "rank": "29",
      "position_id": 8,
      "position_name": "Raider"
    },
    {
      "player_id": 119,
      "player": "CPO Surjeet Singh",
      "player_name": "CPO Surjeet Singh",
      "team_id": 6,
      "team_name": " Pat",
      "match_played": 10,
      "value": 5,
      "rank": "29",
      "position_id": 8,
      "position_name": "Raider"
    },
    {
      "player_id": 211,
      "player": "Deepak Narwal",
      "player_name": "Deepak Narwal",
      "team_id": 2,
      "team_name": " Del",
      "match_played": 6,
      "value": 4,
      "rank": "33",
      "position_id": 8,
      "position_name": "Raider"
    },
    {
      "player_id": 67,
      "player": "Mahipal Narwal",
      "player_name": "Mahipal Narwal",
      "team_id": 3,
      "team_name": " Jai",
      "match_played": 14,
      "value": 4,
      "rank": "33",
      "position_id": 1,
      "position_name": "All Rounder"
    },
    {
      "player_id": 234,
      "player": "Surender Singh",
      "player_name": "Surender Singh",
      "team_id": 5,
      "team_name": " Mum",
      "match_played": 11,
      "value": 4,
      "rank": "33",
      "position_id": 8,
      "position_name": "Raider"
    },
    {
      "player_id": 376,
      "player": "Athul MS",
      "player_name": "Athul MS",
      "team_id": 8,
      "team_name": " Hyd",
      "match_played": 4,
      "value": 4,
      "rank": "33",
      "position_id": 8,
      "position_name": "Raider"
    },
    {
      "player_id": 366,
      "player": "Vikash Khandola",
      "player_name": "Vikash Khandola",
      "team_id": 2,
      "team_name": " Del",
      "match_played": 4,
      "value": 3,
      "rank": "37",
      "position_id": 8,
      "position_name": "Raider"
    },
    {
      "player_id": 29,
      "player": "Anup Kumar",
      "player_name": "Anup Kumar",
      "team_id": 5,
      "team_name": " Mum",
      "match_played": 14,
      "value": 3,
      "rank": "37",
      "position_id": 8,
      "position_name": "Raider"
    },
    {
      "player_id": 231,
      "player": "Amit Om Prakash Rathi",
      "player_name": "Amit Om Prakash Rathi",
      "team_id": 1,
      "team_name": " Ben",
      "match_played": 2,
      "value": 3,
      "rank": "37",
      "position_id": 8,
      "position_name": "Raider"
    },
    {
      "player_id": 172,
      "player": "Vinoth Kumar",
      "player_name": "Vinoth Kumar",
      "team_id": 8,
      "team_name": " Hyd",
      "match_played": 3,
      "value": 2,
      "rank": "40",
      "position_id": 8,
      "position_name": "Raider"
    },
    {
      "player_id": 118,
      "player": "Surjeet Narwal",
      "player_name": "Surjeet Narwal",
      "team_id": 4,
      "team_name": " Kol",
      "match_played": 5,
      "value": 2,
      "rank": "40",
      "position_id": 8,
      "position_name": "Raider"
    },
    {
      "player_id": 190,
      "player": "Sonu Narwal",
      "player_name": "Sonu Narwal",
      "team_id": 7,
      "team_name": " Pun",
      "match_played": 11,
      "value": 2,
      "rank": "40",
      "position_id": 8,
      "position_name": "Raider"
    },
    {
      "player_id": 46,
      "player": "Gurvinder Singh",
      "player_name": "Gurvinder Singh",
      "team_id": 5,
      "team_name": " Ben, Mum",
      "match_played": 6,
      "value": 2,
      "rank": "40",
      "position_id": 8,
      "position_name": "Raider"
    },
    {
      "player_id": 69,
      "player": "Manjeet Chhillar",
      "player_name": "Manjeet Chhillar",
      "team_id": 7,
      "team_name": " Pun",
      "match_played": 12,
      "value": 2,
      "rank": "40",
      "position_id": 1,
      "position_name": "All Rounder"
    },
    {
      "player_id": 105,
      "player": "Shabeer Bappu",
      "player_name": "Shabeer Bappu",
      "team_id": 3,
      "team_name": " Jai",
      "match_played": 12,
      "value": 2,
      "rank": "40",
      "position_id": 8,
      "position_name": "Raider"
    },
    {
      "player_id": 363,
      "player": "Sumit Singh",
      "player_name": "Sumit Singh",
      "team_id": 1,
      "team_name": " Ben",
      "match_played": 5,
      "value": 2,
      "rank": "40",
      "position_id": 8,
      "position_name": "Raider"
    },
    {
      "player_id": 367,
      "player": "Nitin Kumar",
      "player_name": "Nitin Kumar",
      "team_id": 5,
      "team_name": " Mum",
      "match_played": 1,
      "value": 1,
      "rank": "47",
      "position_id": 1,
      "position_name": "All Rounder"
    },
    {
      "player_id": 386,
      "player": "Anil Kumar",
      "player_name": "Anil Kumar",
      "team_id": 2,
      "team_name": " Del",
      "match_played": 9,
      "value": 1,
      "rank": "47",
      "position_id": 3,
      "position_name": "Defender, left corner"
    },
    {
      "player_id": 272,
      "player": "Umesh Mhatre",
      "player_name": "Umesh Mhatre",
      "team_id": 2,
      "team_name": " Del",
      "match_played": 2,
      "value": 1,
      "rank": "47",
      "position_id": 8,
      "position_name": "Raider"
    },
    {
      "player_id": 88,
      "player": "Rakesh Kumar",
      "player_name": "Rakesh Kumar",
      "team_id": 5,
      "team_name": " Mum",
      "match_played": 14,
      "value": 1,
      "rank": "47",
      "position_id": 1,
      "position_name": "All Rounder"
    },
    {
      "player_id": 66,
      "player": "Mahesh Goud",
      "player_name": "Mahesh Goud",
      "team_id": 6,
      "team_name": " Pat",
      "match_played": 7,
      "value": 1,
      "rank": "47",
      "position_id": 8,
      "position_name": "Raider"
    },
    {
      "player_id": 194,
      "player": "Joginder Singh Narwal",
      "player_name": "Joginder Singh Narwal",
      "team_id": 7,
      "team_name": " Pun",
      "match_played": 16,
      "value": 1,
      "rank": "47",
      "position_id": 3,
      "position_name": "Defender, left corner"
    },
    {
      "player_id": 150,
      "player": "Parmod Narwal",
      "player_name": "Parmod Narwal",
      "team_id": 7,
      "team_name": " Pun",
      "match_played": 8,
      "value": 1,
      "rank": "47",
      "position_id": 1,
      "position_name": "All Rounder"
    },
    {
      "player_id": 210,
      "player": "Sunny",
      "player_name": "Sunny",
      "team_id": 6,
      "team_name": " Pat",
      "match_played": 3,
      "value": 1,
      "rank": "47",
      "position_id": 8,
      "position_name": "Raider"
    }
  ],
  "language_lookup": {
    "stat": "Stat",
    "stat_id": "Stat Id",
    "minimum_criteria": "Minimum Criteria",
    "team_id": "Team Id",
    "team_name": "Team Name",
    "player_id": "Player Id",
    "player_name": "Player Name",
    "value": "Value",
    "match_played": "Match Played",
    "team": "Team",
    "tackles": "Tackles"
  }
}