{
  "stat": "Super 10s",
  "stat_id": "100",
  "minimum_criteria": "More than 0 Super_10s",
  "data": [
    {
      "player_id": 29,
      "player_name": "Anup Kumar",
      "team": " Mum",
      "match_played": 16,
      "value": 10,
      "team_id": 5,
      "team_name": " Mum",
      "rank": "1",
      "position_id": 8,
      "position_name": "Raider"
    },
    {
      "player_id": 81,
      "player_name": "Rahul Chaudhari",
      "team": " Hyd",
      "match_played": 14,
      "value": 8,
      "team_id": 8,
      "team_name": " Hyd",
      "rank": "2",
      "position_id": 8,
      "position_name": "Raider"
    },
    {
      "player_id": 118,
      "player_name": "Surjeet Narwal",
      "team": " Del",
      "match_played": 14,
      "value": 6,
      "team_id": 2,
      "team_name": " Del",
      "rank": "3",
      "position_id": 8,
      "position_name": "Raider"
    },
    {
      "player_id": 143,
      "player_name": "Maninder Singh",
      "team": " Jai",
      "match_played": 16,
      "value": 5,
      "team_id": 3,
      "team_name": " Jai",
      "rank": "4",
      "position_id": 8,
      "position_name": "Raider"
    },
    {
      "player_id": 26,
      "player_name": "Ajay Thakur",
      "team": " Ben",
      "match_played": 15,
      "value": 5,
      "team_id": 1,
      "team_name": " Ben",
      "rank": "4",
      "position_id": 8,
      "position_name": "Raider"
    },
    {
      "player_id": 58,
      "player_name": "Kashiling Adake",
      "team": " Ben, Del",
      "match_played": 14,
      "value": 5,
      "team_id": 2,
      "team_name": " Ben, Del",
      "rank": "4",
      "position_id": 8,
      "position_name": "Raider"
    },
    {
      "player_id": 75,
      "player_name": "Nitin Madane",
      "team": " Kol",
      "match_played": 12,
      "value": 5,
      "team_id": 4,
      "team_name": " Kol",
      "rank": "4",
      "position_id": 8,
      "position_name": "Raider"
    },
    {
      "player_id": 124,
      "player_name": "Wazir Singh",
      "team": " Pun",
      "match_played": 12,
      "value": 4,
      "team_id": 7,
      "team_name": " Pun",
      "rank": "8",
      "position_id": 8,
      "position_name": "Raider"
    },
    {
      "player_id": 92,
      "player_name": "Ravi Dalal",
      "team": " Pat",
      "match_played": 16,
      "value": 3,
      "team_id": 6,
      "team_name": " Pat",
      "rank": "9",
      "position_id": 8,
      "position_name": "Raider"
    },
    {
      "player_id": 105,
      "player_name": "Shabeer Bappu",
      "team": " Mum",
      "match_played": 10,
      "value": 3,
      "team_id": 5,
      "team_name": " Mum",
      "rank": "9",
      "position_id": 8,
      "position_name": "Raider"
    },
    {
      "player_id": 41,
      "player_name": "Deepak Niwas Hooda",
      "team": " Hyd",
      "match_played": 14,
      "value": 3,
      "team_id": 8,
      "team_name": " Hyd",
      "rank": "9",
      "position_id": 1,
      "position_name": "All Rounder"
    },
    {
      "player_id": 52,
      "player_name": "Jasvir Singh",
      "team": " Jai",
      "match_played": 15,
      "value": 2,
      "team_id": 3,
      "team_name": " Jai",
      "rank": "12",
      "position_id": 8,
      "position_name": "Raider"
    },
    {
      "player_id": 12,
      "player_name": "Jang Kun Lee",
      "team": " Kol",
      "match_played": 11,
      "value": 2,
      "team_id": 4,
      "team_name": " Kol",
      "rank": "12",
      "position_id": 8,
      "position_name": "Raider"
    },
    {
      "player_id": 88,
      "player_name": "Rakesh Kumar",
      "team": " Pat",
      "match_played": 12,
      "value": 2,
      "team_id": 6,
      "team_name": " Pat",
      "rank": "12",
      "position_id": 1,
      "position_name": "All Rounder"
    },
    {
      "player_id": 69,
      "player_name": "Manjeet Chhillar",
      "team": " Ben",
      "match_played": 16,
      "value": 2,
      "team_id": 1,
      "team_name": " Ben",
      "rank": "12",
      "position_id": 1,
      "position_name": "All Rounder"
    },
    {
      "player_id": 107,
      "player_name": "Shrikant Tewthia",
      "team": " Del",
      "match_played": 14,
      "value": 1,
      "team_id": 2,
      "team_name": " Del",
      "rank": "16",
      "position_id": 1,
      "position_name": "All Rounder"
    },
    {
      "player_id": 142,
      "player_name": "Sandeep Narwal",
      "team": " Pat",
      "match_played": 16,
      "value": 1,
      "team_id": 6,
      "team_name": " Pat",
      "rank": "16",
      "position_id": 1,
      "position_name": "All Rounder"
    },
    {
      "player_id": 156,
      "player_name": "Pawan Kumar Kadian",
      "team": " Mum",
      "match_played": 10,
      "value": 1,
      "team_id": 5,
      "team_name": " Mum",
      "rank": "16",
      "position_id": 8,
      "position_name": "Raider"
    },
    {
      "player_id": 79,
      "player_name": "Pravin Niwale",
      "team": " Pun",
      "match_played": 7,
      "value": 1,
      "team_id": 7,
      "team_name": " Pun",
      "rank": "16",
      "position_id": 8,
      "position_name": "Raider"
    },
    {
      "player_id": 67,
      "player_name": "Mahipal Narwal",
      "team": " Pun",
      "match_played": 5,
      "value": 1,
      "team_id": 7,
      "team_name": " Pun",
      "rank": "16",
      "position_id": 1,
      "position_name": "All Rounder"
    }
  ],
  "language_lookup": {
    "stat": "Stat",
    "stat_id": "Stat Id",
    "minimum_criteria": "Minimum Criteria",
    "team_id": "Team Id",
    "team_name": "Team Name",
    "player_id": "Player Id",
    "player_name": "Player Name",
    "value": "Value",
    "match_played": "Match Played",
    "team": "Team",
    "tackles": "Tackles"
  }
}