{
  "stat": "Player Avg Raid Points",
  "stat_id": "138",
  "minimum_criteria": "",
  "data": [
    {
      "player_id": 58,
      "player_name": "Kashiling Adake",
      "match_played": 14,
      "value": 8.14,
      "team_id": 2,
      "team_name": " Del",
      "rank": "1",
      "position_id": 8,
      "position_name": "Raider"
    },
    {
      "player_id": 81,
      "player_name": "Rahul Chaudhari",
      "match_played": 14,
      "value": 7.0,
      "team_id": 8,
      "team_name": " Hyd",
      "rank": "2",
      "position_id": 8,
      "position_name": "Raider"
    },
    {
      "player_id": 26,
      "player_name": "Ajay Thakur",
      "match_played": 13,
      "value": 6.08,
      "team_id": 1,
      "team_name": " Ben",
      "rank": "3",
      "position_id": 8,
      "position_name": "Raider"
    },
    {
      "player_id": 124,
      "player_name": "Wazir Singh",
      "match_played": 11,
      "value": 5.91,
      "team_id": 7,
      "team_name": " Pun",
      "rank": "4",
      "position_id": 8,
      "position_name": "Raider"
    },
    {
      "player_id": 29,
      "player_name": "Anup Kumar",
      "match_played": 14,
      "value": 5.29,
      "team_id": 5,
      "team_name": " Mum",
      "rank": "5",
      "position_id": 8,
      "position_name": "Raider"
    },
    {
      "player_id": 79,
      "player_name": "Pravin Niwale",
      "match_played": 8,
      "value": 5.13,
      "team_id": 7,
      "team_name": " Pun",
      "rank": "6",
      "position_id": 8,
      "position_name": "Raider"
    },
    {
      "player_id": 86,
      "player_name": "Rajesh Narwal",
      "match_played": 14,
      "value": 4.93,
      "team_id": 3,
      "team_name": " Jai",
      "rank": "7",
      "position_id": 1,
      "position_name": "All Rounder"
    },
    {
      "player_id": 52,
      "player_name": "Jasvir Singh",
      "match_played": 13,
      "value": 4.92,
      "team_id": 3,
      "team_name": " Jai",
      "rank": "8",
      "position_id": 8,
      "position_name": "Raider"
    },
    {
      "player_id": 111,
      "player_name": "Sukesh Hegde",
      "match_played": 13,
      "value": 4.77,
      "team_id": 8,
      "team_name": " Hyd",
      "rank": "9",
      "position_id": 8,
      "position_name": "Raider"
    },
    {
      "player_id": 190,
      "player_name": "Sonu Narwal",
      "match_played": 11,
      "value": 4.64,
      "team_id": 3,
      "team_name": " Jai",
      "rank": "10",
      "position_id": 8,
      "position_name": "Raider"
    },
    {
      "player_id": 105,
      "player_name": "Shabeer Bappu",
      "match_played": 10,
      "value": 4.6,
      "team_id": 5,
      "team_name": " Mum",
      "rank": "11",
      "position_id": 8,
      "position_name": "Raider"
    },
    {
      "player_id": 163,
      "player_name": "Mahendra Ganesh Rajput",
      "match_played": 12,
      "value": 4.58,
      "team_id": 4,
      "team_name": " Kol",
      "rank": "12",
      "position_id": 8,
      "position_name": "Raider"
    },
    {
      "player_id": 217,
      "player_name": "Rohit Kumar Choudary",
      "match_played": 14,
      "value": 4.36,
      "team_id": 2,
      "team_name": " Del",
      "rank": "13",
      "position_id": 8,
      "position_name": "Raider"
    },
    {
      "player_id": 69,
      "player_name": "Manjeet Chhillar",
      "match_played": 16,
      "value": 4.19,
      "team_id": 1,
      "team_name": " Ben",
      "rank": "14",
      "position_id": 1,
      "position_name": "All Rounder"
    },
    {
      "player_id": 41,
      "player_name": "Deepak Niwas Hooda",
      "match_played": 15,
      "value": 4.0,
      "team_id": 8,
      "team_name": " Hyd",
      "rank": "15",
      "position_id": 1,
      "position_name": "All Rounder"
    },
    {
      "player_id": 92,
      "player_name": "Ravi Dalal",
      "match_played": 11,
      "value": 4.0,
      "team_id": 6,
      "team_name": " Pat",
      "rank": "15",
      "position_id": 8,
      "position_name": "Raider"
    },
    {
      "player_id": 244,
      "player_name": "Ravi V.",
      "match_played": 2,
      "value": 4.0,
      "team_id": 7,
      "team_name": " Pun",
      "rank": "15",
      "position_id": 8,
      "position_name": "Raider"
    },
    {
      "player_id": 171,
      "player_name": "Pradeep Kumar",
      "match_played": 6,
      "value": 4.0,
      "team_id": 5,
      "team_name": " Mum",
      "rank": "15",
      "position_id": 8,
      "position_name": "Raider"
    },
    {
      "player_id": 155,
      "player_name": "Prashanth Kumar Rai",
      "match_played": 15,
      "value": 3.6,
      "team_id": 8,
      "team_name": " Hyd",
      "rank": "19",
      "position_id": 8,
      "position_name": "Raider"
    },
    {
      "player_id": 211,
      "player_name": "Deepak Narwal",
      "match_played": 16,
      "value": 3.56,
      "team_id": 6,
      "team_name": " Pat",
      "rank": "20",
      "position_id": 8,
      "position_name": "Raider"
    },
    {
      "player_id": 88,
      "player_name": "Rakesh Kumar",
      "match_played": 4,
      "value": 3.5,
      "team_id": 6,
      "team_name": " Pat",
      "rank": "21",
      "position_id": 1,
      "position_name": "All Rounder"
    },
    {
      "player_id": 12,
      "player_name": "Jang Kun Lee",
      "match_played": 14,
      "value": 3.43,
      "team_id": 4,
      "team_name": " Kol",
      "rank": "22",
      "position_id": 8,
      "position_name": "Raider"
    },
    {
      "player_id": 141,
      "player_name": "Sunil Jaipal",
      "match_played": 10,
      "value": 3.4,
      "team_id": 4,
      "team_name": " Kol",
      "rank": "23",
      "position_id": 8,
      "position_name": "Raider"
    },
    {
      "player_id": 94,
      "player_name": "Rishank Devadiga",
      "match_played": 13,
      "value": 3.38,
      "team_id": 5,
      "team_name": " Mum",
      "rank": "24",
      "position_id": 8,
      "position_name": "Raider"
    },
    {
      "player_id": 56,
      "player_name": "Kalimuthu Balamahendran",
      "match_played": 6,
      "value": 3.0,
      "team_id": 7,
      "team_name": " Pun",
      "rank": "25",
      "position_id": 3,
      "position_name": "Defender, left corner"
    },
    {
      "player_id": 66,
      "player_name": "Mahesh Goud",
      "match_played": 1,
      "value": 3.0,
      "team_id": 4,
      "team_name": " Kol",
      "rank": "25",
      "position_id": 8,
      "position_name": "Raider"
    },
    {
      "player_id": 245,
      "player_name": "Yogesh Hooda",
      "match_played": 4,
      "value": 3.0,
      "team_id": 7,
      "team_name": " Pun",
      "rank": "25",
      "position_id": 8,
      "position_name": "Raider"
    },
    {
      "player_id": 174,
      "player_name": "Deepak Kumar Dahiya",
      "match_played": 2,
      "value": 3.0,
      "team_id": 1,
      "team_name": " Ben",
      "rank": "25",
      "position_id": 8,
      "position_name": "Raider"
    },
    {
      "player_id": 261,
      "player_name": "Rohit Baliyan",
      "match_played": 5,
      "value": 3.0,
      "team_id": 8,
      "team_name": " Hyd",
      "rank": "25",
      "position_id": 8,
      "position_name": "Raider"
    },
    {
      "player_id": 46,
      "player_name": "Gurvinder Singh",
      "match_played": 16,
      "value": 2.93,
      "team_id": 6,
      "team_name": " Pat",
      "rank": "30",
      "position_id": 8,
      "position_name": "Raider"
    },
    {
      "player_id": 142,
      "player_name": "Sandeep Narwal",
      "match_played": 16,
      "value": 2.88,
      "team_id": 6,
      "team_name": " Pat",
      "rank": "31",
      "position_id": 1,
      "position_name": "All Rounder"
    },
    {
      "player_id": 232,
      "player_name": "Sachin Vittala",
      "match_played": 4,
      "value": 2.75,
      "team_id": 7,
      "team_name": " Pun",
      "rank": "32",
      "position_id": 3,
      "position_name": "Defender, left corner"
    },
    {
      "player_id": 55,
      "player_name": "Jitesh Joshi",
      "match_played": 5,
      "value": 2.6,
      "team_id": 7,
      "team_name": " Pun",
      "rank": "33",
      "position_id": 1,
      "position_name": "All Rounder"
    },
    {
      "player_id": 234,
      "player_name": "Surender Singh",
      "match_played": 2,
      "value": 2.5,
      "team_id": 7,
      "team_name": " Pun",
      "rank": "34",
      "position_id": 8,
      "position_name": "Raider"
    },
    {
      "player_id": 242,
      "player_name": "Tushar Patil",
      "match_played": 6,
      "value": 2.5,
      "team_id": 7,
      "team_name": " Pun",
      "rank": "34",
      "position_id": 8,
      "position_name": "Raider"
    },
    {
      "player_id": 243,
      "player_name": "Sanjay Kumar",
      "match_played": 7,
      "value": 2.5,
      "team_id": 7,
      "team_name": " Pun",
      "rank": "34",
      "position_id": 1,
      "position_name": "All Rounder"
    },
    {
      "player_id": 231,
      "player_name": "Amit Om Prakash Rathi",
      "match_played": 5,
      "value": 2.4,
      "team_id": 7,
      "team_name": " Pun",
      "rank": "37",
      "position_id": 8,
      "position_name": "Raider"
    },
    {
      "player_id": 182,
      "player_name": "Dinesh Kumar",
      "match_played": 8,
      "value": 2.38,
      "team_id": 4,
      "team_name": " Kol",
      "rank": "38",
      "position_id": 1,
      "position_name": "All Rounder"
    },
    {
      "player_id": 34,
      "player_name": "Bhupender Singh",
      "match_played": 11,
      "value": 2.2,
      "team_id": 5,
      "team_name": " Mum",
      "rank": "39",
      "position_id": 1,
      "position_name": "All Rounder"
    },
    {
      "player_id": 85,
      "player_name": "Rajesh Mondal",
      "match_played": 15,
      "value": 2.2,
      "team_id": 1,
      "team_name": " Ben",
      "rank": "39",
      "position_id": 8,
      "position_name": "Raider"
    },
    {
      "player_id": 204,
      "player_name": "Rakesh Narwal",
      "match_played": 11,
      "value": 2.1,
      "team_id": 1,
      "team_name": " Ben",
      "rank": "41",
      "position_id": 8,
      "position_name": "Raider"
    },
    {
      "player_id": 251,
      "player_name": "Meraj Sheykh",
      "match_played": 15,
      "value": 2.07,
      "team_id": 8,
      "team_name": " Hyd",
      "rank": "42",
      "position_id": 1,
      "position_name": "All Rounder"
    },
    {
      "player_id": 252,
      "player_name": "Kuldeep Singh",
      "match_played": 14,
      "value": 2.0,
      "team_id": 3,
      "team_name": " Jai",
      "rank": "43",
      "position_id": 1,
      "position_name": "All Rounder"
    },
    {
      "player_id": 195,
      "player_name": "Ashish Chhokar",
      "match_played": 6,
      "value": 2.0,
      "team_id": 1,
      "team_name": " Ben",
      "rank": "43",
      "position_id": 8,
      "position_name": "Raider"
    },
    {
      "player_id": 14,
      "player_name": "Tae Deok Eom",
      "match_played": 8,
      "value": 1.83,
      "team_id": 6,
      "team_name": " Pat",
      "rank": "45",
      "position_id": 1,
      "position_name": "All Rounder"
    },
    {
      "player_id": 67,
      "player_name": "Mahipal Narwal",
      "match_played": 9,
      "value": 1.67,
      "team_id": 7,
      "team_name": " Pun",
      "rank": "46",
      "position_id": 1,
      "position_name": "All Rounder"
    },
    {
      "player_id": 238,
      "player_name": "Isac Antony",
      "match_played": 7,
      "value": 1.67,
      "team_id": 8,
      "team_name": " Hyd",
      "rank": "46",
      "position_id": 8,
      "position_name": "Raider"
    },
    {
      "player_id": 156,
      "player_name": "Pawan Kumar Kadian",
      "match_played": 10,
      "value": 1.6,
      "team_id": 5,
      "team_name": " Mum",
      "rank": "48",
      "position_id": 8,
      "position_name": "Raider"
    },
    {
      "player_id": 264,
      "player_name": "Selvamani K",
      "match_played": 10,
      "value": 1.56,
      "team_id": 2,
      "team_name": " Del",
      "rank": "49",
      "position_id": 8,
      "position_name": "Raider"
    },
    {
      "player_id": 197,
      "player_name": "Pardeep Narwal",
      "match_played": 6,
      "value": 1.5,
      "team_id": 1,
      "team_name": " Ben",
      "rank": "50",
      "position_id": 8,
      "position_name": "Raider"
    },
    {
      "player_id": 160,
      "player_name": "Ran Singh",
      "match_played": 14,
      "value": 1.44,
      "team_id": 3,
      "team_name": " Jai",
      "rank": "51",
      "position_id": 1,
      "position_name": "All Rounder"
    },
    {
      "player_id": 248,
      "player_name": "Sandeep Kandola",
      "match_played": 16,
      "value": 1.38,
      "team_id": 8,
      "team_name": " Hyd",
      "rank": "52",
      "position_id": 3,
      "position_name": "Defender, left corner"
    },
    {
      "player_id": 42,
      "player_name": "Dharmaraj Cheralathan",
      "match_played": 15,
      "value": 1.36,
      "team_id": 1,
      "team_name": " Ben",
      "rank": "53",
      "position_id": 10,
      "position_name": "Defender, right and left corner"
    },
    {
      "player_id": 180,
      "player_name": "Kedar Lal",
      "match_played": 9,
      "value": 1.33,
      "team_id": 4,
      "team_name": " Kol",
      "rank": "54",
      "position_id": 8,
      "position_name": "Raider"
    },
    {
      "player_id": 219,
      "player_name": "K. Prapanjan",
      "match_played": 4,
      "value": 1.25,
      "team_id": 5,
      "team_name": " Mum",
      "rank": "55",
      "position_id": 8,
      "position_name": "Raider"
    },
    {
      "player_id": 107,
      "player_name": "Shrikant Tewthia",
      "match_played": 9,
      "value": 1.25,
      "team_id": 2,
      "team_name": " Del",
      "rank": "55",
      "position_id": 1,
      "position_name": "All Rounder"
    },
    {
      "player_id": 173,
      "player_name": "Suresu Kumar",
      "match_played": 1,
      "value": 1.0,
      "team_id": 5,
      "team_name": " Mum",
      "rank": "57",
      "position_id": 8,
      "position_name": "Raider"
    },
    {
      "player_id": 268,
      "player_name": "Vineet Sharma",
      "match_played": 8,
      "value": 1.0,
      "team_id": 4,
      "team_name": " Kol",
      "rank": "57",
      "position_id": 8,
      "position_name": "Raider"
    },
    {
      "player_id": 38,
      "player_name": "Dadaso Balaso Awad",
      "match_played": 7,
      "value": 0.83,
      "team_id": 2,
      "team_name": " Del",
      "rank": "59",
      "position_id": 1,
      "position_name": "All Rounder"
    },
    {
      "player_id": 260,
      "player_name": "Vijay Malik",
      "match_played": 7,
      "value": 0.71,
      "team_id": 6,
      "team_name": " Pat",
      "rank": "60",
      "position_id": 8,
      "position_name": "Raider"
    },
    {
      "player_id": 267,
      "player_name": "Amit Kumar Tomar",
      "match_played": 9,
      "value": 0.67,
      "team_id": 2,
      "team_name": " Del",
      "rank": "61",
      "position_id": 8,
      "position_name": "Raider"
    },
    {
      "player_id": 225,
      "player_name": "Sandeep Tomar",
      "match_played": 3,
      "value": 0.67,
      "team_id": 2,
      "team_name": " Del",
      "rank": "61",
      "position_id": 8,
      "position_name": "Raider"
    },
    {
      "player_id": 202,
      "player_name": "Ashish Kumar",
      "match_played": 5,
      "value": 0.5,
      "team_id": 1,
      "team_name": " Ben",
      "rank": "63",
      "position_id": 7,
      "position_name": "Defender, right cover"
    },
    {
      "player_id": 212,
      "player_name": "Amit Hooda",
      "match_played": 12,
      "value": 0.45,
      "team_id": 6,
      "team_name": " Pat",
      "rank": "64",
      "position_id": 6,
      "position_name": "Defender, right corner"
    },
    {
      "player_id": 44,
      "player_name": "Gangadhari Mallesh",
      "match_played": 10,
      "value": 0.43,
      "team_id": 3,
      "team_name": " Jai",
      "rank": "65",
      "position_id": 8,
      "position_name": "Raider"
    },
    {
      "player_id": 73,
      "player_name": "Nilesh Shinde",
      "match_played": 12,
      "value": 0.43,
      "team_id": 4,
      "team_name": " Kol",
      "rank": "65",
      "position_id": 6,
      "position_name": "Defender, right corner"
    },
    {
      "player_id": 157,
      "player_name": "Ravinder Pahal",
      "match_played": 14,
      "value": 0.36,
      "team_id": 2,
      "team_name": " Del",
      "rank": "67",
      "position_id": 6,
      "position_name": "Defender, right corner"
    },
    {
      "player_id": 70,
      "player_name": "Manoj Kumar",
      "match_played": 14,
      "value": 0.3,
      "team_id": 7,
      "team_name": " Pun",
      "rank": "68",
      "position_id": 4,
      "position_name": "Defender, left cover"
    },
    {
      "player_id": 167,
      "player_name": "Preetam Chhillar",
      "match_played": 12,
      "value": 0.29,
      "team_id": 1,
      "team_name": " Ben",
      "rank": "69",
      "position_id": 1,
      "position_name": "All Rounder"
    },
    {
      "player_id": 146,
      "player_name": "Surender Nada",
      "match_played": 14,
      "value": 0.27,
      "team_id": 5,
      "team_name": " Mum",
      "rank": "70",
      "position_id": 3,
      "position_name": "Defender, left corner"
    },
    {
      "player_id": 178,
      "player_name": "Parveen M. Jangra",
      "match_played": 6,
      "value": 0.25,
      "team_id": 4,
      "team_name": " Kol",
      "rank": "71",
      "position_id": 4,
      "position_name": "Defender, left cover"
    },
    {
      "player_id": 200,
      "player_name": "Mohammad Maghshoudulu",
      "match_played": 4,
      "value": 0.25,
      "team_id": 3,
      "team_name": " Jai",
      "rank": "71",
      "position_id": 1,
      "position_name": "All Rounder"
    },
    {
      "player_id": 158,
      "player_name": "Rakesh Singh Kumar",
      "match_played": 13,
      "value": 0.0,
      "team_id": 2,
      "team_name": " Del",
      "rank": "73",
      "position_id": 4,
      "position_name": "Defender, left cover"
    },
    {
      "player_id": 240,
      "player_name": "Ravi Kumar",
      "match_played": 13,
      "value": 0.0,
      "team_id": 7,
      "team_name": " Pun",
      "rank": "73",
      "position_id": 7,
      "position_name": "Defender, right cover"
    },
    {
      "player_id": 147,
      "player_name": "Prashant Chavan",
      "match_played": 11,
      "value": 0.0,
      "team_id": 3,
      "team_name": " Jai",
      "rank": "73",
      "position_id": 6,
      "position_name": "Defender, right corner"
    },
    {
      "player_id": 98,
      "player_name": "Sachin Khambe",
      "match_played": 8,
      "value": 0.0,
      "team_id": 4,
      "team_name": " Kol",
      "rank": "73",
      "position_id": 3,
      "position_name": "Defender, left corner"
    },
    {
      "player_id": 36,
      "player_name": "Chandran Ranjit",
      "match_played": 1,
      "value": 0.0,
      "team_id": 8,
      "team_name": " Hyd",
      "rank": "73",
      "position_id": 8,
      "position_name": "Raider"
    }
  ],
  "language_lookup": {
    "stat": "Stat",
    "stat_id": "Stat Id",
    "minimum_criteria": "Minimum Criteria",
    "team_id": "Team Id",
    "team_name": "Team Name",
    "player_id": "Player Id",
    "player_name": "Player Name",
    "value": "Value",
    "match_played": "Match Played",
    "team": "Team",
    "tackles": "Tackles"
  }
}