{
  "stat": "Player Raid Points",
  "stat_id": "22",
  "minimum_criteria": "More than 0 Total Raid Points",
  "data": [
    {
      "player_id": 197,
      "player_name": "Pardeep Narwal",
      "match_played": 26,
      "value": 369,
      "team_id": 6,
      "team": " Pat",
      "team_name": " Pat",
      "rank": "1",
      "position_id": 8,
      "position_name": "Raider"
    },
    {
      "player_id": 326,
      "player_name": "Rohit Kumar",
      "match_played": 22,
      "value": 219,
      "team_id": 1,
      "team": " Ben",
      "team_name": " Ben",
      "rank": "2",
      "position_id": 8,
      "position_name": "Raider"
    },
    {
      "player_id": 26,
      "player_name": "Ajay Thakur",
      "match_played": 22,
      "value": 213,
      "team_id": 29,
      "team": " TT",
      "team_name": " TT",
      "rank": "3",
      "position_id": 8,
      "position_name": "Raider"
    },
    {
      "player_id": 388,
      "player_name": "Monu Goyat",
      "match_played": 26,
      "value": 191,
      "team_id": 6,
      "team": " Pat",
      "team_name": " Pat",
      "rank": "4",
      "position_id": 8,
      "position_name": "Raider"
    },
    {
      "player_id": 143,
      "player_name": "Maninder Singh",
      "match_played": 21,
      "value": 190,
      "team_id": 4,
      "team": " Kol",
      "team_name": " Kol",
      "rank": "5",
      "position_id": 8,
      "position_name": "Raider"
    },
    {
      "player_id": 81,
      "player_name": "Rahul Chaudhari",
      "match_played": 22,
      "value": 184,
      "team_id": 8,
      "team": " Hyd",
      "team_name": " Hyd",
      "rank": "6",
      "position_id": 8,
      "position_name": "Raider"
    },
    {
      "player_id": 41,
      "player_name": "Deepak Niwas Hooda",
      "match_played": 24,
      "value": 172,
      "team_id": 7,
      "team": " Pun",
      "team_name": " Pun",
      "rank": "7",
      "position_id": 1,
      "position_name": "All Rounder"
    },
    {
      "player_id": 320,
      "player_name": "Nitin Tomar",
      "match_played": 20,
      "value": 167,
      "team_id": 30,
      "team": " UPY",
      "team_name": " UPY",
      "rank": "8",
      "position_id": 8,
      "position_name": "Raider"
    },
    {
      "player_id": 94,
      "player_name": "Rishank Devadiga",
      "match_played": 21,
      "value": 165,
      "team_id": 30,
      "team": " UPY",
      "team_name": " UPY",
      "rank": "9",
      "position_id": 8,
      "position_name": "Raider"
    },
    {
      "player_id": 757,
      "player_name": "Sachin",
      "match_played": 24,
      "value": 159,
      "team_id": 31,
      "team": " GFG",
      "team_name": " GFG",
      "rank": "10",
      "position_id": 8,
      "position_name": "Raider"
    },
    {
      "player_id": 219,
      "player_name": "K. Prapanjan",
      "match_played": 22,
      "value": 123,
      "team_id": 29,
      "team": " TT",
      "team_name": " TT",
      "rank": "11",
      "position_id": 8,
      "position_name": "Raider"
    },
    {
      "player_id": 156,
      "player_name": "Pawan Kumar Kadian",
      "match_played": 21,
      "value": 122,
      "team_id": 3,
      "team": " Jai",
      "team_name": " Jai",
      "rank": "12",
      "position_id": 8,
      "position_name": "Raider"
    },
    {
      "player_id": 58,
      "player_name": "Kashiling Adake",
      "match_played": 20,
      "value": 114,
      "team_id": 5,
      "team": " Ben, Mum",
      "team_name": " Ben, Mum",
      "rank": "13",
      "position_id": 8,
      "position_name": "Raider"
    },
    {
      "player_id": 29,
      "player_name": "Anup Kumar",
      "match_played": 21,
      "value": 112,
      "team_id": 5,
      "team": " Mum",
      "team_name": " Mum",
      "rank": "14",
      "position_id": 8,
      "position_name": "Raider"
    },
    {
      "player_id": 124,
      "player_name": "Wazir Singh",
      "match_played": 21,
      "value": 107,
      "team_id": 28,
      "team": " HS",
      "team_name": " HS",
      "rank": "15",
      "position_id": 8,
      "position_name": "Raider"
    },
    {
      "player_id": 293,
      "player_name": "Nilesh Salunke",
      "match_played": 21,
      "value": 98,
      "team_id": 8,
      "team": " Hyd",
      "team_name": " Hyd",
      "rank": "16",
      "position_id": 8,
      "position_name": "Raider"
    },
    {
      "player_id": 251,
      "player_name": "Meraj Sheykh",
      "match_played": 20,
      "value": 96,
      "team_id": 2,
      "team": " Del",
      "team_name": " Del",
      "rank": "17",
      "position_id": 1,
      "position_name": "All Rounder"
    },
    {
      "player_id": 300,
      "player_name": "Abolfazl Maghsodloumahali",
      "match_played": 19,
      "value": 91,
      "team_id": 2,
      "team": " Del",
      "team_name": " Del",
      "rank": "18",
      "position_id": 8,
      "position_name": "Raider"
    },
    {
      "player_id": 85,
      "player_name": "Rajesh Mondal",
      "match_played": 24,
      "value": 90,
      "team_id": 7,
      "team": " Pun",
      "team_name": " Pun",
      "rank": "19",
      "position_id": 8,
      "position_name": "Raider"
    },
    {
      "player_id": 12,
      "player_name": "Jang Kun Lee",
      "match_played": 21,
      "value": 89,
      "team_id": 4,
      "team": " Kol",
      "team_name": " Kol",
      "rank": "20",
      "position_id": 8,
      "position_name": "Raider"
    },
    {
      "player_id": 389,
      "player_name": "Ajay Kumar",
      "match_played": 22,
      "value": 89,
      "team_id": 1,
      "team": " Ben",
      "team_name": " Ben",
      "rank": "20",
      "position_id": 8,
      "position_name": "Raider"
    },
    {
      "player_id": 106,
      "player_name": "Shrikant Jadhav",
      "match_played": 19,
      "value": 86,
      "team_id": 5,
      "team": " Mum",
      "team_name": " Mum",
      "rank": "22",
      "position_id": 8,
      "position_name": "Raider"
    },
    {
      "player_id": 211,
      "player_name": "Deepak Narwal",
      "match_played": 16,
      "value": 85,
      "team_id": 4,
      "team": " Kol",
      "team_name": " Kol",
      "rank": "23",
      "position_id": 8,
      "position_name": "Raider"
    },
    {
      "player_id": 155,
      "player_name": "Prashanth Kumar Rai",
      "match_played": 16,
      "value": 78,
      "team_id": 28,
      "team": " HS",
      "team_name": " HS",
      "rank": "24",
      "position_id": 8,
      "position_name": "Raider"
    },
    {
      "player_id": 174,
      "player_name": "Deepak Kumar Dahiya",
      "match_played": 16,
      "value": 76,
      "team_id": 28,
      "team": " HS",
      "team_name": " HS",
      "rank": "25",
      "position_id": 8,
      "position_name": "Raider"
    },
    {
      "player_id": 111,
      "player_name": "Sukesh Hegde",
      "match_played": 18,
      "value": 75,
      "team_id": 31,
      "team": " GFG",
      "team_name": " GFG",
      "rank": "26",
      "position_id": 8,
      "position_name": "Raider"
    },
    {
      "player_id": 234,
      "player_name": "Surender Singh",
      "match_played": 18,
      "value": 68,
      "team_id": 30,
      "team": " UPY",
      "team_name": " UPY",
      "rank": "27",
      "position_id": 8,
      "position_name": "Raider"
    },
    {
      "player_id": 791,
      "player_name": "Nitin Rawal",
      "match_played": 21,
      "value": 65,
      "team_id": 3,
      "team": " Jai",
      "team_name": " Jai",
      "rank": "28",
      "position_id": 9,
      "position_name": "Defender"
    },
    {
      "player_id": 261,
      "player_name": "Rohit Baliyan",
      "match_played": 17,
      "value": 65,
      "team_id": 2,
      "team": " Del",
      "team_name": " Del",
      "rank": "28",
      "position_id": 8,
      "position_name": "Raider"
    },
    {
      "player_id": 242,
      "player_name": "Tushar Patil",
      "match_played": 17,
      "value": 64,
      "team_id": 3,
      "team": " Jai",
      "team_name": " Jai",
      "rank": "30",
      "position_id": 8,
      "position_name": "Raider"
    },
    {
      "player_id": 52,
      "player_name": "Jasvir Singh",
      "match_played": 15,
      "value": 61,
      "team_id": 3,
      "team": " Jai",
      "team_name": " Jai",
      "rank": "31",
      "position_id": 8,
      "position_name": "Raider"
    },
    {
      "player_id": 119,
      "player_name": "CPO Surjeet Singh",
      "match_played": 17,
      "value": 59,
      "team_id": 28,
      "team": " HS",
      "team_name": " HS",
      "rank": "32",
      "position_id": 8,
      "position_name": "Raider"
    },
    {
      "player_id": 366,
      "player_name": "Vikash Khandola",
      "match_played": 9,
      "value": 58,
      "team_id": 28,
      "team": " HS",
      "team_name": " HS",
      "rank": "33",
      "position_id": 8,
      "position_name": "Raider"
    },
    {
      "player_id": 163,
      "player_name": "Mahendra Ganesh Rajput",
      "match_played": 17,
      "value": 57,
      "team_id": 31,
      "team": " GFG",
      "team_name": " GFG",
      "rank": "34",
      "position_id": 8,
      "position_name": "Raider"
    },
    {
      "player_id": 36,
      "player_name": "Chandran Ranjit",
      "match_played": 11,
      "value": 51,
      "team_id": 31,
      "team": " GFG",
      "team_name": " GFG",
      "rank": "35",
      "position_id": 8,
      "position_name": "Raider"
    },
    {
      "player_id": 567,
      "player_name": "Mohsen Maghsoudloujafari",
      "match_played": 16,
      "value": 41,
      "team_id": 8,
      "team": " Hyd",
      "team_name": " Hyd",
      "rank": "36",
      "position_id": 8,
      "position_name": "Raider"
    },
    {
      "player_id": 718,
      "player_name": "R. Sriram",
      "match_played": 11,
      "value": 35,
      "team_id": 2,
      "team": " Del",
      "team_name": " Del",
      "rank": "37",
      "position_id": 8,
      "position_name": "Raider"
    },
    {
      "player_id": 66,
      "player_name": "Mahesh Goud",
      "match_played": 21,
      "value": 35,
      "team_id": 30,
      "team": " UPY",
      "team_name": " UPY",
      "rank": "37",
      "position_id": 8,
      "position_name": "Raider"
    },
    {
      "player_id": 105,
      "player_name": "Shabeer Bappu",
      "match_played": 12,
      "value": 35,
      "team_id": 5,
      "team": " Mum",
      "team_name": " Mum",
      "rank": "37",
      "position_id": 8,
      "position_name": "Raider"
    },
    {
      "player_id": 686,
      "player_name": "Rohit Gulia",
      "match_played": 19,
      "value": 35,
      "team_id": 31,
      "team": " GFG",
      "team_name": " GFG",
      "rank": "37",
      "position_id": 1,
      "position_name": "All Rounder"
    },
    {
      "player_id": 764,
      "player_name": "Vinod Kumar",
      "match_played": 21,
      "value": 34,
      "team_id": 6,
      "team": " Pat",
      "team_name": " Pat",
      "rank": "41",
      "position_id": 8,
      "position_name": "Raider"
    },
    {
      "player_id": 324,
      "player_name": "Darshan Kadian",
      "match_played": 16,
      "value": 33,
      "team_id": 5,
      "team": " Mum",
      "team_name": " Mum",
      "rank": "42",
      "position_id": 8,
      "position_name": "Raider"
    },
    {
      "player_id": 576,
      "player_name": "Anand Patil",
      "match_played": 19,
      "value": 33,
      "team_id": 2,
      "team": " Del",
      "team_name": " Del",
      "rank": "42",
      "position_id": 8,
      "position_name": "Raider"
    },
    {
      "player_id": 142,
      "player_name": "Sandeep Narwal",
      "match_played": 21,
      "value": 33,
      "team_id": 7,
      "team": " Pun",
      "team_name": " Pun",
      "rank": "42",
      "position_id": 1,
      "position_name": "All Rounder"
    },
    {
      "player_id": 387,
      "player_name": "Vinod Kumar",
      "match_played": 19,
      "value": 33,
      "team_id": 4,
      "team": " Kol",
      "team_name": " Kol",
      "rank": "42",
      "position_id": 8,
      "position_name": "Raider"
    },
    {
      "player_id": 762,
      "player_name": "Vikas Kumar",
      "match_played": 14,
      "value": 30,
      "team_id": 8,
      "team": " Hyd",
      "team_name": " Hyd",
      "rank": "46",
      "position_id": 8,
      "position_name": "Raider"
    },
    {
      "player_id": 522,
      "player_name": "Dong Geon Lee",
      "match_played": 17,
      "value": 29,
      "team_id": 29,
      "team": " TT",
      "team_name": " TT",
      "rank": "47",
      "position_id": 8,
      "position_name": "Raider"
    },
    {
      "player_id": 34,
      "player_name": "Bhupender Singh",
      "match_played": 17,
      "value": 28,
      "team_id": 4,
      "team": " Kol",
      "team_name": " Kol",
      "rank": "48",
      "position_id": 1,
      "position_name": "All Rounder"
    },
    {
      "player_id": 745,
      "player_name": "Vijay",
      "match_played": 19,
      "value": 27,
      "team_id": 6,
      "team": " Pat",
      "team_name": " Pat",
      "rank": "49",
      "position_id": 8,
      "position_name": "Raider"
    },
    {
      "player_id": 372,
      "player_name": "Harish Naik",
      "match_played": 14,
      "value": 24,
      "team_id": 1,
      "team": " Ben",
      "team_name": " Ben",
      "rank": "50",
      "position_id": 8,
      "position_name": "Raider"
    },
    {
      "player_id": 648,
      "player_name": "Ajit Singh",
      "match_played": 11,
      "value": 23,
      "team_id": 3,
      "team": " Jai",
      "team_name": " Jai",
      "rank": "51",
      "position_id": 8,
      "position_name": "Raider"
    },
    {
      "player_id": 771,
      "player_name": "Suresh Kumar",
      "match_played": 11,
      "value": 22,
      "team_id": 7,
      "team": " Pun",
      "team_name": " Pun",
      "rank": "52",
      "position_id": 8,
      "position_name": "Raider"
    },
    {
      "player_id": 795,
      "player_name": "Monu",
      "match_played": 19,
      "value": 19,
      "team_id": 7,
      "team": " Pun",
      "team_name": " Pun",
      "rank": "53",
      "position_id": 8,
      "position_name": "Raider"
    },
    {
      "player_id": 46,
      "player_name": "Gurvinder Singh",
      "match_played": 9,
      "value": 17,
      "team_id": 1,
      "team": " Ben",
      "team_name": " Ben",
      "rank": "54",
      "position_id": 8,
      "position_name": "Raider"
    },
    {
      "player_id": 204,
      "player_name": "Rakesh Narwal",
      "match_played": 6,
      "value": 17,
      "team_id": 31,
      "team": " GFG",
      "team_name": " GFG",
      "rank": "54",
      "position_id": 8,
      "position_name": "Raider"
    },
    {
      "player_id": 202,
      "player_name": "Ashish Kumar",
      "match_played": 20,
      "value": 17,
      "team_id": 1,
      "team": " Ben",
      "team_name": " Ben",
      "rank": "54",
      "position_id": 7,
      "position_name": "Defender, right cover"
    },
    {
      "player_id": 252,
      "player_name": "Kuldeep Singh",
      "match_played": 20,
      "value": 16,
      "team_id": 5,
      "team": " Mum",
      "team_name": " Mum",
      "rank": "57",
      "position_id": 1,
      "position_name": "All Rounder"
    },
    {
      "player_id": 141,
      "player_name": "Sunil Jaipal",
      "match_played": 13,
      "value": 16,
      "team_id": 1,
      "team": " Ben",
      "team_name": " Ben",
      "rank": "57",
      "position_id": 8,
      "position_name": "Raider"
    },
    {
      "player_id": 268,
      "player_name": "Vineet Sharma",
      "match_played": 18,
      "value": 16,
      "team_id": 29,
      "team": " TT",
      "team_name": " TT",
      "rank": "57",
      "position_id": 8,
      "position_name": "Raider"
    },
    {
      "player_id": 696,
      "player_name": "M. Thivakaran",
      "match_played": 9,
      "value": 14,
      "team_id": 29,
      "team": " TT",
      "team_name": " TT",
      "rank": "60",
      "position_id": 8,
      "position_name": "Raider"
    },
    {
      "player_id": 772,
      "player_name": "More GB",
      "match_played": 6,
      "value": 14,
      "team_id": 7,
      "team": " Pun",
      "team_name": " Pun",
      "rank": "60",
      "position_id": 8,
      "position_name": "Raider"
    },
    {
      "player_id": 217,
      "player_name": "Rohit Kumar Choudary",
      "match_played": 11,
      "value": 13,
      "team_id": 7,
      "team": " Pun",
      "team_name": " Pun",
      "rank": "62",
      "position_id": 8,
      "position_name": "Raider"
    },
    {
      "player_id": 75,
      "player_name": "Nitin Madane",
      "match_played": 12,
      "value": 13,
      "team_id": 5,
      "team": " Mum",
      "team_name": " Mum",
      "rank": "62",
      "position_id": 8,
      "position_name": "Raider"
    },
    {
      "player_id": 837,
      "player_name": "Rakshith",
      "match_played": 6,
      "value": 12,
      "team_id": 8,
      "team": " Hyd",
      "team_name": " Hyd",
      "rank": "64",
      "position_id": 8,
      "position_name": "Raider"
    },
    {
      "player_id": 667,
      "player_name": "Elangeshwaran R",
      "match_played": 5,
      "value": 12,
      "team_id": 8,
      "team": " Hyd",
      "team_name": " Hyd",
      "rank": "64",
      "position_id": 1,
      "position_name": "All Rounder"
    },
    {
      "player_id": 160,
      "player_name": "Ran Singh",
      "match_played": 23,
      "value": 12,
      "team_id": 4,
      "team": " Kol",
      "team_name": " Kol",
      "rank": "64",
      "position_id": 1,
      "position_name": "All Rounder"
    },
    {
      "player_id": 86,
      "player_name": "Rajesh Narwal",
      "match_played": 16,
      "value": 11,
      "team_id": 30,
      "team": " UPY",
      "team_name": " UPY",
      "rank": "67",
      "position_id": 1,
      "position_name": "All Rounder"
    },
    {
      "player_id": 121,
      "player_name": "Vikas Jaglan",
      "match_played": 13,
      "value": 10,
      "team_id": 6,
      "team": " Pat",
      "team_name": " Pat",
      "rank": "68",
      "position_id": 8,
      "position_name": "Raider"
    },
    {
      "player_id": 318,
      "player_name": "Pawan Kumar Sehrawat",
      "match_played": 9,
      "value": 9,
      "team_id": 31,
      "team": " Ben, GFG",
      "team_name": " Ben, GFG",
      "rank": "69",
      "position_id": 8,
      "position_name": "Raider"
    },
    {
      "player_id": 195,
      "player_name": "Ashish Chhokar",
      "match_played": 5,
      "value": 9,
      "team_id": 28,
      "team": " HS",
      "team_name": " HS",
      "rank": "69",
      "position_id": 8,
      "position_name": "Raider"
    },
    {
      "player_id": 365,
      "player_name": "Akshay Jadhav",
      "match_played": 10,
      "value": 9,
      "team_id": 7,
      "team": " Pun",
      "team_name": " Pun",
      "rank": "69",
      "position_id": 8,
      "position_name": "Raider"
    },
    {
      "player_id": 722,
      "player_name": "D. Pradap",
      "match_played": 16,
      "value": 9,
      "team_id": 29,
      "team": " TT",
      "team_name": " TT",
      "rank": "69",
      "position_id": 1,
      "position_name": "All Rounder"
    },
    {
      "player_id": 689,
      "player_name": "Mohan Raman G",
      "match_played": 4,
      "value": 8,
      "team_id": 5,
      "team": " Mum",
      "team_name": " Mum",
      "rank": "73",
      "position_id": 8,
      "position_name": "Raider"
    },
    {
      "player_id": 313,
      "player_name": "Virender Wazir Singh",
      "match_played": 3,
      "value": 8,
      "team_id": 4,
      "team": " Kol",
      "team_name": " Kol",
      "rank": "73",
      "position_id": 8,
      "position_name": "Raider"
    },
    {
      "player_id": 605,
      "player_name": "Shubham Ashok Palkar",
      "match_played": 8,
      "value": 7,
      "team_id": 2,
      "team": " Del",
      "team_name": " Del",
      "rank": "75",
      "position_id": 8,
      "position_name": "Raider"
    },
    {
      "player_id": 88,
      "player_name": "Rakesh Kumar",
      "match_played": 10,
      "value": 7,
      "team_id": 8,
      "team": " Hyd",
      "team_name": " Hyd",
      "rank": "75",
      "position_id": 1,
      "position_name": "All Rounder"
    },
    {
      "player_id": 482,
      "player_name": "Farhad Rahimi Milaghardan",
      "match_played": 18,
      "value": 6,
      "team_id": 8,
      "team": " Hyd",
      "team_name": " Hyd",
      "rank": "77",
      "position_id": 7,
      "position_name": "Defender, right cover"
    },
    {
      "player_id": 172,
      "player_name": "Vinoth Kumar",
      "match_played": 4,
      "value": 6,
      "team_id": 8,
      "team": " Hyd",
      "team_name": " Hyd",
      "rank": "77",
      "position_id": 8,
      "position_name": "Raider"
    },
    {
      "player_id": 390,
      "player_name": "Jawahar Dagar",
      "match_played": 18,
      "value": 6,
      "team_id": 6,
      "team": " Pat",
      "team_name": " Pat",
      "rank": "77",
      "position_id": 8,
      "position_name": "Raider"
    },
    {
      "player_id": 738,
      "player_name": "Rahul Choudhary",
      "match_played": 5,
      "value": 5,
      "team_id": 3,
      "team": " Jai",
      "team_name": " Jai",
      "rank": "80",
      "position_id": 8,
      "position_name": "Raider"
    },
    {
      "player_id": 161,
      "player_name": "Girish Maruti Ernak",
      "match_played": 21,
      "value": 5,
      "team_id": 7,
      "team": " Pun",
      "team_name": " Pun",
      "rank": "80",
      "position_id": 3,
      "position_name": "Defender, left corner"
    },
    {
      "player_id": 578,
      "player_name": "Mayur Shivtarkar",
      "match_played": 5,
      "value": 5,
      "team_id": 28,
      "team": " HS",
      "team_name": " HS",
      "rank": "80",
      "position_id": 1,
      "position_name": "All Rounder"
    },
    {
      "player_id": 92,
      "player_name": "Ravi Dalal",
      "match_played": 5,
      "value": 5,
      "team_id": 2,
      "team": " Del",
      "team_name": " Del",
      "rank": "80",
      "position_id": 8,
      "position_name": "Raider"
    },
    {
      "player_id": 69,
      "player_name": "Manjeet Chhillar",
      "match_played": 15,
      "value": 5,
      "team_id": 3,
      "team": " Jai",
      "team_name": " Jai",
      "rank": "80",
      "position_id": 1,
      "position_name": "All Rounder"
    },
    {
      "player_id": 730,
      "player_name": "Rohit",
      "match_played": 2,
      "value": 4,
      "team_id": 1,
      "team": " Ben",
      "team_name": " Ben",
      "rank": "85",
      "position_id": 8,
      "position_name": "Raider"
    },
    {
      "player_id": 107,
      "player_name": "Shrikant Tewthia",
      "match_played": 23,
      "value": 4,
      "team_id": 4,
      "team": " Kol",
      "team_name": " Kol",
      "rank": "85",
      "position_id": 1,
      "position_name": "All Rounder"
    },
    {
      "player_id": 773,
      "player_name": "Satpal",
      "match_played": 10,
      "value": 4,
      "team_id": 2,
      "team": " Del",
      "team_name": " Del",
      "rank": "85",
      "position_id": 6,
      "position_name": "Defender, right corner"
    },
    {
      "player_id": 301,
      "player_name": "Hadi Tajik",
      "match_played": 9,
      "value": 4,
      "team_id": 30,
      "team": " UPY",
      "team_name": " UPY",
      "rank": "85",
      "position_id": 6,
      "position_name": "Defender, right corner"
    },
    {
      "player_id": 264,
      "player_name": "Selvamani K",
      "match_played": 3,
      "value": 4,
      "team_id": 3,
      "team": " Jai",
      "team_name": " Jai",
      "rank": "85",
      "position_id": 8,
      "position_name": "Raider"
    },
    {
      "player_id": 73,
      "player_name": "Nilesh Shinde",
      "match_played": 15,
      "value": 4,
      "team_id": 2,
      "team": " Del",
      "team_name": " Del",
      "rank": "85",
      "position_id": 6,
      "position_name": "Defender, right corner"
    },
    {
      "player_id": 611,
      "player_name": "Sidharth",
      "match_played": 21,
      "value": 4,
      "team_id": 3,
      "team": " Jai",
      "team_name": " Jai",
      "rank": "85",
      "position_id": 1,
      "position_name": "All Rounder"
    },
    {
      "player_id": 746,
      "player_name": "Vikrant",
      "match_played": 3,
      "value": 3,
      "team_id": 8,
      "team": " Hyd",
      "team_name": " Hyd",
      "rank": "92",
      "position_id": 8,
      "position_name": "Raider"
    },
    {
      "player_id": 647,
      "player_name": "Gulveer Singh",
      "match_played": 4,
      "value": 3,
      "team_id": 30,
      "team": " UPY",
      "team_name": " UPY",
      "rank": "92",
      "position_id": 8,
      "position_name": "Raider"
    },
    {
      "player_id": 71,
      "player_name": "Mohit Chhillar",
      "match_played": 20,
      "value": 3,
      "team_id": 28,
      "team": " HS",
      "team_name": " HS",
      "rank": "92",
      "position_id": 6,
      "position_name": "Defender, right corner"
    },
    {
      "player_id": 660,
      "player_name": "Bhavani Rajput",
      "match_played": 4,
      "value": 3,
      "team_id": 29,
      "team": " TT",
      "team_name": " TT",
      "rank": "92",
      "position_id": 8,
      "position_name": "Raider"
    },
    {
      "player_id": 275,
      "player_name": "Deepak Kumar Rathee",
      "match_played": 6,
      "value": 3,
      "team_id": 28,
      "team": " HS",
      "team_name": " HS",
      "rank": "92",
      "position_id": 1,
      "position_name": "All Rounder"
    },
    {
      "player_id": 101,
      "player_name": "Santhosh B.S",
      "match_played": 9,
      "value": 3,
      "team_id": 30,
      "team": " UPY",
      "team_name": " UPY",
      "rank": "92",
      "position_id": 3,
      "position_name": "Defender, left corner"
    },
    {
      "player_id": 146,
      "player_name": "Surender Nada",
      "match_played": 21,
      "value": 3,
      "team_id": 28,
      "team": " HS",
      "team_name": " HS",
      "rank": "92",
      "position_id": 3,
      "position_name": "Defender, left corner"
    },
    {
      "player_id": 167,
      "player_name": "Preetam Chhillar",
      "match_played": 16,
      "value": 3,
      "team_id": 1,
      "team": " Ben",
      "team_name": " Ben",
      "rank": "92",
      "position_id": 1,
      "position_name": "All Rounder"
    },
    {
      "player_id": 322,
      "player_name": "PO Surjeet Singh",
      "match_played": 24,
      "value": 3,
      "team_id": 4,
      "team": " Kol",
      "team_name": " Kol",
      "rank": "92",
      "position_id": 7,
      "position_name": "Defender, right cover"
    },
    {
      "player_id": 640,
      "player_name": "Sanoj Kumar",
      "match_played": 2,
      "value": 2,
      "team_id": 30,
      "team": " UPY",
      "team_name": " UPY",
      "rank": "101",
      "position_id": 4,
      "position_name": "Defender, left cover"
    },
    {
      "player_id": 712,
      "player_name": "Rohit Kumar",
      "match_played": 7,
      "value": 2,
      "team_id": 30,
      "team": " UPY",
      "team_name": " UPY",
      "rank": "101",
      "position_id": 7,
      "position_name": "Defender, right cover"
    },
    {
      "player_id": 266,
      "player_name": "David Shilisia J Mosambayi",
      "match_played": 2,
      "value": 2,
      "team_id": 28,
      "team": " HS",
      "team_name": " HS",
      "rank": "101",
      "position_id": 8,
      "position_name": "Raider"
    },
    {
      "player_id": 157,
      "player_name": "Ravinder Pahal",
      "match_played": 19,
      "value": 2,
      "team_id": 1,
      "team": " Ben",
      "team_name": " Ben",
      "rank": "101",
      "position_id": 6,
      "position_name": "Defender, right corner"
    },
    {
      "player_id": 370,
      "player_name": "Ravindra Ramesh Kumawat",
      "match_played": 2,
      "value": 2,
      "team_id": 4,
      "team": " Kol",
      "team_name": " Kol",
      "rank": "101",
      "position_id": 1,
      "position_name": "All Rounder"
    },
    {
      "player_id": 735,
      "player_name": "Vishal",
      "match_played": 5,
      "value": 2,
      "team_id": 2,
      "team": " Del",
      "team_name": " Del",
      "rank": "101",
      "position_id": 1,
      "position_name": "All Rounder"
    },
    {
      "player_id": 173,
      "player_name": "Suresu Kumar",
      "match_played": 3,
      "value": 2,
      "team_id": 2,
      "team": " Del",
      "team_name": " Del",
      "rank": "101",
      "position_id": 8,
      "position_name": "Raider"
    },
    {
      "player_id": 765,
      "player_name": "Anil Kumar",
      "match_played": 2,
      "value": 1,
      "team_id": 4,
      "team": " Kol",
      "team_name": " Kol",
      "rank": "108",
      "position_id": 8,
      "position_name": "Raider"
    },
    {
      "player_id": 11,
      "player_name": "Dong Ju Hong",
      "match_played": 3,
      "value": 1,
      "team_id": 5,
      "team": " Ben, Mum",
      "team_name": " Ben, Mum",
      "rank": "108",
      "position_id": 1,
      "position_name": "All Rounder"
    },
    {
      "player_id": 732,
      "player_name": "Kuldeep Singh",
      "match_played": 5,
      "value": 1,
      "team_id": 28,
      "team": " HS",
      "team_name": " HS",
      "rank": "108",
      "position_id": 1,
      "position_name": "All Rounder"
    },
    {
      "player_id": 513,
      "player_name": "Yong Joo Ok",
      "match_played": 1,
      "value": 1,
      "team_id": 5,
      "team": " Mum",
      "team_name": " Mum",
      "rank": "108",
      "position_id": 1,
      "position_name": "All Rounder"
    },
    {
      "player_id": 769,
      "player_name": "Mahender Singh",
      "match_played": 22,
      "value": 1,
      "team_id": 1,
      "team": " Ben",
      "team_name": " Ben",
      "rank": "108",
      "position_id": 4,
      "position_name": "Defender, left cover"
    },
    {
      "player_id": 768,
      "player_name": "Vijay Kumar",
      "match_played": 8,
      "value": 1,
      "team_id": 29,
      "team": " TT",
      "team_name": " TT",
      "rank": "108",
      "position_id": 3,
      "position_name": "Defender, left corner"
    },
    {
      "player_id": 724,
      "player_name": "Darshan J.",
      "match_played": 20,
      "value": 1,
      "team_id": 29,
      "team": " TT",
      "team_name": " TT",
      "rank": "108",
      "position_id": 7,
      "position_name": "Defender, right cover"
    },
    {
      "player_id": 774,
      "player_name": "Munish",
      "match_played": 3,
      "value": 1,
      "team_id": 8,
      "team": " Hyd",
      "team_name": " Hyd",
      "rank": "108",
      "position_id": 8,
      "position_name": "Raider"
    },
    {
      "player_id": 489,
      "player_name": "Abozar Mohajermighani",
      "match_played": 24,
      "value": 1,
      "team_id": 31,
      "team": " GFG",
      "team_name": " GFG",
      "rank": "108",
      "position_id": 9,
      "position_name": "Defender"
    },
    {
      "player_id": 218,
      "player_name": "Sachin Kumar",
      "match_played": 9,
      "value": 1,
      "team_id": 1,
      "team": " Ben",
      "team_name": " Ben",
      "rank": "108",
      "position_id": 3,
      "position_name": "Defender, left corner"
    },
    {
      "player_id": 796,
      "player_name": "Rinku Narwal",
      "match_played": 13,
      "value": 1,
      "team_id": 7,
      "team": " Pun",
      "team_name": " Pun",
      "rank": "108",
      "position_id": 3,
      "position_name": "Defender, left corner"
    },
    {
      "player_id": 347,
      "player_name": "Sagar B Krishna",
      "match_played": 17,
      "value": 1,
      "team_id": 30,
      "team": " UPY",
      "team_name": " UPY",
      "rank": "108",
      "position_id": 1,
      "position_name": "All Rounder"
    },
    {
      "player_id": 272,
      "player_name": "Umesh Mhatre",
      "match_played": 5,
      "value": 1,
      "team_id": 7,
      "team": " Pun",
      "team_name": " Pun",
      "rank": "108",
      "position_id": 8,
      "position_name": "Raider"
    },
    {
      "player_id": 191,
      "player_name": "C. Arun",
      "match_played": 20,
      "value": 1,
      "team_id": 29,
      "team": " TT",
      "team_name": " TT",
      "rank": "108",
      "position_id": 4,
      "position_name": "Defender, left cover"
    },
    {
      "player_id": 368,
      "player_name": "Sunil Kumar",
      "match_played": 24,
      "value": 1,
      "team_id": 31,
      "team": " GFG",
      "team_name": " GFG",
      "rank": "108",
      "position_id": 7,
      "position_name": "Defender, right cover"
    }
  ],
  "language_lookup": {
    "stat": "Stat",
    "stat_id": "Stat Id",
    "minimum_criteria": "Minimum Criteria",
    "team_id": "Team Id",
    "team_name": "Team Name",
    "player_id": "Player Id",
    "player_name": "Player Name",
    "value": "Value",
    "match_played": "Match Played",
    "team": "Team",
    "tackles": "Tackles"
  }
}