{
  "stat": "Team Total Points",
  "stat_id": "96",
  "minimum_criteria": "",
  "data": [
    {
      "team_id": 6,
      "team_name": "Patna Pirates",
      "match_played": 16,
      "value": 594,
      "rank": "1"
    },
    {
      "team_id": 7,
      "team_name": "Puneri Paltan",
      "match_played": 16,
      "value": 510,
      "rank": "2"
    },
    {
      "team_id": 5,
      "team_name": "U Mumba",
      "match_played": 16,
      "value": 502,
      "rank": "3"
    },
    {
      "team_id": 4,
      "team_name": "Bengal Warriors",
      "match_played": 16,
      "value": 460,
      "rank": "4"
    },
    {
      "team_id": 8,
      "team_name": "Telugu Titans",
      "match_played": 14,
      "value": 427,
      "rank": "5"
    },
    {
      "team_id": 2,
      "team_name": "Dabang Delhi K.C.",
      "match_played": 14,
      "value": 384,
      "rank": "6"
    },
    {
      "team_id": 3,
      "team_name": "Jaipur Pink Panthers",
      "match_played": 14,
      "value": 364,
      "rank": "7"
    },
    {
      "team_id": 1,
      "team_name": "Bengaluru Bulls",
      "match_played": 14,
      "value": 362,
      "rank": "8"
    }
  ],
  "language_lookup": {
    "stat": "Stat",
    "stat_id": "Stat Id",
    "minimum_criteria": "Minimum Criteria",
    "team_id": "Team Id",
    "team_name": "Team Name",
    "player_id": "Player Id",
    "player_name": "Player Name",
    "value": "Value",
    "match_played": "Match Played",
    "team": "Team",
    "tackles": "Tackles"
  }
}