{
  "stat": "Player Avg Raid Points",
  "stat_id": "138",
  "minimum_criteria": "",
  "data": [
    {
      "player_id": 197,
      "player_name": "Pardeep Narwal",
      "match_played": 102,
      "value": 10.54,
      "team_id": 6,
      "team_name": "PAT",
      "rank": "1",
      "position_id": 8,
      "position_name": "Raider",
      "team_full_name": "Patna Pirates"
    },
    {
      "player_id": 2296,
      "player_name": "Naveen Kumar",
      "match_played": 38,
      "value": 9.71,
      "team_id": 2,
      "team_name": "DEL",
      "rank": "2",
      "position_id": 8,
      "position_name": "Raider",
      "team_full_name": "Dabang Delhi K.C."
    },
    {
      "player_id": 2026,
      "player_name": "Siddharth Sirish Desai",
      "match_played": 37,
      "value": 9.59,
      "team_id": 8,
      "team_name": "HYD",
      "rank": "3",
      "position_id": 8,
      "position_name": "Raider",
      "team_full_name": "Telugu Titans"
    },
    {
      "player_id": 143,
      "player_name": "Maninder Singh",
      "match_played": 76,
      "value": 8.97,
      "team_id": 4,
      "team_name": "KOL",
      "rank": "4",
      "position_id": 8,
      "position_name": "Raider",
      "team_full_name": "Bengal Warriors"
    },
    {
      "player_id": 81,
      "player_name": "Rahul Chaudhari",
      "match_played": 118,
      "value": 7.95,
      "team_id": 29,
      "team_name": "TT",
      "rank": "5",
      "position_id": 8,
      "position_name": "Raider",
      "team_full_name": "Tamil Thalaivas"
    },
    {
      "player_id": 318,
      "player_name": "Pawan Kumar Sehrawat",
      "match_played": 73,
      "value": 7.9,
      "team_id": 1,
      "team_name": "BEN",
      "rank": "6",
      "position_id": 8,
      "position_name": "Raider",
      "team_full_name": "Bengaluru Bulls"
    },
    {
      "player_id": 326,
      "player_name": "Rohit Kumar",
      "match_played": 89,
      "value": 7.55,
      "team_id": 1,
      "team_name": "BEN",
      "rank": "7",
      "position_id": 8,
      "position_name": "Raider",
      "team_full_name": "Bengaluru Bulls"
    },
    {
      "player_id": 366,
      "player_name": "Vikash Kandola",
      "match_played": 48,
      "value": 7.46,
      "team_id": 28,
      "team_name": "HS",
      "rank": "8",
      "position_id": 8,
      "position_name": "Raider",
      "team_full_name": "Haryana Steelers"
    },
    {
      "player_id": 757,
      "player_name": "Sachin Tanwar",
      "match_played": 62,
      "value": 6.97,
      "team_id": 31,
      "team_name": "GFG",
      "rank": "9",
      "position_id": 8,
      "position_name": "Raider",
      "team_full_name": "Gujarat Fortunegiants"
    },
    {
      "player_id": 26,
      "player_name": "Ajay Thakur",
      "match_played": 115,
      "value": 6.87,
      "team_id": 29,
      "team_name": "TT",
      "rank": "10",
      "position_id": 8,
      "position_name": "Raider",
      "team_full_name": "Tamil Thalaivas"
    },
    {
      "player_id": 41,
      "player_name": "Deepak Niwas Hooda",
      "match_played": 120,
      "value": 6.87,
      "team_id": 3,
      "team_name": "JAI",
      "rank": "10",
      "position_id": 1,
      "position_name": "All Rounder",
      "team_full_name": "Jaipur Pink Panthers"
    },
    {
      "player_id": 320,
      "player_name": "Nitin Tomar",
      "match_played": 64,
      "value": 6.76,
      "team_id": 7,
      "team_name": "PUN",
      "rank": "12",
      "position_id": 8,
      "position_name": "Raider",
      "team_full_name": "Puneri Paltan"
    },
    {
      "player_id": 388,
      "player_name": "Monu Goyat",
      "match_played": 68,
      "value": 6.66,
      "team_id": 30,
      "team_name": "UPY",
      "rank": "13",
      "position_id": 8,
      "position_name": "Raider",
      "team_full_name": "U.P. Yoddha"
    },
    {
      "player_id": 2661,
      "player_name": "Pankaj Mohite",
      "match_played": 15,
      "value": 6.53,
      "team_id": 7,
      "team_name": "PUN",
      "rank": "14",
      "position_id": 8,
      "position_name": "Raider",
      "team_full_name": "Puneri Paltan"
    },
    {
      "player_id": 2508,
      "player_name": "V. Ajith Kumar",
      "match_played": 15,
      "value": 6.36,
      "team_id": 29,
      "team_name": "TT",
      "rank": "15",
      "position_id": 8,
      "position_name": "Raider",
      "team_full_name": "Tamil Thalaivas"
    },
    {
      "player_id": 58,
      "player_name": "Kashiling Adake",
      "match_played": 92,
      "value": 6.1,
      "team_id": 1,
      "team_name": "BEN",
      "rank": "16",
      "position_id": 8,
      "position_name": "Raider",
      "team_full_name": "Bengaluru Bulls"
    },
    {
      "player_id": 124,
      "player_name": "Wazir Singh",
      "match_played": 47,
      "value": 6.04,
      "team_id": 28,
      "team_name": "HS",
      "rank": "17",
      "position_id": 8,
      "position_name": "Raider",
      "team_full_name": "Haryana Steelers"
    },
    {
      "player_id": 29,
      "player_name": "Anup Kumar",
      "match_played": 91,
      "value": 5.79,
      "team_id": 3,
      "team_name": "JAI",
      "rank": "18",
      "position_id": 8,
      "position_name": "Raider",
      "team_full_name": "Jaipur Pink Panthers"
    },
    {
      "player_id": 118,
      "player_name": "Surjeet Narwal",
      "match_played": 31,
      "value": 5.16,
      "team_id": 4,
      "team_name": "KOL",
      "rank": "19",
      "position_id": 8,
      "position_name": "Raider",
      "team_full_name": "Bengal Warriors"
    },
    {
      "player_id": 94,
      "player_name": "Rishank Devadiga",
      "match_played": 116,
      "value": 5.12,
      "team_id": 30,
      "team_name": "UPY",
      "rank": "20",
      "position_id": 8,
      "position_name": "Raider",
      "team_full_name": "U.P. Yoddha"
    },
    {
      "player_id": 106,
      "player_name": "Shrikant Jadhav",
      "match_played": 71,
      "value": 5.03,
      "team_id": 30,
      "team_name": "UPY",
      "rank": "21",
      "position_id": 8,
      "position_name": "Raider",
      "team_full_name": "U.P. Yoddha"
    },
    {
      "player_id": 36,
      "player_name": "Chandran Ranjit",
      "match_played": 57,
      "value": 5.0,
      "team_id": 2,
      "team_name": "DEL",
      "rank": "22",
      "position_id": 8,
      "position_name": "Raider",
      "team_full_name": "Dabang Delhi K.C."
    },
    {
      "player_id": 52,
      "player_name": "Jasvir Singh",
      "match_played": 77,
      "value": 5.0,
      "team_id": 29,
      "team_name": "TT",
      "rank": "22",
      "position_id": 8,
      "position_name": "Raider",
      "team_full_name": "Tamil Thalaivas"
    },
    {
      "player_id": 2488,
      "player_name": "Vinay",
      "match_played": 16,
      "value": 4.81,
      "team_id": 28,
      "team_name": "HS",
      "rank": "24",
      "position_id": 8,
      "position_name": "Raider",
      "team_full_name": "Haryana Steelers"
    },
    {
      "player_id": 2028,
      "player_name": "Abhishek Singh",
      "match_played": 29,
      "value": 4.62,
      "team_id": 5,
      "team_name": "MUM",
      "rank": "25",
      "position_id": 8,
      "position_name": "Raider",
      "team_full_name": "U Mumba"
    },
    {
      "player_id": 92,
      "player_name": "Ravi Dalal",
      "match_played": 38,
      "value": 4.55,
      "team_id": 2,
      "team_name": "DEL",
      "rank": "26",
      "position_id": 8,
      "position_name": "Raider",
      "team_full_name": "Dabang Delhi K.C."
    },
    {
      "player_id": 219,
      "player_name": "K. Prapanjan",
      "match_played": 80,
      "value": 4.53,
      "team_id": 4,
      "team_name": "KOL",
      "rank": "27",
      "position_id": 8,
      "position_name": "Raider",
      "team_full_name": "Bengal Warriors"
    },
    {
      "player_id": 763,
      "player_name": "Manjeet",
      "match_played": 40,
      "value": 4.47,
      "team_id": 7,
      "team_name": "PUN",
      "rank": "28",
      "position_id": 8,
      "position_name": "Raider",
      "team_full_name": "Puneri Paltan"
    },
    {
      "player_id": 75,
      "player_name": "Nitin Madane",
      "match_played": 37,
      "value": 4.46,
      "team_id": 5,
      "team_name": "MUM",
      "rank": "29",
      "position_id": 8,
      "position_name": "Raider",
      "team_full_name": "U Mumba"
    },
    {
      "player_id": 2024,
      "player_name": "Arjun Deshwal",
      "match_played": 18,
      "value": 4.44,
      "team_id": 5,
      "team_name": "MUM",
      "rank": "30",
      "position_id": 8,
      "position_name": "Raider",
      "team_full_name": "U Mumba"
    },
    {
      "player_id": 12,
      "player_name": "Jang Kun Lee",
      "match_played": 101,
      "value": 4.42,
      "team_id": 6,
      "team_name": "PAT",
      "rank": "31",
      "position_id": 8,
      "position_name": "Raider",
      "team_full_name": "Patna Pirates"
    },
    {
      "player_id": 2357,
      "player_name": "Naveen",
      "match_played": 34,
      "value": 4.24,
      "team_id": 28,
      "team_name": "HS",
      "rank": "32",
      "position_id": 8,
      "position_name": "Raider",
      "team_full_name": "Haryana Steelers"
    },
    {
      "player_id": 190,
      "player_name": "Sonu Narwal",
      "match_played": 33,
      "value": 4.18,
      "team_id": 7,
      "team_name": "PUN",
      "rank": "33",
      "position_id": 8,
      "position_name": "Raider",
      "team_full_name": "Puneri Paltan"
    },
    {
      "player_id": 261,
      "player_name": "Rohit Baliyan",
      "match_played": 65,
      "value": 4.17,
      "team_id": 5,
      "team_name": "MUM",
      "rank": "34",
      "position_id": 8,
      "position_name": "Raider",
      "team_full_name": "U Mumba"
    },
    {
      "player_id": 111,
      "player_name": "Sukesh Hegde",
      "match_played": 94,
      "value": 4.04,
      "team_id": 4,
      "team_name": "KOL",
      "rank": "35",
      "position_id": 8,
      "position_name": "Raider",
      "team_full_name": "Bengal Warriors"
    },
    {
      "player_id": 115,
      "player_name": "Suraj Desai",
      "match_played": 12,
      "value": 4.0,
      "team_id": 8,
      "team_name": "HYD",
      "rank": "36",
      "position_id": 8,
      "position_name": "Raider",
      "team_full_name": "Telugu Titans"
    },
    {
      "player_id": 244,
      "player_name": "Ravi V.",
      "match_played": 2,
      "value": 4.0,
      "team_id": 7,
      "team_name": "PUN",
      "rank": "36",
      "position_id": 8,
      "position_name": "Raider",
      "team_full_name": "Puneri Paltan"
    },
    {
      "player_id": 155,
      "player_name": "Prashanth Kumar Rai",
      "match_played": 91,
      "value": 3.98,
      "team_id": 28,
      "team_name": "HS",
      "rank": "38",
      "position_id": 8,
      "position_name": "Raider",
      "team_full_name": "Haryana Steelers"
    },
    {
      "player_id": 484,
      "player_name": "Mohammad Esmaeil Nabibakhsh",
      "match_played": 17,
      "value": 3.94,
      "team_id": 4,
      "team_name": "KOL",
      "rank": "39",
      "position_id": 1,
      "position_name": "All Rounder",
      "team_full_name": "Bengal Warriors"
    },
    {
      "player_id": 79,
      "player_name": "Pravin Niwale",
      "match_played": 17,
      "value": 3.88,
      "team_id": 2,
      "team_name": "DEL",
      "rank": "40",
      "position_id": 8,
      "position_name": "Raider",
      "team_full_name": "Dabang Delhi K.C."
    },
    {
      "player_id": 211,
      "player_name": "Deepak Narwal",
      "match_played": 78,
      "value": 3.81,
      "team_id": 3,
      "team_name": "JAI",
      "rank": "41",
      "position_id": 8,
      "position_name": "Raider",
      "team_full_name": "Jaipur Pink Panthers"
    },
    {
      "player_id": 156,
      "player_name": "Pawan Kumar Kadian",
      "match_played": 74,
      "value": 3.79,
      "team_id": 7,
      "team_name": "PUN",
      "rank": "42",
      "position_id": 8,
      "position_name": "Raider",
      "team_full_name": "Puneri Paltan"
    },
    {
      "player_id": 389,
      "player_name": "Ajay Kumar",
      "match_played": 50,
      "value": 3.79,
      "team_id": 31,
      "team_name": "GFG",
      "rank": "42",
      "position_id": 8,
      "position_name": "Raider",
      "team_full_name": "Gujarat Fortunegiants"
    },
    {
      "player_id": 293,
      "player_name": "Nilesh Salunke",
      "match_played": 76,
      "value": 3.78,
      "team_id": 3,
      "team_name": "JAI",
      "rank": "44",
      "position_id": 8,
      "position_name": "Raider",
      "team_full_name": "Jaipur Pink Panthers"
    },
    {
      "player_id": 119,
      "player_name": "CPO Surjeet Singh",
      "match_played": 48,
      "value": 3.67,
      "team_id": 29,
      "team_name": "TT",
      "rank": "45",
      "position_id": 8,
      "position_name": "Raider",
      "team_full_name": "Tamil Thalaivas"
    },
    {
      "player_id": 251,
      "player_name": "Meraj Sheykh",
      "match_played": 94,
      "value": 3.65,
      "team_id": 2,
      "team_name": "DEL",
      "rank": "46",
      "position_id": 1,
      "position_name": "All Rounder",
      "team_full_name": "Dabang Delhi K.C."
    },
    {
      "player_id": 731,
      "player_name": "Sandeep",
      "match_played": 5,
      "value": 3.5,
      "team_id": 7,
      "team_name": "PUN",
      "rank": "47",
      "position_id": 1,
      "position_name": "All Rounder",
      "team_full_name": "Puneri Paltan"
    },
    {
      "player_id": 174,
      "player_name": "Deepak Kumar Dahiya",
      "match_played": 53,
      "value": 3.42,
      "team_id": 7,
      "team_name": "PUN",
      "rank": "48",
      "position_id": 8,
      "position_name": "Raider",
      "team_full_name": "Puneri Paltan"
    },
    {
      "player_id": 168,
      "player_name": "Mangesh Bhagat",
      "match_played": 8,
      "value": 3.38,
      "team_id": 7,
      "team_name": "PUN",
      "rank": "49",
      "position_id": 8,
      "position_name": "Raider",
      "team_full_name": "Puneri Paltan"
    },
    {
      "player_id": 88,
      "player_name": "Rakesh Kumar",
      "match_played": 55,
      "value": 3.38,
      "team_id": 8,
      "team_name": "HYD",
      "rank": "49",
      "position_id": 1,
      "position_name": "All Rounder",
      "team_full_name": "Telugu Titans"
    },
    {
      "player_id": 686,
      "player_name": "Rohit Gulia",
      "match_played": 55,
      "value": 3.36,
      "team_id": 31,
      "team_name": "GFG",
      "rank": "51",
      "position_id": 1,
      "position_name": "All Rounder",
      "team_full_name": "Gujarat Fortunegiants"
    },
    {
      "player_id": 2286,
      "player_name": "Surender Gill",
      "match_played": 14,
      "value": 3.36,
      "team_id": 30,
      "team_name": "UPY",
      "rank": "51",
      "position_id": 8,
      "position_name": "Raider",
      "team_full_name": "U.P. Yoddha"
    },
    {
      "player_id": 86,
      "player_name": "Rajesh Narwal",
      "match_played": 92,
      "value": 3.26,
      "team_id": 2,
      "team_name": "DEL",
      "rank": "53",
      "position_id": 1,
      "position_name": "All Rounder",
      "team_full_name": "Dabang Delhi K.C."
    },
    {
      "player_id": 300,
      "player_name": "Abolfazl Maghsodloumahali",
      "match_played": 47,
      "value": 3.2,
      "team_id": 31,
      "team_name": "GFG",
      "rank": "54",
      "position_id": 8,
      "position_name": "Raider",
      "team_full_name": "Gujarat Fortunegiants"
    },
    {
      "player_id": 171,
      "player_name": "Pradeep Kumar",
      "match_played": 10,
      "value": 3.0,
      "team_id": 5,
      "team_name": "MUM",
      "rank": "55",
      "position_id": 8,
      "position_name": "Raider",
      "team_full_name": "U Mumba"
    },
    {
      "player_id": 2290,
      "player_name": "Rajnish",
      "match_played": 12,
      "value": 3.0,
      "team_id": 8,
      "team_name": "HYD",
      "rank": "55",
      "position_id": 8,
      "position_name": "Raider",
      "team_full_name": "Telugu Titans"
    },
    {
      "player_id": 2475,
      "player_name": "Ajinkya Ashok Pawar",
      "match_played": 31,
      "value": 3.0,
      "team_id": 3,
      "team_name": "JAI",
      "rank": "55",
      "position_id": 8,
      "position_name": "Raider",
      "team_full_name": "Jaipur Pink Panthers"
    },
    {
      "player_id": 772,
      "player_name": "More GB",
      "match_played": 43,
      "value": 2.98,
      "team_id": 31,
      "team_name": "GFG",
      "rank": "58",
      "position_id": 8,
      "position_name": "Raider",
      "team_full_name": "Gujarat Fortunegiants"
    },
    {
      "player_id": 791,
      "player_name": "Nitin Rawal",
      "match_played": 43,
      "value": 2.98,
      "team_id": 3,
      "team_name": "JAI",
      "rank": "58",
      "position_id": 1,
      "position_name": "All Rounder",
      "team_full_name": "Jaipur Pink Panthers"
    },
    {
      "player_id": 234,
      "player_name": "Surender Singh",
      "match_played": 48,
      "value": 2.96,
      "team_id": 30,
      "team_name": "UPY",
      "rank": "60",
      "position_id": 8,
      "position_name": "Raider",
      "team_full_name": "U.P. Yoddha"
    },
    {
      "player_id": 163,
      "player_name": "Mahendra Ganesh Rajput",
      "match_played": 62,
      "value": 2.95,
      "team_id": 31,
      "team_name": "GFG",
      "rank": "61",
      "position_id": 8,
      "position_name": "Raider",
      "team_full_name": "Gujarat Fortunegiants"
    },
    {
      "player_id": 85,
      "player_name": "Rajesh Mondal",
      "match_played": 89,
      "value": 2.92,
      "team_id": 7,
      "team_name": "PUN",
      "rank": "62",
      "position_id": 8,
      "position_name": "Raider",
      "team_full_name": "Puneri Paltan"
    },
    {
      "player_id": 376,
      "player_name": "Athul MS",
      "match_played": 35,
      "value": 2.91,
      "team_id": 5,
      "team_name": "MUM",
      "rank": "63",
      "position_id": 8,
      "position_name": "Raider",
      "team_full_name": "U Mumba"
    },
    {
      "player_id": 105,
      "player_name": "Shabeer Bappu",
      "match_played": 74,
      "value": 2.88,
      "team_id": 29,
      "team_name": "TT",
      "rank": "64",
      "position_id": 8,
      "position_name": "Raider",
      "team_full_name": "Tamil Thalaivas"
    },
    {
      "player_id": 231,
      "player_name": "Amit Om Prakash Rathi",
      "match_played": 16,
      "value": 2.88,
      "team_id": 31,
      "team_name": "GFG",
      "rank": "64",
      "position_id": 8,
      "position_name": "Raider",
      "team_full_name": "Gujarat Fortunegiants"
    },
    {
      "player_id": 264,
      "player_name": "Selvamani K",
      "match_played": 55,
      "value": 2.87,
      "team_id": 28,
      "team_name": "HS",
      "rank": "66",
      "position_id": 8,
      "position_name": "Raider",
      "team_full_name": "Haryana Steelers"
    },
    {
      "player_id": 55,
      "player_name": "Jitesh Joshi",
      "match_played": 19,
      "value": 2.79,
      "team_id": 7,
      "team_name": "PUN",
      "rank": "67",
      "position_id": 1,
      "position_name": "All Rounder",
      "team_full_name": "Puneri Paltan"
    },
    {
      "player_id": 2498,
      "player_name": "Sushil Gulia",
      "match_played": 7,
      "value": 2.71,
      "team_id": 3,
      "team_name": "JAI",
      "rank": "68",
      "position_id": 8,
      "position_name": "Raider",
      "team_full_name": "Jaipur Pink Panthers"
    },
    {
      "player_id": 66,
      "player_name": "Mahesh Goud",
      "match_played": 65,
      "value": 2.66,
      "team_id": 4,
      "team_name": "KOL",
      "rank": "69",
      "position_id": 8,
      "position_name": "Raider",
      "team_full_name": "Bengal Warriors"
    },
    {
      "player_id": 242,
      "player_name": "Tushar Patil",
      "match_played": 53,
      "value": 2.6,
      "team_id": 6,
      "team_name": "PAT",
      "rank": "70",
      "position_id": 8,
      "position_name": "Raider",
      "team_full_name": "Patna Pirates"
    },
    {
      "player_id": 277,
      "player_name": "Anil Shriram Nimbolkar",
      "match_played": 6,
      "value": 2.5,
      "team_id": 2,
      "team_name": "DEL",
      "rank": "71",
      "position_id": 8,
      "position_name": "Raider",
      "team_full_name": "Dabang Delhi K.C."
    },
    {
      "player_id": 324,
      "player_name": "Darshan Kadian",
      "match_played": 37,
      "value": 2.5,
      "team_id": 7,
      "team_name": "PUN",
      "rank": "71",
      "position_id": 8,
      "position_name": "Raider",
      "team_full_name": "Puneri Paltan"
    },
    {
      "player_id": 217,
      "player_name": "Rohit Kumar Choudary",
      "match_played": 38,
      "value": 2.45,
      "team_id": 30,
      "team_name": "UPY",
      "rank": "73",
      "position_id": 8,
      "position_name": "Raider",
      "team_full_name": "U.P. Yoddha"
    },
    {
      "player_id": 370,
      "player_name": "Ravindra Ramesh Kumawat",
      "match_played": 17,
      "value": 2.41,
      "team_id": 4,
      "team_name": "KOL",
      "rank": "74",
      "position_id": 8,
      "position_name": "Raider",
      "team_full_name": "Bengal Warriors"
    },
    {
      "player_id": 667,
      "player_name": "Elangeshwaran R",
      "match_played": 5,
      "value": 2.4,
      "team_id": 8,
      "team_name": "HYD",
      "rank": "75",
      "position_id": 1,
      "position_name": "All Rounder",
      "team_full_name": "Telugu Titans"
    },
    {
      "player_id": 182,
      "player_name": "Dinesh Kumar",
      "match_played": 8,
      "value": 2.38,
      "team_id": 4,
      "team_name": "KOL",
      "rank": "76",
      "position_id": 1,
      "position_name": "All Rounder",
      "team_full_name": "Bengal Warriors"
    },
    {
      "player_id": 69,
      "player_name": "Manjeet Chhillar",
      "match_played": 108,
      "value": 2.38,
      "team_id": 29,
      "team_name": "TT",
      "rank": "76",
      "position_id": 1,
      "position_name": "All Rounder",
      "team_full_name": "Tamil Thalaivas"
    },
    {
      "player_id": 16,
      "player_name": "Waleed Al Hasani",
      "match_played": 6,
      "value": 2.33,
      "team_id": 7,
      "team_name": "PUN",
      "rank": "78",
      "position_id": 8,
      "position_name": "Raider",
      "team_full_name": "Puneri Paltan"
    },
    {
      "player_id": 2266,
      "player_name": "Mahesh Maruti Magdum",
      "match_played": 4,
      "value": 2.33,
      "team_id": 1,
      "team_name": "BEN",
      "rank": "78",
      "position_id": 1,
      "position_name": "All Rounder",
      "team_full_name": "Bengaluru Bulls"
    },
    {
      "player_id": 718,
      "player_name": "R. Sriram",
      "match_played": 15,
      "value": 2.33,
      "team_id": 7,
      "team_name": "PUN",
      "rank": "78",
      "position_id": 8,
      "position_name": "Raider",
      "team_full_name": "Puneri Paltan"
    },
    {
      "player_id": 2485,
      "player_name": "Sonu Jaglan",
      "match_played": 12,
      "value": 2.33,
      "team_id": 31,
      "team_name": "GFG",
      "rank": "78",
      "position_id": 8,
      "position_name": "Raider",
      "team_full_name": "Gujarat Fortunegiants"
    },
    {
      "player_id": 684,
      "player_name": "Rakesh Gowda",
      "match_played": 7,
      "value": 2.29,
      "team_id": 8,
      "team_name": "HYD",
      "rank": "82",
      "position_id": 8,
      "position_name": "Raider",
      "team_full_name": "Telugu Titans"
    },
    {
      "player_id": 141,
      "player_name": "Sunil Jaipal",
      "match_played": 38,
      "value": 2.29,
      "team_id": 1,
      "team_name": "BEN",
      "rank": "82",
      "position_id": 8,
      "position_name": "Raider",
      "team_full_name": "Bengaluru Bulls"
    },
    {
      "player_id": 745,
      "player_name": "Vijay",
      "match_played": 55,
      "value": 2.2,
      "team_id": 2,
      "team_name": "DEL",
      "rank": "84",
      "position_id": 1,
      "position_name": "All Rounder",
      "team_full_name": "Dabang Delhi K.C."
    },
    {
      "player_id": 2298,
      "player_name": "Armaan",
      "match_played": 10,
      "value": 2.2,
      "team_id": 8,
      "team_name": "HYD",
      "rank": "84",
      "position_id": 1,
      "position_name": "All Rounder",
      "team_full_name": "Telugu Titans"
    },
    {
      "player_id": 2682,
      "player_name": "Amit Kumar",
      "match_played": 5,
      "value": 2.2,
      "team_id": 7,
      "team_name": "PUN",
      "rank": "84",
      "position_id": 1,
      "position_name": "All Rounder",
      "team_full_name": "Puneri Paltan"
    },
    {
      "player_id": 522,
      "player_name": "Dong Geon Lee",
      "match_played": 32,
      "value": 2.19,
      "team_id": 5,
      "team_name": "MUM",
      "rank": "87",
      "position_id": 8,
      "position_name": "Raider",
      "team_full_name": "U Mumba"
    },
    {
      "player_id": 372,
      "player_name": "Harish Naik",
      "match_played": 21,
      "value": 2.14,
      "team_id": 1,
      "team_name": "BEN",
      "rank": "88",
      "position_id": 8,
      "position_name": "Raider",
      "team_full_name": "Bengaluru Bulls"
    },
    {
      "player_id": 762,
      "player_name": "Vikas Kumar",
      "match_played": 14,
      "value": 2.14,
      "team_id": 8,
      "team_name": "HYD",
      "rank": "88",
      "position_id": 8,
      "position_name": "Raider",
      "team_full_name": "Telugu Titans"
    },
    {
      "player_id": 243,
      "player_name": "Sanjay Kumar",
      "match_played": 8,
      "value": 2.14,
      "team_id": 6,
      "team_name": "PAT",
      "rank": "88",
      "position_id": 1,
      "position_name": "All Rounder",
      "team_full_name": "Patna Pirates"
    },
    {
      "player_id": 142,
      "player_name": "Sandeep Narwal",
      "match_played": 117,
      "value": 2.13,
      "team_id": 5,
      "team_name": "MUM",
      "rank": "91",
      "position_id": 1,
      "position_name": "All Rounder",
      "team_full_name": "U Mumba"
    },
    {
      "player_id": 204,
      "player_name": "Rakesh Narwal",
      "match_played": 25,
      "value": 2.08,
      "team_id": 4,
      "team_name": "KOL",
      "rank": "92",
      "position_id": 8,
      "position_name": "Raider",
      "team_full_name": "Bengal Warriors"
    },
    {
      "player_id": 2316,
      "player_name": "Azad Singh",
      "match_played": 13,
      "value": 2.08,
      "team_id": 30,
      "team_name": "UPY",
      "rank": "92",
      "position_id": 8,
      "position_name": "Raider",
      "team_full_name": "U.P. Yoddha"
    },
    {
      "player_id": 67,
      "player_name": "Mahipal Narwal",
      "match_played": 34,
      "value": 2.04,
      "team_id": 31,
      "team_name": "GFG",
      "rank": "94",
      "position_id": 1,
      "position_name": "All Rounder",
      "team_full_name": "Gujarat Fortunegiants"
    },
    {
      "player_id": 232,
      "player_name": "Sachin Vittala",
      "match_played": 26,
      "value": 2.0,
      "team_id": 31,
      "team_name": "GFG",
      "rank": "95",
      "position_id": 3,
      "position_name": "Defender, left corner",
      "team_full_name": "Gujarat Fortunegiants"
    },
    {
      "player_id": 313,
      "player_name": "Virender Wazir Singh",
      "match_played": 7,
      "value": 2.0,
      "team_id": 4,
      "team_name": "KOL",
      "rank": "95",
      "position_id": 8,
      "position_name": "Raider",
      "team_full_name": "Bengal Warriors"
    },
    {
      "player_id": 2321,
      "player_name": "Ankush",
      "match_played": 3,
      "value": 2.0,
      "team_id": 30,
      "team_name": "UPY",
      "rank": "95",
      "position_id": 8,
      "position_name": "Raider",
      "team_full_name": "U.P. Yoddha"
    },
    {
      "player_id": 771,
      "player_name": "Suresh Kumar",
      "match_played": 11,
      "value": 2.0,
      "team_id": 7,
      "team_name": "PUN",
      "rank": "95",
      "position_id": 8,
      "position_name": "Raider",
      "team_full_name": "Puneri Paltan"
    },
    {
      "player_id": 2257,
      "player_name": "Victor Onyango Obiero",
      "match_played": 6,
      "value": 2.0,
      "team_id": 29,
      "team_name": "TT",
      "rank": "95",
      "position_id": 1,
      "position_name": "All Rounder",
      "team_full_name": "Tamil Thalaivas"
    },
    {
      "player_id": 387,
      "player_name": "Vinod Kumar",
      "match_played": 29,
      "value": 2.0,
      "team_id": 1,
      "team_name": "BEN",
      "rank": "95",
      "position_id": 8,
      "position_name": "Raider",
      "team_full_name": "Bengaluru Bulls"
    },
    {
      "player_id": 689,
      "player_name": "Mohan Raman G",
      "match_played": 4,
      "value": 2.0,
      "team_id": 5,
      "team_name": "MUM",
      "rank": "95",
      "position_id": 8,
      "position_name": "Raider",
      "team_full_name": "U Mumba"
    },
    {
      "player_id": 46,
      "player_name": "Gurvinder Singh",
      "match_played": 45,
      "value": 1.95,
      "team_id": 31,
      "team_name": "GFG",
      "rank": "102",
      "position_id": 8,
      "position_name": "Raider",
      "team_full_name": "Gujarat Fortunegiants"
    },
    {
      "player_id": 648,
      "player_name": "Ajit Singh",
      "match_played": 17,
      "value": 1.88,
      "team_id": 3,
      "team_name": "JAI",
      "rank": "103",
      "position_id": 8,
      "position_name": "Raider",
      "team_full_name": "Jaipur Pink Panthers"
    },
    {
      "player_id": 571,
      "player_name": "Mohammad Esmaeil Maghsoudlou Mahalli",
      "match_played": 16,
      "value": 1.87,
      "team_id": 6,
      "team_name": "PAT",
      "rank": "104",
      "position_id": 8,
      "position_name": "Raider",
      "team_full_name": "Patna Pirates"
    },
    {
      "player_id": 107,
      "player_name": "Shrikant Tewthia",
      "match_played": 71,
      "value": 1.86,
      "team_id": 4,
      "team_name": "KOL",
      "rank": "105",
      "position_id": 1,
      "position_name": "All Rounder",
      "team_full_name": "Bengal Warriors"
    },
    {
      "player_id": 309,
      "player_name": "Manpreet Singh",
      "match_played": 13,
      "value": 1.85,
      "team_id": 6,
      "team_name": "PAT",
      "rank": "106",
      "position_id": 8,
      "position_name": "Raider",
      "team_full_name": "Patna Pirates"
    },
    {
      "player_id": 245,
      "player_name": "Yogesh Hooda",
      "match_played": 21,
      "value": 1.84,
      "team_id": 2,
      "team_name": "DEL",
      "rank": "107",
      "position_id": 8,
      "position_name": "Raider",
      "team_full_name": "Dabang Delhi K.C."
    },
    {
      "player_id": 576,
      "player_name": "Anand Patil",
      "match_played": 26,
      "value": 1.84,
      "team_id": 3,
      "team_name": "JAI",
      "rank": "107",
      "position_id": 8,
      "position_name": "Raider",
      "team_full_name": "Jaipur Pink Panthers"
    },
    {
      "player_id": 567,
      "player_name": "Mohsen Maghsoudloujafari",
      "match_played": 45,
      "value": 1.76,
      "team_id": 30,
      "team_name": "UPY",
      "rank": "109",
      "position_id": 1,
      "position_name": "All Rounder",
      "team_full_name": "U.P. Yoddha"
    },
    {
      "player_id": 172,
      "player_name": "Vinoth Kumar",
      "match_played": 17,
      "value": 1.76,
      "team_id": 5,
      "team_name": "MUM",
      "rank": "109",
      "position_id": 8,
      "position_name": "Raider",
      "team_full_name": "U Mumba"
    },
    {
      "player_id": 195,
      "player_name": "Ashish Chhokar",
      "match_played": 12,
      "value": 1.75,
      "team_id": 4,
      "team_name": "KOL",
      "rank": "111",
      "position_id": 8,
      "position_name": "Raider",
      "team_full_name": "Bengal Warriors"
    },
    {
      "player_id": 2325,
      "player_name": "Anand",
      "match_played": 8,
      "value": 1.75,
      "team_id": 29,
      "team_name": "TT",
      "rank": "111",
      "position_id": 8,
      "position_name": "Raider",
      "team_full_name": "Tamil Thalaivas"
    },
    {
      "player_id": 363,
      "player_name": "Sumit Singh",
      "match_played": 30,
      "value": 1.69,
      "team_id": 1,
      "team_name": "BEN",
      "rank": "113",
      "position_id": 8,
      "position_name": "Raider",
      "team_full_name": "Bengaluru Bulls"
    },
    {
      "player_id": 21,
      "player_name": "Sinotharan Kanesharajah",
      "match_played": 3,
      "value": 1.67,
      "team_id": 1,
      "team_name": "BEN",
      "rank": "114",
      "position_id": 8,
      "position_name": "Raider",
      "team_full_name": "Bengaluru Bulls"
    },
    {
      "player_id": 2314,
      "player_name": "Dharmender",
      "match_played": 4,
      "value": 1.67,
      "team_id": 31,
      "team_name": "GFG",
      "rank": "114",
      "position_id": 8,
      "position_name": "Raider",
      "team_full_name": "Gujarat Fortunegiants"
    },
    {
      "player_id": 2507,
      "player_name": "Amit Kumar",
      "match_played": 3,
      "value": 1.67,
      "team_id": 6,
      "team_name": "PAT",
      "rank": "114",
      "position_id": 1,
      "position_name": "All Rounder",
      "team_full_name": "Patna Pirates"
    },
    {
      "player_id": 2307,
      "player_name": "Kamal Singh",
      "match_played": 11,
      "value": 1.63,
      "team_id": 8,
      "team_name": "HYD",
      "rank": "117",
      "position_id": 8,
      "position_name": "Raider",
      "team_full_name": "Telugu Titans"
    },
    {
      "player_id": 795,
      "player_name": "Monu",
      "match_played": 50,
      "value": 1.63,
      "team_id": 6,
      "team_name": "PAT",
      "rank": "117",
      "position_id": 8,
      "position_name": "Raider",
      "team_full_name": "Patna Pirates"
    },
    {
      "player_id": 644,
      "player_name": "Anand Surendra Tomar",
      "match_played": 5,
      "value": 1.6,
      "team_id": 28,
      "team_name": "HS",
      "rank": "119",
      "position_id": 8,
      "position_name": "Raider",
      "team_full_name": "Haryana Steelers"
    },
    {
      "player_id": 285,
      "player_name": "Anil Kashinath Patil",
      "match_played": 5,
      "value": 1.6,
      "team_id": 3,
      "team_name": "JAI",
      "rank": "119",
      "position_id": 1,
      "position_name": "All Rounder",
      "team_full_name": "Jaipur Pink Panthers"
    },
    {
      "player_id": 238,
      "player_name": "Isac Antony",
      "match_played": 9,
      "value": 1.57,
      "team_id": 8,
      "team_name": "HYD",
      "rank": "121",
      "position_id": 8,
      "position_name": "Raider",
      "team_full_name": "Telugu Titans"
    },
    {
      "player_id": 696,
      "player_name": "M. Thivakaran",
      "match_played": 9,
      "value": 1.56,
      "team_id": 29,
      "team_name": "TT",
      "rank": "122",
      "position_id": 8,
      "position_name": "Raider",
      "team_full_name": "Tamil Thalaivas"
    },
    {
      "player_id": 2291,
      "player_name": "Amit Kumar",
      "match_played": 18,
      "value": 1.56,
      "team_id": 7,
      "team_name": "PUN",
      "rank": "122",
      "position_id": 8,
      "position_name": "Raider",
      "team_full_name": "Puneri Paltan"
    },
    {
      "player_id": 371,
      "player_name": "Amit Nagar",
      "match_played": 12,
      "value": 1.55,
      "team_id": 4,
      "team_name": "KOL",
      "rank": "124",
      "position_id": 8,
      "position_name": "Raider",
      "team_full_name": "Bengal Warriors"
    },
    {
      "player_id": 173,
      "player_name": "Suresu Kumar",
      "match_played": 21,
      "value": 1.55,
      "team_id": 2,
      "team_name": "DEL",
      "rank": "124",
      "position_id": 8,
      "position_name": "Raider",
      "team_full_name": "Dabang Delhi K.C."
    },
    {
      "player_id": 34,
      "player_name": "Bhupender Singh",
      "match_played": 47,
      "value": 1.54,
      "team_id": 4,
      "team_name": "KOL",
      "rank": "126",
      "position_id": 1,
      "position_name": "All Rounder",
      "team_full_name": "Bengal Warriors"
    },
    {
      "player_id": 837,
      "player_name": "Rakshith",
      "match_played": 17,
      "value": 1.53,
      "team_id": 8,
      "team_name": "HYD",
      "rank": "127",
      "position_id": 8,
      "position_name": "Raider",
      "team_full_name": "Telugu Titans"
    },
    {
      "player_id": 2278,
      "player_name": "Bhanu Pratap Tomar",
      "match_played": 6,
      "value": 1.5,
      "team_id": 30,
      "team_name": "UPY",
      "rank": "128",
      "position_id": 8,
      "position_name": "Raider",
      "team_full_name": "U.P. Yoddha"
    },
    {
      "player_id": 272,
      "player_name": "Umesh Mhatre",
      "match_played": 13,
      "value": 1.46,
      "team_id": 7,
      "team_name": "PUN",
      "rank": "129",
      "position_id": 8,
      "position_name": "Raider",
      "team_full_name": "Puneri Paltan"
    },
    {
      "player_id": 764,
      "player_name": "Vinod Kumar",
      "match_played": 44,
      "value": 1.44,
      "team_id": 31,
      "team_name": "GFG",
      "rank": "130",
      "position_id": 1,
      "position_name": "All Rounder",
      "team_full_name": "Gujarat Fortunegiants"
    },
    {
      "player_id": 248,
      "player_name": "Sandeep Kandola",
      "match_played": 16,
      "value": 1.38,
      "team_id": 8,
      "team_name": "HYD",
      "rank": "131",
      "position_id": 3,
      "position_name": "Defender, left corner",
      "team_full_name": "Telugu Titans"
    },
    {
      "player_id": 160,
      "player_name": "Ran Singh",
      "match_played": 116,
      "value": 1.36,
      "team_id": 29,
      "team_name": "TT",
      "rank": "132",
      "position_id": 1,
      "position_name": "All Rounder",
      "team_full_name": "Tamil Thalaivas"
    },
    {
      "player_id": 2666,
      "player_name": "Harmanjit Singh",
      "match_played": 3,
      "value": 1.33,
      "team_id": 31,
      "team_name": "GFG",
      "rank": "133",
      "position_id": 8,
      "position_name": "Raider",
      "team_full_name": "Gujarat Fortunegiants"
    },
    {
      "player_id": 365,
      "player_name": "Akshay Jadhav",
      "match_played": 29,
      "value": 1.32,
      "team_id": 7,
      "team_name": "PUN",
      "rank": "134",
      "position_id": 8,
      "position_name": "Raider",
      "team_full_name": "Puneri Paltan"
    },
    {
      "player_id": 10,
      "player_name": "Simon Kibura",
      "match_played": 9,
      "value": 1.29,
      "team_id": 4,
      "team_name": "KOL",
      "rank": "135",
      "position_id": 8,
      "position_name": "Raider",
      "team_full_name": "Bengal Warriors"
    },
    {
      "player_id": 56,
      "player_name": "Kalimuthu Balamahendran",
      "match_played": 23,
      "value": 1.2,
      "team_id": 8,
      "team_name": "HYD",
      "rank": "136",
      "position_id": 3,
      "position_name": "Defender, left corner",
      "team_full_name": "Telugu Titans"
    },
    {
      "player_id": 180,
      "player_name": "Kedar Lal",
      "match_played": 10,
      "value": 1.2,
      "team_id": 4,
      "team_name": "KOL",
      "rank": "136",
      "position_id": 8,
      "position_name": "Raider",
      "team_full_name": "Bengal Warriors"
    },
    {
      "player_id": 482,
      "player_name": "Farhad Rahimi Milaghardan",
      "match_played": 56,
      "value": 1.19,
      "team_id": 8,
      "team_name": "HYD",
      "rank": "138",
      "position_id": 1,
      "position_name": "All Rounder",
      "team_full_name": "Telugu Titans"
    },
    {
      "player_id": 786,
      "player_name": "Parvesh",
      "match_played": 6,
      "value": 1.17,
      "team_id": 7,
      "team_name": "PUN",
      "rank": "139",
      "position_id": 8,
      "position_name": "Raider",
      "team_full_name": "Puneri Paltan"
    },
    {
      "player_id": 2322,
      "player_name": "Ankit Beniwal",
      "match_played": 6,
      "value": 1.17,
      "team_id": 8,
      "team_name": "HYD",
      "rank": "139",
      "position_id": 8,
      "position_name": "Raider",
      "team_full_name": "Telugu Titans"
    },
    {
      "player_id": 121,
      "player_name": "Vikas Jaglan",
      "match_played": 44,
      "value": 1.17,
      "team_id": 6,
      "team_name": "PAT",
      "rank": "139",
      "position_id": 1,
      "position_name": "All Rounder",
      "team_full_name": "Patna Pirates"
    },
    {
      "player_id": 2660,
      "player_name": "Sushant Sail",
      "match_played": 7,
      "value": 1.14,
      "team_id": 7,
      "team_name": "PUN",
      "rank": "142",
      "position_id": 8,
      "position_name": "Raider",
      "team_full_name": "Puneri Paltan"
    },
    {
      "player_id": 2503,
      "player_name": "Banty",
      "match_played": 9,
      "value": 1.13,
      "team_id": 1,
      "team_name": "BEN",
      "rank": "143",
      "position_id": 8,
      "position_name": "Raider",
      "team_full_name": "Bengaluru Bulls"
    },
    {
      "player_id": 252,
      "player_name": "Kuldeep Singh",
      "match_played": 66,
      "value": 1.13,
      "team_id": 6,
      "team_name": "PAT",
      "rank": "143",
      "position_id": 1,
      "position_name": "All Rounder",
      "team_full_name": "Patna Pirates"
    },
    {
      "player_id": 2274,
      "player_name": "C Manoj Kumar",
      "match_played": 12,
      "value": 1.11,
      "team_id": 8,
      "team_name": "HYD",
      "rank": "145",
      "position_id": 4,
      "position_name": "Defender, left cover",
      "team_full_name": "Telugu Titans"
    },
    {
      "player_id": 2494,
      "player_name": "Sachin Narwal",
      "match_played": 11,
      "value": 1.1,
      "team_id": 3,
      "team_name": "JAI",
      "rank": "146",
      "position_id": 1,
      "position_name": "All Rounder",
      "team_full_name": "Jaipur Pink Panthers"
    },
    {
      "player_id": 2476,
      "player_name": "Amit Kumar",
      "match_played": 17,
      "value": 1.09,
      "team_id": 3,
      "team_name": "JAI",
      "rank": "147",
      "position_id": 8,
      "position_name": "Raider",
      "team_full_name": "Jaipur Pink Panthers"
    },
    {
      "player_id": 268,
      "player_name": "Vineet Sharma",
      "match_played": 40,
      "value": 1.08,
      "team_id": 29,
      "team_name": "TT",
      "rank": "148",
      "position_id": 8,
      "position_name": "Raider",
      "team_full_name": "Tamil Thalaivas"
    },
    {
      "player_id": 278,
      "player_name": "Gnanasekaran M",
      "match_played": 8,
      "value": 1.0,
      "team_id": 2,
      "team_name": "DEL",
      "rank": "149",
      "position_id": 6,
      "position_name": "Defender, right corner",
      "team_full_name": "Dabang Delhi K.C."
    },
    {
      "player_id": 108,
      "player_name": "Shyam Kumar Sah",
      "match_played": 27,
      "value": 1.0,
      "team_id": 4,
      "team_name": "KOL",
      "rank": "149",
      "position_id": 4,
      "position_name": "Defender, left cover",
      "team_full_name": "Bengal Warriors"
    },
    {
      "player_id": 68,
      "player_name": "Mandeep Kumar",
      "match_played": 7,
      "value": 1.0,
      "team_id": 6,
      "team_name": "PAT",
      "rank": "149",
      "position_id": 8,
      "position_name": "Raider",
      "team_full_name": "Patna Pirates"
    },
    {
      "player_id": 14,
      "player_name": "Tae Deok Eom",
      "match_played": 35,
      "value": 1.0,
      "team_id": 6,
      "team_name": "PAT",
      "rank": "149",
      "position_id": 1,
      "position_name": "All Rounder",
      "team_full_name": "Patna Pirates"
    },
    {
      "player_id": 32,
      "player_name": "Balbir Singh",
      "match_played": 10,
      "value": 1.0,
      "team_id": 3,
      "team_name": "JAI",
      "rank": "149",
      "position_id": 1,
      "position_name": "All Rounder",
      "team_full_name": "Jaipur Pink Panthers"
    },
    {
      "player_id": 2315,
      "player_name": "Bhuvneshwar Gaur",
      "match_played": 6,
      "value": 1.0,
      "team_id": 28,
      "team_name": "HS",
      "rank": "149",
      "position_id": 8,
      "position_name": "Raider",
      "team_full_name": "Haryana Steelers"
    },
    {
      "player_id": 2302,
      "player_name": "Mithin Kumar",
      "match_played": 3,
      "value": 1.0,
      "team_id": 4,
      "team_name": "KOL",
      "rank": "149",
      "position_id": 8,
      "position_name": "Raider",
      "team_full_name": "Bengal Warriors"
    },
    {
      "player_id": 2021,
      "player_name": "Anand V",
      "match_played": 3,
      "value": 1.0,
      "team_id": 1,
      "team_name": "BEN",
      "rank": "149",
      "position_id": 8,
      "position_name": "Raider",
      "team_full_name": "Bengaluru Bulls"
    },
    {
      "player_id": 738,
      "player_name": "Rahul Choudhary",
      "match_played": 5,
      "value": 1.0,
      "team_id": 3,
      "team_name": "JAI",
      "rank": "149",
      "position_id": 8,
      "position_name": "Raider",
      "team_full_name": "Jaipur Pink Panthers"
    },
    {
      "player_id": 698,
      "player_name": "Vishav Chaudhary",
      "match_played": 2,
      "value": 1.0,
      "team_id": 30,
      "team_name": "UPY",
      "rank": "149",
      "position_id": 4,
      "position_name": "Defender, left cover",
      "team_full_name": "U.P. Yoddha"
    },
    {
      "player_id": 380,
      "player_name": "Vikash Kumar",
      "match_played": 6,
      "value": 1.0,
      "team_id": 5,
      "team_name": "MUM",
      "rank": "149",
      "position_id": 8,
      "position_name": "Raider",
      "team_full_name": "U Mumba"
    },
    {
      "player_id": 70,
      "player_name": "Manoj Kumar",
      "match_played": 52,
      "value": 0.93,
      "team_id": 31,
      "team_name": "GFG",
      "rank": "160",
      "position_id": 4,
      "position_name": "Defender, left cover",
      "team_full_name": "Gujarat Fortunegiants"
    },
    {
      "player_id": 200,
      "player_name": "Mohammad Maghshoudulu",
      "match_played": 18,
      "value": 0.88,
      "team_id": 6,
      "team_name": "PAT",
      "rank": "161",
      "position_id": 1,
      "position_name": "All Rounder",
      "team_full_name": "Patna Pirates"
    },
    {
      "player_id": 266,
      "player_name": "David Shilisia J Mosambayi",
      "match_played": 7,
      "value": 0.86,
      "team_id": 3,
      "team_name": "JAI",
      "rank": "162",
      "position_id": 8,
      "position_name": "Raider",
      "team_full_name": "Jaipur Pink Panthers"
    },
    {
      "player_id": 218,
      "player_name": "Sachin Kumar",
      "match_played": 46,
      "value": 0.84,
      "team_id": 30,
      "team_name": "UPY",
      "rank": "163",
      "position_id": 1,
      "position_name": "All Rounder",
      "team_full_name": "U.P. Yoddha"
    },
    {
      "player_id": 150,
      "player_name": "Parmod Narwal",
      "match_played": 35,
      "value": 0.84,
      "team_id": 28,
      "team_name": "HS",
      "rank": "163",
      "position_id": 1,
      "position_name": "All Rounder",
      "team_full_name": "Haryana Steelers"
    },
    {
      "player_id": 194,
      "player_name": "Joginder Singh Narwal",
      "match_played": 76,
      "value": 0.8,
      "team_id": 2,
      "team_name": "DEL",
      "rank": "165",
      "position_id": 3,
      "position_name": "Defender, left corner",
      "team_full_name": "Dabang Delhi K.C."
    },
    {
      "player_id": 2478,
      "player_name": "Purna Singh",
      "match_played": 5,
      "value": 0.8,
      "team_id": 6,
      "team_name": "PAT",
      "rank": "165",
      "position_id": 8,
      "position_name": "Raider",
      "team_full_name": "Patna Pirates"
    },
    {
      "player_id": 722,
      "player_name": "D. Pradap",
      "match_played": 29,
      "value": 0.78,
      "team_id": 29,
      "team_name": "TT",
      "rank": "167",
      "position_id": 1,
      "position_name": "All Rounder",
      "team_full_name": "Tamil Thalaivas"
    },
    {
      "player_id": 660,
      "player_name": "Bhavani Rajput",
      "match_played": 4,
      "value": 0.75,
      "team_id": 29,
      "team_name": "TT",
      "rank": "168",
      "position_id": 8,
      "position_name": "Raider",
      "team_full_name": "Tamil Thalaivas"
    },
    {
      "player_id": 605,
      "player_name": "Shubham Ashok Palkar",
      "match_played": 12,
      "value": 0.75,
      "team_id": 31,
      "team_name": "GFG",
      "rank": "168",
      "position_id": 8,
      "position_name": "Raider",
      "team_full_name": "Gujarat Fortunegiants"
    },
    {
      "player_id": 647,
      "player_name": "Gulveer Singh",
      "match_played": 4,
      "value": 0.75,
      "team_id": 30,
      "team_name": "UPY",
      "rank": "168",
      "position_id": 8,
      "position_name": "Raider",
      "team_full_name": "U.P. Yoddha"
    },
    {
      "player_id": 2318,
      "player_name": "Arun Kumar HN",
      "match_played": 4,
      "value": 0.75,
      "team_id": 28,
      "team_name": "HS",
      "rank": "168",
      "position_id": 8,
      "position_name": "Raider",
      "team_full_name": "Haryana Steelers"
    },
    {
      "player_id": 249,
      "player_name": "Hadi Oshtorak",
      "match_played": 67,
      "value": 0.75,
      "team_id": 6,
      "team_name": "PAT",
      "rank": "168",
      "position_id": 1,
      "position_name": "All Rounder",
      "team_full_name": "Patna Pirates"
    },
    {
      "player_id": 89,
      "player_name": "Ram Kumar Sah",
      "match_played": 11,
      "value": 0.75,
      "team_id": 2,
      "team_name": "DEL",
      "rank": "168",
      "position_id": 4,
      "position_name": "Defender, left cover",
      "team_full_name": "Dabang Delhi K.C."
    },
    {
      "player_id": 80,
      "player_name": "Punit Kumar Teotia",
      "match_played": 4,
      "value": 0.75,
      "team_id": 2,
      "team_name": "DEL",
      "rank": "168",
      "position_id": 8,
      "position_name": "Raider",
      "team_full_name": "Dabang Delhi K.C."
    },
    {
      "player_id": 13,
      "player_name": "Seong Ryeol Kim",
      "match_played": 15,
      "value": 0.75,
      "team_id": 31,
      "team_name": "GFG",
      "rank": "168",
      "position_id": 9,
      "position_name": "Defender",
      "team_full_name": "Gujarat Fortunegiants"
    },
    {
      "player_id": 44,
      "player_name": "Gangadhari Mallesh",
      "match_played": 36,
      "value": 0.73,
      "team_id": 3,
      "team_name": "JAI",
      "rank": "176",
      "position_id": 8,
      "position_name": "Raider",
      "team_full_name": "Jaipur Pink Panthers"
    },
    {
      "player_id": 97,
      "player_name": "Rupesh Tomar",
      "match_played": 15,
      "value": 0.71,
      "team_id": 2,
      "team_name": "DEL",
      "rank": "177",
      "position_id": 1,
      "position_name": "All Rounder",
      "team_full_name": "Dabang Delhi K.C."
    },
    {
      "player_id": 260,
      "player_name": "Vijay Malik",
      "match_played": 7,
      "value": 0.71,
      "team_id": 6,
      "team_name": "PAT",
      "rank": "177",
      "position_id": 8,
      "position_name": "Raider",
      "team_full_name": "Patna Pirates"
    },
    {
      "player_id": 2504,
      "player_name": "Ashish",
      "match_played": 7,
      "value": 0.71,
      "team_id": 6,
      "team_name": "PAT",
      "rank": "177",
      "position_id": 8,
      "position_name": "Raider",
      "team_full_name": "Patna Pirates"
    },
    {
      "player_id": 2306,
      "player_name": "Lalit Chaudhary",
      "match_played": 7,
      "value": 0.71,
      "team_id": 31,
      "team_name": "GFG",
      "rank": "177",
      "position_id": 8,
      "position_name": "Raider",
      "team_full_name": "Gujarat Fortunegiants"
    },
    {
      "player_id": 202,
      "player_name": "Ashish Kumar",
      "match_played": 82,
      "value": 0.7,
      "team_id": 1,
      "team_name": "BEN",
      "rank": "181",
      "position_id": 1,
      "position_name": "All Rounder",
      "team_full_name": "Bengaluru Bulls"
    },
    {
      "player_id": 225,
      "player_name": "Sandeep Tomar",
      "match_played": 3,
      "value": 0.67,
      "team_id": 2,
      "team_name": "DEL",
      "rank": "182",
      "position_id": 8,
      "position_name": "Raider",
      "team_full_name": "Dabang Delhi K.C."
    },
    {
      "player_id": 267,
      "player_name": "Amit Kumar Tomar",
      "match_played": 9,
      "value": 0.67,
      "team_id": 2,
      "team_name": "DEL",
      "rank": "182",
      "position_id": 8,
      "position_name": "Raider",
      "team_full_name": "Dabang Delhi K.C."
    },
    {
      "player_id": 2683,
      "player_name": "Palle Mallikarjun",
      "match_played": 3,
      "value": 0.67,
      "team_id": 8,
      "team_name": "HYD",
      "rank": "182",
      "position_id": 8,
      "position_name": "Raider",
      "team_full_name": "Telugu Titans"
    },
    {
      "player_id": 2474,
      "player_name": "Aman Kadian",
      "match_played": 3,
      "value": 0.67,
      "team_id": 2,
      "team_name": "DEL",
      "rank": "182",
      "position_id": 8,
      "position_name": "Raider",
      "team_full_name": "Dabang Delhi K.C."
    },
    {
      "player_id": 2313,
      "player_name": "Gaurav Kumar",
      "match_played": 3,
      "value": 0.67,
      "team_id": 5,
      "team_name": "MUM",
      "rank": "182",
      "position_id": 8,
      "position_name": "Raider",
      "team_full_name": "U Mumba"
    },
    {
      "player_id": 2330,
      "player_name": "Sumit",
      "match_played": 17,
      "value": 0.67,
      "team_id": 30,
      "team_name": "UPY",
      "rank": "182",
      "position_id": 3,
      "position_name": "Defender, left corner",
      "team_full_name": "U.P. Yoddha"
    },
    {
      "player_id": 608,
      "player_name": "Prateek",
      "match_played": 6,
      "value": 0.6,
      "team_id": 28,
      "team_name": "HS",
      "rank": "188",
      "position_id": 1,
      "position_name": "All Rounder",
      "team_full_name": "Haryana Steelers"
    },
    {
      "player_id": 773,
      "player_name": "Satpal",
      "match_played": 22,
      "value": 0.56,
      "team_id": 2,
      "team_name": "DEL",
      "rank": "189",
      "position_id": 6,
      "position_name": "Defender, right corner",
      "team_full_name": "Dabang Delhi K.C."
    },
    {
      "player_id": 275,
      "player_name": "Deepak Kumar Rathee",
      "match_played": 20,
      "value": 0.56,
      "team_id": 28,
      "team_name": "HS",
      "rank": "189",
      "position_id": 1,
      "position_name": "All Rounder",
      "team_full_name": "Haryana Steelers"
    },
    {
      "player_id": 98,
      "player_name": "Sachin Khambe",
      "match_played": 22,
      "value": 0.56,
      "team_id": 7,
      "team_name": "PUN",
      "rank": "189",
      "position_id": 3,
      "position_name": "Defender, left corner",
      "team_full_name": "Puneri Paltan"
    },
    {
      "player_id": 42,
      "player_name": "Dharmaraj Cheralathan",
      "match_played": 114,
      "value": 0.56,
      "team_id": 28,
      "team_name": "HS",
      "rank": "189",
      "position_id": 10,
      "position_name": "Defender, right and left corner",
      "team_full_name": "Haryana Steelers"
    },
    {
      "player_id": 38,
      "player_name": "Dadaso Balaso Awad",
      "match_played": 12,
      "value": 0.56,
      "team_id": 2,
      "team_name": "DEL",
      "rank": "189",
      "position_id": 1,
      "position_name": "All Rounder",
      "team_full_name": "Dabang Delhi K.C."
    },
    {
      "player_id": 157,
      "player_name": "Ravinder Pahal",
      "match_played": 105,
      "value": 0.54,
      "team_id": 2,
      "team_name": "DEL",
      "rank": "194",
      "position_id": 6,
      "position_name": "Defender, right corner",
      "team_full_name": "Dabang Delhi K.C."
    },
    {
      "player_id": 146,
      "player_name": "Surender Nada",
      "match_played": 71,
      "value": 0.54,
      "team_id": 28,
      "team_name": "HS",
      "rank": "194",
      "position_id": 3,
      "position_name": "Defender, left corner",
      "team_full_name": "Haryana Steelers"
    },
    {
      "player_id": 390,
      "player_name": "Jawahar Dagar",
      "match_played": 44,
      "value": 0.53,
      "team_id": 6,
      "team_name": "PAT",
      "rank": "196",
      "position_id": 9,
      "position_name": "Defender",
      "team_full_name": "Patna Pirates"
    },
    {
      "player_id": 578,
      "player_name": "Mayur Shivtarkar",
      "match_played": 29,
      "value": 0.53,
      "team_id": 4,
      "team_name": "KOL",
      "rank": "196",
      "position_id": 1,
      "position_name": "All Rounder",
      "team_full_name": "Bengal Warriors"
    },
    {
      "player_id": 613,
      "player_name": "Sunil Siddhgavali",
      "match_played": 40,
      "value": 0.5,
      "team_id": 3,
      "team_name": "JAI",
      "rank": "198",
      "position_id": 9,
      "position_name": "Defender",
      "team_full_name": "Jaipur Pink Panthers"
    },
    {
      "player_id": 2335,
      "player_name": "Vimal Raj V",
      "match_played": 5,
      "value": 0.5,
      "team_id": 29,
      "team_name": "TT",
      "rank": "198",
      "position_id": 1,
      "position_name": "All Rounder",
      "team_full_name": "Tamil Thalaivas"
    },
    {
      "player_id": 2463,
      "player_name": "Parveen",
      "match_played": 25,
      "value": 0.5,
      "team_id": 28,
      "team_name": "HS",
      "rank": "198",
      "position_id": 4,
      "position_name": "Defender, left cover",
      "team_full_name": "Haryana Steelers"
    },
    {
      "player_id": 2502,
      "player_name": "Mohit Sehrawat",
      "match_played": 11,
      "value": 0.5,
      "team_id": 1,
      "team_name": "BEN",
      "rank": "198",
      "position_id": 7,
      "position_name": "Defender, right cover",
      "team_full_name": "Bengaluru Bulls"
    },
    {
      "player_id": 4,
      "player_name": "Ehsan Zamani Fard",
      "match_played": 8,
      "value": 0.5,
      "team_id": 2,
      "team_name": "DEL",
      "rank": "198",
      "position_id": 3,
      "position_name": "Defender, left corner",
      "team_full_name": "Dabang Delhi K.C."
    },
    {
      "player_id": 51,
      "player_name": "Jasmer Singh Gulia",
      "match_played": 52,
      "value": 0.5,
      "team_id": 1,
      "team_name": "BEN",
      "rank": "198",
      "position_id": 1,
      "position_name": "All Rounder",
      "team_full_name": "Bengaluru Bulls"
    },
    {
      "player_id": 227,
      "player_name": "Vinoth Paulyas",
      "match_played": 4,
      "value": 0.5,
      "team_id": 6,
      "team_name": "PAT",
      "rank": "198",
      "position_id": 8,
      "position_name": "Raider",
      "team_full_name": "Patna Pirates"
    },
    {
      "player_id": 73,
      "player_name": "Nilesh Shinde",
      "match_played": 69,
      "value": 0.47,
      "team_id": 2,
      "team_name": "DEL",
      "rank": "205",
      "position_id": 6,
      "position_name": "Defender, right corner",
      "team_full_name": "Dabang Delhi K.C."
    },
    {
      "player_id": 301,
      "player_name": "Hadi Tajik",
      "match_played": 27,
      "value": 0.45,
      "team_id": 7,
      "team_name": "PUN",
      "rank": "206",
      "position_id": 6,
      "position_name": "Defender, right corner",
      "team_full_name": "Puneri Paltan"
    },
    {
      "player_id": 167,
      "player_name": "Preetam Chhillar",
      "match_played": 58,
      "value": 0.44,
      "team_id": 1,
      "team_name": "BEN",
      "rank": "207",
      "position_id": 1,
      "position_name": "All Rounder",
      "team_full_name": "Bengaluru Bulls"
    },
    {
      "player_id": 733,
      "player_name": "Surinder Singh",
      "match_played": 60,
      "value": 0.44,
      "team_id": 5,
      "team_name": "MUM",
      "rank": "207",
      "position_id": 9,
      "position_name": "Defender",
      "team_full_name": "U Mumba"
    },
    {
      "player_id": 768,
      "player_name": "Vijay Kumar",
      "match_played": 21,
      "value": 0.43,
      "team_id": 1,
      "team_name": "BEN",
      "rank": "209",
      "position_id": 6,
      "position_name": "Defender, right corner",
      "team_full_name": "Bengaluru Bulls"
    },
    {
      "player_id": 101,
      "player_name": "Santhosh B.S",
      "match_played": 9,
      "value": 0.43,
      "team_id": 30,
      "team_name": "UPY",
      "rank": "209",
      "position_id": 3,
      "position_name": "Defender, left corner",
      "team_full_name": "U.P. Yoddha"
    },
    {
      "player_id": 152,
      "player_name": "D. Gopu",
      "match_played": 34,
      "value": 0.4,
      "team_id": 29,
      "team_name": "TT",
      "rank": "211",
      "position_id": 10,
      "position_name": "Defender, right and left corner",
      "team_full_name": "Tamil Thalaivas"
    },
    {
      "player_id": 599,
      "player_name": "Lokesh Kaushik",
      "match_played": 6,
      "value": 0.4,
      "team_id": 3,
      "team_name": "JAI",
      "rank": "211",
      "position_id": 8,
      "position_name": "Raider",
      "team_full_name": "Jaipur Pink Panthers"
    },
    {
      "player_id": 611,
      "player_name": "Sidharth",
      "match_played": 21,
      "value": 0.36,
      "team_id": 2,
      "team_name": "DEL",
      "rank": "213",
      "position_id": 1,
      "position_name": "All Rounder",
      "team_full_name": "Dabang Delhi K.C."
    },
    {
      "player_id": 214,
      "player_name": "Amit Kumar",
      "match_played": 11,
      "value": 0.36,
      "team_id": 8,
      "team_name": "HYD",
      "rank": "213",
      "position_id": 8,
      "position_name": "Raider",
      "team_full_name": "Telugu Titans"
    },
    {
      "player_id": 207,
      "player_name": "Sunil",
      "match_played": 63,
      "value": 0.36,
      "team_id": 29,
      "team_name": "TT",
      "rank": "213",
      "position_id": 3,
      "position_name": "Defender, left corner",
      "team_full_name": "Tamil Thalaivas"
    },
    {
      "player_id": 212,
      "player_name": "Amit Hooda",
      "match_played": 84,
      "value": 0.35,
      "team_id": 3,
      "team_name": "JAI",
      "rank": "216",
      "position_id": 6,
      "position_name": "Defender, right corner",
      "team_full_name": "Jaipur Pink Panthers"
    },
    {
      "player_id": 210,
      "player_name": "Sunny",
      "match_played": 3,
      "value": 0.33,
      "team_id": 6,
      "team_name": "PAT",
      "rank": "217",
      "position_id": 8,
      "position_name": "Raider",
      "team_full_name": "Patna Pirates"
    },
    {
      "player_id": 11,
      "player_name": "Dong Ju Hong",
      "match_played": 9,
      "value": 0.33,
      "team_id": 5,
      "team_name": "MUM",
      "rank": "217",
      "position_id": 1,
      "position_name": "All Rounder",
      "team_full_name": "U Mumba"
    },
    {
      "player_id": 386,
      "player_name": "Anil Kumar",
      "match_played": 19,
      "value": 0.33,
      "team_id": 2,
      "team_name": "DEL",
      "rank": "217",
      "position_id": 3,
      "position_name": "Defender, left corner",
      "team_full_name": "Dabang Delhi K.C."
    },
    {
      "player_id": 735,
      "player_name": "Vishal",
      "match_played": 22,
      "value": 0.33,
      "team_id": 3,
      "team_name": "JAI",
      "rank": "217",
      "position_id": 1,
      "position_name": "All Rounder",
      "team_full_name": "Jaipur Pink Panthers"
    },
    {
      "player_id": 2020,
      "player_name": "Amit",
      "match_played": 31,
      "value": 0.33,
      "team_id": 30,
      "team_name": "UPY",
      "rank": "217",
      "position_id": 4,
      "position_name": "Defender, left cover",
      "team_full_name": "U.P. Yoddha"
    },
    {
      "player_id": 71,
      "player_name": "Mohit Chhillar",
      "match_played": 108,
      "value": 0.28,
      "team_id": 29,
      "team_name": "TT",
      "rank": "222",
      "position_id": 6,
      "position_name": "Defender, right corner",
      "team_full_name": "Tamil Thalaivas"
    },
    {
      "player_id": 159,
      "player_name": "Samarjeet Singh",
      "match_played": 22,
      "value": 0.27,
      "team_id": 3,
      "team_name": "JAI",
      "rank": "223",
      "position_id": 1,
      "position_name": "All Rounder",
      "team_full_name": "Jaipur Pink Panthers"
    },
    {
      "player_id": 178,
      "player_name": "Parveen M. Jangra",
      "match_played": 6,
      "value": 0.25,
      "team_id": 4,
      "team_name": "KOL",
      "rank": "224",
      "position_id": 4,
      "position_name": "Defender, left cover",
      "team_full_name": "Bengal Warriors"
    },
    {
      "player_id": 154,
      "player_name": "Gurchet Singh",
      "match_played": 4,
      "value": 0.25,
      "team_id": 1,
      "team_name": "BEN",
      "rank": "224",
      "position_id": null,
      "position_name": null,
      "team_full_name": "Bengaluru Bulls"
    },
    {
      "player_id": 621,
      "player_name": "Baldev Singh",
      "match_played": 35,
      "value": 0.25,
      "team_id": 4,
      "team_name": "KOL",
      "rank": "224",
      "position_id": 6,
      "position_name": "Defender, right corner",
      "team_full_name": "Bengal Warriors"
    },
    {
      "player_id": 725,
      "player_name": "Nitesh Kumar",
      "match_played": 61,
      "value": 0.22,
      "team_id": 30,
      "team_name": "UPY",
      "rank": "227",
      "position_id": 9,
      "position_name": "Defender",
      "team_full_name": "U.P. Yoddha"
    },
    {
      "player_id": 161,
      "player_name": "Girish Maruti Ernak",
      "match_played": 102,
      "value": 0.22,
      "team_id": 7,
      "team_name": "PUN",
      "rank": "227",
      "position_id": 3,
      "position_name": "Defender, left corner",
      "team_full_name": "Puneri Paltan"
    },
    {
      "player_id": 96,
      "player_name": "Rohit Rana",
      "match_played": 82,
      "value": 0.22,
      "team_id": 5,
      "team_name": "MUM",
      "rank": "227",
      "position_id": 4,
      "position_name": "Defender, left cover",
      "team_full_name": "U Mumba"
    },
    {
      "player_id": 72,
      "player_name": "Navneet Gautam",
      "match_played": 31,
      "value": 0.2,
      "team_id": 3,
      "team_name": "JAI",
      "rank": "230",
      "position_id": 3,
      "position_name": "Defender, left corner",
      "team_full_name": "Jaipur Pink Panthers"
    },
    {
      "player_id": 191,
      "player_name": "C. Arun",
      "match_played": 85,
      "value": 0.2,
      "team_id": 8,
      "team_name": "HYD",
      "rank": "230",
      "position_id": 4,
      "position_name": "Defender, left cover",
      "team_full_name": "Telugu Titans"
    },
    {
      "player_id": 796,
      "player_name": "Rinku Narwal",
      "match_played": 45,
      "value": 0.18,
      "team_id": 4,
      "team_name": "KOL",
      "rank": "232",
      "position_id": 9,
      "position_name": "Defender",
      "team_full_name": "Bengal Warriors"
    },
    {
      "player_id": 322,
      "player_name": "PO Surjeet Singh",
      "match_played": 91,
      "value": 0.17,
      "team_id": 7,
      "team_name": "PUN",
      "rank": "233",
      "position_id": 7,
      "position_name": "Defender, right cover",
      "team_full_name": "Puneri Paltan"
    },
    {
      "player_id": 274,
      "player_name": "Krushna Madane",
      "match_played": 14,
      "value": 0.17,
      "team_id": 8,
      "team_name": "HYD",
      "rank": "233",
      "position_id": 9,
      "position_name": "Defender",
      "team_full_name": "Telugu Titans"
    },
    {
      "player_id": 28,
      "player_name": "Amit Singh Chhillar",
      "match_played": 35,
      "value": 0.17,
      "team_id": 8,
      "team_name": "HYD",
      "rank": "233",
      "position_id": 3,
      "position_name": "Defender, left corner",
      "team_full_name": "Telugu Titans"
    },
    {
      "player_id": 84,
      "player_name": "Rajaguru Subramanian",
      "match_played": 45,
      "value": 0.17,
      "team_id": 5,
      "team_name": "MUM",
      "rank": "233",
      "position_id": 7,
      "position_name": "Defender, right cover",
      "team_full_name": "U Mumba"
    },
    {
      "player_id": 311,
      "player_name": "Anil Kumar",
      "match_played": 50,
      "value": 0.16,
      "team_id": 2,
      "team_name": "DEL",
      "rank": "237",
      "position_id": 4,
      "position_name": "Defender, left cover",
      "team_full_name": "Dabang Delhi K.C."
    },
    {
      "player_id": 259,
      "player_name": "Fazel Atrachali",
      "match_played": 95,
      "value": 0.14,
      "team_id": 5,
      "team_name": "MUM",
      "rank": "238",
      "position_id": 3,
      "position_name": "Defender, left corner",
      "team_full_name": "U Mumba"
    },
    {
      "player_id": 347,
      "player_name": "Sagar B Krishna",
      "match_played": 58,
      "value": 0.09,
      "team_id": 7,
      "team_name": "PUN",
      "rank": "239",
      "position_id": 1,
      "position_name": "All Rounder",
      "team_full_name": "Puneri Paltan"
    },
    {
      "player_id": 147,
      "player_name": "Prashant Chavan",
      "match_played": 41,
      "value": 0.09,
      "team_id": 2,
      "team_name": "DEL",
      "rank": "239",
      "position_id": 6,
      "position_name": "Defender, right corner",
      "team_full_name": "Dabang Delhi K.C."
    },
    {
      "player_id": 489,
      "player_name": "Abozar Mohajermighani",
      "match_played": 61,
      "value": 0.09,
      "team_id": 8,
      "team_name": "HYD",
      "rank": "239",
      "position_id": 9,
      "position_name": "Defender",
      "team_full_name": "Telugu Titans"
    },
    {
      "player_id": 368,
      "player_name": "Sunil Kumar",
      "match_played": 67,
      "value": 0.08,
      "team_id": 31,
      "team_name": "GFG",
      "rank": "242",
      "position_id": 9,
      "position_name": "Defender",
      "team_full_name": "Gujarat Fortunegiants"
    },
    {
      "player_id": 158,
      "player_name": "Rakesh Singh Kumar",
      "match_played": 49,
      "value": 0.07,
      "team_id": 28,
      "team_name": "HS",
      "rank": "243",
      "position_id": 4,
      "position_name": "Defender, left cover",
      "team_full_name": "Haryana Steelers"
    },
    {
      "player_id": 769,
      "player_name": "Mahender Singh",
      "match_played": 61,
      "value": 0.07,
      "team_id": 1,
      "team_name": "BEN",
      "rank": "243",
      "position_id": 4,
      "position_name": "Defender, left cover",
      "team_full_name": "Bengaluru Bulls"
    },
    {
      "player_id": 2479,
      "player_name": "Shubham Shinde",
      "match_played": 23,
      "value": 0.07,
      "team_id": 7,
      "team_name": "PUN",
      "rank": "243",
      "position_id": 6,
      "position_name": "Defender, right corner",
      "team_full_name": "Puneri Paltan"
    },
    {
      "player_id": 358,
      "player_name": "Vishal Bhardwaj",
      "match_played": 57,
      "value": 0.04,
      "team_id": 8,
      "team_name": "HYD",
      "rank": "246",
      "position_id": 9,
      "position_name": "Defender",
      "team_full_name": "Telugu Titans"
    },
    {
      "player_id": 193,
      "player_name": "Rohit Kumar Prajapat",
      "match_played": 3,
      "value": 0.0,
      "team_id": 3,
      "team_name": "JAI",
      "rank": "247",
      "position_id": 8,
      "position_name": "Raider",
      "team_full_name": "Jaipur Pink Panthers"
    },
    {
      "player_id": 179,
      "player_name": "Vikas Kale",
      "match_played": 56,
      "value": 0.0,
      "team_id": 28,
      "team_name": "HS",
      "rank": "247",
      "position_id": 7,
      "position_name": "Defender, right cover",
      "team_full_name": "Haryana Steelers"
    },
    {
      "player_id": 240,
      "player_name": "Ravi Kumar",
      "match_played": 89,
      "value": 0.0,
      "team_id": 28,
      "team_name": "HS",
      "rank": "247",
      "position_id": 7,
      "position_name": "Defender, right cover",
      "team_full_name": "Haryana Steelers"
    },
    {
      "player_id": 8,
      "player_name": "Masayuki Shimokawa",
      "match_played": 7,
      "value": 0.0,
      "team_id": 5,
      "team_name": "MUM",
      "rank": "247",
      "position_id": 8,
      "position_name": "Raider",
      "team_full_name": "U Mumba"
    },
    {
      "player_id": 2471,
      "player_name": "Ankit",
      "match_played": 11,
      "value": 0.0,
      "team_id": 1,
      "team_name": "BEN",
      "rank": "247",
      "position_id": 9,
      "position_name": "Defender",
      "team_full_name": "Bengaluru Bulls"
    },
    {
      "player_id": 2282,
      "player_name": "Yashwant Bishnoi",
      "match_played": 2,
      "value": 0.0,
      "team_id": 29,
      "team_name": "TT",
      "rank": "247",
      "position_id": 8,
      "position_name": "Raider",
      "team_full_name": "Tamil Thalaivas"
    },
    {
      "player_id": 579,
      "player_name": "Jaideep",
      "match_played": 65,
      "value": 0.0,
      "team_id": 6,
      "team_name": "PAT",
      "rank": "247",
      "position_id": 3,
      "position_name": "Defender, left corner",
      "team_full_name": "Patna Pirates"
    },
    {
      "player_id": 580,
      "player_name": "Vishnu Uthaman",
      "match_played": 3,
      "value": 0.0,
      "team_id": 6,
      "team_name": "PAT",
      "rank": "247",
      "position_id": 8,
      "position_name": "Raider",
      "team_full_name": "Patna Pirates"
    },
    {
      "player_id": 638,
      "player_name": "Kamal Kishor Jat",
      "match_played": 7,
      "value": 0.0,
      "team_id": 2,
      "team_name": "DEL",
      "rank": "247",
      "position_id": 8,
      "position_name": "Raider",
      "team_full_name": "Dabang Delhi K.C."
    },
    {
      "player_id": 665,
      "player_name": "Pankaj",
      "match_played": 20,
      "value": 0.0,
      "team_id": 31,
      "team_name": "GFG",
      "rank": "247",
      "position_id": 1,
      "position_name": "All Rounder",
      "team_full_name": "Gujarat Fortunegiants"
    }
  ],
  "language_lookup": {
    "stat": "Stat",
    "stat_id": "Stat Id",
    "minimum_criteria": "Minimum Criteria",
    "team_id": "Team Id",
    "team_name": "Team Name",
    "player_id": "Player Id",
    "player_name": "Player Name",
    "value": "Value",
    "match_played": "Match Played",
    "team": "Team",
    "tackles": "Tackles"
  }
}